Dauer (s);MFC-1 (mln/min);MFC-2 (mln/min);MFC-3 (mln/min);MFC-4 (mln/min);MFC-5 (mln/min);MFC-6 (mln/min);MFC-7 (mln/min);MFC-8 (mln/min);TIC-1 (°C);TIC-2 (°C);TIC-3 (°C);TIC-4 (°C);TIR-1 (°C);TIR-2 (°C);HIR-1 (°C);PIR-1 (bar)
5;0,00;0,00;0,00;0,00;49,00;0,00;71,01;79,97;30,55;179,81;460,00;180,51;446,72;453,72;77,86;-0,01
10;0,00;0,00;0,00;0,00;49,00;0,00;71,02;80,00;30,54;179,79;459,49;180,52;446,72;452,82;77,86;-0,01
15;0,00;0,00;0,00;0,00;49,00;0,00;71,02;80,00;30,55;179,79;458,29;180,47;446,66;451,78;77,86;-0,01
20;0,00;0,00;0,00;0,00;49,00;0,00;70,99;79,98;30,55;179,79;456,96;180,44;446,61;451,18;77,86;-0,01
25;0,00;0,00;0,00;0,00;49,01;0,00;71,00;80,02;30,55;179,80;456,30;180,34;446,46;449,97;77,86;-0,01
30;0,00;0,00;0,00;0,00;49,00;0,00;71,02;80,02;30,54;179,83;455,46;180,27;446,39;449,50;77,86;-0,01
35;0,00;0,00;0,00;0,00;48,99;0,00;71,01;80,00;30,54;179,83;455,55;180,16;446,28;449,26;77,86;-0,01
40;0,00;0,00;0,00;0,00;49,00;0,00;71,01;80,00;30,55;179,83;456,91;180,08;446,25;449,64;77,86;-0,01
45;0,00;0,00;0,00;0,00;49,00;0,00;71,03;79,97;30,54;179,81;458,04;180,06;446,22;451,28;77,86;-0,01
50;0,00;0,00;0,00;0,00;48,99;0,00;71,02;80,02;30,55;179,78;460,37;180,05;446,22;452,29;77,86;-0,01
55;0,00;0,00;0,00;0,00;49,00;0,00;71,02;80,02;30,54;179,78;461,18;180,07;446,28;453,98;77,86;-0,01
60;0,00;0,00;0,00;0,00;49,00;0,00;70,99;79,98;30,54;179,81;462,04;180,14;446,33;454,52;77,86;-0,01
65;0,00;0,00;0,00;0,00;49,00;0,00;71,03;80,00;30,54;179,82;462,14;180,19;446,47;454,96;77,86;-0,01
70;0,00;0,00;0,00;0,00;49,00;0,00;70,99;79,98;30,55;179,82;461,82;180,30;446,54;454,94;77,86;-0,01
75;0,00;0,00;0,00;0,00;49,00;0,00;71,00;80,03;30,54;179,82;461,48;180,37;446,65;454,51;77,86;-0,01
80;0,00;0,00;0,00;0,00;48,99;0,00;71,00;80,00;30,54;179,81;460,51;180,47;446,69;454,15;77,86;-0,01
85;0,00;0,00;0,00;0,00;49,00;0,00;71,01;79,98;30,54;179,81;459,95;180,50;446,72;453,23;77,86;-0,01
90;0,00;0,00;0,00;0,00;49,00;0,00;71,00;80,02;30,54;179,80;458,70;180,54;446,68;452,70;77,86;-0,01
95;0,00;0,00;0,00;0,00;49,00;0,00;70,99;80,03;30,53;179,80;458,02;180,54;446,63;451,52;77,86;-0,01
100;0,00;0,00;0,00;0,00;49,00;0,00;71,02;80,02;30,54;179,80;456,58;180,49;446,49;450,89;77,86;-0,01
105;0,00;0,00;0,00;0,00;49,00;0,00;71,00;80,00;30,54;179,80;455,95;180,45;446,42;449,70;77,86;-0,01
110;0,00;0,00;0,00;0,00;49,00;0,00;71,03;79,97;30,54;179,81;455,38;180,34;446,30;449,29;77,86;-0,01
115;0,00;0,00;0,00;0,00;49,00;0,00;71,00;80,02;30,53;179,80;455,68;180,28;446,26;449,34;77,86;-0,01
120;0,00;0,00;0,00;0,00;49,00;0,00;71,02;79,98;30,54;179,81;457,46;180,17;446,22;449,91;77,86;-0,01
125;0,00;0,00;0,00;0,00;49,01;0,00;71,00;80,03;30,53;179,81;458,68;180,12;446,22;451,72;77,86;-0,01
130;0,00;0,00;0,00;0,00;49,00;0,00;71,00;80,00;30,54;179,81;460,65;180,07;446,25;453,47;77,86;-0,01
135;0,00;0,00;0,00;0,00;49,00;0,00;71,00;80,02;30,53;179,81;461,88;180,06;446,35;454,13;77,86;-0,01
140;0,00;0,00;0,00;0,00;49,00;0,00;71,00;80,00;30,53;179,81;462,19;180,06;446,42;454,98;77,86;-0,01
145;0,00;0,00;0,00;0,00;49,00;0,00;71,01;80,00;30,54;179,80;462,21;180,11;446,56;455,12;77,86;-0,01
150;0,00;0,00;0,00;0,00;49,00;0,00;71,00;80,03;30,53;179,81;461,99;180,16;446,63;454,93;77,86;-0,01
155;0,00;0,00;0,00;0,00;49,00;0,00;71,01;80,02;30,53;179,80;461,19;180,27;446,75;454,65;77,86;-0,01
160;0,00;0,00;0,00;0,00;49,00;0,00;70,99;79,98;30,53;179,79;460,67;180,32;446,77;453,86;77,86;-0,01
165;0,00;0,00;0,00;0,00;49,00;0,00;71,00;80,00;30,53;179,78;459,46;180,44;446,78;453,36;77,86;-0,01
170;0,00;0,00;0,00;0,00;49,00;0,00;71,00;79,98;30,53;179,78;458,81;180,48;446,76;452,24;77,86;-0,01
175;0,00;0,00;0,00;0,00;48,99;0,00;71,00;80,00;30,52;179,78;457,44;180,54;446,66;451,64;77,86;-0,01
180;0,00;0,00;0,00;0,00;49,00;0,00;71,04;80,02;30,53;179,80;456,74;180,56;446,60;450,39;77,86;-0,01
185;0,00;0,00;0,00;0,00;49,00;0,00;71,01;80,03;30,52;179,81;455,59;180,55;446,45;449,80;77,86;-0,01
190;0,00;0,00;0,00;0,00;49,00;0,00;71,03;80,02;30,52;179,83;455,44;180,51;446,40;449,21;77,86;-0,01
195;0,00;0,00;0,00;0,00;49,00;0,00;71,00;80,02;30,52;179,83;456,40;180,42;446,35;449,37;77,86;-0,01
200;0,00;0,00;0,00;0,00;48,99;0,00;71,01;79,98;30,52;179,81;457,44;180,36;446,33;450,76;77,86;-0,01
205;0,00;0,00;0,00;0,00;49,00;0,00;71,03;80,03;30,52;179,79;459,92;180,25;446,35;451,77;77,86;-0,01
210;0,00;0,00;0,00;0,00;48,99;0,00;71,02;80,00;30,51;179,77;460,89;180,19;446,39;453,69;77,86;-0,01
215;0,00;0,00;0,00;0,00;49,00;0,00;71,03;80,02;30,52;179,77;462,05;180,11;446,51;454,83;77,86;-0,01
220;0,00;0,00;0,00;0,00;48,99;0,00;71,01;79,98;30,51;179,80;462,27;180,10;446,59;455,07;77,86;-0,01
225;0,00;0,00;0,00;0,00;49,00;0,00;71,00;80,02;30,51;179,82;462,14;180,10;446,73;455,05;77,86;-0,01
230;0,00;0,00;0,00;0,00;49,00;0,00;71,00;80,02;30,51;179,82;461,87;180,13;446,79;454,84;77,86;-0,01
235;0,00;0,00;0,00;0,00;49,01;0,00;71,03;79,98;30,51;179,82;460,99;180,19;446,89;454,14;77,86;-0,01
240;0,00;0,00;0,00;0,00;48,98;0,00;70,98;80,00;30,51;179,81;460,46;180,26;446,92;453,69;77,86;-0,01
245;0,00;0,00;0,00;0,00;49,00;0,00;71,03;80,03;30,51;179,80;459,25;180,38;446,93;452,61;77,86;-0,00
250;0,00;0,00;0,00;0,00;49,03;0,00;71,04;80,08;30,51;179,80;458,59;180,43;446,91;452,03;77,86;0,06
255;0,00;0,00;0,00;0,00;49,00;0,00;70,99;80,00;30,51;179,79;457,16;180,55;446,70;450,80;77,86;0,12
260;0,00;0,00;0,00;0,00;49,01;0,00;71,00;80,02;30,50;179,78;456,48;180,60;446,39;450,19;77,86;0,12
265;0,00;0,00;0,00;0,00;49,00;0,00;70,98;79,98;30,50;179,78;455,55;180,67;445,86;449,32;77,86;0,12
270;0,00;0,00;0,00;0,00;49,00;0,00;71,00;79,98;30,51;179,81;455,53;180,68;445,68;449,28;77,86;0,12
275;0,00;0,00;0,00;0,00;49,00;0,00;71,01;80,02;30,51;179,84;456,79;180,66;445,42;450,22;77,86;0,12
280;0,00;0,00;0,00;0,00;48,99;0,00;71,00;80,00;30,52;179,84;459,12;180,62;445,32;451,13;77,86;0,12
285;0,00;0,00;0,00;0,00;49,00;0,00;71,00;80,02;30,51;179,83;460,23;180,51;445,20;453,14;77,86;0,12
290;0,00;0,00;0,00;0,00;49,00;0,00;71,00;80,02;30,52;179,80;461,69;180,39;445,19;453,90;77,86;0,12
295;0,00;0,00;0,00;0,00;49,00;0,00;71,00;80,00;30,52;179,79;462,11;180,32;445,19;454,90;77,86;0,12
300;0,00;0,00;0,00;0,00;49,00;0,00;70,99;80,02;30,52;179,80;462,30;180,21;445,22;455,12;77,86;0,12
305;0,00;0,00;0,00;0,00;49,00;0,00;71,00;80,00;30,54;179,81;462,13;180,16;445,26;455,05;77,86;0,12
310;0,00;0,00;0,00;0,00;48,98;0,00;71,00;79,98;30,54;179,83;461,42;180,15;445,27;454,83;77,86;0,12
315;0,00;0,00;0,00;0,00;48,99;0,00;71,03;79,98;30,53;179,83;460,94;180,16;445,25;454,10;77,86;0,12
320;0,00;0,00;0,00;0,00;49,01;0,00;71,03;80,03;30,54;179,84;459,81;180,24;445,17;453,64;77,86;0,12
325;0,00;0,00;0,00;0,00;49,01;0,00;71,03;79,98;30,54;179,83;459,18;180,31;445,10;452,54;77,86;0,12
330;0,00;0,00;0,00;0,00;49,00;0,00;70,98;80,02;30,54;179,82;457,78;180,44;444,92;451,95;77,86;0,12
335;0,00;0,00;0,00;0,00;49,00;0,00;71,00;79,98;30,54;179,81;457,07;180,52;444,81;450,70;77,86;0,12
340;0,00;0,00;0,00;0,00;49,00;0,00;71,02;80,03;30,54;179,82;455,82;180,63;444,57;450,09;77,86;0,12
345;0,00;0,00;0,00;0,00;49,00;0,00;70,98;80,00;30,54;179,82;455,48;180,68;444,45;449,28;77,86;0,12
350;0,00;0,00;0,00;0,00;49,00;0,00;71,00;80,02;30,54;179,85;456,03;180,70;444,29;449,29;77,86;0,12
355;0,00;0,00;0,00;0,00;48,99;0,00;71,02;80,02;30,53;179,85;456,91;180,67;444,23;450,37;77,86;0,12
360;0,00;0,00;0,00;0,00;49,00;0,00;71,00;80,00;30,53;179,85;459,40;180,57;444,15;451,34;77,86;0,12
365;0,00;0,00;0,00;0,00;49,00;0,00;71,00;80,03;30,53;179,84;460,51;180,50;444,15;453,37;77,86;0,12
370;0,00;0,00;0,00;0,00;49,00;0,00;71,00;80,02;30,52;179,83;462,01;180,30;444,21;454,17;77,86;0,12
375;0,00;0,00;0,00;0,00;48,99;0,00;71,00;80,03;30,52;179,82;462,34;180,21;444,27;455,12;77,86;0,12
380;0,00;0,00;0,00;0,00;49,00;0,00;71,00;79,98;30,51;179,80;462,40;180,02;444,37;455,26;77,86;0,12
385;0,00;0,00;0,00;0,00;49,00;0,00;71,00;79,98;30,51;179,81;462,19;179,95;444,42;455,11;77,86;0,12
390;0,00;0,00;0,00;0,00;49,01;0,00;71,00;80,00;30,51;179,83;461,42;179,86;444,48;454,50;77,86;0,12
395;0,00;0,00;0,00;0,00;49,00;0,00;71,00;80,00;30,50;179,84;460,92;179,85;444,48;454,07;77,86;0,12
400;0,00;0,00;0,00;0,00;49,00;0,00;71,00;80,00;30,50;179,85;459,76;179,90;444,45;453,07;77,86;0,12
405;0,00;0,00;0,00;0,00;49,01;0,00;70,98;80,00;30,50;179,85;459,07;179,96;444,41;452,49;77,86;0,12
410;0,00;0,00;0,00;0,00;49,00;0,00;71,00;79,97;30,50;179,84;457,70;180,11;444,26;451,26;77,86;0,12
415;0,00;0,00;0,00;0,00;49,00;0,00;71,00;80,00;30,48;179,83;456,99;180,19;444,16;450,64;77,86;0,12
420;0,00;0,00;0,00;0,00;49,00;0,00;71,01;80,03;30,48;179,83;455,76;180,36;443,97;449,55;77,86;0,12
425;0,00;0,00;0,00;0,00;49,00;0,00;71,00;80,05;30,47;179,84;455,53;180,43;443,90;449,31;77,86;0,12
430;0,00;0,00;0,00;0,00;49,00;0,00;71,00;80,02;30,47;179,85;456,32;180,53;443,78;449,85;77,86;0,12
435;0,00;0,00;0,00;0,00;49,01;0,00;71,00;79,98;30,46;179,87;457,30;180,56;443,75;450,66;77,86;0,12
440;0,00;0,00;0,00;0,00;49,00;0,00;71,00;80,02;30,45;179,88;459,73;180,54;443,73;452,71;77,86;0,12
445;0,00;0,00;0,00;0,00;49,00;0,00;71,03;79,97;30,46;179,88;460,87;180,49;443,75;453,66;77,86;0,12
450;0,00;0,00;0,00;0,00;49,00;0,00;70,99;80,03;30,45;179,88;462,19;180,36;443,86;454,94;77,86;0,12
455;0,00;0,00;0,00;0,00;49,00;0,00;71,00;79,98;30,44;179,87;462,47;180,27;443,94;455,25;77,86;0,12
460;0,00;0,00;0,00;0,00;49,00;0,00;70,98;79,98;30,45;179,87;462,44;180,07;444,08;455,32;77,86;0,12
465;0,00;0,00;0,00;0,00;49,00;0,00;71,00;80,02;30,44;179,86;462,19;179,98;444,14;455,15;77,86;0,12
470;0,00;0,00;0,00;0,00;49,01;0,00;71,00;80,02;30,44;179,85;461,40;179,83;444,22;454,50;77,86;0,12
475;0,00;0,00;0,00;0,00;49,00;0,00;71,00;80,00;30,45;179,86;460,28;179,77;444,24;454,06;77,86;0,12
480;0,00;0,00;0,00;0,00;49,00;0,00;70,98;80,00;30,44;179,86;459,66;179,73;444,22;453,02;77,86;0,12
485;0,00;0,00;0,00;0,00;48,99;0,00;71,00;80,03;30,44;179,88;458,33;179,75;444,17;452,44;77,86;0,12
490;0,00;0,00;0,00;0,00;49,00;0,00;71,00;79,97;30,44;179,89;457,58;179,83;444,04;451,19;77,86;0,12
495;0,00;0,00;0,00;0,00;49,00;0,00;71,00;79,97;30,43;179,89;456,22;179,90;443,96;450,55;77,86;0,12
500;0,00;0,00;0,00;0,00;49,01;0,00;71,00;80,02;30,44;179,89;455,75;180,07;443,79;449,53;77,86;0,12
505;0,00;0,00;0,00;0,00;48,99;0,00;71,00;80,00;30,44;179,90;455,81;180,14;443,73;449,36;77,86;0,12
510;0,00;0,00;0,00;0,00;49,00;0,00;71,00;79,98;30,44;179,91;456,53;180,30;443,63;450,05;77,86;0,12
515;0,00;0,00;0,00;0,00;49,00;0,00;71,02;79,98;30,44;179,92;458,79;180,35;443,60;450,89;77,86;0,12
520;0,00;0,00;0,00;0,00;49,00;0,00;71,00;79,98;30,45;179,93;459,99;180,40;443,60;452,94;77,86;0,12
525;0,00;0,00;0,00;0,00;49,00;0,00;70,99;79,98;30,45;179,92;461,78;180,40;443,64;453,87;77,86;0,12
530;0,00;0,00;0,00;0,00;48,98;0,00;71,02;80,02;30,46;179,91;462,23;180,33;443,76;455,00;77,86;0,12
535;0,00;0,00;0,00;0,00;49,00;0,00;71,02;80,02;30,46;179,89;462,48;180,28;443,84;455,25;77,86;0,12
540;0,00;0,00;0,00;0,00;48,99;0,00;71,02;79,98;30,46;179,89;462,33;180,13;443,99;455,24;77,86;0,12
545;0,00;0,00;0,00;0,00;49,00;0,00;71,00;79,98;30,46;179,92;461,68;179,96;444,07;455,04;77,86;0,12
550;0,00;0,00;0,00;0,00;49,00;0,00;71,03;79,98;30,47;179,93;461,21;179,89;444,15;454,37;77,86;0,12
555;0,00;0,00;0,00;0,00;49,00;0,00;71,00;80,00;30,47;179,94;460,24;179,75;444,17;453,52;77,86;0,12
560;0,00;0,00;0,00;0,00;49,00;0,00;70,99;80,03;30,47;179,93;459,14;179,68;444,16;453,05;77,86;0,12
565;0,00;0,00;0,00;0,00;49,00;0,00;70,99;80,00;30,47;179,93;458,64;179,66;444,14;452,13;77,86;0,12
570;0,00;0,00;0,00;0,00;49,00;0,00;71,00;79,98;30,48;179,92;458,49;179,68;444,14;451,89;77,86;0,12
575;0,00;0,00;0,00;0,00;49,00;0,00;71,00;79,97;30,48;179,93;459,15;179,72;444,21;452,48;77,86;0,12
580;0,00;0,00;0,00;0,00;49,00;0,00;71,00;80,00;30,49;179,95;461,71;179,84;444,28;453,39;77,86;0,12
585;0,00;0,00;0,00;0,00;49,00;0,00;71,00;79,98;30,49;179,96;463,34;179,91;444,47;455,98;77,86;0,12
590;0,00;0,00;0,00;0,00;49,00;0,00;71,02;80,00;30,50;179,95;466,25;180,06;444,59;457,34;77,86;0,12
595;0,00;0,00;0,00;0,00;49,00;0,00;70,99;80,03;30,49;179,94;467,17;180,12;444,93;459,40;77,86;0,12
600;0,00;0,00;0,00;0,00;49,00;0,00;71,00;80,00;30,50;179,92;468,14;180,23;445,13;460,03;77,86;0,12
605;0,00;0,00;0,00;0,00;49,00;0,00;71,00;80,02;30,50;179,92;468,25;180,26;445,53;460,59;77,86;0,12
610;0,00;0,00;0,00;0,00;49,01;0,00;71,02;80,02;30,50;179,94;467,94;180,25;445,73;460,58;77,86;0,12
615;0,00;0,00;0,00;0,00;49,00;0,00;70,99;80,02;30,51;179,95;467,60;180,23;446,08;460,17;77,86;0,12
620;0,00;0,00;0,00;0,00;48,99;0,00;71,02;80,03;30,51;179,97;466,64;180,13;446,35;459,81;77,86;0,12
625;0,00;0,00;0,00;0,00;49,00;0,00;71,00;80,00;30,51;179,98;466,01;180,06;446,45;458,87;77,86;0,12
630;0,00;0,00;0,00;0,00;49,00;0,00;71,02;80,00;30,52;179,98;464,71;179,89;446,59;458,33;77,86;0,12
635;0,00;0,00;0,00;0,00;49,01;0,00;71,00;80,00;30,51;179,97;464,07;179,81;446,64;457,19;77,86;0,12
640;0,00;0,00;0,00;0,00;49,00;0,00;71,00;80,02;30,52;179,97;463,33;179,68;446,78;456,74;77,86;0,12
645;0,00;0,00;0,00;0,00;49,00;0,00;71,00;80,03;30,52;179,98;463,61;179,62;446,88;456,76;77,86;0,12
650;0,00;0,00;0,00;0,00;49,00;0,00;70,99;80,02;30,52;179,97;465,81;179,57;447,15;457,45;77,86;0,12
655;0,00;0,00;0,00;0,00;48,99;0,00;71,00;80,05;30,52;179,98;467,73;179,57;447,32;460,09;77,86;0,12
660;0,00;0,00;0,00;0,00;49,00;0,00;70,99;80,00;30,52;179,99;471,42;179,63;447,72;461,74;77,86;0,12
665;0,00;0,00;0,00;0,00;49,00;0,00;71,01;80,00;30,52;180,00;472,86;179,69;447,97;464,70;77,86;0,12
670;0,00;0,00;0,00;0,00;49,01;0,00;71,00;80,03;30,52;180,00;474,70;179,82;448,54;465,73;77,86;0,12
675;0,00;0,00;0,00;0,00;49,00;0,00;71,00;79,98;30,52;179,98;475,11;179,89;448,84;466,89;77,86;0,12
680;0,00;0,00;0,00;0,00;49,00;0,00;71,02;80,00;30,52;179,98;475,21;180,04;449,41;467,14;77,86;0,12
685;0,00;0,00;0,00;0,00;49,00;0,00;71,02;80,02;30,52;180,00;474,98;180,09;449,69;467,01;77,86;0,12
690;0,00;0,00;0,00;0,00;49,00;0,00;71,02;79,98;30,53;180,00;474,17;180,15;450,17;466,39;77,86;0,12
695;0,00;0,00;0,00;0,00;49,00;0,00;71,00;80,02;30,53;180,02;473,63;180,16;450,36;465,94;77,86;0,12
700;0,00;0,00;0,00;0,00;49,00;0,00;71,00;80,00;30,53;180,03;472,32;180,11;450,67;464,86;77,86;0,12
705;0,00;0,00;0,00;0,00;49,01;0,00;71,00;80,02;30,54;180,03;471,63;180,06;450,80;464,25;77,86;0,12
710;0,00;0,00;0,00;0,00;49,00;0,00;71,00;79,98;30,54;180,03;470,37;179,94;451,02;463,19;77,86;0,12
715;0,00;0,00;0,00;0,00;49,00;0,00;71,00;80,02;30,54;180,01;470,08;179,87;451,15;462,93;77,86;0,12
720;0,00;0,00;0,00;0,00;49,00;0,00;71,00;80,02;30,54;180,01;471,13;179,72;451,50;463,75;77,86;0,12
725;0,00;0,00;0,00;0,00;49,00;0,00;71,00;80,00;30,55;180,02;472,56;179,65;451,72;464,95;77,86;0,12
730;0,00;0,00;0,00;0,00;49,01;0,00;71,02;80,02;30,55;180,04;476,60;179,54;452,21;468,38;77,86;0,12
735;0,00;0,00;0,00;0,00;49,00;0,00;71,01;80,02;30,56;180,05;478,78;179,51;452,49;470,22;77,86;0,12
740;0,00;0,00;0,00;0,00;49,00;0,00;71,03;80,00;30,56;180,05;481,75;179,51;453,17;473,00;77,86;0,12
745;0,00;0,00;0,00;0,00;49,00;0,00;71,01;79,98;30,57;180,04;482,70;179,54;453,53;473,90;77,86;0,12
750;0,00;0,00;0,00;0,00;49,00;0,00;71,00;79,98;30,57;180,02;483,47;179,64;454,27;474,80;77,86;0,12
755;0,00;0,00;0,00;0,00;49,00;0,00;71,00;79,98;30,57;180,01;483,49;179,71;454,63;474,90;77,86;0,12
760;0,00;0,00;0,00;0,00;49,00;0,00;71,01;80,00;30,59;180,01;482,97;179,86;455,29;474,60;77,86;0,12
765;0,00;0,00;0,00;0,00;49,00;0,00;71,00;80,02;30,58;180,04;482,52;179,93;455,59;474,25;77,86;0,12
770;0,00;0,00;0,00;0,00;49,00;0,00;70,98;80,00;30,58;180,04;481,36;180,05;456,07;473,29;77,86;0,12
775;0,00;0,00;0,00;0,00;49,01;0,00;71,02;80,00;30,59;180,06;479,90;180,09;456,28;472,71;77,86;0,12
780;0,00;0,00;0,00;0,00;49,00;0,00;71,00;80,03;30,59;180,07;479,16;180,11;456,61;471,45;77,86;0,12
785;0,00;0,00;0,00;0,00;49,00;0,00;70,98;80,00;30,59;180,06;478,08;180,09;456,77;470,89;77,86;0,12
790;0,00;0,00;0,00;0,00;49,00;0,00;71,01;79,97;30,59;180,06;478,16;180,01;457,15;470,60;77,86;0,12
795;0,00;0,00;0,00;0,00;49,00;0,00;71,02;80,02;30,60;180,04;480,34;179,95;457,38;471,18;77,86;0,12
800;0,00;0,00;0,00;0,00;49,00;0,00;71,02;79,98;30,60;180,04;482,32;179,80;457,94;474,04;77,86;0,12
805;0,00;0,00;0,00;0,00;49,00;0,00;71,03;80,00;30,60;180,04;487,04;179,73;458,25;475,99;77,86;0,12
810;0,00;0,00;0,00;0,00;49,01;0,00;71,00;79,98;30,60;180,05;488,98;179,59;458,95;479,75;77,86;0,12
815;0,00;0,00;0,00;0,00;49,00;0,00;71,00;80,00;30,60;180,07;491,56;179,53;459,36;481,20;77,86;0,12
820;0,00;0,00;0,00;0,00;49,00;0,00;70,99;80,02;30,60;180,08;492,25;179,47;460,23;483,02;77,86;0,12
825;0,00;0,00;0,00;0,00;48,99;0,00;71,00;80,00;30,61;180,08;492,72;179,47;460,66;483,43;77,86;0,12
830;0,00;0,00;0,00;0,00;48,99;0,00;71,01;79,97;30,60;180,07;492,59;179,52;461,50;483,58;77,86;0,12
835;0,00;0,00;0,00;0,00;49,00;0,00;71,02;80,00;30,61;180,05;491,82;179,56;461,88;483,38;77,86;0,12
840;0,00;0,00;0,00;0,00;48,99;0,00;71,01;80,00;30,60;180,04;491,28;179,69;462,55;482,61;77,86;0,12
845;0,00;0,00;0,00;0,00;49,00;0,00;71,00;79,98;30,61;180,03;489,95;179,75;462,83;482,09;77,86;0,12
850;0,00;0,00;0,00;0,00;49,00;0,00;71,02;80,00;30,61;180,05;489,13;179,89;463,30;480,85;77,86;0,12
855;0,00;0,00;0,00;0,00;49,00;0,00;71,00;80,02;30,61;180,07;487,61;179,98;463,50;480,18;77,86;0,12
860;0,00;0,00;0,00;0,00;48,99;0,00;71,03;80,00;30,61;180,08;487,11;180,01;463,90;479,14;77,86;0,12
865;0,00;0,00;0,00;0,00;49,00;0,00;71,02;80,02;30,61;180,10;487,72;180,04;464,14;479,11;77,86;0,12
870;0,00;0,00;0,00;0,00;49,01;0,00;70,99;80,00;30,61;180,09;489,09;180,02;464,73;480,78;77,86;0,12
875;0,00;0,00;0,00;0,00;49,01;0,00;70,99;80,02;30,61;180,07;493,49;179,96;465,06;482,46;77,86;0,12
880;0,00;0,00;0,00;0,00;49,00;0,00;70,99;80,00;30,63;180,07;495,93;179,91;465,78;486,56;77,86;0,12
885;0,00;0,00;0,00;0,00;49,00;0,00;71,01;80,00;30,63;180,06;499,93;179,77;466,19;488,56;77,86;0,12
890;0,00;0,00;0,00;0,00;49,00;0,00;70,99;80,02;30,63;180,07;501,14;179,70;467,11;491,35;77,86;0,12
895;0,00;0,00;0,00;0,00;49,00;0,00;70,99;80,00;30,63;180,09;502,38;179,58;467,59;492,18;77,86;0,12
900;0,00;0,00;0,00;0,00;49,00;0,00;71,01;80,00;30,64;180,10;502,52;179,53;468,56;492,93;77,86;0,12
905;0,00;0,00;0,00;0,00;49,00;0,00;70,98;80,02;30,65;180,09;502,13;179,48;469,01;492,93;77,86;0,12
910;0,00;0,00;0,00;0,00;49,00;0,00;71,02;80,00;30,64;180,09;501,65;179,47;469,82;492,42;77,86;0,12
915;0,00;0,00;0,00;0,00;49,00;0,00;70,99;80,02;30,64;180,08;500,43;179,51;470,17;491,96;77,86;0,12
920;0,00;0,00;0,00;0,00;49,01;0,00;71,00;80,00;30,63;180,09;499,70;179,54;470,79;490,81;77,86;0,13
925;0,00;0,00;0,00;0,00;49,00;0,00;71,00;80,00;30,64;180,09;498,02;179,65;471,02;490,14;77,86;0,13
930;0,00;0,00;0,00;0,00;49,00;0,00;71,00;80,02;30,63;180,09;497,25;179,71;471,46;488,79;77,86;0,13
935;0,00;0,00;0,00;0,00;49,00;0,00;70,98;80,00;30,63;180,08;496,65;179,82;471,96;488,35;77,86;0,13
940;0,00;0,00;0,00;0,00;49,00;0,00;71,00;79,98;30,64;180,08;497,33;179,88;472,27;488,85;77,86;0,13
945;0,00;0,00;0,00;0,00;48,99;0,00;71,02;80,02;30,64;180,09;500,83;179,95;473,00;490,03;77,86;0,13
950;0,00;0,00;0,00;0,00;49,00;0,00;71,00;79,98;30,64;180,10;503,53;179,97;473,40;493,92;77,86;0,13
955;0,00;0,00;0,00;0,00;48,99;0,00;71,00;80,00;30,64;180,10;508,28;179,96;474,24;496,18;77,86;0,13
960;0,00;0,00;0,00;0,00;49,00;0,00;71,00;80,02;30,65;180,09;510,02;179,94;474,73;499,83;77,86;0,13
965;0,00;0,00;0,00;0,00;48,99;0,00;71,00;80,02;30,67;180,09;512,13;179,87;475,74;501,06;77,86;0,13
970;0,00;0,00;0,00;0,00;49,00;0,00;71,00;80,00;30,68;180,09;512,55;179,83;476,26;502,41;77,86;0,13
975;0,00;0,00;0,00;0,00;49,00;0,00;71,01;80,00;30,69;180,09;512,51;179,76;477,21;502,62;77,86;0,13
980;0,00;0,00;0,00;0,00;49,00;0,00;71,00;80,02;30,70;180,09;512,18;179,73;477,65;502,39;77,86;0,13
985;0,00;0,00;0,00;0,00;49,00;0,00;71,00;79,98;30,71;180,09;511,09;179,69;478,42;502,04;77,86;0,13
990;0,00;0,00;0,00;0,00;49,00;0,00;71,01;79,98;30,74;180,07;510,38;179,68;478,75;500,98;77,86;0,13
995;0,00;0,00;0,00;0,00;48,99;0,00;71,01;80,02;30,75;179,91;508,70;179,70;479,30;500,31;77,86;0,13
1000;0,00;0,00;0,00;0,00;49,00;0,00;71,02;80,00;30,77;179,90;507,85;179,72;479,54;498,88;77,86;0,13
1005;0,00;0,00;0,00;0,00;49,00;0,00;71,01;79,98;30,78;180,01;506,63;179,79;480,05;498,24;77,86;0,13
1010;0,00;0,00;0,00;0,00;49,00;0,00;70,99;80,09;30,79;180,14;506,76;179,83;480,36;498,00;77,86;0,13
1015;0,00;0,00;0,00;0,00;49,00;0,00;71,00;79,95;30,80;180,19;509,30;179,93;481,10;500,07;77,86;0,13
1020;0,00;0,00;0,00;0,00;48,98;0,00;70,95;79,95;30,81;180,19;511,61;179,98;481,52;502,07;77,86;0,13
1025;0,00;0,00;0,00;0,00;48,99;0,00;71,00;80,00;30,80;180,14;516,99;180,06;482,39;506,63;77,86;0,13
1030;0,00;0,00;0,00;0,00;49,00;0,00;71,00;80,02;30,80;180,03;519,17;180,09;482,88;508,62;77,86;0,13
1035;0,00;0,00;0,00;0,00;48,99;0,00;71,00;80,02;30,81;179,99;522,08;180,12;483,93;511,36;77,86;0,13
1040;0,00;0,00;0,00;0,00;49,00;0,00;71,02;79,98;30,80;179,96;522,77;180,12;484,48;512,12;77,86;0,13
1045;0,00;0,00;0,00;0,00;49,00;0,00;71,03;80,00;30,80;179,99;523,13;180,10;485,53;512,70;77,86;0,13
1050;0,00;0,00;0,00;0,00;49,00;0,00;70,99;79,97;30,79;180,07;522,92;180,07;486,02;512,62;77,86;0,13
1055;0,00;0,00;0,00;0,00;49,00;0,00;71,02;80,00;30,79;180,11;521,93;180,01;486,89;511,92;77,86;0,13
1060;0,00;0,00;0,00;0,00;49,00;0,00;71,00;80,02;30,77;180,14;521,25;179,98;487,27;511,39;77,86;0,13
1065;0,00;0,00;0,00;0,00;49,00;0,00;71,01;80,00;30,77;180,12;519,63;179,91;487,89;510,05;77,86;0,13
1070;0,00;0,00;0,00;0,00;49,00;0,00;70,98;79,97;30,76;180,04;518,73;179,90;488,15;509,27;77,86;0,13
1075;0,00;0,00;0,00;0,00;48,99;0,00;71,02;80,02;30,76;180,00;517,08;179,87;488,65;507,95;77,86;0,13
1080;0,00;0,00;0,00;0,00;49,01;0,00;71,00;80,02;30,75;179,99;516,81;179,88;488,95;507,75;77,86;0,13
1085;0,00;0,00;0,00;0,00;49,01;0,00;71,01;80,02;30,74;180,01;518,59;179,91;489,69;509,17;77,86;0,13
1090;0,00;0,00;0,00;0,00;49,00;0,00;71,01;80,02;30,72;180,06;520,67;179,94;490,13;510,96;77,86;0,13
1095;0,00;0,00;0,00;0,00;49,00;0,00;71,00;80,00;30,72;180,09;526,05;180,02;491,02;515,56;77,86;0,13
1100;0,00;0,00;0,00;0,00;49,00;0,00;70,99;79,98;30,71;180,11;528,76;180,07;491,49;517,81;77,86;0,13
1105;0,00;0,00;0,00;0,00;49,00;0,00;71,01;79,95;30,71;180,10;532,25;180,17;492,56;521,18;77,86;0,13
1110;0,00;0,00;0,00;0,00;49,00;0,00;71,01;80,00;30,70;180,06;533,22;180,21;493,14;522,17;77,86;0,13
1115;0,00;0,00;0,00;0,00;49,00;0,00;70,99;80,00;30,69;180,04;533,94;180,29;494,24;523,06;77,86;0,13
1120;0,00;0,00;0,00;0,00;49,00;0,00;71,00;79,98;30,70;180,00;533,49;180,31;494,77;523,07;77,86;0,13
1125;0,00;0,00;0,00;0,00;49,00;0,00;71,02;80,02;30,69;180,00;532,93;180,34;495,69;522,49;77,86;0,13
1130;0,00;0,00;0,00;0,00;49,00;0,00;71,00;80,00;30,69;180,02;531,49;180,35;496,09;521,96;77,86;0,13
1135;0,00;0,00;0,00;0,00;49,00;0,00;71,00;80,00;30,68;180,05;530,63;180,32;496,74;520,62;77,86;0,13
1140;0,00;0,00;0,00;0,00;49,00;0,00;71,00;80,00;30,68;180,07;528,69;180,29;497,00;519,83;77,86;0,13
1145;0,00;0,00;0,00;0,00;49,00;0,00;71,00;80,02;30,68;180,08;527,87;180,23;497,50;518,37;77,86;0,13
1150;0,00;0,00;0,00;0,00;49,00;0,00;71,00;80,02;30,67;180,05;527,57;180,19;497,78;518,00;77,86;0,13
1155;0,00;0,00;0,00;0,00;49,00;0,00;71,02;80,02;30,67;180,05;528,54;180,13;498,52;518,99;77,86;0,13
1160;0,00;0,00;0,00;0,00;49,00;0,00;71,01;80,02;30,68;180,03;533,03;180,11;498,96;520,59;77,86;0,13
1165;0,00;0,00;0,00;0,00;49,01;0,00;70,99;80,00;30,67;180,03;535,85;180,10;499,89;525,11;77,86;0,14
1170;0,00;0,00;0,00;0,00;49,00;0,00;71,01;80,00;30,67;180,05;540,94;180,11;500,36;527,48;77,86;0,14
1175;0,00;0,00;0,00;0,00;49,00;0,00;70,97;80,03;30,67;180,06;542,60;180,15;501,41;531,12;77,86;0,14
1180;0,00;0,00;0,00;0,00;48,98;0,00;70,97;79,98;30,67;180,07;544,36;180,19;501,98;532,26;77,86;0,14
1185;0,00;0,00;0,00;0,00;49,00;0,00;70,98;79,98;30,68;180,07;544,62;180,27;503,11;533,35;77,86;0,14
1190;0,00;0,00;0,00;0,00;49,00;0,00;71,01;79,98;30,67;180,03;544,23;180,35;503,62;533,42;77,86;0,14
1195;0,00;0,00;0,00;0,00;49,00;0,00;71,02;80,00;30,66;180,02;543,72;180,40;504,56;532,89;77,86;0,14
1200;0,00;0,00;0,00;0,00;49,00;0,00;71,02;79,98;30,66;180,02;542,27;180,45;504,95;532,38;77,86;0,14
1205;0,00;0,00;0,00;0,00;49,00;0,00;71,01;80,00;30,65;180,03;541,31;180,45;505,61;531,01;77,86;0,14
1210;0,00;0,00;0,00;0,00;49,00;0,00;70,97;79,98;30,65;180,07;539,37;180,44;505,87;530,19;77,86;0,14
1215;0,00;0,00;0,00;0,00;49,00;0,00;71,00;80,00;30,66;180,08;538,50;180,41;506,35;528,66;77,86;0,14
1220;0,00;0,00;0,00;0,00;49,00;0,00;71,00;80,00;30,65;180,08;538,13;180,32;506,64;528,26;77,86;0,14
1225;0,00;0,00;0,00;0,00;49,01;0,00;71,01;80,05;30,65;180,07;539,13;180,28;507,38;529,23;77,86;0,14
1230;0,00;0,00;0,00;0,00;49,01;0,00;71,01;79,98;30,65;180,03;543,52;180,16;507,83;530,79;77,86;0,14
1235;0,00;0,00;0,00;0,00;49,00;0,00;71,01;79,98;30,65;180,02;546,61;180,10;508,75;535,44;77,86;0,14
1240;0,00;0,00;0,00;0,00;49,00;0,00;71,02;79,98;30,66;180,03;551,65;179,99;509,22;537,79;77,86;0,14
1245;0,00;0,00;0,00;0,00;49,00;0,00;71,03;80,00;30,65;180,04;553,37;179,94;510,29;541,61;77,86;0,14
1250;0,00;0,00;0,00;0,00;49,01;0,00;71,00;80,00;30,65;180,06;555,23;179,88;511,42;542,78;77,86;0,14
1255;0,00;0,00;0,00;0,00;49,00;0,00;71,02;79,97;30,65;180,07;555,48;179,88;511,98;543,89;77,86;0,14
1260;0,00;0,00;0,00;0,00;49,00;0,00;71,01;79,98;30,65;180,05;555,06;179,91;512,99;543,93;77,86;0,14
1265;0,00;0,00;0,00;0,00;49,00;0,00;71,00;80,00;30,64;180,04;554,47;179,94;513,43;543,35;77,86;0,14
1270;0,00;0,00;0,00;0,00;49,00;0,00;71,00;79,98;30,64;180,03;552,91;180,04;514,16;542,80;77,86;0,14
1275;0,00;0,00;0,00;0,00;49,02;0,00;71,03;79,98;30,64;180,02;551,98;180,08;514,45;541,31;77,86;0,14
1280;0,00;0,00;0,00;0,00;49,00;0,00;71,03;79,98;30,64;180,03;549,86;180,19;514,91;540,46;77,86;0,14
1285;0,00;0,00;0,00;0,00;49,00;0,00;71,02;80,03;30,64;180,04;548,97;180,23;515,16;538,88;77,86;0,14
1290;0,00;0,00;0,00;0,00;49,00;0,00;71,00;80,00;30,63;180,05;548,79;180,29;515,80;538,54;77,86;0,14
1295;0,00;0,00;0,00;0,00;49,00;0,00;71,00;80,02;30,63;180,05;549,97;180,30;516,22;539,75;77,86;0,14
1300;0,00;0,00;0,00;0,00;49,00;0,00;70,98;79,98;30,63;180,06;554,67;180,29;517,16;541,45;77,86;0,14
1305;0,00;0,00;0,00;0,00;49,02;0,00;70,99;79,97;30,63;180,05;557,59;180,27;517,62;546,18;77,86;0,14
1310;0,00;0,00;0,00;0,00;49,01;0,00;71,02;80,00;30,63;180,02;562,74;180,19;518,61;548,60;77,86;0,14
1315;0,00;0,00;0,00;0,00;49,00;0,00;71,00;80,03;30,63;180,01;564,35;180,14;519,18;552,27;77,86;0,14
1320;0,00;0,00;0,00;0,00;48,99;0,00;71,00;80,00;30,63;180,01;565,95;180,03;520,30;553,98;77,86;0,14
1325;0,00;0,00;0,00;0,00;49,00;0,00;71,01;80,00;30,62;180,02;566,11;179,97;520,84;554,25;77,86;0,14
1330;0,00;0,00;0,00;0,00;49,00;0,00;71,00;79,97;30,63;180,06;565,49;179,88;521,82;553,95;77,86;0,14
1335;0,00;0,00;0,00;0,00;49,00;0,00;71,00;80,00;30,63;180,05;564,86;179,85;522,24;553,48;77,86;0,14
1340;0,00;0,00;0,00;0,00;49,00;0,00;70,99;80,00;30,62;180,04;563,09;179,81;522,90;552,10;77,86;0,14
1345;0,00;0,00;0,00;0,00;49,01;0,00;71,00;80,00;30,62;180,03;562,08;179,81;523,17;551,26;77,86;0,14
1350;0,00;0,00;0,00;0,00;49,00;0,00;71,02;80,00;30,63;180,02;559,94;179,84;523,62;549,55;77,86;0,14
1355;0,00;0,00;0,00;0,00;49,00;0,00;71,00;80,02;30,63;180,03;559,24;179,89;523,88;548,98;77,86;0,15
1360;0,00;0,00;0,00;0,00;49,00;0,00;71,01;80,00;30,64;180,03;559,83;179,98;524,60;549,53;77,86;0,15
1365;0,00;0,00;0,00;0,00;49,00;0,00;71,00;79,98;30,64;180,04;561,42;180,03;525,07;550,90;77,86;0,15
1370;0,00;0,00;0,00;0,00;49,00;0,00;71,00;80,00;30,63;180,05;566,88;180,13;526,03;555,44;77,86;0,15
1375;0,00;0,00;0,00;0,00;48,99;0,00;71,00;80,03;30,64;180,07;569,77;180,17;526,50;557,92;77,86;0,15
1380;0,00;0,00;0,00;0,00;49,00;0,00;71,01;80,02;30,64;180,06;574,33;180,20;527,54;561,96;77,86;0,15
1385;0,00;0,00;0,00;0,00;49,00;0,00;71,01;80,00;30,64;180,03;575,60;180,21;528,10;563,25;77,86;0,15
1390;0,00;0,00;0,00;0,00;49,00;0,00;71,00;80,00;30,64;180,02;576,63;180,18;529,22;564,48;77,86;0,15
1395;0,00;0,00;0,00;0,00;49,00;0,00;71,02;79,98;30,64;180,03;576,54;180,15;529,73;564,53;77,86;0,15
1400;0,00;0,00;0,00;0,00;48,99;0,00;71,01;80,02;30,64;180,03;575,56;180,05;530,62;563,87;77,86;0,15
1405;0,00;0,00;0,00;0,00;49,00;0,00;71,01;80,06;30,65;180,04;574,72;180,01;530,98;563,28;77,86;0,15
1410;0,00;0,00;0,00;0,00;49,00;0,00;71,00;80,03;30,64;180,06;572,77;179,89;531,54;561,65;77,86;0,15
1415;0,00;0,00;0,00;0,00;49,00;0,00;71,00;80,02;30,65;180,06;571,68;179,85;531,76;560,72;77,86;0,15
1420;0,00;0,00;0,00;0,00;49,00;0,00;71,00;80,00;30,65;180,04;569,74;179,78;532,22;559,21;77,86;0,15
1425;0,00;0,00;0,00;0,00;49,00;0,00;71,01;80,00;30,66;180,05;569,50;179,76;532,54;559,05;77,86;0,15
1430;0,00;0,00;0,00;0,00;48,99;0,00;71,00;80,00;30,65;180,05;571,68;179,77;533,38;560,90;77,86;0,15
1435;0,00;0,00;0,00;0,00;49,00;0,00;71,02;80,00;30,66;180,05;574,02;179,78;533,87;562,88;77,86;0,15
1440;0,00;0,00;0,00;0,00;49,00;0,00;71,00;80,03;30,66;180,05;579,79;179,85;534,80;567,72;77,86;0,15
1445;0,00;0,00;0,00;0,00;49,00;0,00;71,02;79,97;30,66;180,07;584,55;179,88;535,29;570,04;77,86;0,15
1450;0,00;0,00;0,00;0,00;49,01;0,00;71,03;80,00;30,65;180,07;585,90;179,97;536,36;573,28;77,86;0,15
1455;0,00;0,00;0,00;0,00;49,00;0,00;70,99;80,03;30,66;180,05;586,74;180,01;537,01;574,25;77,86;0,15
1460;0,00;0,00;0,00;0,00;49,00;0,00;71,00;80,00;30,66;180,05;586,89;180,08;538,06;574,65;77,86;0,15
1465;0,00;0,00;0,00;0,00;49,01;0,00;71,00;80,02;30,66;180,05;586,48;180,09;538,51;574,42;77,86;0,15
1470;0,00;0,00;0,00;0,00;48,99;0,00;71,00;80,00;30,66;180,06;585,00;180,10;539,26;573,30;77,86;0,15
1475;0,00;0,00;0,00;0,00;49,00;0,00;71,00;79,98;30,65;180,08;583,96;180,07;539,54;572,50;77,86;0,15
1480;0,00;0,00;0,00;0,00;49,00;0,00;71,00;79,98;30,65;180,09;581,74;180,02;539,97;570,65;77,86;0,15
1485;0,00;0,00;0,00;0,00;49,00;0,00;71,00;80,00;30,66;180,09;580,67;179,98;540,18;569,79;77,86;0,15
1490;0,00;0,00;0,00;0,00;49,00;0,00;71,00;80,00;30,66;180,07;579,85;179,88;540,76;569,19;77,86;0,15
1495;0,00;0,00;0,00;0,00;49,00;0,00;71,01;80,03;30,66;180,04;580,66;179,83;541,16;569,87;77,86;0,15
1500;0,00;0,00;0,00;0,00;49,00;0,00;71,00;80,00;30,67;180,05;584,87;179,74;542,14;573,42;77,86;0,15
1505;0,00;0,00;0,00;0,00;48,99;0,00;71,00;80,00;30,67;180,06;587,79;179,71;542,61;575,89;77,86;0,15
1510;0,00;0,00;0,00;0,00;48,99;0,00;71,00;79,98;30,66;180,07;593,39;179,69;543,59;580,64;77,86;0,15
1515;0,00;0,00;0,00;0,00;49,00;0,00;71,00;80,02;30,66;180,08;595,24;179,69;544,12;582,41;77,86;0,15
1520;0,00;0,00;0,00;0,00;49,00;0,00;71,00;80,03;30,67;180,07;597,13;179,73;545,22;584,41;77,86;0,15
1525;0,00;0,00;0,00;0,00;49,00;0,00;70,99;80,00;30,67;180,06;597,16;179,76;545,75;584,74;77,86;0,16
1530;0,00;0,00;0,00;0,00;49,00;0,00;71,00;80,02;30,67;180,06;596,66;179,85;546,67;584,43;77,86;0,16
1535;0,00;0,00;0,00;0,00;49,00;0,00;70,99;80,00;30,68;180,07;595,06;179,90;547,06;583,90;77,86;0,16
1540;0,00;0,00;0,00;0,00;49,00;0,00;71,00;80,00;30,67;180,08;594,03;179,99;547,65;582,36;77,86;0,16
1545;0,00;0,00;0,00;0,00;49,00;0,00;71,01;80,03;30,68;180,07;591,64;180,03;547,85;581,42;77,86;0,16
1550;0,00;0,00;0,00;0,00;49,01;0,00;71,00;79,98;30,68;180,08;590,62;180,06;548,27;579,64;77,86;0,16
1555;0,00;0,00;0,00;0,00;48,98;0,00;71,02;80,00;30,67;180,08;590,21;180,06;548,56;579,19;77,86;0,16
1560;0,00;0,00;0,00;0,00;49,00;0,00;71,00;79,95;30,68;180,07;591,28;180,02;549,33;580,28;77,86;0,16
1565;0,00;0,00;0,00;0,00;49,00;0,00;71,02;80,00;30,69;180,07;596,09;179,99;549,83;581,94;77,86;0,16
1570;0,00;0,00;0,00;0,00;49,00;0,00;71,02;80,00;30,69;180,07;599,03;179,90;550,82;586,68;77,86;0,16
1575;0,00;0,00;0,00;0,00;49,00;0,00;71,03;80,02;30,69;180,08;604,10;179,80;551,30;589,18;77,86;0,16
1580;0,00;0,00;0,00;0,00;48,99;0,00;71,00;80,03;30,69;180,08;605,85;179,74;552,37;592,82;77,86;0,16
1585;0,00;0,00;0,00;0,00;49,00;0,00;71,00;80,03;30,69;180,08;607,29;179,67;552,91;593,86;77,86;0,16
1590;0,00;0,00;0,00;0,00;49,00;0,00;71,02;80,02;30,69;180,09;607,30;179,65;553,94;594,58;77,86;0,16
1595;0,00;0,00;0,00;0,00;49,00;0,00;71,00;80,00;30,70;180,09;606,31;179,63;554,39;594,42;77,86;0,16
1600;0,00;0,00;0,00;0,00;49,00;0,00;71,02;80,00;30,71;180,08;605,47;179,64;555,15;593,34;77,86;0,16
1605;0,00;0,00;0,00;0,00;49,00;0,00;71,00;79,98;30,70;180,07;603,35;179,71;555,43;592,55;77,86;0,16
1610;0,00;0,00;0,00;0,00;48,99;0,00;71,00;79,98;30,70;180,06;602,15;179,75;555,82;590,63;77,86;0,16
1615;0,00;0,00;0,00;0,00;49,00;0,00;71,00;80,00;30,70;180,06;600,15;179,86;556,03;589,71;77,86;0,16
1620;0,00;0,00;0,00;0,00;49,00;0,00;70,99;80,00;30,71;180,07;600,03;179,91;556,63;589,01;77,86;0,16
1625;0,00;0,00;0,00;0,00;49,00;0,00;71,00;80,00;30,71;180,09;602,46;179,99;557,52;589,66;77,86;0,16
1630;0,00;0,00;0,00;0,00;49,01;0,00;71,01;80,00;30,73;180,09;604,90;180,02;558,06;593,15;77,86;0,16
1635;0,00;0,00;0,00;0,00;49,00;0,00;70,98;80,02;30,73;180,09;610,93;180,04;559,06;595,67;77,86;0,16
1640;0,00;0,00;0,00;0,00;49,00;0,00;71,02;79,98;30,73;180,09;613,42;180,04;559,55;600,41;77,86;0,16
1645;0,00;0,00;0,00;0,00;49,00;0,00;71,00;80,03;30,73;180,06;616,51;179,99;560,63;602,12;77,86;0,16
1650;0,00;0,00;0,00;0,00;49,00;0,00;71,00;80,02;30,74;180,04;617,14;179,95;561,16;604,06;77,86;0,16
1655;0,00;0,00;0,00;0,00;49,00;0,00;71,01;79,97;30,74;180,06;617,02;179,86;562,14;604,34;77,86;0,16
1660;0,00;0,00;0,00;0,00;49,00;0,00;71,02;80,00;30,74;180,07;616,45;179,81;562,55;603,89;77,86;0,16
1665;0,00;0,00;0,00;0,00;49,00;0,00;71,02;79,98;30,74;180,10;614,67;179,71;563,21;602,49;77,86;0,16
1670;0,00;0,00;0,00;0,00;48,99;0,00;71,02;79,98;30,75;180,11;613,54;179,67;563,45;601,52;77,86;0,17
1675;0,00;0,00;0,00;0,00;49,00;0,00;71,00;79,98;30,75;180,10;611,03;179,62;563,82;599,56;77,86;0,17
1680;0,00;0,00;0,00;0,00;49,00;0,00;71,00;80,02;30,76;180,06;610,15;179,63;564,07;598,87;77,86;0,17
1685;0,00;0,00;0,00;0,00;49,00;0,00;71,02;79,97;30,77;180,05;610,50;179,68;564,80;599,28;77,86;0,17
1690;0,00;0,00;0,00;0,00;49,00;0,00;71,01;79,98;30,79;180,04;612,16;179,74;565,28;600,62;77,86;0,17
1695;0,00;0,00;0,00;0,00;49,00;0,00;71,00;80,02;30,79;180,04;617,41;179,88;566,34;604,96;77,86;0,17
1700;0,00;0,00;0,00;0,00;49,00;0,00;70,99;80,05;30,81;180,07;620,34;179,96;566,84;607,55;77,86;0,17
1705;0,00;0,00;0,00;0,00;49,00;0,00;71,02;80,03;30,81;180,08;625,04;180,11;567,89;611,67;77,86;0,17
1710;0,00;0,00;0,00;0,00;49,00;0,00;71,02;80,02;30,81;180,10;626,31;180,17;568,43;612,94;77,86;0,17
1715;0,00;0,00;0,00;0,00;49,00;0,00;70,99;80,02;30,81;180,10;627,13;180,24;569,47;614,00;77,86;0,17
1720;0,00;0,00;0,00;0,00;49,00;0,00;71,00;80,02;30,82;180,09;626,85;180,24;569,93;613,91;77,86;0,17
1725;0,00;0,00;0,00;0,00;49,00;0,00;71,01;80,03;30,82;180,07;625,43;180,18;570,71;612,89;77,86;0,17
1730;0,00;0,00;0,00;0,00;49,00;0,00;71,00;80,00;30,81;180,05;624,41;180,13;570,99;612,07;77,86;0,17
1735;0,00;0,00;0,00;0,00;49,00;0,00;70,99;80,05;30,81;180,05;621,87;179,98;571,40;610,06;77,86;0,17
1740;0,00;0,00;0,00;0,00;49,00;0,00;70,99;80,02;30,81;180,04;620,69;179,90;571,62;609,11;77,86;0,17
1745;0,00;0,00;0,00;0,00;49,01;0,00;71,02;79,98;30,80;180,06;619,70;179,73;572,24;608,38;77,86;0,17
1750;0,00;0,00;0,00;0,00;48,99;0,00;71,00;80,03;30,81;180,08;622,23;179,66;572,66;609,05;77,86;0,17
1755;0,00;0,00;0,00;0,00;49,00;0,00;71,00;80,02;30,81;180,09;624,71;179,55;573,71;612,59;77,86;0,17
1760;0,00;0,00;0,00;0,00;49,00;0,00;71,02;80,00;30,80;180,09;630,74;179,53;574,26;615,12;77,86;0,17
1765;0,00;0,00;0,00;0,00;49,00;0,00;71,03;80,00;30,80;180,08;633,20;179,54;575,25;619,82;77,86;0,17
1770;0,00;0,00;0,00;0,00;49,00;0,00;71,02;80,00;30,80;180,06;636,15;179,58;575,78;621,53;77,86;0,17
1775;0,00;0,00;0,00;0,00;49,00;0,00;70,98;80,02;30,79;180,05;636,70;179,70;576,86;623,32;77,86;0,17
1780;0,00;0,00;0,00;0,00;49,00;0,00;70,99;79,98;30,79;180,06;636,36;179,78;577,38;623,51;77,86;0,17
1785;0,00;0,00;0,00;0,00;49,00;0,00;70,98;80,00;30,79;180,06;635,68;179,95;578,26;622,84;77,86;0,17
1790;0,00;0,00;0,00;0,00;49,00;0,00;71,02;80,00;30,79;180,08;633,57;180,03;578,61;622,13;77,86;0,17
1795;0,00;0,00;0,00;0,00;49,00;0,00;71,00;80,00;30,79;180,08;632,31;180,16;579,12;620,17;77,86;0,17
1800;0,00;0,00;0,00;0,00;49,00;0,00;71,02;80,00;30,79;180,07;629,94;180,19;579,33;619,16;77,86;0,17
1805;0,00;0,00;0,00;0,00;49,00;0,00;71,00;79,98;30,79;180,07;629,37;180,21;579,92;617,87;77,86;0,18
1810;0,00;0,00;0,00;0,00;49,00;0,00;71,02;80,00;30,79;180,07;630,86;180,19;580,34;618,11;77,86;0,18
1815;0,00;0,00;0,00;0,00;49,00;0,00;71,02;79,97;30,79;180,07;632,93;180,09;581,38;620,91;77,86;0,18
1820;0,00;0,00;0,00;0,00;49,00;0,00;71,02;80,00;30,79;180,08;638,59;180,02;581,97;623,19;77,86;0,18
1825;0,00;0,00;0,00;0,00;49,01;0,00;71,00;80,00;30,79;180,09;641,53;179,87;583,03;628,07;77,86;0,18
1830;0,00;0,00;0,00;0,00;49,00;0,00;70,99;80,00;30,79;180,10;645,14;179,71;583,58;630,10;77,86;0,18
1835;0,00;0,00;0,00;0,00;49,00;0,00;71,00;80,00;30,79;180,10;645,95;179,65;584,69;632,37;77,86;0,18
1840;0,00;0,00;0,00;0,00;49,00;0,00;71,01;80,00;30,79;180,08;645,96;179,56;585,23;632,76;77,86;0,18
1845;0,00;0,00;0,00;0,00;49,00;0,00;71,00;80,02;30,78;180,07;645,38;179,55;586,15;632,33;77,86;0,18
1850;0,00;0,00;0,00;0,00;49,00;0,00;70,98;79,98;30,79;180,08;643,47;179,58;586,53;631,68;77,86;0,18
1855;0,00;0,00;0,00;0,00;49,00;0,00;71,02;80,02;30,79;180,08;642,24;179,61;587,04;629,81;77,86;0,18
1860;0,00;0,00;0,00;0,00;49,00;0,00;70,98;80,00;30,79;180,10;639,64;179,73;587,24;628,74;77,86;0,18
1865;0,00;0,00;0,00;0,00;49,00;0,00;71,00;80,02;30,80;180,11;638,91;179,81;587,81;627,25;77,86;0,18
1870;0,00;0,00;0,00;0,00;48,99;0,00;71,01;79,98;30,79;180,10;639,85;179,96;588,21;627,31;77,86;0,18
1875;0,00;0,00;0,00;0,00;49,00;0,00;71,00;80,00;30,79;180,09;641,66;180,04;589,28;629,70;77,86;0,18
1880;0,00;0,00;0,00;0,00;48,99;0,00;71,00;79,98;30,79;180,08;647,35;180,15;590,49;631,88;77,86;0,18
1885;0,00;0,00;0,00;0,00;49,00;0,00;71,01;80,00;30,79;180,09;650,17;180,18;591,02;636,83;77,86;0,18
1890;0,00;0,00;0,00;0,00;49,00;0,00;70,99;79,98;30,79;180,10;654,23;180,19;591,58;638,97;77,86;0,18
1895;0,00;0,00;0,00;0,00;49,00;0,00;71,02;80,00;30,80;180,10;655,14;180,17;592,72;641,44;77,86;0,18
1900;0,00;0,00;0,00;0,00;49,00;0,00;71,00;80,02;30,80;180,09;655,31;180,07;593,75;641,89;77,86;0,18
1905;0,00;0,00;0,00;0,00;49,00;0,00;71,00;79,98;30,80;180,09;654,73;180,01;594,18;641,55;77,86;0,18
1910;0,00;0,00;0,00;0,00;49,00;0,00;71,00;80,00;30,80;180,09;652,80;179,86;594,85;640,93;77,86;0,18
1915;0,00;0,00;0,00;0,00;49,00;0,00;71,01;80,02;30,81;180,10;651,56;179,77;595,07;639,01;77,86;0,18
1920;0,00;0,00;0,00;0,00;49,01;0,00;71,00;80,00;30,82;180,10;648,96;179,65;595,52;637,94;77,86;0,19
1925;0,00;0,00;0,00;0,00;49,00;0,00;71,00;80,02;30,81;180,10;648,25;179,61;595,86;636,46;77,86;0,19
1930;0,00;0,00;0,00;0,00;49,00;0,00;71,00;80,00;30,82;180,09;649,38;179,57;596,79;636,57;77,86;0,19
1935;0,00;0,00;0,00;0,00;49,01;0,00;70,99;80,00;30,81;180,09;651,29;179,59;597,40;639,07;77,86;0,19
1940;0,00;0,00;0,00;0,00;49,01;0,00;71,02;80,00;30,81;180,09;656,78;179,66;598,64;641,25;77,86;0,19
1945;0,00;0,00;0,00;0,00;49,00;0,00;70,98;80,00;30,82;180,09;659,55;179,72;599,17;646,08;77,86;0,19
1950;0,00;0,00;0,00;0,00;49,00;0,00;71,01;79,97;30,82;180,10;663,45;179,86;600,30;648,10;77,86;0,19
1955;0,00;0,00;0,00;0,00;49,00;0,00;70,98;80,02;30,81;180,11;664,27;179,92;600,87;650,51;77,86;0,19
1960;0,00;0,00;0,00;0,00;49,00;0,00;71,00;79,97;30,81;180,12;664,25;180,06;601,88;650,88;77,86;0,19
1965;0,00;0,00;0,00;0,00;49,01;0,00;71,00;79,97;30,82;180,11;663,63;180,11;602,30;650,39;77,86;0,19
1970;0,00;0,00;0,00;0,00;49,00;0,00;71,00;80,05;30,82;180,09;661,58;180,16;602,91;648,77;77,86;0,19
1975;0,00;0,00;0,00;0,00;49,00;0,00;71,00;79,98;30,82;180,08;660,29;180,17;603,11;647,71;77,86;0,19
1980;0,00;0,00;0,00;0,00;49,00;0,00;71,00;80,03;30,82;180,09;657,80;180,11;603,60;645,82;77,86;0,19
1985;0,00;0,00;0,00;0,00;49,00;0,00;71,00;80,00;30,83;180,10;657,34;180,08;603,98;645,48;77,86;0,19
1990;0,00;0,00;0,00;0,00;49,00;0,00;71,00;80,00;30,83;180,10;659,02;179,99;604,99;646,99;77,86;0,19
1995;0,00;0,00;0,00;0,00;49,00;0,00;71,01;80,03;30,84;180,12;661,33;179,93;605,63;648,85;77,86;0,19
2000;0,00;0,00;0,00;0,00;49,00;0,00;71,00;79,98;30,84;180,12;666,92;179,84;606,85;653,57;77,86;0,19
2005;0,00;0,00;0,00;0,00;49,01;0,00;71,02;80,00;30,85;180,12;669,49;179,80;607,40;655,83;77,86;0,19
2010;0,00;0,00;0,00;0,00;49,00;0,00;71,00;80,02;30,85;180,10;672,73;179,74;608,52;658,85;77,86;0,19
2015;0,00;0,00;0,00;0,00;49,01;0,00;71,01;80,00;30,86;180,07;673,36;179,73;609,07;659,54;77,86;0,19
2020;0,00;0,00;0,00;0,00;49,00;0,00;71,00;80,00;30,86;180,07;672,97;179,72;610,04;659,50;77,86;0,19
2025;0,00;0,00;0,00;0,00;49,00;0,00;71,01;80,00;30,85;180,08;671,19;179,73;610,42;658,94;77,86;0,19
2030;0,00;0,00;0,00;0,00;49,01;0,00;71,00;80,02;30,85;180,09;669,86;179,79;610,94;657,09;77,86;0,19
2035;0,00;0,00;0,00;0,00;49,00;0,00;71,00;80,02;30,86;180,12;667,26;179,83;611,13;655,99;77,86;0,19
2040;0,00;0,00;0,00;0,00;49,00;0,00;71,00;80,00;30,86;180,13;666,45;179,91;611,71;654,41;77,86;0,19
2045;0,00;0,00;0,00;0,00;49,00;0,00;70,99;80,03;30,85;180,11;667,26;179,95;612,15;654,43;77,86;0,19
2050;0,00;0,00;0,00;0,00;49,00;0,00;71,00;79,98;30,85;180,10;669,16;180,01;613,27;656,74;77,86;0,20
2055;0,00;0,00;0,00;0,00;49,00;0,00;71,01;79,98;30,86;180,08;674,48;180,04;613,95;658,87;77,86;0,20
2060;0,00;0,00;0,00;0,00;49,00;0,00;71,01;80,03;30,85;180,09;677,21;180,05;615,15;663,60;77,86;0,20
2065;0,00;0,00;0,00;0,00;49,00;0,00;71,02;80,02;30,85;180,10;681,14;180,04;615,72;665,68;77,86;0,20
2070;0,00;0,00;0,00;0,00;49,00;0,00;71,00;80,02;30,85;180,10;681,98;179,99;616,82;668,04;77,86;0,20
2075;0,00;0,00;0,00;0,00;49,00;0,00;71,02;80,03;30,85;180,10;681,98;179,96;617,34;668,39;77,86;0,20
2080;0,00;0,00;0,00;0,00;49,00;0,00;71,00;80,02;30,85;180,09;681,28;179,88;618,22;667,81;77,86;0,20
2085;0,00;0,00;0,00;0,00;49,00;0,00;71,02;80,00;30,85;180,09;679,11;179,84;618,53;667,04;77,86;0,20
2090;0,00;0,00;0,00;0,00;49,00;0,00;71,00;80,00;30,84;180,10;677,65;179,77;618,95;664,95;77,86;0,20
2095;0,00;0,00;0,00;0,00;49,00;0,00;71,00;80,00;30,83;180,11;675,42;179,74;619,19;663,92;77,86;0,20
2100;0,00;0,00;0,00;0,00;49,00;0,00;71,00;80,02;30,83;180,12;675,21;179,71;619,93;663,10;77,86;0,20
2105;0,00;0,00;0,00;0,00;49,00;0,00;70,98;80,00;30,84;180,12;677,61;179,72;620,44;663,75;77,86;0,20
2110;0,00;0,00;0,00;0,00;49,00;0,00;71,00;80,02;30,83;180,12;679,97;179,74;621,72;667,12;77,86;0,20
2115;0,00;0,00;0,00;0,00;49,00;0,00;71,00;80,00;30,84;180,12;685,53;179,80;622,39;669,49;77,86;0,20
2120;0,00;0,00;0,00;0,00;49,00;0,00;71,00;80,02;30,83;180,11;687,90;179,83;623,53;673,96;77,86;0,20
2125;0,00;0,00;0,00;0,00;49,00;0,00;70,98;80,02;30,84;180,09;690,65;179,91;624,09;675,56;77,86;0,20
2130;0,00;0,00;0,00;0,00;49,00;0,00;70,99;80,00;30,83;180,09;691,03;179,94;625,15;677,03;77,86;0,20
2135;0,00;0,00;0,00;0,00;49,00;0,00;71,00;80,05;30,84;180,12;690,24;179,99;625,62;677,00;77,86;0,20
2140;0,00;0,00;0,00;0,00;49,01;0,00;70,99;80,02;30,83;180,13;689,30;180,00;626,36;675,86;77,86;0,20
2145;0,00;0,00;0,00;0,00;48,99;0,00;71,00;80,00;30,84;180,14;686,64;180,00;626,77;674,90;77,86;0,20
2150;0,00;0,00;0,00;0,00;49,00;0,00;71,00;79,98;30,84;180,13;685,21;179,98;627,01;672,64;77,86;0,20
2155;0,00;0,00;0,00;0,00;49,00;0,00;71,02;80,00;30,84;180,12;684,01;179,93;627,33;671,93;77,86;0,20
2160;0,00;0,00;0,00;0,00;49,00;0,00;70,99;80,00;30,84;180,12;684,64;179,90;628,25;672,39;77,86;0,20
2165;0,00;0,00;0,00;0,00;49,00;0,00;71,01;79,98;30,84;180,12;688,63;179,83;628,86;673,76;77,86;0,20
2170;0,00;0,00;0,00;0,00;49,01;0,00;71,02;80,00;30,85;180,13;691,40;179,80;630,25;678,10;77,86;0,21
2175;0,00;0,00;0,00;0,00;49,00;0,00;71,02;80,02;30,85;180,12;696,61;179,75;631,41;680,48;77,86;0,21
2180;0,00;0,00;0,00;0,00;49,00;0,00;71,00;80,02;30,84;180,11;698,39;179,73;631,97;684,21;77,86;0,21
2185;0,00;0,00;0,00;0,00;49,00;0,00;71,00;80,00;30,85;180,12;699,85;179,73;633,05;685,25;77,86;0,21
2190;0,00;0,00;0,00;0,00;49,00;0,00;71,00;80,00;30,85;180,12;699,66;179,73;633,49;685,69;77,86;0,21
2195;0,00;0,00;0,00;0,00;49,00;0,00;71,00;79,98;30,86;180,12;698,07;179,77;634,20;685,27;77,86;0,21
2200;0,00;0,00;0,00;0,00;49,00;0,00;70,99;80,02;30,87;180,12;696,85;179,80;634,41;683,52;77,86;0,21
2205;0,00;0,00;0,00;0,00;49,00;0,00;71,00;80,00;30,86;180,12;693,99;179,86;634,78;682,38;77,86;0,21
2210;0,00;0,00;0,00;0,00;49,00;0,00;71,01;80,02;30,86;180,10;693,00;179,89;635,11;680,59;77,86;0,21
2215;0,00;0,00;0,00;0,00;49,00;0,00;71,00;80,00;30,87;180,12;693,33;179,95;636,03;680,98;77,86;0,21
2220;0,00;0,00;0,00;0,00;49,00;0,00;70,99;80,00;30,87;180,14;694,82;179,97;636,63;682,28;77,86;0,21
2225;0,00;0,00;0,00;0,00;49,00;0,00;71,02;80,00;30,87;180,15;699,82;179,99;638,05;686,60;77,86;0,21
2230;0,00;0,00;0,00;0,00;49,01;0,00;71,00;80,02;30,87;180,14;702,86;179,99;638,67;688,97;77,86;0,21
2235;0,00;0,00;0,00;0,00;48,99;0,00;71,00;79,98;30,87;180,13;707,08;179,96;639,78;692,75;77,86;0,21
2240;0,00;0,00;0,00;0,00;48,99;0,00;71,00;80,02;30,88;180,10;708,12;179,94;640,33;693,80;77,86;0,21
2245;0,00;0,00;0,00;0,00;49,00;0,00;71,02;79,97;30,88;180,10;708,28;179,88;641,29;694,24;77,86;0,21
2250;0,00;0,00;0,00;0,00;49,00;0,00;71,01;79,97;30,88;180,11;707,61;179,85;641,67;693,79;77,86;0,21
2255;0,00;0,00;0,00;0,00;49,00;0,00;71,01;80,00;30,88;180,13;705,34;179,78;642,16;691,98;77,86;0,21
2260;0,00;0,00;0,00;0,00;49,01;0,00;71,00;80,02;30,88;180,15;702,59;179,76;642,31;690,85;77,87;0,21
2265;0,00;0,00;0,00;0,00;49,00;0,00;71,01;80,00;30,88;180,16;701,64;179,73;642,87;689,19;77,86;0,21
2270;0,00;0,00;0,00;0,00;48,99;0,00;71,00;80,00;30,89;180,14;702,33;179,72;643,30;689,14;77,86;0,21
2275;0,00;0,00;0,00;0,00;49,00;0,00;71,00;80,02;30,88;180,12;703,98;179,74;644,46;691,29;77,86;0,21
2280;0,00;0,00;0,00;0,00;49,00;0,00;70,98;80,03;30,89;180,11;709,13;179,76;645,21;693,35;77,86;0,22
2285;0,00;0,00;0,00;0,00;49,00;0,00;71,00;80,00;30,90;180,11;712,09;179,81;646,53;698,02;77,86;0,22
2290;0,00;0,00;0,00;0,00;49,00;0,00;71,02;80,00;30,91;180,14;715,96;179,84;647,08;700,09;77,86;0,22
2295;0,00;0,00;0,00;0,00;49,00;0,00;71,00;79,98;30,92;180,15;716,82;179,91;648,16;702,43;77,86;0,22
2300;0,00;0,00;0,00;0,00;49,00;0,00;71,00;79,98;30,92;180,15;716,62;179,94;648,64;702,74;77,86;0,22
2305;0,00;0,00;0,00;0,00;49,00;0,00;71,01;80,03;30,92;180,15;715,82;179,97;649,39;701,99;77,86;0,22
2310;0,00;0,00;0,00;0,00;49,00;0,00;71,02;79,98;30,93;180,16;713,22;179,98;649,64;701,07;77,86;0,22
2315;0,00;0,00;0,00;0,00;48,99;0,00;71,00;80,00;30,93;180,15;711,79;179,97;649,97;698,84;77,86;0,22
2320;0,00;0,00;0,00;0,00;49,00;0,00;71,00;80,00;30,92;180,13;710,04;179,94;650,24;697,95;77,86;0,22
2325;0,00;0,00;0,00;0,00;49,00;0,00;71,01;80,02;30,93;180,13;710,31;179,89;651,11;697,85;77,86;0,22
2330;0,00;0,00;0,00;0,00;49,00;0,00;71,02;80,02;30,93;180,11;713,63;179,83;651,69;698,91;77,86;0,22
2335;0,00;0,00;0,00;0,00;49,00;0,00;71,02;80,02;30,93;180,11;716,25;179,81;653,15;702,90;77,86;0,22
2340;0,00;0,00;0,00;0,00;49,00;0,00;71,00;80,00;30,93;180,14;721,65;179,77;653,82;705,20;77,86;0,22
2345;0,00;0,00;0,00;0,00;49,01;0,00;71,00;79,98;30,94;180,14;723,65;179,75;654,91;709,20;77,86;0,22
2350;0,00;0,00;0,00;0,00;49,00;0,00;71,00;79,97;30,94;180,15;725,45;179,75;655,45;710,42;77,86;0,22
2355;0,00;0,00;0,00;0,00;48,99;0,00;70,99;79,98;30,95;180,14;725,34;179,76;656,39;711,07;77,86;0,22
2360;0,00;0,00;0,00;0,00;49,00;0,00;71,00;80,03;30,95;180,13;723,73;179,80;657,03;710,68;77,86;0,22
2365;0,00;0,00;0,00;0,00;49,00;0,00;71,01;80,00;30,95;180,13;722,45;179,82;657,21;708,88;77,86;0,22
2370;0,00;0,00;0,00;0,00;49,00;0,00;71,00;79,98;30,95;180,14;719,53;179,88;657,57;707,72;77,86;0,22
2375;0,00;0,00;0,00;0,00;49,00;0,00;71,01;80,00;30,96;180,14;718,67;179,90;657,91;706,05;77,86;0,22
2380;0,00;0,00;0,00;0,00;49,00;0,00;71,00;79,98;30,96;180,14;719,38;179,95;658,88;706,03;77,86;0,22
2385;0,00;0,00;0,00;0,00;49,00;0,00;71,01;80,00;30,96;180,15;721,03;179,96;659,52;708,20;77,86;0,23
2390;0,00;0,00;0,00;0,00;48,99;0,00;71,00;80,02;30,96;180,15;726,38;179,97;661,04;710,25;77,86;0,23
2395;0,00;0,00;0,00;0,00;48,99;0,00;71,02;80,00;30,97;180,15;729,08;179,97;661,62;714,87;77,86;0,23
2400;0,00;0,00;0,00;0,00;49,00;0,00;71,02;80,03;30,97;180,14;732,85;179,95;662,69;716,84;77,86;0,23
2405;0,00;0,00;0,00;0,00;49,00;0,00;71,02;80,03;30,97;180,13;733,62;179,92;663,22;719,07;77,86;0,23
2410;0,00;0,00;0,00;0,00;49,00;0,00;71,01;80,02;30,97;180,11;733,23;179,88;664,04;719,04;77,86;0,23
2415;0,00;0,00;0,00;0,00;49,00;0,00;70,98;79,98;30,98;180,11;732,32;179,85;664,33;718,35;77,86;0,23
2420;0,00;0,00;0,00;0,00;49,00;0,00;71,00;80,02;30,98;180,13;729,53;179,82;664,66;716,21;77,86;0,23
2425;0,00;0,00;0,00;0,00;49,00;0,00;71,00;79,98;30,98;180,16;728,13;179,80;664,85;715,14;77,86;0,23
2430;0,00;0,00;0,00;0,00;49,00;0,00;71,02;80,00;30,99;180,17;726,93;179,78;665,62;714,31;77,86;0,23
2435;0,00;0,00;0,00;0,00;49,01;0,00;71,02;80,00;30,99;180,15;727,59;179,78;666,16;714,92;77,86;0,23
2440;0,00;0,00;0,00;0,00;49,00;0,00;71,01;80,00;30,99;180,14;731,36;179,79;667,55;718,22;77,86;0,23
2445;0,00;0,00;0,00;0,00;49,00;0,00;71,02;79,98;30,99;180,12;734,26;179,80;668,28;720,51;77,86;0,23
2450;0,00;0,00;0,00;0,00;49,00;0,00;71,01;79,98;30,99;180,11;739,25;179,85;669,45;724,77;77,86;0,23
2455;0,00;0,00;0,00;0,00;49,00;0,00;71,00;79,98;31,00;180,11;740,86;179,87;669,98;726,24;77,86;0,23
2460;0,00;0,00;0,00;0,00;49,01;0,00;71,00;79,98;31,01;180,11;741,86;179,92;670,94;727,35;77,86;0,23
2465;0,00;0,00;0,00;0,00;49,01;0,00;71,01;80,00;31,00;180,14;740,49;179,94;671,31;727,12;77,86;0,23
2470;0,00;0,00;0,00;0,00;49,00;0,00;70,99;80,00;31,01;180,15;739,25;179,97;671,77;725,49;77,86;0,23
2475;0,00;0,00;0,00;0,00;49,00;0,00;71,00;80,00;31,01;180,17;736,38;179,97;671,89;724,34;77,86;0,23
2480;0,00;0,00;0,00;0,00;48,99;0,00;70,98;80,00;31,01;180,18;735,34;179,96;672,45;722,54;77,86;0,23
2485;0,00;0,00;0,00;0,00;49,00;0,00;71,00;79,98;31,01;180,18;735,86;179,95;672,89;722,47;77,86;0,23
2490;0,00;0,00;0,00;0,00;49,00;0,00;71,00;80,00;31,01;180,17;737,57;179,90;674,10;724,50;77,86;0,23
2495;0,00;0,00;0,00;0,00;49,00;0,00;71,02;80,02;31,02;180,15;742,61;179,88;674,87;726,50;77,86;0,23
2500;0,00;0,00;0,00;0,00;49,00;0,00;71,01;80,00;31,02;180,14;745,31;179,83;676,30;731,06;77,87;0,24
2505;0,00;0,00;0,00;0,00;49,00;0,00;71,00;79,97;31,01;180,11;749,13;179,81;676,84;733,02;77,87;0,24
2510;0,00;0,00;0,00;0,00;49,00;0,00;71,00;80,00;31,01;180,11;749,94;179,78;677,86;735,24;77,86;0,24
2515;0,00;0,00;0,00;0,00;49,00;0,00;71,00;80,00;31,02;180,12;749,47;179,77;678,29;735,44;77,86;0,24
2520;0,00;0,00;0,00;0,00;49,00;0,00;70,99;80,00;31,01;180,13;748,51;179,77;678,91;734,43;77,86;0,24
2525;0,00;0,00;0,00;0,00;49,00;0,00;70,99;80,02;31,01;180,16;745,72;179,80;679,07;733,36;77,86;0,24
2530;0,00;0,00;0,00;0,00;49,00;0,00;71,01;80,00;31,02;180,17;744,34;179,82;679,43;731,22;77,86;0,24
2535;0,00;0,00;0,00;0,00;49,00;0,00;71,00;79,98;31,02;180,16;743,41;179,86;679,79;730,62;77,86;0,24
2540;0,00;0,00;0,00;0,00;48,99;0,00;70,99;80,00;31,02;180,16;744,29;179,89;680,86;731,43;77,86;0,24
2545;0,00;0,00;0,00;0,00;49,00;0,00;71,00;80,02;31,02;180,14;748,53;179,94;681,55;732,93;77,86;0,24
2550;0,00;0,00;0,00;0,00;49,00;0,00;71,00;80,02;31,02;180,12;751,25;179,95;683,12;737,26;77,86;0,24
2555;0,00;0,00;0,00;0,00;49,00;0,00;70,99;80,03;31,02;180,12;755,93;179,98;683,74;739,44;77,86;0,24
2560;0,00;0,00;0,00;0,00;49,00;0,00;70,99;80,00;31,02;180,14;757,28;179,99;684,80;742,53;77,86;0,24
2565;0,00;0,00;0,00;0,00;49,00;0,00;70,97;80,03;31,03;180,14;757,79;179,97;685,67;743,17;77,86;0,24
2570;0,00;0,00;0,00;0,00;49,00;0,00;71,01;80,00;31,02;180,14;757,08;179,96;685,99;742,80;77,86;0,24
2575;0,00;0,00;0,00;0,00;49,00;0,00;71,02;79,98;31,02;180,14;754,58;179,92;686,34;741,96;77,86;0,24
2580;0,00;0,00;0,00;0,00;49,00;0,00;71,00;79,98;31,02;180,14;753,12;179,89;686,52;739,72;77,86;0,24
2585;0,00;0,00;0,00;0,00;49,01;0,00;71,00;80,00;31,02;180,14;751,41;179,84;687,25;738,89;77,86;0,24
2590;0,00;0,00;0,00;0,00;49,01;0,00;71,02;79,98;31,02;180,14;751,81;179,81;687,78;738,96;77,86;0,24
2595;0,00;0,00;0,00;0,00;49,00;0,00;71,02;79,98;31,02;180,13;755,26;179,77;689,22;740,08;77,87;0,24
2600;0,00;0,00;0,00;0,00;49,00;0,00;70,98;79,98;31,01;180,12;757,85;179,76;690,04;744,05;77,87;0,25
2605;0,00;0,00;0,00;0,00;48,99;0,00;71,00;80,00;31,02;180,12;762,95;179,77;691,36;746,32;77,86;0,25
2610;0,00;0,00;0,00;0,00;49,00;0,00;71,01;79,98;31,01;180,13;764,70;179,78;691,91;749,93;77,86;0,25
2615;0,00;0,00;0,00;0,00;49,00;0,00;71,02;79,98;31,02;180,13;765,90;179,83;692,84;750,88;77,86;0,25
2620;0,00;0,00;0,00;0,00;49,00;0,00;71,00;80,02;31,01;180,14;765,46;179,86;693,20;750,97;77,86;0,25
2625;0,00;0,00;0,00;0,00;49,00;0,00;71,02;79,98;31,01;180,14;763,22;179,92;693,63;749,27;77,86;0,25
2630;0,00;0,00;0,00;0,00;49,00;0,00;71,00;80,02;31,02;180,15;761,73;179,96;693,76;748,11;77,86;0,25
2635;0,00;0,00;0,00;0,00;49,00;0,00;71,00;79,98;31,02;180,14;759,50;180,01;694,41;746,56;77,86;0,25
2640;0,00;0,00;0,00;0,00;49,00;0,00;70,99;80,05;31,02;180,14;759,53;180,02;694,91;746,65;77,86;0,25
2645;0,00;0,00;0,00;0,00;49,00;0,00;71,02;80,02;31,03;180,14;762,17;180,03;696,26;749,01;77,86;0,25
2650;0,00;0,00;0,00;0,00;49,00;0,00;71,00;79,98;31,03;180,15;764,73;180,03;697,09;751,08;77,86;0,25
2655;0,00;0,00;0,00;0,00;49,00;0,00;71,03;79,97;31,03;180,14;769,96;179,99;698,56;755,45;77,86;0,25
2660;0,00;0,00;0,00;0,00;49,00;0,00;71,00;80,00;31,04;180,13;771,95;179,96;699,13;757,20;77,86;0,25
2665;0,00;0,00;0,00;0,00;49,00;0,00;71,00;80,00;31,04;180,13;773,69;179,89;700,10;758,90;77,86;0,25
2670;0,00;0,00;0,00;0,00;49,01;0,00;71,00;80,03;31,04;180,13;773,45;179,85;700,49;758,85;77,86;0,25
2675;0,00;0,00;0,00;0,00;49,00;0,00;71,03;80,00;31,05;180,14;771,44;179,79;700,96;757,34;77,86;0,25
2680;0,00;0,00;0,00;0,00;49,00;0,00;71,00;80,02;31,03;180,15;769,84;179,78;701,09;756,15;77,86;0,25
2685;0,00;0,00;0,00;0,00;49,01;0,00;71,00;80,03;31,04;180,16;767,48;179,75;701,69;754,43;77,86;0,25
2690;0,00;0,00;0,00;0,00;49,00;0,00;71,00;79,98;31,04;180,17;767,31;179,76;702,16;754,38;77,86;0,25
2695;0,00;0,00;0,00;0,00;49,00;0,00;71,01;79,98;31,05;180,17;769,56;179,78;703,48;756,42;77,86;0,25
2700;0,00;0,00;0,00;0,00;49,00;0,00;71,00;80,02;31,04;180,17;774,64;179,81;704,32;758,38;77,86;0,25
2705;0,00;0,00;0,00;0,00;49,01;0,00;70,99;79,98;31,05;180,16;777,24;179,87;705,89;762,79;77,86;0,26
2710;0,00;0,00;0,00;0,00;48,99;0,00;71,03;80,00;31,05;180,13;780,79;179,91;706,48;764,62;77,86;0,26
2715;0,00;0,00;0,00;0,00;49,00;0,00;71,00;79,98;31,06;180,12;781,43;179,98;707,48;766,55;77,86;0,26
2720;0,00;0,00;0,00;0,00;49,00;0,00;70,98;80,03;31,05;180,11;780,55;180,00;707,88;766,58;77,86;0,26
2725;0,00;0,00;0,00;0,00;49,00;0,00;71,00;79,98;31,06;180,12;779,38;180,03;708,38;765,14;77,86;0,26
2730;0,00;0,00;0,00;0,00;49,01;0,00;70,98;80,00;31,06;180,15;776,35;180,04;708,50;764,00;77,86;0,26
2735;0,00;0,00;0,00;0,00;49,00;0,00;71,00;79,95;31,06;180,16;775,38;180,01;709,11;762,25;77,87;0,26
2740;0,00;0,00;0,00;0,00;49,00;0,00;71,00;80,02;31,06;180,17;775,91;179,99;709,62;762,18;77,87;0,26
2745;0,00;0,00;0,00;0,00;49,00;0,00;71,02;79,98;31,06;180,17;777,45;179,93;710,98;764,22;77,86;0,26
2750;0,00;0,00;0,00;0,00;49,00;0,00;70,99;79,97;31,06;180,18;782,49;179,90;711,82;766,16;77,86;0,26
2755;0,00;0,00;0,00;0,00;49,00;0,00;71,02;80,03;31,06;180,18;785,07;179,83;713,47;770,54;77,86;0,26
2760;0,00;0,00;0,00;0,00;49,00;0,00;71,00;80,00;31,07;180,14;788,55;179,80;714,06;772,35;77,86;0,26
2765;0,00;0,00;0,00;0,00;49,00;0,00;71,00;80,03;31,06;180,13;789,13;179,77;715,07;774,22;77,86;0,26
2770;0,00;0,00;0,00;0,00;49,00;0,00;71,01;80,02;31,06;180,10;788,16;179,76;715,46;774,20;77,86;0,26
2775;0,00;0,00;0,00;0,00;49,00;0,00;71,00;80,02;31,06;180,11;786,92;179,77;715,92;772,68;77,86;0,26
2780;0,00;0,00;0,00;0,00;49,00;0,00;70,98;80,03;31,07;180,15;783,91;179,78;716,07;771,54;77,86;0,26
2785;0,00;0,00;0,00;0,00;49,00;0,00;71,01;80,02;31,07;180,16;783,03;179,83;716,71;769,90;77,86;0,26
2790;0,00;0,00;0,00;0,00;49,00;0,00;71,00;80,00;31,07;180,17;783,74;179,87;717,24;769,90;77,86;0,26
2795;0,00;0,00;0,00;0,00;49,00;0,00;71,03;80,02;31,06;180,15;785,33;179,93;718,63;772,04;77,86;0,26
2800;0,00;0,00;0,00;0,00;49,00;0,00;71,02;80,03;31,09;180,14;790,41;179,97;719,56;774,09;77,86;0,27
2805;0,00;0,00;0,00;0,00;49,00;0,00;71,00;80,00;31,08;180,14;792,97;180,03;721,21;778,42;77,86;0,27
2810;0,00;0,00;0,00;0,00;49,00;0,00;71,00;80,00;31,08;180,13;796,36;180,07;721,80;780,17;77,86;0,27
2815;0,00;0,00;0,00;0,00;49,00;0,00;71,00;80,03;31,08;180,13;796,79;180,07;722,79;781,86;77,86;0,27
2820;0,00;0,00;0,00;0,00;49,00;0,00;71,01;80,02;31,08;180,15;795,64;180,06;723,17;781,76;77,86;0,27
2825;0,00;0,00;0,00;0,00;49,01;0,00;71,01;80,02;31,08;180,16;794,34;180,04;723,59;780,11;77,86;0,27
2830;0,00;0,00;0,00;0,00;49,00;0,00;70,98;79,98;31,08;180,18;791,38;179,98;723,74;778,97;77,86;0,27
2835;0,00;0,00;0,00;0,00;49,00;0,00;71,02;79,98;31,08;180,18;790,67;179,94;724,49;777,52;77,87;0,27
2840;0,00;0,00;0,00;0,00;49,00;0,00;71,00;80,00;31,08;180,16;791,77;179,87;725,06;777,71;77,86;0,27
2845;0,00;0,00;0,00;0,00;49,00;0,00;71,00;80,02;31,08;180,15;793,67;179,83;726,56;780,11;77,86;0,27
2850;0,00;0,00;0,00;0,00;49,00;0,00;71,02;80,02;31,09;180,12;798,67;179,77;728,36;782,22;77,86;0,27
2855;0,00;0,00;0,00;0,00;49,00;0,00;71,02;80,02;31,10;180,13;801,09;179,75;729,08;786,38;77,86;0,27
2860;0,00;0,00;0,00;0,00;49,00;0,00;71,00;80,00;31,09;180,15;803,96;179,75;730,18;787,96;77,86;0,27
2865;0,00;0,00;0,00;0,00;49,00;0,00;71,02;80,02;31,09;180,16;804,19;179,76;730,62;789,29;77,86;0,27
2870;0,00;0,00;0,00;0,00;49,00;0,00;71,03;80,00;31,09;180,16;802,67;179,82;731,19;789,01;77,86;0,27
2875;0,00;0,00;0,00;0,00;49,00;0,00;70,99;80,02;31,10;180,16;801,25;179,85;731,33;787,12;77,86;0,27
2880;0,00;0,00;0,00;0,00;49,01;0,00;71,00;80,00;31,11;180,15;798,59;179,92;731,93;786,05;77,87;0,27
2885;0,00;0,00;0,00;0,00;49,00;0,00;71,01;80,02;31,10;180,16;798,25;179,96;732,47;785,09;77,86;0,27
2890;0,00;0,00;0,00;0,00;49,01;0,00;71,01;80,02;31,11;180,15;800,11;180,02;733,85;785,58;77,86;0,27
2895;0,00;0,00;0,00;0,00;49,00;0,00;71,02;79,98;31,11;180,15;802,32;180,05;734,77;788,64;77,86;0,28
2900;0,00;0,00;0,00;0,00;49,00;0,00;71,00;79,98;31,11;180,15;807,40;180,09;736,56;790,78;77,86;0,28
2905;0,00;0,00;0,00;0,00;49,00;0,00;71,03;80,05;31,12;180,14;809,55;180,09;737,21;794,70;77,86;0,28
2910;0,00;0,00;0,00;0,00;49,00;0,00;71,00;80,00;31,12;180,14;811,63;180,08;738,24;796,61;77,86;0,28
2915;0,00;0,00;0,00;0,00;49,00;0,00;71,00;80,02;31,12;180,14;811,43;180,06;738,65;796,57;77,86;0,28
2920;0,00;0,00;0,00;0,00;49,00;0,00;71,00;79,95;31,13;180,14;809,22;179,99;739,09;795,94;77,86;0,28
2925;0,00;0,00;0,00;0,00;49,00;0,00;71,02;79,97;31,13;180,15;807,60;179,95;739,27;793,78;77,86;0,28
2930;0,00;0,00;0,00;0,00;49,00;0,00;71,03;79,98;31,13;180,15;805,77;179,87;740,12;792,92;77,87;0,28
2935;0,00;0,00;0,00;0,00;48,99;0,00;71,02;79,98;31,13;180,14;806,02;179,83;740,71;792,85;77,86;0,28
2940;0,00;0,00;0,00;0,00;49,00;0,00;71,00;79,97;31,13;180,14;809,09;179,78;742,31;793,84;77,86;0,28
2945;0,00;0,00;0,00;0,00;49,00;0,00;71,00;80,00;31,14;180,14;811,49;179,76;743,29;797,56;77,86;0,28
2950;0,00;0,00;0,00;0,00;49,00;0,00;71,01;79,97;31,14;180,15;816,40;179,76;744,95;799,72;77,86;0,28
2955;0,00;0,00;0,00;0,00;49,00;0,00;71,01;79,97;31,14;180,15;818,07;179,78;745,54;803,07;77,86;0,28
2960;0,00;0,00;0,00;0,00;48,99;0,00;71,00;80,03;31,14;180,16;818,97;179,84;746,47;804,03;77,86;0,28
2965;0,00;0,00;0,00;0,00;49,00;0,00;71,02;80,02;31,15;180,14;818,31;179,88;746,78;803,58;77,86;0,28
2970;0,00;0,00;0,00;0,00;49,00;0,00;71,00;80,02;31,15;180,14;815,45;179,97;747,09;801,47;77,86;0,28
2975;0,00;0,00;0,00;0,00;49,01;0,00;71,00;80,00;31,16;180,13;813,98;180,01;747,33;800,37;77,86;0,28
2980;0,00;0,00;0,00;0,00;49,00;0,00;70,99;80,00;31,15;180,13;812,81;180,08;748,28;799,63;77,86;0,28
2985;0,00;0,00;0,00;0,00;49,00;0,00;71,00;80,00;31,16;180,15;813,52;180,10;748,93;800,27;77,86;0,28
2990;0,00;0,00;0,00;0,00;49,00;0,00;71,03;80,02;31,18;180,15;817,13;180,12;750,59;803,43;77,86;0,28
2995;0,00;0,00;0,00;0,00;49,00;0,00;70,98;80,03;31,18;180,16;819,56;180,12;751,49;805,45;77,86;0,29
3000;0,00;0,00;0,00;0,00;49,00;0,00;71,00;80,02;31,17;180,15;823,69;180,08;752,76;808,77;77,86;0,29
3005;0,00;0,00;0,00;0,00;49,00;0,00;70,98;80,00;31,19;180,14;824,58;180,05;753,21;809,61;77,86;0,29
3010;0,00;0,00;0,00;0,00;48,99;0,00;70,99;80,00;31,19;180,15;824,01;179,96;753,83;809,39;77,86;0,29
3015;0,00;0,00;0,00;0,00;49,00;0,00;71,00;80,00;31,19;180,14;822,81;179,92;753,96;808,47;77,86;0,29
3020;0,00;0,00;0,00;0,00;49,00;0,00;71,01;80,02;31,19;180,14;819,67;179,84;754,12;806,11;77,86;0,29
3025;0,00;0,00;0,00;0,00;49,00;0,00;71,02;80,03;31,19;180,14;818,49;179,81;754,41;805,27;77,87;0,29
3030;0,00;0,00;0,00;0,00;49,00;0,00;70,97;80,03;31,18;180,15;818,44;179,77;755,41;805,38;77,86;0,29
3035;0,00;0,00;0,00;0,00;49,00;0,00;70,98;80,00;31,20;180,16;819,79;179,77;756,10;806,53;77,86;0,29
3040;0,00;0,00;0,00;0,00;49,00;0,00;71,00;79,97;31,19;180,15;824,12;179,79;757,81;810,22;77,86;0,29
3045;0,00;0,00;0,00;0,00;49,00;0,00;70,98;79,98;31,20;180,14;828,37;179,82;758,50;812,10;77,86;0,29
3050;0,00;0,00;0,00;0,00;49,00;0,00;71,00;80,00;31,20;180,13;829,38;179,89;759,43;814,56;77,86;0,29
3055;0,00;0,00;0,00;0,00;48,99;0,00;71,01;80,00;31,19;180,12;829,59;179,93;759,76;814,83;77,87;0,29
3060;0,00;0,00;0,00;0,00;49,00;0,00;71,00;79,98;31,20;180,13;827,88;180,01;760,07;813,58;77,86;0,29
3065;0,00;0,00;0,00;0,00;49,00;0,00;70,98;80,03;31,20;180,14;824,69;180,05;760,08;812,38;77,86;0,29
3070;0,00;0,00;0,00;0,00;49,00;0,00;71,00;80,00;31,19;180,15;823,37;180,11;760,33;810,21;77,87;0,29
3075;0,00;0,00;0,00;0,00;49,00;0,00;71,00;80,00;31,21;180,15;823,00;180,12;760,70;809,78;77,87;0,29
3080;0,00;0,00;0,00;0,00;49,00;0,00;71,02;80,00;31,21;180,15;824,11;180,10;761,82;811,00;77,86;0,29
3085;0,00;0,00;0,00;0,00;49,00;0,00;71,00;80,00;31,21;180,15;828,22;180,08;762,60;812,63;77,86;0,29
3090;0,00;0,00;0,00;0,00;49,00;0,00;71,00;79,98;31,20;180,14;830,53;180,01;764,12;816,42;77,86;0,29
3095;0,00;0,00;0,00;0,00;49,00;0,00;71,00;79,98;31,21;180,13;833,62;179,97;764,61;817,95;77,86;0,29
3100;0,00;0,00;0,00;0,00;49,00;0,00;71,01;79,98;31,21;180,13;833,91;179,88;765,30;819,28;77,86;0,29
3105;0,00;0,00;0,00;0,00;49,00;0,00;71,00;80,03;31,20;180,13;832,43;179,84;765,49;818,99;77,86;0,29
3110;0,00;0,00;0,00;0,00;49,00;0,00;71,00;80,05;31,21;180,14;830,80;179,79;765,52;816,96;77,87;0,30
3115;0,00;0,00;0,00;0,00;49,00;0,00;71,00;80,02;31,21;180,14;827,64;179,77;765,49;815,66;77,86;0,30
3120;0,00;0,00;0,00;0,00;48,99;0,00;71,00;80,02;31,21;180,15;826,81;179,77;765,90;814,00;77,86;0,30
3125;0,00;0,00;0,00;0,00;49,00;0,00;71,00;80,00;31,21;180,17;827,83;179,81;766,34;814,09;77,87;0,30
3130;0,00;0,00;0,00;0,00;49,00;0,00;71,00;80,00;31,21;180,18;829,52;179,84;767,59;816,35;77,86;0,30
3135;0,00;0,00;0,00;0,00;49,00;0,00;71,03;79,98;31,21;180,16;834,02;179,93;768,39;818,18;77,86;0,30
3140;0,00;0,00;0,00;0,00;49,00;0,00;71,00;80,00;31,21;180,14;835,93;179,98;769,55;821,56;77,86;0,30
3145;0,00;0,00;0,00;0,00;49,00;0,00;71,02;80,03;31,21;180,13;837,54;180,07;769,91;822,64;77,86;0,30
3150;0,00;0,00;0,00;0,00;49,00;0,00;71,02;80,00;31,22;180,12;837,14;180,11;770,34;822,82;77,86;0,30
3155;0,00;0,00;0,00;0,00;49,00;0,00;71,00;80,02;31,22;180,13;834,65;180,15;770,39;822,04;77,86;0,30
3160;0,00;0,00;0,00;0,00;48,99;0,00;71,01;79,97;31,23;180,13;832,82;180,15;770,25;819,51;77,86;0,30
3165;0,00;0,00;0,00;0,00;49,00;0,00;71,00;80,02;31,22;180,15;830,48;180,13;770,31;818,41;77,86;0,30
3170;0,00;0,00;0,00;0,00;49,00;0,00;71,00;80,00;31,23;180,15;830,45;180,10;770,98;817,84;77,87;0,30
3175;0,00;0,00;0,00;0,00;49,00;0,00;71,00;79,97;31,22;180,15;833,01;180,01;771,50;818,60;77,86;0,30
3180;0,00;0,00;0,00;0,00;49,00;0,00;71,01;80,02;31,22;180,14;835,16;179,97;772,94;821,87;77,86;0,30
3185;0,00;0,00;0,00;0,00;49,01;0,00;71,01;80,03;31,22;180,14;839,36;179,87;773,57;823,66;77,86;0,30
3190;0,00;0,00;0,00;0,00;49,01;0,00;71,00;80,02;31,24;180,13;840,46;179,83;774,33;826,10;77,86;0,30
3195;0,00;0,00;0,00;0,00;49,00;0,00;71,00;80,02;31,23;180,12;840,33;179,78;774,68;826,43;77,86;0,30
3200;0,00;0,00;0,00;0,00;49,00;0,00;70,99;79,98;31,23;180,11;839,20;179,77;774,69;825,32;77,86;0,30
3205;0,00;0,00;0,00;0,00;49,00;0,00;71,00;80,02;31,23;180,12;835,94;179,78;774,46;824,05;77,86;0,30
3210;0,00;0,00;0,00;0,00;49,00;0,00;71,00;80,00;31,23;180,13;834,44;179,80;774,51;821,61;77,86;0,30
3215;0,00;0,00;0,00;0,00;49,00;0,00;71,01;80,00;31,22;180,12;833,55;179,87;775,12;821,01;77,86;0,30
3220;0,00;0,00;0,00;0,00;49,00;0,00;71,00;80,00;31,22;180,13;834,44;179,91;775,63;821,83;77,86;0,30
3225;0,00;0,00;0,00;0,00;49,00;0,00;71,02;79,98;31,21;180,13;838,20;180,01;777,01;823,25;77,86;0,30
3230;0,00;0,00;0,00;0,00;49,00;0,00;70,99;80,00;31,23;180,13;840,43;180,06;777,60;826,79;77,86;0,30
3235;0,00;0,00;0,00;0,00;49,00;0,00;71,02;80,00;31,23;180,13;843,38;180,13;778,26;828,23;77,86;0,30
3240;0,00;0,00;0,00;0,00;49,00;0,00;71,01;80,02;31,23;180,13;843,61;180,16;778,47;829,44;77,86;0,30
3245;0,00;0,00;0,00;0,00;49,00;0,00;71,03;79,98;31,23;180,14;842,04;180,16;778,54;829,10;77,86;0,30
3250;0,00;0,00;0,00;0,00;49,01;0,00;71,00;79,98;31,23;180,14;840,38;180,15;778,39;826,90;77,86;0,30
3255;0,00;0,00;0,00;0,00;49,00;0,00;71,00;79,98;31,23;180,14;837,06;180,08;778,27;825,54;77,86;0,30
3260;0,00;0,00;0,00;0,00;49,00;0,00;71,01;80,00;31,24;180,15;836,26;180,04;778,49;823,87;77,86;0,30
3265;0,00;0,00;0,00;0,00;49,00;0,00;71,00;80,00;31,24;180,15;837,22;179,95;779,33;824,73;77,87;0,30
3270;0,00;0,00;0,00;0,00;49,00;0,00;71,00;80,03;31,24;180,15;838,88;179,90;779,98;826,19;77,86;0,30
3275;0,00;0,00;0,00;0,00;48,99;0,00;71,02;80,02;31,24;180,15;843,35;179,83;781,22;829,69;77,86;0,30
3280;0,00;0,00;0,00;0,00;49,00;0,00;71,03;79,98;31,25;180,15;845,02;179,80;781,57;831,06;77,86;0,30
3285;0,00;0,00;0,00;0,00;49,00;0,00;71,02;79,98;31,26;180,15;846,13;179,78;781,98;832,10;77,86;0,30
3290;0,00;0,00;0,00;0,00;49,00;0,00;71,00;79,97;31,25;180,16;845,58;179,78;782,04;831,70;77,86;0,31
3295;0,00;0,00;0,00;0,00;49,01;0,00;71,00;80,00;31,25;180,16;842,73;179,83;781,79;829,48;77,86;0,31
3300;0,00;0,00;0,00;0,00;49,00;0,00;71,00;80,00;31,25;180,14;840,99;179,87;781,63;828,12;77,86;0,31
3305;0,00;0,00;0,00;0,00;49,00;0,00;71,03;79,98;31,26;180,15;838,66;179,95;781,81;826,41;77,87;0,31
3310;0,00;0,00;0,00;0,00;49,00;0,00;71,00;79,98;31,25;180,15;838,67;179,99;782,13;826,49;77,87;0,31
3315;0,00;0,00;0,00;0,00;49,00;0,00;71,01;79,97;31,25;180,14;841,34;180,08;783,23;828,72;77,86;0,31
3320;0,00;0,00;0,00;0,00;49,00;0,00;70,99;80,03;31,27;180,13;845,62;180,12;783,90;830,43;77,86;0,31
3325;0,00;0,00;0,00;0,00;49,00;0,00;71,00;79,98;31,27;180,14;847,28;180,17;784,73;833,46;77,86;0,31
3330;0,00;0,00;0,00;0,00;48,99;0,00;71,00;80,02;31,26;180,12;848,32;180,17;784,95;834,27;77,86;0,31
3335;0,00;0,00;0,00;0,00;48,99;0,00;71,01;80,00;31,27;180,12;847,67;180,16;785,11;834,00;77,86;0,31
3340;0,00;0,00;0,00;0,00;49,00;0,00;70,99;79,98;31,27;180,12;844,86;180,13;785,01;833,02;77,86;0,31
3345;0,00;0,00;0,00;0,00;49,00;0,00;70,99;80,00;31,28;180,13;843,13;180,06;784,64;830,35;77,86;0,31
3350;0,00;0,00;0,00;0,00;49,00;0,00;70,99;80,02;31,27;180,15;840,80;180,01;784,63;829,26;77,87;0,31
3355;0,00;0,00;0,00;0,00;49,00;0,00;70,99;79,98;31,28;180,15;840,91;179,91;785,11;828,83;77,87;0,31
3360;0,00;0,00;0,00;0,00;49,00;0,00;71,00;80,02;31,27;180,16;843,58;179,87;785,57;829,62;77,87;0,31
3365;0,00;0,00;0,00;0,00;49,00;0,00;70,98;80,00;31,27;180,16;845,72;179,81;786,84;832,87;77,86;0,31
3370;0,00;0,00;0,00;0,00;49,00;0,00;71,00;80,02;31,28;180,13;849,47;179,78;787,32;834,49;77,86;0,31
3375;0,00;0,00;0,00;0,00;49,00;0,00;71,00;80,02;31,28;180,12;850,25;179,80;787,78;836,46;77,87;0,31
3380;0,00;0,00;0,00;0,00;49,00;0,00;71,01;80,02;31,28;180,11;849,47;179,84;787,88;836,52;77,87;0,31
3385;0,00;0,00;0,00;0,00;49,00;0,00;70,98;79,98;31,28;180,13;848,20;179,87;787,75;834,94;77,87;0,31
3390;0,00;0,00;0,00;0,00;49,00;0,00;70,99;80,03;31,29;180,16;844,82;179,96;787,52;833,64;77,86;0,31
3395;0,00;0,00;0,00;0,00;49,00;0,00;71,00;80,02;31,29;180,17;843,41;180,00;787,34;831,22;77,87;0,31
3400;0,00;0,00;0,00;0,00;49,00;0,00;70,98;79,98;31,28;180,16;842,98;180,09;787,53;830,77;77,86;0,31
3405;0,00;0,00;0,00;0,00;49,00;0,00;70,98;80,00;31,29;180,15;844,09;180,13;788,35;831,95;77,87;0,31
3410;0,00;0,00;0,00;0,00;49,00;0,00;71,00;80,00;31,29;180,12;848,01;180,18;788,96;833,45;77,87;0,31
3415;0,00;0,00;0,00;0,00;49,00;0,00;70,99;80,02;31,29;180,11;849,97;180,19;789,93;836,69;77,86;0,31
3420;0,00;0,00;0,00;0,00;49,00;0,00;71,00;80,02;31,30;180,13;852,00;180,17;790,31;837,81;77,86;0,31
3425;0,00;0,00;0,00;0,00;49,00;0,00;71,02;79,98;31,30;180,14;851,80;180,15;790,37;838,26;77,86;0,31
3430;0,00;0,00;0,00;0,00;49,00;0,00;71,00;79,98;31,29;180,15;849,59;180,07;790,13;837,59;77,87;0,31
3435;0,00;0,00;0,00;0,00;49,00;0,00;70,98;80,03;31,28;180,16;847,77;180,03;789,90;835,10;77,87;0,31
3440;0,00;0,00;0,00;0,00;49,00;0,00;71,01;79,97;31,30;180,15;844,83;179,94;789,76;833,75;77,87;0,31
3445;0,00;0,00;0,00;0,00;49,00;0,00;71,00;79,98;31,30;180,14;844,35;179,89;789,97;832,53;77,86;0,31
3450;0,00;0,00;0,00;0,00;49,00;0,00;71,00;80,00;31,30;180,13;846,13;179,82;790,83;832,93;77,87;0,31
3455;0,00;0,00;0,00;0,00;49,00;0,00;71,01;80,03;31,30;180,13;848,05;179,81;791,45;835,64;77,87;0,31
3460;0,00;0,00;0,00;0,00;49,00;0,00;70,98;79,98;31,31;180,13;852,05;179,81;792,34;837,32;77,86;0,31
3465;0,00;0,00;0,00;0,00;49,00;0,00;71,01;80,03;31,30;180,14;853,26;179,82;792,54;839,78;77,86;0,31
3470;0,00;0,00;0,00;0,00;49,00;0,00;70,99;80,00;31,30;180,14;853,34;179,88;792,70;840,18;77,86;0,31
3475;0,00;0,00;0,00;0,00;49,01;0,00;71,00;80,00;31,29;180,16;852,36;179,92;792,61;839,18;77,87;0,31
3480;0,00;0,00;0,00;0,00;49,00;0,00;71,00;80,00;31,30;180,16;849,15;180,01;792,13;836,55;77,86;0,31
3485;0,00;0,00;0,00;0,00;49,00;0,00;71,01;80,00;31,30;180,15;847,44;180,05;791,95;835,25;77,86;0,31
3490;0,00;0,00;0,00;0,00;49,00;0,00;71,00;80,02;31,30;180,14;845,78;180,12;792,18;834,10;77,87;0,31
3495;0,00;0,00;0,00;0,00;49,00;0,00;71,00;79,98;31,30;180,11;846,32;180,15;792,53;834,57;77,86;0,31
3500;0,00;0,00;0,00;0,00;49,00;0,00;71,00;79,98;31,32;180,12;849,81;180,16;793,65;837,35;77,87;0,31
3505;0,00;0,00;0,00;0,00;49,01;0,00;71,01;80,00;31,31;180,13;851,92;180,16;794,15;839,04;77,86;0,31
3510;0,00;0,00;0,00;0,00;49,01;0,00;70,98;79,97;31,31;180,14;854,78;180,12;794,62;841,38;77,86;0,31
3515;0,00;0,00;0,00;0,00;49,00;0,00;71,03;80,00;31,32;180,14;855,08;180,09;794,72;841,69;77,86;0,31
3520;0,00;0,00;0,00;0,00;48,99;0,00;71,00;80,03;31,31;180,14;853,51;180,02;794,59;840,56;77,86;0,31
3525;0,00;0,00;0,00;0,00;49,00;0,00;71,00;80,00;31,33;180,14;851,99;179,97;794,35;839,30;77,86;0,31
3530;0,00;0,00;0,00;0,00;49,00;0,00;70,97;80,02;31,32;180,14;848,58;179,90;793,92;836,63;77,86;0,31
3535;0,00;0,00;0,00;0,00;49,00;0,00;71,01;79,98;31,32;180,14;847,25;179,88;793,96;835,83;77,86;0,31
3540;0,00;0,00;0,00;0,00;49,00;0,00;70,98;79,98;31,33;180,13;847,96;179,84;794,55;836,25;77,86;0,31
3545;0,00;0,00;0,00;0,00;49,01;0,00;71,00;80,00;31,33;180,13;851,47;179,84;795,08;837,50;77,87;0,31
3550;0,00;0,00;0,00;0,00;49,00;0,00;71,01;79,98;31,33;180,14;853,53;179,86;796,09;840,79;77,87;0,31
3555;0,00;0,00;0,00;0,00;49,00;0,00;71,00;79,97;31,34;180,13;856,12;179,88;796,34;842,07;77,86;0,31
3560;0,00;0,00;0,00;0,00;49,00;0,00;71,00;80,03;31,33;180,14;856,21;179,94;796,53;842,98;77,86;0,31
3565;0,00;0,00;0,00;0,00;49,00;0,00;71,02;80,00;31,34;180,16;854,42;179,98;796,48;842,53;77,86;0,31
3570;0,00;0,00;0,00;0,00;49,00;0,00;71,00;80,03;31,34;180,15;852,69;180,06;796,04;840,20;77,87;0,31
3575;0,00;0,00;0,00;0,00;49,00;0,00;71,00;80,03;31,34;180,12;849,42;180,08;795,76;838,81;77,87;0,31
3580;0,00;0,00;0,00;0,00;49,00;0,00;71,00;80,03;31,34;180,12;848,51;180,13;795,73;837,02;77,86;0,31
3585;0,00;0,00;0,00;0,00;49,00;0,00;71,00;80,03;31,35;180,11;849,49;180,14;795,98;837,07;77,87;0,31
3590;0,00;0,00;0,00;0,00;49,00;0,00;70,98;80,03;31,35;180,13;851,16;180,14;796,92;839,25;77,87;0,31
3595;0,00;0,00;0,00;0,00;49,00;0,00;71,00;80,00;31,35;180,15;855,22;180,12;797,47;840,92;77,87;0,31
3600;0,00;0,00;0,00;0,00;49,00;0,00;71,00;79,98;31,35;180,15;856,68;180,07;798,04;843,63;77,86;0,31
3605;0,00;0,00;0,00;0,00;49,01;0,00;71,00;79,98;31,35;180,15;857,30;180,01;798,16;844,25;77,86;0,31
3610;0,00;0,00;0,00;0,00;49,00;0,00;71,02;80,02;31,35;180,15;856,53;179,98;798,11;843,60;77,87;0,31
3615;0,00;0,00;0,00;0,00;48,99;0,00;71,00;80,02;31,35;180,14;853,55;179,91;797,92;842,51;77,87;0,31
3620;0,00;0,00;0,00;0,00;49,00;0,00;71,01;79,98;31,36;180,12;851,65;179,89;797,33;839,78;77,87;0,31
3625;0,00;0,00;0,00;0,00;49,00;0,00;71,00;80,02;31,35;180,12;849,56;179,87;797,25;838,70;77,87;0,31
3630;0,00;0,00;0,00;0,00;49,00;0,00;71,00;80,00;31,37;180,13;849,76;179,87;797,65;838,39;77,87;0,31
3635;0,00;0,00;0,00;0,00;49,00;0,00;71,00;79,98;31,37;180,13;852,61;179,88;798,06;839,30;77,87;0,31
3640;0,00;0,00;0,00;0,00;49,00;0,00;71,02;80,00;31,37;180,14;854,84;179,91;799,11;842,43;77,87;0,32
3645;0,00;0,00;0,00;0,00;48,99;0,00;71,00;80,00;31,37;180,15;857,94;179,97;799,61;843,89;77,87;0,32
3650;0,00;0,00;0,00;0,00;49,00;0,00;70,98;80,02;31,38;180,13;858,43;180,01;799,68;845,38;77,86;0,32
3655;0,00;0,00;0,00;0,00;49,00;0,00;70,99;79,98;31,37;180,10;857,27;180,07;799,56;845,22;77,86;0,32
3660;0,00;0,00;0,00;0,00;49,01;0,00;71,00;80,02;31,38;180,10;855,88;180,09;799,32;843,37;77,87;0,32
3665;0,00;0,00;0,00;0,00;49,00;0,00;71,00;80,00;31,38;180,12;852,28;180,12;798,75;841,92;77,86;0,32
3670;0,00;0,00;0,00;0,00;49,01;0,00;71,02;80,00;31,38;180,13;850,99;180,13;798,69;839,59;77,87;0,32
3675;0,00;0,00;0,00;0,00;49,00;0,00;71,02;80,02;31,38;180,15;850,82;180,13;799,10;839,21;77,87;0,32
3680;0,00;0,00;0,00;0,00;49,00;0,00;71,00;80,00;31,39;180,15;852,16;180,11;799,55;840,62;77,86;0,32
3685;0,00;0,00;0,00;0,00;49,00;0,00;70,98;80,00;31,38;180,15;856,15;180,06;800,59;842,17;77,87;0,32
3690;0,00;0,00;0,00;0,00;49,01;0,00;71,00;79,98;31,39;180,14;857,93;180,02;800,85;845,25;77,87;0,32
3695;0,00;0,00;0,00;0,00;49,00;0,00;70,98;80,02;31,38;180,14;859,40;179,95;801,05;846,16;77,87;0,32
3700;0,00;0,00;0,00;0,00;49,00;0,00;71,00;80,03;31,39;180,13;858,97;179,92;801,01;846,14;77,86;0,32
3705;0,00;0,00;0,00;0,00;49,00;0,00;71,00;79,98;31,39;180,13;856,31;179,88;800,58;845,29;77,87;0,32
3710;0,00;0,00;0,00;0,00;49,00;0,00;71,01;80,03;31,39;180,12;854,53;179,86;800,25;842,55;77,87;0,32
3715;0,00;0,00;0,00;0,00;49,00;0,00;71,02;80,02;31,39;180,12;851,68;179,87;800,04;841,28;77,87;0,32
3720;0,00;0,00;0,00;0,00;49,01;0,00;70,99;79,98;31,40;180,12;851,43;179,88;800,22;840,28;77,87;0,32
3725;0,00;0,00;0,00;0,00;49,01;0,00;71,00;80,05;31,39;180,13;853,54;179,93;801,06;842,09;77,87;0,32
3730;0,00;0,00;0,00;0,00;49,00;0,00;71,00;79,98;31,38;180,15;855,70;179,96;801,58;843,74;77,87;0,32
3735;0,00;0,00;0,00;0,00;49,00;0,00;71,01;79,98;31,39;180,14;859,21;180,02;802,17;846,48;77,87;0,32
3740;0,00;0,00;0,00;0,00;48,99;0,00;70,98;80,00;31,39;180,14;860,03;180,05;802,27;847,19;77,87;0,32
3745;0,00;0,00;0,00;0,00;49,00;0,00;71,03;80,03;31,39;180,12;859,43;180,11;802,20;846,79;77,86;0,32
3750;0,00;0,00;0,00;0,00;49,01;0,00;71,00;80,02;31,39;180,10;858,24;180,13;802,01;845,80;77,86;0,32
3755;0,00;0,00;0,00;0,00;49,00;0,00;71,00;80,00;31,39;180,09;854,72;180,15;801,36;843,03;77,87;0,32
3760;0,00;0,00;0,00;0,00;49,00;0,00;71,00;79,97;31,40;180,12;853,19;180,14;801,20;841,85;77,86;0,32
3765;0,00;0,00;0,00;0,00;49,00;0,00;71,00;79,98;31,40;180,13;852,25;180,11;801,45;841,21;77,87;0,32
3770;0,00;0,00;0,00;0,00;49,00;0,00;70,98;79,98;31,41;180,16;853,21;180,08;801,83;842,00;77,87;0,32
3775;0,00;0,00;0,00;0,00;49,00;0,00;70,99;80,02;31,41;180,15;856,90;180,03;802,84;845,03;77,87;0,32
3780;0,00;0,00;0,00;0,00;49,00;0,00;71,00;80,02;31,41;180,13;858,86;180,00;803,17;846,51;77,87;0,32
3785;0,00;0,00;0,00;0,00;49,00;0,00;70,98;79,98;31,41;180,12;860,89;179,93;803,40;848,15;77,87;0,32
3790;0,00;0,00;0,00;0,00;49,00;0,00;71,00;79,98;31,41;180,09;859,89;179,90;803,39;848,05;77,86;0,32
3795;0,00;0,00;0,00;0,00;49,00;0,00;71,01;79,97;31,41;180,10;858,44;179,87;803,02;846,26;77,86;0,32
3800;0,00;0,00;0,00;0,00;48,99;0,00;71,00;80,00;31,41;180,13;854,97;179,86;802,68;844,86;77,87;0,32
3805;0,00;0,00;0,00;0,00;49,00;0,00;71,01;79,98;31,42;180,15;853,58;179,87;802,28;842,41;77,87;0,32
3810;0,00;0,00;0,00;0,00;49,00;0,00;70,99;80,00;31,41;180,16;853,19;179,89;802,38;841,94;77,87;0,32
3815;0,00;0,00;0,00;0,00;49,00;0,00;70,98;80,00;31,41;180,16;854,35;179,95;803,05;843,15;77,87;0,32
3820;0,00;0,00;0,00;0,00;49,00;0,00;71,02;80,00;31,42;180,13;858,25;179,98;803,58;844,65;77,86;0,32
3825;0,00;0,00;0,00;0,00;49,00;0,00;70,99;79,97;31,42;180,12;860,05;180,05;804,28;847,67;77,87;0,32
3830;0,00;0,00;0,00;0,00;49,00;0,00;71,00;80,02;31,43;180,09;861,63;180,07;804,41;848,62;77,87;0,32
3835;0,00;0,00;0,00;0,00;49,00;0,00;71,01;80,02;31,43;180,08;861,25;180,13;804,42;848,74;77,87;0,32
3840;0,00;0,00;0,00;0,00;49,00;0,00;70,99;80,02;31,42;180,11;858,82;180,15;804,27;847,96;77,86;0,32
3845;0,00;0,00;0,00;0,00;49,00;0,00;70,99;79,97;31,42;180,14;857,06;180,15;803,63;845,36;77,87;0,32
3850;0,00;0,00;0,00;0,00;49,00;0,00;71,00;79,98;31,42;180,15;854,01;180,11;803,35;843,94;77,87;0,32
3855;0,00;0,00;0,00;0,00;49,00;0,00;71,00;79,98;31,42;180,15;853,47;180,09;803,38;842,62;77,87;0,32
3860;0,00;0,00;0,00;0,00;49,00;0,00;71,00;80,03;31,43;180,13;855,19;180,03;803,65;842,98;77,87;0,32
3865;0,00;0,00;0,00;0,00;48,99;0,00;71,02;80,02;31,43;180,11;857,09;179,99;804,60;845,59;77,86;0,32
3870;0,00;0,00;0,00;0,00;49,00;0,00;71,02;80,02;31,43;180,10;860,89;179,93;805,23;847,21;77,87;0,32
3875;0,00;0,00;0,00;0,00;49,00;0,00;71,01;80,02;31,44;180,09;861,96;179,90;805,34;849,43;77,87;0,32
3880;0,00;0,00;0,00;0,00;49,01;0,00;71,01;79,98;31,43;180,11;861,74;179,87;805,30;849,69;77,87;0,32
3885;0,00;0,00;0,00;0,00;49,01;0,00;71,00;80,00;31,44;180,13;860,68;179,86;805,13;848,48;77,86;0,32
3890;0,00;0,00;0,00;0,00;49,00;0,00;71,02;80,02;31,44;180,14;857,40;179,88;804,47;847,23;77,86;0,32
3895;0,00;0,00;0,00;0,00;48,99;0,00;70,98;79,98;31,43;180,14;855,71;179,90;804,21;844,46;77,87;0,32
3900;0,00;0,00;0,00;0,00;48,99;0,00;70,98;80,02;31,43;180,14;854,11;179,96;804,29;843,59;77,87;0,32
3905;0,00;0,00;0,00;0,00;49,01;0,00;71,00;79,97;31,43;180,14;854,69;179,99;804,59;843,84;77,87;0,32
3910;0,00;0,00;0,00;0,00;49,01;0,00;71,00;80,00;31,43;180,12;858,05;180,06;805,56;845,03;77,87;0,32
3915;0,00;0,00;0,00;0,00;49,00;0,00;71,01;80,02;31,43;180,12;860,24;180,09;805,93;848,19;77,87;0,32
3920;0,00;0,00;0,00;0,00;49,00;0,00;70,98;80,00;31,44;180,11;862,66;180,14;806,20;850,18;77,87;0,32
3925;0,00;0,00;0,00;0,00;49,00;0,00;70,97;80,00;31,43;180,12;862,75;180,15;806,21;850,31;77,87;0,32
3930;0,00;0,00;0,00;0,00;49,00;0,00;71,01;80,02;31,44;180,12;860,88;180,15;805,91;848,89;77,87;0,32
3935;0,00;0,00;0,00;0,00;49,00;0,00;71,01;80,02;31,44;180,11;859,28;180,14;805,58;847,53;77,87;0,32
3940;0,00;0,00;0,00;0,00;49,00;0,00;71,03;80,00;31,44;180,10;855,88;180,10;805,00;844,84;77,86;0,32
3945;0,00;0,00;0,00;0,00;49,00;0,00;71,02;79,94;31,45;180,09;854,88;180,07;805,00;844,12;77,87;0,32
3950;0,00;0,00;0,00;0,00;49,01;0,00;71,00;80,02;31,45;180,10;855,47;180,00;805,49;844,71;77,87;0,32
3955;0,00;0,00;0,00;0,00;49,00;0,00;71,00;80,00;31,45;180,12;857,13;179,97;805,97;846,01;77,87;0,32
3960;0,00;0,00;0,00;0,00;48,99;0,00;71,00;80,03;31,45;180,12;861,10;179,91;806,77;849,10;77,87;0,32
3965;0,00;0,00;0,00;0,00;49,00;0,00;71,02;80,02;31,46;180,12;863,18;179,89;806,91;850,23;77,87;0,32
3970;0,00;0,00;0,00;0,00;49,00;0,00;71,02;79,97;31,47;180,11;863,10;179,87;806,95;850,78;77,87;0,32
3975;0,00;0,00;0,00;0,00;49,00;0,00;71,02;80,02;31,46;180,11;861,10;179,87;806,83;850,20;77,87;0,32
3980;0,00;0,00;0,00;0,00;49,00;0,00;70,99;79,97;31,46;180,11;859,34;179,90;806,24;847,77;77,86;0,32
3985;0,00;0,00;0,00;0,00;49,00;0,00;70,99;79,98;31,46;180,11;856,04;179,92;805,89;846,34;77,86;0,32
3990;0,00;0,00;0,00;0,00;49,00;0,00;71,02;79,98;31,46;180,12;855,21;179,97;805,74;844,56;77,87;0,32
3995;0,00;0,00;0,00;0,00;49,00;0,00;70,98;80,02;31,46;180,13;856,20;180,00;805,95;844,65;77,87;0,32
4000;0,00;0,00;0,00;0,00;49,00;0,00;71,02;80,00;31,45;180,13;858,02;180,07;806,79;846,87;77,87;0,32
4005;0,00;0,00;0,00;0,00;49,00;0,00;70,98;80,00;31,46;180,11;861,90;180,12;807,24;848,48;77,87;0,32
4010;0,00;0,00;0,00;0,00;49,00;0,00;71,02;80,00;31,46;180,10;863,15;180,13;807,63;850,92;77,87;0,32
4015;0,00;0,00;0,00;0,00;49,00;0,00;71,00;79,98;31,47;180,09;863,40;180,15;807,67;851,36;77,87;0,32
4020;0,00;0,00;0,00;0,00;49,00;0,00;71,01;80,00;31,47;180,09;862,53;180,14;807,46;850,47;77,87;0,32
4025;0,00;0,00;0,00;0,00;48,99;0,00;71,00;80,03;31,47;180,11;859,35;180,10;807,19;849,32;77,87;0,32
4030;0,00;0,00;0,00;0,00;49,00;0,00;70,98;79,98;31,47;180,13;857,60;180,08;806,50;846,52;77,86;0,32
4035;0,00;0,00;0,00;0,00;49,01;0,00;71,00;80,02;31,47;180,11;855,60;180,02;806,37;845,49;77,87;0,32
4040;0,00;0,00;0,00;0,00;49,00;0,00;71,00;79,98;31,48;180,10;855,85;179,99;806,66;845,30;77,87;0,32
4045;0,00;0,00;0,00;0,00;49,00;0,00;71,00;80,00;31,48;180,08;858,94;179,93;807,56;846,29;77,87;0,32
4050;0,00;0,00;0,00;0,00;48,99;0,00;71,00;80,00;31,49;180,09;860,99;179,91;807,97;849,38;77,87;0,32
4055;0,00;0,00;0,00;0,00;49,00;0,00;70,98;80,00;31,48;180,11;863,85;179,88;808,29;850,75;77,87;0,32
4060;0,00;0,00;0,00;0,00;49,00;0,00;71,00;80,02;31,49;180,11;864,19;179,87;808,31;851,97;77,87;0,32
4065;0,00;0,00;0,00;0,00;49,00;0,00;71,02;80,00;31,49;180,13;862,73;179,90;808,05;851,66;77,87;0,32
4070;0,00;0,00;0,00;0,00;49,00;0,00;71,01;79,97;31,49;180,13;861,14;179,92;807,74;849,55;77,87;0,32
4075;0,00;0,00;0,00;0,00;49,00;0,00;71,00;80,03;31,49;180,12;857,64;179,98;807,04;848,09;77,87;0,32
4080;0,00;0,00;0,00;0,00;49,00;0,00;71,00;80,00;31,50;180,11;856,32;180,01;806,95;845,77;77,87;0,32
4085;0,00;0,00;0,00;0,00;49,00;0,00;70,99;80,02;31,50;180,08;856,46;180,08;807,34;845,48;77,87;0,32
4090;0,00;0,00;0,00;0,00;49,00;0,00;70,99;80,02;31,51;180,08;857,84;180,11;807,77;847,14;77,87;0,32
4095;0,00;0,00;0,00;0,00;49,01;0,00;71,00;80,03;31,51;180,09;861,95;180,18;808,64;848,71;77,87;0,32
4100;0,00;0,00;0,00;0,00;49,00;0,00;71,00;80,00;31,51;180,10;863,53;180,21;808,81;851,52;77,87;0,32
4105;0,00;0,00;0,00;0,00;49,00;0,00;71,00;80,00;31,53;180,11;864,50;180,25;808,86;852,25;77,87;0,32
4110;0,00;0,00;0,00;0,00;49,00;0,00;71,02;80,03;31,52;180,11;863,86;180,27;808,76;851,92;77,87;0,32
4115;0,00;0,00;0,00;0,00;49,00;0,00;71,01;80,03;31,53;180,09;861,12;180,28;808,19;850,93;77,87;0,32
4120;0,00;0,00;0,00;0,00;48,99;0,00;71,00;80,02;31,54;180,08;859,31;180,27;807,81;848,20;77,86;0,32
4125;0,00;0,00;0,00;0,00;49,00;0,00;71,02;80,02;31,56;180,07;856,56;180,25;807,51;846,88;77,86;0,32
4130;0,00;0,00;0,00;0,00;49,00;0,00;71,00;80,00;31,55;180,08;856,39;180,22;807,66;846,01;77,87;0,32
4135;0,00;0,00;0,00;0,00;49,00;0,00;71,00;80,00;31,55;180,10;858,67;180,17;808,44;847,94;77,87;0,32
4140;0,00;0,00;0,00;0,00;49,00;0,00;71,00;80,00;31,56;180,11;860,68;180,14;808,90;849,54;77,87;0,32
4145;0,00;0,00;0,00;0,00;49,00;0,00;71,00;80,00;31,56;180,11;864,15;180,10;809,34;852,15;77,87;0,32
4150;0,00;0,00;0,00;0,00;49,00;0,00;71,00;79,98;31,57;180,09;864,80;180,09;809,39;852,72;77,86;0,32
4155;0,00;0,00;0,00;0,00;49,00;0,00;70,99;80,03;31,57;180,08;863,86;180,11;809,23;852,04;77,87;0,32
4160;0,00;0,00;0,00;0,00;49,01;0,00;71,02;80,03;31,58;180,06;862,57;180,13;808,98;850,96;77,87;0,32
4165;0,00;0,00;0,00;0,00;49,00;0,00;71,01;80,00;31,59;180,05;859,14;180,21;808,26;848,17;77,87;0,32
4170;0,00;0,00;0,00;0,00;49,00;0,00;71,01;80,00;31,58;180,04;857,66;180,27;808,06;847,04;77,86;0,32
4175;0,00;0,00;0,00;0,00;49,00;0,00;71,02;80,02;31,58;180,04;856,94;180,37;808,29;846,57;77,87;0,32
4180;0,00;0,00;0,00;0,00;49,00;0,00;71,00;80,00;31,59;180,06;857,96;180,42;808,67;847,42;77,87;0,32
4185;0,00;0,00;0,00;0,00;49,00;0,00;70,98;79,98;31,59;180,06;861,71;180,51;809,55;850,41;77,87;0,32
4190;0,00;0,00;0,00;0,00;49,00;0,00;71,00;79,98;31,58;180,07;864,69;180,53;809,79;851,79;77,87;0,32
4195;0,00;0,00;0,00;0,00;49,00;0,00;71,01;80,02;31,58;180,06;865,14;180,56;809,92;853,14;77,87;0,32
4200;0,00;0,00;0,00;0,00;48,99;0,00;71,00;80,00;31,57;180,04;863,88;180,56;809,85;852,93;77,87;0,32
4205;0,00;0,00;0,00;0,00;49,00;0,00;71,02;80,00;31,57;180,03;862,48;180,52;809,40;851,01;77,87;0,32
4210;0,00;0,00;0,00;0,00;48,99;0,00;71,00;80,00;31,56;180,02;859,00;180,48;809,00;849,52;77,87;0,32
4215;0,00;0,00;0,00;0,00;48,99;0,00;70,99;80,02;31,56;180,02;857,53;180,40;808,52;847,14;77,86;0,32
4220;0,00;0,00;0,00;0,00;49,00;0,00;70,99;80,00;31,55;180,05;857,27;180,36;808,58;846,69;77,86;0,32
4225;0,00;0,00;0,00;0,00;49,00;0,00;70,99;80,00;31,55;180,06;858,47;180,24;809,19;847,97;77,87;0,32
4230;0,00;0,00;0,00;0,00;49,00;0,00;71,00;80,02;31,54;180,07;862,36;180,19;809,67;849,48;77,87;0,32
4235;0,00;0,00;0,00;0,00;49,00;0,00;71,00;80,02;31,54;180,07;864,08;180,08;810,25;852,40;77,87;0,32
4240;0,00;0,00;0,00;0,00;49,00;0,00;71,00;80,00;31,54;180,04;865,47;180,01;810,34;853,27;77,86;0,32
4245;0,00;0,00;0,00;0,00;49,00;0,00;71,02;80,00;31,54;180,04;865,02;179,99;810,24;853,18;77,87;0,32
4250;0,00;0,00;0,00;0,00;49,00;0,00;70,99;80,03;31,52;180,02;862,40;179,99;810,04;852,36;77,87;0,32
4255;0,00;0,00;0,00;0,00;49,01;0,00;71,00;80,02;31,52;180,02;860,64;180,01;809,32;849,62;77,87;0,32
4260;0,00;0,00;0,00;0,00;49,00;0,00;71,00;80,00;31,51;180,05;857,70;180,08;809,02;848,28;77,87;0,32
4265;0,00;0,00;0,00;0,00;49,00;0,00;71,03;80,02;31,52;180,06;857,24;180,13;808,99;847,04;77,86;0,32
4270;0,00;0,00;0,00;0,00;49,00;0,00;71,00;79,98;31,51;180,07;859,11;180,24;809,25;847,48;77,87;0,32
4275;0,00;0,00;0,00;0,00;49,00;0,00;71,01;80,02;31,50;180,06;861,04;180,30;810,15;850,16;77,87;0,32
4280;0,00;0,00;0,00;0,00;49,00;0,00;71,02;80,02;31,49;180,05;864,75;180,40;810,50;851,72;77,87;0,32
4285;0,00;0,00;0,00;0,00;49,00;0,00;71,01;79,98;31,50;180,04;865,61;180,44;810,73;853,71;77,87;0,32
4290;0,00;0,00;0,00;0,00;49,01;0,00;71,01;80,00;31,49;180,03;865,12;180,46;810,63;853,86;77,87;0,32
4295;0,00;0,00;0,00;0,00;49,00;0,00;70,99;80,03;31,49;180,03;863,98;180,45;810,42;852,48;77,87;0,32
4300;0,00;0,00;0,00;0,00;48,99;0,00;71,00;80,00;31,49;180,05;860,67;180,39;809,70;851,18;77,87;0,32
4305;0,00;0,00;0,00;0,00;49,00;0,00;71,00;79,98;31,49;180,06;858,88;180,34;809,41;848,42;77,87;0,32
4310;0,00;0,00;0,00;0,00;48,99;0,00;71,00;80,03;31,49;180,05;857,53;180,22;809,45;847,58;77,87;0,32
4315;0,00;0,00;0,00;0,00;49,00;0,00;70,98;80,02;31,49;180,05;858,18;180,16;809,75;848,00;77,87;0,32
4320;0,00;0,00;0,00;0,00;49,00;0,00;71,01;79,98;31,48;180,03;861,75;180,05;810,64;849,24;77,87;0,32
4325;0,00;0,00;0,00;0,00;49,00;0,00;71,02;79,97;31,48;180,02;863,69;179,99;810,94;852,25;77,87;0,32
4330;0,00;0,00;0,00;0,00;49,00;0,00;71,00;80,00;31,49;180,01;865,84;179,93;811,12;853,41;77,87;0,32
4335;0,00;0,00;0,00;0,00;49,00;0,00;71,02;79,98;31,48;180,03;865,80;179,92;811,08;854,03;77,87;0,32
4340;0,00;0,00;0,00;0,00;49,00;0,00;70,98;80,02;31,47;180,05;863,78;179,94;810,71;852,47;77,87;0,32
4345;0,00;0,00;0,00;0,00;49,00;0,00;71,00;79,98;31,48;180,06;862,16;179,97;810,34;851,11;77,87;0,32
4350;0,00;0,00;0,00;0,00;49,01;0,00;71,00;79,98;31,48;180,06;858,85;180,07;809,73;848,44;77,87;0,32
4355;0,00;0,00;0,00;0,00;49,00;0,00;71,00;80,00;31,47;180,04;857,91;180,13;809,70;847,76;77,87;0,32
4360;0,00;0,00;0,00;0,00;48,99;0,00;70,98;80,02;31,49;180,04;858,75;180,24;810,19;848,54;77,86;0,32
4365;0,00;0,00;0,00;0,00;49,00;0,00;70,99;79,98;31,50;180,03;860,40;180,29;810,67;849,89;77,87;0,32
4370;0,00;0,00;0,00;0,00;49,00;0,00;71,02;80,02;31,49;180,04;864,30;180,38;811,34;852,92;77,87;0,32
4375;0,00;0,00;0,00;0,00;49,00;0,00;71,00;79,98;31,49;180,03;865,67;180,40;811,45;853,95;77,87;0,32
4380;0,00;0,00;0,00;0,00;49,00;0,00;71,00;80,03;31,49;180,02;865,94;180,41;811,43;854,27;77,87;0,32
4385;0,00;0,00;0,00;0,00;48,99;0,00;71,02;80,00;31,50;180,02;865,09;180,38;811,28;853,58;77,87;0,32
4390;0,00;0,00;0,00;0,00;49,00;0,00;71,00;80,00;31,49;180,03;862,09;180,31;810,61;851,06;77,87;0,32
4395;0,00;0,00;0,00;0,00;49,00;0,00;71,01;80,02;31,50;180,05;860,19;180,26;810,25;849,63;77,87;0,32
4400;0,00;0,00;0,00;0,00;49,00;0,00;71,02;79,98;31,50;180,06;857,99;180,13;810,06;847,95;77,86;0,32
4405;0,00;0,00;0,00;0,00;49,01;0,00;71,00;80,00;31,51;180,06;859,18;180,07;810,26;848,11;77,87;0,32
4410;0,00;0,00;0,00;0,00;49,00;0,00;71,00;80,02;31,50;180,06;861,10;179,97;811,12;850,47;77,87;0,32
4415;0,00;0,00;0,00;0,00;49,00;0,00;71,03;80,00;31,50;180,04;864,90;179,94;811,51;852,06;77,86;0,32
4420;0,00;0,00;0,00;0,00;49,00;0,00;70,99;80,03;31,50;180,03;866,09;179,90;811,81;854,37;77,87;0,32
4425;0,00;0,00;0,00;0,00;48,99;0,00;71,03;79,98;31,51;180,01;866,00;179,90;811,81;854,70;77,87;0,32
4430;0,00;0,00;0,00;0,00;49,00;0,00;71,00;80,00;31,51;180,02;865,02;179,94;811,56;853,62;77,87;0,32
4435;0,00;0,00;0,00;0,00;49,00;0,00;71,02;79,98;31,52;180,02;861,87;179,98;811,25;852,42;77,87;0,32
4440;0,00;0,00;0,00;0,00;49,00;0,00;71,00;80,00;31,51;180,02;860,02;180,08;810,51;849,53;77,87;0,32
4445;0,00;0,00;0,00;0,00;49,00;0,00;71,00;79,98;31,51;180,03;858,15;180,13;810,37;848,55;77,87;0,32
4450;0,00;0,00;0,00;0,00;49,00;0,00;71,02;80,00;31,51;180,03;858,58;180,24;810,69;848,56;77,86;0,32
4455;0,00;0,00;0,00;0,00;49,00;0,00;71,00;80,00;31,51;180,05;861,75;180,28;811,09;849,64;77,87;0,32
4460;0,00;0,00;0,00;0,00;49,00;0,00;71,00;79,98;31,52;180,05;863,77;180,36;811,91;852,71;77,86;0,32
4465;0,00;0,00;0,00;0,00;49,01;0,00;71,03;80,03;31,51;180,05;866,40;180,37;812,07;853,98;77,87;0,32
4470;0,00;0,00;0,00;0,00;49,00;0,00;71,00;79,98;31,51;180,06;866,54;180,35;812,13;854,92;77,87;0,32
4475;0,00;0,00;0,00;0,00;49,00;0,00;70,99;79,98;31,51;180,06;864,92;180,33;812,02;854,51;77,87;0,32
4480;0,00;0,00;0,00;0,00;49,00;0,00;71,01;80,03;31,51;180,06;863,41;180,24;811,47;852,33;77,87;0,32
4485;0,00;0,00;0,00;0,00;49,00;0,00;71,00;79,98;31,52;180,06;859,83;180,12;811,07;850,88;77,87;0,32
4490;0,00;0,00;0,00;0,00;49,00;0,00;71,02;79,98;31,52;180,05;858,65;180,06;810,65;848,64;77,87;0,32
4495;0,00;0,00;0,00;0,00;49,00;0,00;71,00;79,98;31,52;180,03;858,87;179,94;810,75;848,40;77,87;0,32
4500;0,00;0,00;0,00;0,00;48,99;0,00;70,98;80,02;31,52;180,03;860,27;179,90;811,44;850,10;77,87;0,32
4505;0,00;0,00;0,00;0,00;49,00;0,00;71,00;80,00;31,53;180,07;864,34;179,86;811,91;851,71;77,87;0,32
4510;0,00;0,00;0,00;0,00;49,00;0,00;70,97;80,00;31,54;180,08;865,84;179,86;812,36;854,40;77,87;0,32
4515;0,00;0,00;0,00;0,00;49,00;0,00;71,01;80,00;31,54;180,07;866,65;179,90;812,41;855,05;77,87;0,32
4520;0,00;0,00;0,00;0,00;49,01;0,00;71,00;79,98;31,53;180,06;865,98;179,93;812,26;854,59;77,87;0,32
4525;0,00;0,00;0,00;0,00;49,01;0,00;71,00;80,02;31,54;180,05;863,23;180,03;812,01;853,57;77,87;0,32
4530;0,00;0,00;0,00;0,00;49,00;0,00;70,98;80,03;31,55;180,05;861,30;180,09;811,25;850,77;77,87;0,32
4535;0,00;0,00;0,00;0,00;49,00;0,00;71,00;80,00;31,55;180,04;858,67;180,20;810,97;849,53;77,87;0,32
4540;0,00;0,00;0,00;0,00;49,00;0,00;71,00;79,98;31,55;180,05;858,50;180,25;811,03;848,66;77,87;0,32
4545;0,00;0,00;0,00;0,00;49,00;0,00;71,01;80,00;31,56;180,06;861,07;180,31;811,37;849,38;77,86;0,32
4550;0,00;0,00;0,00;0,00;49,00;0,00;71,01;80,00;31,55;180,07;863,10;180,33;812,25;852,29;77,87;0,32
4555;0,00;0,00;0,00;0,00;49,00;0,00;71,00;80,00;31,55;180,05;866,27;180,31;812,50;853,73;77,87;0,32
4560;0,00;0,00;0,00;0,00;49,00;0,00;71,03;80,00;31,56;180,05;866,84;180,28;812,64;855,30;77,87;0,32
4565;0,00;0,00;0,00;0,00;49,00;0,00;71,00;79,98;31,56;180,05;865,81;180,19;812,59;855,19;77,86;0,32
4570;0,00;0,00;0,00;0,00;49,00;0,00;71,00;80,02;31,55;180,05;864,50;180,14;812,15;853,43;77,87;0,32
4575;0,00;0,00;0,00;0,00;48,99;0,00;71,00;80,02;31,56;180,06;861,09;180,03;811,40;852,09;77,86;0,32
4580;0,00;0,00;0,00;0,00;49,01;0,00;71,02;80,02;31,57;180,06;859,58;179,97;811,16;849,47;77,87;0,32
4585;0,00;0,00;0,00;0,00;49,00;0,00;71,01;79,98;31,57;180,05;858,84;179,90;811,35;848,89;77,87;0,32
4590;0,00;0,00;0,00;0,00;49,00;0,00;71,00;80,02;31,59;180,04;859,85;179,89;811,69;849,88;77,87;0,32
4595;0,00;0,00;0,00;0,00;49,00;0,00;70,99;80,03;31,57;180,02;863,72;179,89;812,55;851,27;77,86;0,32
4600;0,00;0,00;0,00;0,00;49,00;0,00;71,01;80,02;31,59;180,03;865,46;179,91;812,75;854,19;77,87;0,32
4605;0,00;0,00;0,00;0,00;49,00;0,00;71,00;79,97;31,59;180,05;866,95;179,98;812,84;855,12;77,87;0,32
4610;0,00;0,00;0,00;0,00;49,00;0,00;70,99;80,00;31,59;180,07;866,61;180,02;812,76;855,20;77,87;0,32
4615;0,00;0,00;0,00;0,00;49,00;0,00;70,99;80,00;31,59;180,08;864,18;180,12;812,26;854,43;77,87;0,32
4620;0,00;0,00;0,00;0,00;49,00;0,00;71,02;80,00;31,59;180,07;862,47;180,17;811,86;851,85;77,87;0,32
4625;0,00;0,00;0,00;0,00;49,00;0,00;70,98;80,02;31,59;180,04;859,38;180,24;811,33;849,43;77,87;0,32
4630;0,00;0,00;0,00;0,00;49,00;0,00;71,00;80,00;31,60;180,03;858,78;180,26;811,37;849,00;77,87;0,32
4635;0,00;0,00;0,00;0,00;49,00;0,00;71,00;80,00;31,60;180,02;860,26;180,27;811,99;850,33;77,87;0,32
4640;0,00;0,00;0,00;0,00;49,01;0,00;71,01;80,00;31,58;180,03;862,24;180,25;812,45;851,81;77,86;0,32
4645;0,00;0,00;0,00;0,00;49,00;0,00;71,01;80,02;31,60;180,04;865,85;180,19;812,95;854,61;77,87;0,32
4650;0,00;0,00;0,00;0,00;49,00;0,00;71,00;80,00;31,58;180,07;866,81;180,15;813,01;855,41;77,87;0,32
4655;0,00;0,00;0,00;0,00;48,99;0,00;71,03;80,02;31,59;180,07;866,48;180,05;812,88;855,17;77,87;0,32
4660;0,00;0,00;0,00;0,00;49,00;0,00;71,00;80,02;31,60;180,06;865,41;180,00;812,66;854,27;77,87;0,32
4665;0,00;0,00;0,00;0,00;49,00;0,00;71,02;80,00;31,60;180,05;862,05;179,92;811,91;851,60;77,87;0,32
4670;0,00;0,00;0,00;0,00;49,00;0,00;71,01;79,98;31,58;180,03;860,40;179,89;811,60;850,26;77,87;0,32
4675;0,00;0,00;0,00;0,00;49,00;0,00;71,00;80,00;31,59;180,03;858,90;179,87;811,61;849,18;77,87;0,32
4680;0,00;0,00;0,00;0,00;49,01;0,00;71,00;79,98;31,60;180,05;859,55;179,86;811,88;849,71;77,87;0,32
4685;0,00;0,00;0,00;0,00;49,00;0,00;71,03;79,98;31,60;180,06;862,97;179,90;812,77;852,50;77,87;0,32
4690;0,00;0,00;0,00;0,00;48,99;0,00;71,00;80,00;31,60;180,09;864,91;179,93;813,06;853,99;77,87;0,32
4695;0,00;0,00;0,00;0,00;49,00;0,00;71,01;80,00;31,60;180,08;867,17;180,02;813,24;855,75;77,86;0,32
4700;0,00;0,00;0,00;0,00;49,01;0,00;71,01;80,02;31,60;180,05;866,44;180,08;813,21;855,78;77,87;0,32
4705;0,00;0,00;0,00;0,00;49,00;0,00;71,00;80,02;31,61;180,04;865,25;180,16;812,83;854,25;77,87;0,32
4710;0,00;0,00;0,00;0,00;49,00;0,00;71,00;80,00;31,61;180,00;861,90;180,20;812,46;852,91;77,87;0,32
4715;0,00;0,00;0,00;0,00;49,01;0,00;71,03;80,00;31,61;180,02;860,28;180,24;811,78;850,19;77,87;0,32
4720;0,00;0,00;0,00;0,00;49,00;0,00;71,00;80,02;31,60;180,05;858,96;180,25;811,71;849,41;77,87;0,32
4725;0,00;0,00;0,00;0,00;49,00;0,00;70,99;79,98;31,61;180,06;859,70;180,23;812,12;849,93;77,87;0,32
4730;0,00;0,00;0,00;0,00;49,01;0,00;71,00;79,98;31,60;180,08;863,25;180,20;812,57;851,22;77,87;0,32
4735;0,00;0,00;0,00;0,00;48,99;0,00;70,99;79,98;31,62;180,07;865,21;180,13;813,29;854,30;77,87;0,32
4740;0,00;0,00;0,00;0,00;49,00;0,00;71,02;79,98;31,62;180,05;867,41;180,03;813,42;855,41;77,87;0,32
4745;0,00;0,00;0,00;0,00;49,00;0,00;71,00;80,02;31,61;180,04;867,33;179,99;813,45;856,01;77,87;0,32
4750;0,00;0,00;0,00;0,00;49,00;0,00;71,01;79,98;31,60;180,04;865,39;179,91;813,32;855,46;77,87;0,32
4755;0,00;0,00;0,00;0,00;49,00;0,00;71,00;80,00;31,63;180,05;863,79;179,88;812,70;853,08;77,87;0,32
4760;0,00;0,00;0,00;0,00;49,00;0,00;71,02;80,03;31,62;180,06;860,28;179,85;812,30;851,62;77,87;0,32
4765;0,00;0,00;0,00;0,00;49,00;0,00;71,00;79,97;31,61;180,06;859,20;179,85;811,94;849,53;77,87;0,32
4770;0,00;0,00;0,00;0,00;49,00;0,00;70,98;80,00;31,61;180,06;859,92;179,88;812,07;849,46;77,87;0,32
4775;0,00;0,00;0,00;0,00;49,00;0,00;70,98;80,00;31,62;180,05;861,53;179,91;812,83;851,47;77,87;0,32
4780;0,00;0,00;0,00;0,00;49,00;0,00;71,01;79,98;31,61;180,04;865,45;179,99;813,26;853,07;77,87;0,32
4785;0,00;0,00;0,00;0,00;49,01;0,00;71,00;80,02;31,62;180,04;866,88;180,03;813,60;855,60;77,87;0,32
4790;0,00;0,00;0,00;0,00;49,00;0,00;71,01;80,03;31,62;180,04;867,26;180,12;813,63;856,10;77,87;0,32
4795;0,00;0,00;0,00;0,00;49,00;0,00;71,01;79,98;31,63;180,04;866,47;180,16;813,42;855,37;77,87;0,32
4800;0,00;0,00;0,00;0,00;49,00;0,00;70,99;79,98;31,63;180,04;863,44;180,20;812,75;854,30;77,87;0,32
4805;0,00;0,00;0,00;0,00;49,00;0,00;71,02;80,00;31,63;180,04;861,69;180,20;812,38;851,49;77,87;0,32
4810;0,00;0,00;0,00;0,00;49,00;0,00;71,00;80,02;31,63;180,06;859,32;180,18;812,10;850,32;77,87;0,32
4815;0,00;0,00;0,00;0,00;49,00;0,00;71,00;80,03;31,65;180,05;859,33;180,16;812,25;849,75;77,87;0,32
4820;0,00;0,00;0,00;0,00;49,00;0,00;71,02;80,02;31,63;180,04;862,06;180,10;813,06;850,56;77,87;0,32
4825;0,00;0,00;0,00;0,00;49,01;0,00;71,00;80,00;31,64;180,04;864,09;180,05;813,45;853,53;77,87;0,32
4830;0,00;0,00;0,00;0,00;49,00;0,00;70,97;79,98;31,64;180,05;867,08;179,97;813,75;854,91;77,87;0,32
4835;0,00;0,00;0,00;0,00;49,00;0,00;71,00;80,00;31,65;180,06;867,54;179,93;813,77;856,26;77,87;0,32
4840;0,00;0,00;0,00;0,00;49,00;0,00;71,00;80,02;31,66;180,06;866,33;179,88;813,52;856,05;77,87;0,32
4845;0,00;0,00;0,00;0,00;49,00;0,00;71,00;80,02;31,64;180,06;864,97;179,86;813,23;854,19;77,87;0,32
4850;0,00;0,00;0,00;0,00;49,00;0,00;71,02;79,98;31,66;180,04;861,54;179,86;812,45;851,36;77,87;0,32
4855;0,00;0,00;0,00;0,00;49,00;0,00;71,00;80,00;31,66;180,03;860,09;179,87;812,24;850,27;77,87;0,32
4860;0,00;0,00;0,00;0,00;49,00;0,00;71,02;79,98;31,64;180,02;859,54;179,93;812,45;849,96;77,87;0,32
4865;0,00;0,00;0,00;0,00;49,01;0,00;71,00;80,00;31,67;180,05;860,66;179,97;812,82;850,90;77,87;0,32
4870;0,00;0,00;0,00;0,00;49,00;0,00;70,97;80,02;31,66;180,08;864,45;180,04;813,63;853,92;77,87;0,32
4875;0,00;0,00;0,00;0,00;49,00;0,00;71,02;79,98;31,66;180,11;866,29;180,09;813,81;855,23;77,87;0,32
4880;0,00;0,00;0,00;0,00;49,00;0,00;71,00;80,02;31,67;180,10;867,63;180,15;813,89;856,40;77,87;0,33
4885;0,00;0,00;0,00;0,00;49,00;0,00;71,00;80,00;31,67;180,04;867,23;180,18;813,81;856,10;77,87;0,33
4890;0,00;0,00;0,00;0,00;49,00;0,00;70,98;79,98;31,67;180,02;864,86;180,19;813,28;854,09;77,87;0,32
4895;0,00;0,00;0,00;0,00;49,00;0,00;71,00;79,97;31,67;180,00;863,02;180,19;812,87;852,66;77,87;0,32
4900;0,00;0,00;0,00;0,00;49,00;0,00;71,00;79,98;31,68;180,01;859,95;180,16;812,33;850,24;77,87;0,32
4905;0,00;0,00;0,00;0,00;49,00;0,00;71,00;79,97;31,68;180,06;859,66;180,13;812,37;849,82;77,87;0,32
4910;0,00;0,00;0,00;0,00;49,00;0,00;70,98;80,02;31,68;180,07;860,97;180,04;812,97;851,15;77,87;0,32
4915;0,00;0,00;0,00;0,00;49,01;0,00;71,02;80,00;31,68;180,09;864,86;180,00;813,43;852,65;77,87;0,32
4920;0,00;0,00;0,00;0,00;49,00;0,00;71,02;80,02;31,68;180,09;866,49;179,92;813,94;855,45;77,86;0,32
4925;0,00;0,00;0,00;0,00;49,00;0,00;70,99;80,00;31,68;180,05;867,71;179,89;814,00;856,28;77,87;0,33
4930;0,00;0,00;0,00;0,00;49,00;0,00;71,01;80,03;31,68;180,04;867,26;179,85;813,91;856,17;77,87;0,33
4935;0,00;0,00;0,00;0,00;49,00;0,00;71,02;80,00;31,69;180,03;864,69;179,84;813,71;855,33;77,87;0,33
4940;0,00;0,00;0,00;0,00;49,00;0,00;71,01;79,98;31,69;180,03;862,96;179,86;812,97;852,66;77,87;0,32
4945;0,00;0,00;0,00;0,00;49,00;0,00;71,01;80,02;31,68;180,06;859,94;179,91;812,62;851,28;77,87;0,32
4950;0,00;0,00;0,00;0,00;49,00;0,00;71,02;80,00;31,68;180,05;859,41;179,95;812,51;849,92;77,87;0,32
4955;0,00;0,00;0,00;0,00;49,00;0,00;70,98;79,98;31,69;180,05;861,16;180,03;812,75;850,28;77,87;0,32
4960;0,00;0,00;0,00;0,00;49,00;0,00;71,01;80,00;31,69;180,05;863,07;180,07;813,59;852,91;77,87;0,32
4965;0,00;0,00;0,00;0,00;49,00;0,00;71,02;80,02;31,69;180,04;866,74;180,14;813,91;854,44;77,87;0,33
4970;0,00;0,00;0,00;0,00;49,00;0,00;71,02;80,02;31,69;180,04;867,59;180,16;814,10;856,41;77,87;0,33
4975;0,00;0,00;0,00;0,00;49,00;0,00;70,98;79,98;31,69;180,04;867,15;180,18;814,08;856,56;77,87;0,33
4980;0,00;0,00;0,00;0,00;49,00;0,00;71,02;79,98;31,69;180,04;866,06;180,17;813,75;855,23;77,87;0,33
4985;0,00;0,00;0,00;0,00;48,99;0,00;71,00;80,02;31,69;180,05;862,69;180,12;813,40;853,96;77,87;0,33
4990;0,00;0,00;0,00;0,00;49,00;0,00;70,97;80,00;31,68;180,05;861,03;180,10;812,66;851,18;77,87;0,32
4995;0,00;0,00;0,00;0,00;49,00;0,00;71,01;79,98;31,69;180,05;859,46;180,02;812,61;850,27;77,87;0,32
5000;0,00;0,00;0,00;0,00;49,00;0,00;70,99;80,03;31,69;180,05;859,99;179,98;812,85;850,46;77,87;0,32
5005;0,00;0,00;0,00;0,00;49,00;0,00;70,98;80,02;31,69;180,04;863,28;179,90;813,72;851,62;77,87;0,32
5010;0,00;0,00;0,00;0,00;49,00;0,00;71,00;80,02;31,70;180,04;865,43;179,88;814,03;854,72;77,87;0,33
5015;0,00;0,00;0,00;0,00;49,00;0,00;71,01;80,03;31,69;180,07;867,73;179,84;814,22;855,92;77,87;0,33
5020;0,00;0,00;0,00;0,00;49,00;0,00;71,02;80,00;31,70;180,08;867,79;179,83;814,20;856,67;77,87;0,33
5025;0,00;0,00;0,00;0,00;49,00;0,00;71,00;80,02;31,69;180,08;865,96;179,86;813,84;856,19;77,87;0,33
5030;0,00;0,00;0,00;0,00;49,00;0,00;71,00;80,00;31,69;180,07;864,43;179,88;813,48;853,94;77,87;0,33
5035;0,00;0,00;0,00;0,00;49,00;0,00;71,00;80,00;31,69;180,03;861,01;179,94;812,76;852,49;77,87;0,33
5040;0,00;0,00;0,00;0,00;49,00;0,00;71,02;80,02;31,70;180,02;859,83;179,98;812,66;850,33;77,87;0,32
5045;0,00;0,00;0,00;0,00;49,00;0,00;71,00;79,98;31,70;180,02;860,25;180,05;813,05;850,16;77,87;0,32
5050;0,00;0,00;0,00;0,00;48,99;0,00;70,98;80,00;31,70;180,02;861,75;180,08;813,49;852,03;77,87;0,33
5055;0,00;0,00;0,00;0,00;48,99;0,00;71,00;80,02;31,71;180,04;865,79;180,14;814,17;855,07;77,87;0,33
5060;0,00;0,00;0,00;0,00;49,00;0,00;71,03;80,03;31,71;180,04;867,18;180,16;814,30;856,18;77,87;0,33
5065;0,00;0,00;0,00;0,00;49,00;0,00;71,00;80,02;31,70;180,05;867,78;180,16;814,29;856,77;77,87;0,33
5070;0,00;0,00;0,00;0,00;49,00;0,00;71,03;80,03;31,71;180,04;867,05;180,15;814,15;856,15;77,87;0,33
5075;0,00;0,00;0,00;0,00;49,00;0,00;71,02;80,02;31,73;180,04;864,25;180,09;813,52;853,78;77,87;0,33
5080;0,00;0,00;0,00;0,00;49,00;0,00;71,00;80,00;31,71;180,04;862,47;180,05;813,11;852,36;77,87;0,33
5085;0,00;0,00;0,00;0,00;49,00;0,00;70,98;80,00;31,71;180,05;859,77;179,97;812,74;850,34;77,87;0,33
5090;0,00;0,00;0,00;0,00;49,00;0,00;71,00;80,00;31,73;180,07;859,64;179,93;812,86;850,25;77,87;0,33
5095;0,00;0,00;0,00;0,00;49,01;0,00;71,00;80,00;31,73;180,07;862,02;179,87;813,61;852,22;77,87;0,33
5100;0,00;0,00;0,00;0,00;49,00;0,00;71,00;79,97;31,73;180,06;864,01;179,85;814,03;853,80;77,87;0,33
5105;0,00;0,00;0,00;0,00;49,01;0,00;71,00;80,02;31,74;180,05;867,39;179,84;814,41;856,35;77,87;0,33
5110;0,00;0,00;0,00;0,00;49,00;0,00;71,02;80,02;31,74;180,05;867,87;179,84;814,45;856,89;77,87;0,33
5115;0,00;0,00;0,00;0,00;49,00;0,00;71,01;80,00;31,75;180,05;867,13;179,89;814,27;856,28;77,87;0,33
5120;0,00;0,00;0,00;0,00;49,00;0,00;71,00;80,02;31,75;180,05;864,31;179,92;814,02;855,26;77,87;0,33
5125;0,00;0,00;0,00;0,00;49,01;0,00;71,03;80,00;31,75;180,05;862,52;180,00;813,23;852,43;77,87;0,33
5130;0,00;0,00;0,00;0,00;49,01;0,00;70,99;80,00;31,76;180,06;859,82;180,04;812,94;851,18;77,87;0,33
5135;0,00;0,00;0,00;0,00;49,00;0,00;71,00;80,00;31,77;180,06;859,71;180,11;813,00;850,36;77,87;0,33
5140;0,00;0,00;0,00;0,00;49,00;0,00;71,00;80,00;31,75;180,07;862,11;180,13;813,30;851,03;77,87;0,33
5145;0,00;0,00;0,00;0,00;49,00;0,00;71,01;80,05;31,76;180,07;864,09;180,16;814,14;853,90;77,87;0,33
5150;0,00;0,00;0,00;0,00;49,00;0,00;71,00;80,00;31,76;180,04;867,40;180,16;814,38;855,34;77,87;0,33
5155;0,00;0,00;0,00;0,00;49,00;0,00;71,02;80,00;31,76;180,02;867,97;180,13;814,51;856,92;77,87;0,33
5160;0,00;0,00;0,00;0,00;49,00;0,00;71,00;80,02;31,77;180,02;867,05;180,07;814,45;856,84;77,87;0,33
5165;0,00;0,00;0,00;0,00;49,00;0,00;71,00;80,03;31,77;180,02;865,69;180,04;814,02;855,17;77,87;0,33
5170;0,00;0,00;0,00;0,00;49,00;0,00;70,99;80,02;31,76;180,06;862,31;179,97;813,63;853,80;77,87;0,33
5175;0,00;0,00;0,00;0,00;49,00;0,00;70,98;80,00;31,76;180,08;860,76;179,93;812,96;851,15;77,87;0,33
5180;0,00;0,00;0,00;0,00;49,00;0,00;71,00;79,98;31,76;180,08;859,77;179,88;812,90;850,45;77,87;0,33
5185;0,00;0,00;0,00;0,00;49,00;0,00;71,00;80,02;31,76;180,08;860,71;179,87;813,37;851,22;77,87;0,33
5190;0,00;0,00;0,00;0,00;49,00;0,00;71,02;79,97;31,78;180,06;864,41;179,86;813,82;852,54;77,87;0,33
5195;0,00;0,00;0,00;0,00;49,00;0,00;71,00;80,00;31,76;180,05;866,38;179,87;814,47;855,62;77,87;0,33
5200;0,00;0,00;0,00;0,00;49,00;0,00;71,01;80,02;31,77;180,02;868,10;179,91;814,57;856,64;77,87;0,33
5205;0,00;0,00;0,00;0,00;49,00;0,00;71,00;80,02;31,79;180,02;867,87;179,95;814,54;856,92;77,87;0,33
5210;0,00;0,00;0,00;0,00;49,00;0,00;71,00;79,98;31,76;180,02;865,77;180,03;814,09;856,25;77,87;0,33
5215;0,00;0,00;0,00;0,00;49,00;0,00;71,00;79,98;31,77;180,03;864,00;180,06;813,69;853,82;77,87;0,33
5220;0,00;0,00;0,00;0,00;49,01;0,00;71,00;80,02;31,78;180,05;860,72;180,12;813,03;852,37;77,87;0,33
5225;0,00;0,00;0,00;0,00;49,00;0,00;71,02;80,02;31,77;180,07;859,85;180,14;813,01;850,51;77,87;0,33
5230;0,00;0,00;0,00;0,00;49,00;0,00;71,00;80,02;31,79;180,08;860,81;180,15;813,51;850,57;77,87;0,33
5235;0,00;0,00;0,00;0,00;49,00;0,00;70,99;79,98;31,77;180,08;862,49;180,15;813,96;852,76;77,87;0,33
5240;0,00;0,00;0,00;0,00;49,00;0,00;71,00;80,02;31,78;180,06;866,46;180,12;814,56;854,33;77,87;0,33
5245;0,00;0,00;0,00;0,00;49,00;0,00;71,00;79,98;31,78;180,04;867,65;180,09;814,64;856,70;77,87;0,33
5250;0,00;0,00;0,00;0,00;49,00;0,00;70,98;80,02;31,78;180,03;867,82;180,02;814,59;856,91;77,87;0,33
5255;0,00;0,00;0,00;0,00;49,00;0,00;70,99;80,00;31,77;180,04;866,88;179,99;814,42;856,20;77,87;0,33
5260;0,00;0,00;0,00;0,00;49,00;0,00;71,00;80,02;31,77;180,05;863,88;179,92;813,71;853,70;77,87;0,33
5265;0,00;0,00;0,00;0,00;49,00;0,00;71,00;80,03;31,77;180,06;862,16;179,89;813,34;852,29;77,87;0,33
5270;0,00;0,00;0,00;0,00;49,00;0,00;71,00;80,00;31,77;180,07;859,92;179,86;813,10;850,59;77,87;0,33
5275;0,00;0,00;0,00;0,00;49,00;0,00;70,98;80,00;31,78;180,08;860,07;179,85;813,28;850,76;77,87;0,33
5280;0,00;0,00;0,00;0,00;49,00;0,00;71,03;80,00;31,77;180,09;862,92;179,87;814,11;853,10;77,87;0,33
5285;0,00;0,00;0,00;0,00;49,00;0,00;71,03;80,00;31,77;180,09;864,94;179,89;814,48;854,67;77,87;0,33
5290;0,00;0,00;0,00;0,00;48,99;0,00;70,99;80,02;31,77;180,07;867,83;179,95;814,74;856,87;77,87;0,33
5295;0,00;0,00;0,00;0,00;49,00;0,00;70,98;80,02;31,79;180,02;868,14;179,98;814,74;857,19;77,87;0,33
5300;0,00;0,00;0,00;0,00;49,00;0,00;71,03;80,00;31,78;180,01;866,81;180,06;814,46;856,15;77,87;0,33
5305;0,00;0,00;0,00;0,00;49,01;0,00;71,01;80,02;31,78;180,01;863,74;180,09;814,15;854,98;77,87;0,33
5310;0,00;0,00;0,00;0,00;49,00;0,00;71,01;79,98;31,80;180,02;862,04;180,14;813,39;852,17;77,87;0,33
5315;0,00;0,00;0,00;0,00;49,01;0,00;71,00;79,98;31,79;180,07;859,92;180,16;813,19;851,12;77,87;0,33
5320;0,00;0,00;0,00;0,00;49,00;0,00;71,00;79,97;31,78;180,10;860,18;180,15;813,40;850,89;77,87;0,33
5325;0,00;0,00;0,00;0,00;49,00;0,00;71,00;80,02;31,79;180,10;863,14;180,14;813,78;851,85;77,87;0,33
5330;0,00;0,00;0,00;0,00;49,00;0,00;71,01;79,98;31,78;180,08;865,30;180,09;814,59;854,88;77,87;0,33
5335;0,00;0,00;0,00;0,00;49,00;0,00;71,01;80,02;31,79;180,04;867,96;180,05;814,76;856,18;77,87;0,33
5340;0,00;0,00;0,00;0,00;49,01;0,00;71,00;80,02;31,79;180,02;868,21;179,98;814,83;857,27;77,87;0,33
5345;0,00;0,00;0,00;0,00;49,00;0,00;71,01;79,98;31,80;180,01;866,80;179,94;814,73;856,95;77,87;0,33
5350;0,00;0,00;0,00;0,00;49,00;0,00;71,01;80,02;31,80;180,02;865,40;179,88;814,21;854,94;77,87;0,33
5355;0,00;0,00;0,00;0,00;49,00;0,00;71,00;80,02;31,80;180,05;861,85;179,85;813,79;853,51;77,87;0,33
5360;0,00;0,00;0,00;0,00;49,00;0,00;71,01;80,00;31,81;180,07;860,50;179,85;813,24;851,10;77,87;0,33
5365;0,00;0,00;0,00;0,00;49,00;0,00;71,02;80,00;31,80;180,08;860,24;179,87;813,27;850,67;77,87;0,33
5370;0,00;0,00;0,00;0,00;49,00;0,00;71,01;80,00;31,80;180,08;861,43;179,88;813,87;851,97;77,87;0,33
5375;0,00;0,00;0,00;0,00;49,00;0,00;71,00;79,98;31,81;180,04;865,41;179,93;814,32;853,44;77,87;0,33
5380;0,00;0,00;0,00;0,00;49,00;0,00;70,98;79,97;31,81;180,03;867,02;179,97;814,81;856,26;77,87;0,33
5385;0,00;0,00;0,00;0,00;49,00;0,00;71,00;80,02;31,80;180,02;868,19;180,04;814,87;857,07;77,87;0,33
5390;0,00;0,00;0,00;0,00;49,00;0,00;71,00;80,03;31,81;180,03;867,73;180,07;814,77;856,92;77,87;0,33
5395;0,00;0,00;0,00;0,00;49,00;0,00;70,99;80,02;31,82;180,04;865,18;180,13;814,21;856,11;77,86;0,33
5400;0,00;0,00;0,00;0,00;49,01;0,00;71,00;80,03;31,81;180,05;863,47;180,14;813,79;853,40;77,87;0,33
5405;0,00;0,00;0,00;0,00;49,00;0,00;71,02;80,03;31,80;180,07;860,39;180,15;813,28;852,05;77,87;0,33
5410;0,00;0,00;0,00;0,00;49,00;0,00;71,00;80,02;31,82;180,07;859,93;180,14;813,33;850,72;77,87;0,33
5415;0,00;0,00;0,00;0,00;49,00;0,00;71,00;80,00;31,82;180,07;861,82;180,09;814,00;851,15;77,87;0,33
5420;0,00;0,00;0,00;0,00;49,00;0,00;71,00;79,98;31,83;180,06;863,75;180,05;814,42;853,77;77,87;0,33
5425;0,00;0,00;0,00;0,00;49,00;0,00;71,01;80,03;31,83;180,03;867,24;179,99;814,87;855,28;77,87;0,33
5430;0,00;0,00;0,00;0,00;49,00;0,00;70,98;80,00;31,83;180,02;868,10;179,95;814,92;857,21;77,87;0,33
5435;0,00;0,00;0,00;0,00;49,00;0,00;71,00;80,02;31,83;180,02;867,61;179,89;814,78;857,34;77,87;0,33
5440;0,00;0,00;0,00;0,00;49,00;0,00;71,01;79,97;31,83;180,02;866,40;179,87;814,54;855,95;77,87;0,33
5445;0,00;0,00;0,00;0,00;49,00;0,00;71,02;80,02;31,84;180,05;863,15;179,85;813,76;854,62;77,87;0,33
5450;0,00;0,00;0,00;0,00;49,00;0,00;70,99;80,02;31,84;180,06;861,48;179,86;813,44;851,87;77,87;0,33
5455;0,00;0,00;0,00;0,00;49,00;0,00;70,98;79,98;31,84;180,09;859,97;179,89;813,39;851,00;77,87;0,33
5460;0,00;0,00;0,00;0,00;49,00;0,00;71,01;80,00;31,85;180,08;860,60;179,92;813,67;851,32;77,87;0,33
5465;0,00;0,00;0,00;0,00;49,00;0,00;71,00;80,00;31,86;180,06;864,03;180,00;814,53;852,54;77,87;0,33
5470;0,00;0,00;0,00;0,00;49,00;0,00;70,98;80,00;31,85;180,05;865,98;180,03;814,81;855,58;77,87;0,33
5475;0,00;0,00;0,00;0,00;49,00;0,00;71,00;80,02;31,85;180,01;868,26;180,10;814,99;856,77;77,87;0,33
5480;0,00;0,00;0,00;0,00;49,00;0,00;71,00;79,98;31,85;180,02;868,24;180,13;814,96;857,39;77,87;0,33
5485;0,00;0,00;0,00;0,00;49,00;0,00;71,01;80,00;31,85;180,02;866,43;180,16;814,57;855,91;77,87;0,33
5490;0,00;0,00;0,00;0,00;49,00;0,00;71,00;80,00;31,85;180,04;864,78;180,17;814,21;854,58;77,87;0,33
5495;0,00;0,00;0,00;0,00;49,00;0,00;70,99;80,02;31,86;180,05;861,40;180,15;813,49;851,88;77,87;0,33
5500;0,00;0,00;0,00;0,00;49,00;0,00;71,01;80,00;31,86;180,08;860,28;180,12;813,37;851,01;77,87;0,33
5505;0,00;0,00;0,00;0,00;48,99;0,00;70,99;80,02;31,85;180,08;860,62;180,06;813,75;851,39;77,87;0,33
5510;0,00;0,00;0,00;0,00;49,00;0,00;71,00;80,02;31,86;180,06;862,22;180,03;814,18;852,62;77,87;0,33
5515;0,00;0,00;0,00;0,00;49,00;0,00;70,99;80,02;31,86;180,04;866,12;179,96;814,86;855,66;77,87;0,33
5520;0,00;0,00;0,00;0,00;49,00;0,00;71,00;80,00;31,86;180,03;867,54;179,92;814,98;856,82;77,87;0,33
5525;0,00;0,00;0,00;0,00;49,00;0,00;71,01;79,98;31,86;180,03;868,17;179,88;814,97;857,38;77,87;0,33
5530;0,00;0,00;0,00;0,00;48,99;0,00;70,99;80,02;31,86;180,05;867,46;179,86;814,84;856,82;77,87;0,33
5535;0,00;0,00;0,00;0,00;49,00;0,00;71,01;79,98;31,87;180,06;864,71;179,86;814,21;854,50;77,87;0,33
5540;0,00;0,00;0,00;0,00;49,00;0,00;70,99;80,02;31,86;180,07;862,84;179,87;813,79;853,03;77,87;0,33
5545;0,00;0,00;0,00;0,00;49,00;0,00;71,01;80,00;31,87;180,06;860,25;179,93;813,43;851,03;77,87;0,33
5550;0,00;0,00;0,00;0,00;49,00;0,00;70,98;80,02;31,86;180,03;860,83;179,96;813,54;850,95;77,87;0,33
5555;0,00;0,00;0,00;0,00;49,00;0,00;71,00;80,00;31,86;180,03;862,51;180,02;814,29;852,91;77,87;0,33
5560;0,00;0,00;0,00;0,00;49,00;0,00;71,01;80,00;31,87;180,05;866,37;180,06;814,69;854,46;77,87;0,33
5565;0,00;0,00;0,00;0,00;49,00;0,00;71,00;80,03;31,87;180,05;867,70;180,12;815,03;856,96;77,87;0,33
5570;0,00;0,00;0,00;0,00;49,00;0,00;71,00;80,00;31,87;180,05;868,19;180,14;815,06;857,47;77,87;0,33
5575;0,00;0,00;0,00;0,00;49,00;0,00;71,01;80,00;31,87;180,04;867,38;180,15;814,87;856,80;77,87;0,33
5580;0,00;0,00;0,00;0,00;49,00;0,00;70,99;80,02;31,87;180,05;864,55;180,14;814,61;855,76;77,87;0,33
5585;0,00;0,00;0,00;0,00;49,00;0,00;71,00;79,98;31,88;180,04;862,80;180,10;813,81;852,98;77,87;0,33
5590;0,00;0,00;0,00;0,00;49,00;0,00;70,99;80,00;31,89;180,03;860,26;180,08;813,53;851,76;77,87;0,33
5595;0,00;0,00;0,00;0,00;48,99;0,00;71,01;80,00;31,88;180,02;860,17;180,02;813,62;851,04;77,87;0,33
5600;0,00;0,00;0,00;0,00;49,00;0,00;70,99;80,02;31,89;180,04;862,65;179,96;813,93;851,76;77,87;0,33
5605;0,00;0,00;0,00;0,00;49,01;0,00;70,99;80,02;31,89;180,05;864,63;179,93;814,75;854,63;77,87;0,33
5610;0,00;0,00;0,00;0,00;49,00;0,00;71,00;80,00;31,89;180,05;867,73;179,90;814,98;856,03;77,87;0,33
5615;0,00;0,00;0,00;0,00;49,00;0,00;70,99;79,98;31,91;180,04;868,29;179,89;815,08;857,49;77,87;0,33
5620;0,00;0,00;0,00;0,00;49,00;0,00;71,00;80,00;31,90;180,03;867,27;179,90;815,02;857,37;77,87;0,33
5625;0,00;0,00;0,00;0,00;49,00;0,00;71,00;80,05;31,91;180,03;866,01;179,92;814,59;855,67;77,87;0,33
5630;0,00;0,00;0,00;0,00;49,00;0,00;71,00;80,02;31,91;180,06;862,53;179,96;814,19;854,26;77,87;0,33
5635;0,00;0,00;0,00;0,00;48,99;0,00;71,00;80,02;31,91;180,08;861,04;179,99;813,53;851,68;77,87;0,33
5640;0,00;0,00;0,00;0,00;49,00;0,00;71,02;80,03;31,91;180,10;860,19;180,05;813,50;851,04;77,87;0,33
5645;0,00;0,00;0,00;0,00;49,00;0,00;71,00;80,00;31,91;180,09;861,11;180,08;813,99;851,89;77,87;0,33
5650;0,00;0,00;0,00;0,00;49,00;0,00;71,00;80,00;31,91;180,05;864,94;180,12;814,84;853,25;77,87;0,33
5655;0,00;0,00;0,00;0,00;48,99;0,00;71,00;80,00;31,92;180,02;866,72;180,14;815,03;856,20;77,87;0,33
5660;0,00;0,00;0,00;0,00;48,99;0,00;71,00;80,00;31,92;180,00;868,35;180,14;815,12;857,17;77,87;0,33
5665;0,00;0,00;0,00;0,00;49,00;0,00;70,98;79,98;31,91;180,00;868,07;180,13;815,05;857,38;77,87;0,33
5670;0,00;0,00;0,00;0,00;49,00;0,00;70,98;79,97;31,93;180,04;865,88;180,10;814,61;856,70;77,87;0,33
5675;0,00;0,00;0,00;0,00;49,00;0,00;70,99;80,00;31,92;180,06;864,24;180,07;814,20;854,21;77,87;0,33
5680;0,00;0,00;0,00;0,00;49,00;0,00;71,01;79,98;31,93;180,08;861,02;180,00;813,56;852,80;77,87;0,33
5685;0,00;0,00;0,00;0,00;49,00;0,00;71,00;80,02;31,93;180,07;860,17;179,97;813,53;851,03;77,87;0,33
5690;0,00;0,00;0,00;0,00;49,00;0,00;70,98;80,02;31,92;180,05;861,25;179,91;814,05;851,98;77,87;0,33
5695;0,00;0,00;0,00;0,00;49,00;0,00;71,01;80,00;31,92;180,03;862,98;179,89;814,50;853,36;77,87;0,33
5700;0,00;0,00;0,00;0,00;49,00;0,00;71,02;79,98;31,92;180,02;866,78;179,86;815,08;856,31;77,87;0,33
5705;0,00;0,00;0,00;0,00;49,01;0,00;71,00;80,00;31,94;180,03;868,03;179,86;815,17;857,27;77,87;0,33
5710;0,00;0,00;0,00;0,00;49,01;0,00;71,02;80,03;31,93;180,05;868,13;179,89;815,11;857,45;77,87;0,33
5715;0,00;0,00;0,00;0,00;49,00;0,00;71,00;80,00;31,93;180,07;867,26;179,92;814,94;856,76;77,87;0,33
5720;0,00;0,00;0,00;0,00;49,00;0,00;71,03;80,02;31,95;180,09;864,32;179,99;814,25;854,25;77,87;0,33
5725;0,00;0,00;0,00;0,00;49,00;0,00;71,02;80,03;31,92;180,09;862,41;180,03;813,85;852,82;77,87;0,33
5730;0,00;0,00;0,00;0,00;49,00;0,00;71,03;80,00;31,93;180,07;860,15;180,10;813,57;851,06;77,87;0,33
5735;0,00;0,00;0,00;0,00;49,00;0,00;70,98;79,98;31,92;180,04;861,21;180,14;813,73;851,16;77,87;0,33
5740;0,00;0,00;0,00;0,00;49,00;0,00;71,00;79,98;31,93;180,03;862,95;180,18;814,53;853,36;77,87;0,33
5745;0,00;0,00;0,00;0,00;49,01;0,00;70,98;80,02;31,95;180,02;866,89;180,18;814,92;854,94;77,87;0,33
5750;0,00;0,00;0,00;0,00;48,99;0,00;71,00;80,02;31,96;180,02;868,07;180,17;815,23;857,34;77,87;0,33
5755;0,00;0,00;0,00;0,00;49,00;0,00;70,98;80,00;31,94;180,07;868,25;180,14;815,25;857,73;77,87;0,33
5760;0,00;0,00;0,00;0,00;49,00;0,00;71,02;80,00;31,94;180,08;867,32;180,09;815,01;856,86;77,87;0,33
5765;0,00;0,00;0,00;0,00;49,00;0,00;71,01;80,00;31,93;180,08;864,33;180,05;814,73;855,75;77,87;0,33
5770;0,00;0,00;0,00;0,00;49,01;0,00;70,99;79,98;31,94;180,06;862,59;179,97;813,91;852,91;77,87;0,33
5775;0,00;0,00;0,00;0,00;49,00;0,00;71,01;79,98;31,94;180,04;860,20;179,93;813,65;851,74;77,87;0,33
5780;0,00;0,00;0,00;0,00;49,00;0,00;71,00;80,00;31,94;180,04;860,24;179,87;813,79;851,17;77,87;0,33
5785;0,00;0,00;0,00;0,00;49,00;0,00;71,00;80,00;31,94;180,07;862,93;179,85;814,12;851,99;77,87;0,33
5790;0,00;0,00;0,00;0,00;49,00;0,00;71,00;79,98;31,94;180,08;864,95;179,84;814,96;854,93;77,87;0,33
5795;0,00;0,00;0,00;0,00;49,00;0,00;70,98;79,98;31,93;180,08;868,03;179,88;815,18;856,32;77,87;0,33
5800;0,00;0,00;0,00;0,00;49,00;0,00;71,00;80,03;31,93;180,06;868,46;179,91;815,28;857,72;77,87;0,33
5805;0,00;0,00;0,00;0,00;49,00;0,00;71,00;80,00;31,94;180,03;867,34;179,98;815,22;857,54;77,87;0,33
5810;0,00;0,00;0,00;0,00;49,00;0,00;71,01;80,02;31,93;180,02;866,05;180,03;814,77;855,77;77,87;0,33
5815;0,00;0,00;0,00;0,00;49,00;0,00;71,00;80,00;31,95;180,02;862,67;180,10;814,37;854,39;77,87;0,33
5820;0,00;0,00;0,00;0,00;49,00;0,00;71,00;80,00;31,93;180,04;861,07;180,13;813,72;851,80;77,87;0,33
5825;0,00;0,00;0,00;0,00;49,00;0,00;71,02;80,00;31,92;180,09;860,29;180,18;813,84;851,18;77,87;0,33
5830;0,00;0,00;0,00;0,00;49,00;0,00;71,00;79,98;31,93;180,10;861,25;180,18;814,17;852,07;77,87;0,33
5835;0,00;0,00;0,00;0,00;48,99;0,00;71,00;80,03;31,95;180,11;864,94;180,17;815,00;853,40;77,87;0,33
5840;0,00;0,00;0,00;0,00;49,00;0,00;71,00;80,02;31,94;180,09;866,73;180,15;815,20;856,33;77,87;0,33
5845;0,00;0,00;0,00;0,00;49,00;0,00;70,99;80,02;31,94;180,04;868,44;180,08;815,31;857,30;77,87;0,33
5850;0,00;0,00;0,00;0,00;49,00;0,00;71,01;80,00;31,95;180,02;868,18;180,05;815,25;857,56;77,87;0,33
5855;0,00;0,00;0,00;0,00;49,01;0,00;71,01;79,98;31,95;180,02;866,05;179,97;814,80;855,80;77,87;0,33
5860;0,00;0,00;0,00;0,00;49,00;0,00;71,00;80,02;31,95;180,06;864,43;179,94;814,39;854,43;77,87;0,33
5865;0,00;0,00;0,00;0,00;49,00;0,00;70,98;79,98;31,95;180,07;861,07;179,87;813,72;851,82;77,87;0,33
5870;0,00;0,00;0,00;0,00;49,00;0,00;71,02;79,98;31,96;180,06;860,23;179,86;813,69;851,19;77,87;0,33
5875;0,00;0,00;0,00;0,00;49,00;0,00;71,00;80,00;31,96;180,06;861,24;179,84;814,19;852,07;77,87;0,33
5880;0,00;0,00;0,00;0,00;49,00;0,00;70,99;80,05;31,97;180,04;862,91;179,85;814,63;853,42;77,87;0,33
5885;0,00;0,00;0,00;0,00;49,00;0,00;71,00;79,98;31,96;180,04;866,80;179,90;815,21;856,34;77,87;0,33
5890;0,00;0,00;0,00;0,00;49,00;0,00;71,00;80,00;31,97;180,06;867,95;179,94;815,28;857,28;77,87;0,33
5895;0,00;0,00;0,00;0,00;48,99;0,00;71,02;80,02;31,96;180,07;868,07;180,02;815,21;857,46;77,87;0,33
5900;0,00;0,00;0,00;0,00;49,00;0,00;70,99;80,00;31,97;180,08;867,22;180,06;815,02;856,71;77,87;0,33
5905;0,00;0,00;0,00;0,00;48,99;0,00;71,02;80,00;31,96;180,08;864,17;180,14;814,32;854,19;77,87;0,33
5910;0,00;0,00;0,00;0,00;49,02;0,00;71,00;80,00;31,96;180,04;862,46;180,16;813,94;852,84;77,87;0,33
5915;0,00;0,00;0,00;0,00;49,00;0,00;71,00;80,00;31,96;180,03;860,25;180,20;813,72;851,22;77,87;0,33
5920;0,00;0,00;0,00;0,00;49,00;0,00;71,02;80,02;31,96;180,02;860,42;180,20;813,90;851,38;77,87;0,33
5925;0,00;0,00;0,00;0,00;49,00;0,00;71,00;79,97;31,97;180,04;863,23;180,16;814,72;853,73;77,87;0,33
5930;0,00;0,00;0,00;0,00;49,01;0,00;71,02;79,98;31,98;180,07;865,35;180,13;815,06;855,26;77,87;0,33
5935;0,00;0,00;0,00;0,00;49,00;0,00;71,00;80,03;31,97;180,08;868,04;180,05;815,29;857,39;77,87;0,33
5940;0,00;0,00;0,00;0,00;49,00;0,00;71,00;79,97;31,95;180,07;867,96;180,00;815,28;857,67;77,87;0,33
5945;0,00;0,00;0,00;0,00;49,01;0,00;71,00;80,02;31,95;180,06;866,94;179,93;814,97;856,61;77,87;0,33
5950;0,00;0,00;0,00;0,00;49,01;0,00;71,01;80,02;31,96;180,01;863,89;179,89;814,65;855,44;77,87;0,33
5955;0,00;0,00;0,00;0,00;49,00;0,00;71,00;80,02;31,95;180,00;862,19;179,85;813,89;852,67;77,87;0,33
5960;0,00;0,00;0,00;0,00;48,99;0,00;71,01;80,00;31,96;180,02;860,18;179,85;813,68;851,64;77,87;0,33
5965;0,00;0,00;0,00;0,00;49,00;0,00;71,00;80,02;31,96;180,04;860,49;179,86;813,90;851,47;77,87;0,33
5970;0,00;0,00;0,00;0,00;49,01;0,00;71,01;79,98;31,95;180,06;863,52;179,89;814,30;852,44;77,87;0,33
5975;0,00;0,00;0,00;0,00;49,01;0,00;71,02;80,00;31,96;180,08;865,50;179,96;815,06;855,42;77,87;0,33
5980;0,00;0,00;0,00;0,00;49,00;0,00;71,02;80,03;31,95;180,08;868,18;180,00;815,21;856,70;77,87;0,33
5985;0,00;0,00;0,00;0,00;49,00;0,00;71,02;80,05;31,96;180,07;868,38;180,08;815,27;857,73;77,87;0,33
5990;0,00;0,00;0,00;0,00;48,99;0,00;71,00;80,00;31,97;180,03;866,92;180,15;815,17;857,39;77,87;0,33
5995;0,00;0,00;0,00;0,00;49,01;0,00;71,00;80,02;31,96;180,02;865,52;180,18;814,64;855,34;77,87;0,33
6000;0,00;0,00;0,00;0,00;49,00;0,00;71,01;80,00;31,95;180,02;862,02;180,20;814,23;853,97;77,87;0,33
6005;0,00;0,00;0,00;0,00;49,00;0,00;71,00;80,00;31,96;180,03;860,74;180,19;813,68;851,58;77,87;0,33
6010;0,00;0,00;0,00;0,00;48,99;0,00;71,02;80,02;31,95;180,05;860,52;180,15;813,72;851,20;77,87;0,33
6015;0,00;0,00;0,00;0,00;49,00;0,00;70,99;80,00;31,96;180,06;861,87;180,12;814,35;852,58;77,87;0,33
6020;0,00;0,00;0,00;0,00;49,00;0,00;70,99;80,00;31,95;180,05;865,71;180,04;814,81;854,05;77,87;0,33
6025;0,00;0,00;0,00;0,00;49,02;0,00;71,00;80,03;31,97;180,05;867,29;180,00;815,28;856,82;77,87;0,33
6030;0,00;0,00;0,00;0,00;49,00;0,00;71,00;80,00;31,96;180,04;868,42;179,92;815,33;857,57;77,87;0,33
6035;0,00;0,00;0,00;0,00;49,00;0,00;71,00;79,97;31,97;180,03;867,96;179,88;815,24;857,42;77,87;0,33
6040;0,00;0,00;0,00;0,00;49,00;0,00;70,99;80,00;31,97;180,04;865,45;179,84;814,69;856,59;77,87;0,33
6045;0,00;0,00;0,00;0,00;48,99;0,00;70,98;80,02;31,98;180,05;863,75;179,84;814,28;853,92;77,87;0,33
6050;0,00;0,00;0,00;0,00;48,99;0,00;71,01;80,02;31,97;180,06;860,66;179,86;813,73;852,57;77,87;0,33
6055;0,00;0,00;0,00;0,00;49,00;0,00;71,00;80,02;31,97;180,06;860,15;179,89;813,77;851,18;77,87;0,33
6060;0,00;0,00;0,00;0,00;49,01;0,00;71,00;80,02;31,98;180,05;861,80;179,96;814,42;851,55;77,87;0,33
6065;0,00;0,00;0,00;0,00;49,00;0,00;70,99;80,02;31,97;180,04;863,82;180,00;814,85;854,12;77,87;0,33
6070;0,00;0,00;0,00;0,00;49,00;0,00;71,02;79,97;31,98;180,04;867,35;180,08;815,30;855,64;77,87;0,33
6075;0,00;0,00;0,00;0,00;49,00;0,00;71,03;80,02;31,99;180,03;868,24;180,12;815,35;857,61;77,87;0,33
6080;0,00;0,00;0,00;0,00;49,00;0,00;71,00;79,98;31,99;180,02;867,83;180,17;815,22;857,76;77,87;0,33
6085;0,00;0,00;0,00;0,00;49,00;0,00;71,01;80,03;31,99;180,03;866,77;180,18;815,00;856,47;77,87;0,33
6090;0,00;0,00;0,00;0,00;49,00;0,00;70,99;80,00;31,99;180,05;863,48;180,17;814,23;855,24;77,87;0,33
6095;0,00;0,00;0,00;0,00;49,00;0,00;71,01;80,02;31,99;180,07;861,85;180,15;813,88;852,45;77,87;0,33
6100;0,00;0,00;0,00;0,00;49,01;0,00;71,02;80,00;31,99;180,08;860,21;180,08;813,82;851,52;77,87;0,33
6105;0,00;0,00;0,00;0,00;49,00;0,00;71,03;79,98;32,00;180,08;860,77;180,04;814,08;851,74;77,87;0,33
6110;0,00;0,00;0,00;0,00;48,99;0,00;71,01;79,97;32,00;180,06;864,05;179,97;814,92;852,90;77,87;0,33
6115;0,00;0,00;0,00;0,00;49,00;0,00;71,02;80,02;32,02;180,04;865,97;179,93;815,19;855,84;77,87;0,33
6120;0,00;0,00;0,00;0,00;49,00;0,00;71,00;80,00;32,01;180,02;868,24;179,88;815,34;857,61;77,87;0,33
6125;0,00;0,00;0,00;0,00;49,00;0,00;71,01;80,00;32,02;180,01;868,24;179,88;815,30;857,66;77,87;0,33
6130;0,00;0,00;0,00;0,00;48,99;0,00;70,98;80,00;32,01;180,03;866,51;179,88;814,92;856,24;77,87;0,33
6135;0,00;0,00;0,00;0,00;49,00;0,00;71,02;80,00;32,03;180,07;865,02;179,89;814,56;854,96;77,87;0,33
6140;0,00;0,00;0,00;0,00;48,98;0,00;70,98;80,00;32,02;180,07;861,57;179,94;813,82;852,24;77,87;0,33
6145;0,00;0,00;0,00;0,00;49,00;0,00;70,99;79,98;32,04;180,06;860,48;179,96;813,71;851,42;77,87;0,33
6150;0,00;0,00;0,00;0,00;49,00;0,00;71,00;80,00;32,06;180,05;860,89;180,03;814,08;851,83;77,87;0,33
6155;0,00;0,00;0,00;0,00;49,00;0,00;71,00;80,02;32,04;180,04;862,38;180,06;814,52;853,05;77,87;0,33
6160;0,00;0,00;0,00;0,00;49,00;0,00;71,00;80,02;32,04;180,04;866,23;180,11;815,19;856,03;77,87;0,33
6165;0,00;0,00;0,00;0,00;49,00;0,00;71,00;80,02;32,05;180,06;867,63;180,12;815,32;857,14;77,87;0,33
6170;0,00;0,00;0,00;0,00;49,00;0,00;71,01;80,00;32,06;180,07;868,30;180,14;815,31;857,72;77,87;0,33
6175;0,00;0,00;0,00;0,00;48,99;0,00;70,99;79,98;32,05;180,08;867,62;180,13;815,17;857,19;77,87;0,33
6180;0,00;0,00;0,00;0,00;49,00;0,00;71,00;80,00;32,06;180,06;864,94;180,10;814,55;854,92;77,87;0,33
6185;0,00;0,00;0,00;0,00;49,01;0,00;70,98;80,00;32,06;180,04;863,21;180,07;814,12;853,48;77,87;0,33
6190;0,00;0,00;0,00;0,00;49,00;0,00;71,00;80,02;32,07;180,03;860,40;180,01;813,69;851,38;77,87;0,33
6195;0,00;0,00;0,00;0,00;48,99;0,00;71,02;80,00;32,07;180,03;860,17;179,97;813,81;851,24;77,87;0,33
6200;0,00;0,00;0,00;0,00;49,00;0,00;71,00;80,02;32,07;180,03;862,46;179,91;814,53;853,10;77,87;0,33
6205;0,00;0,00;0,00;0,00;49,00;0,00;71,00;79,98;32,07;180,07;866,32;179,88;814,94;854,64;77,87;0,33
6210;0,00;0,00;0,00;0,00;49,00;0,00;71,01;80,02;32,09;180,08;867,71;179,85;815,30;857,23;77,87;0,33
6215;0,00;0,00;0,00;0,00;49,01;0,00;70,98;79,98;32,08;180,06;868,34;179,85;815,33;857,79;77,87;0,33
6220;0,00;0,00;0,00;0,00;49,00;0,00;71,00;79,98;32,08;180,04;867,65;179,86;815,16;857,24;77,87;0,33
6225;0,00;0,00;0,00;0,00;48,99;0,00;71,00;80,00;32,07;180,00;864,95;179,88;814,92;856,28;77,87;0,33
6230;0,00;0,00;0,00;0,00;49,00;0,00;71,00;80,00;32,08;179,99;863,22;179,94;814,13;853,53;77,87;0,33
6235;0,00;0,00;0,00;0,00;48,99;0,00;71,01;79,98;32,08;180,01;860,39;179,97;813,80;852,24;77,87;0,33
6240;0,00;0,00;0,00;0,00;49,00;0,00;71,00;80,02;32,08;180,04;860,13;180,04;813,77;851,22;77,87;0,33
6245;0,00;0,00;0,00;0,00;49,00;0,00;71,00;80,02;32,09;180,09;862,28;180,07;814,06;851,80;77,87;0,33
6250;0,00;0,00;0,00;0,00;48,99;0,00;71,01;80,02;32,07;180,09;864,24;180,12;814,93;854,57;77,87;0,33
6255;0,00;0,00;0,00;0,00;49,00;0,00;71,00;80,00;32,09;180,08;867,70;180,14;815,19;856,04;77,87;0,33
6260;0,00;0,00;0,00;0,00;48,99;0,00;71,00;80,05;32,09;180,06;868,38;180,15;815,36;857,78;77,87;0,33
6265;0,00;0,00;0,00;0,00;49,01;0,00;71,02;79,98;32,09;180,02;867,71;180,11;815,32;857,78;77,87;0,33
6270;0,00;0,00;0,00;0,00;49,00;0,00;71,02;80,00;32,10;180,02;866,47;180,09;814,95;856,29;77,87;0,33
6275;0,00;0,00;0,00;0,00;49,00;0,00;71,02;80,03;32,09;180,02;863,22;180,01;814,57;854,98;77,87;0,33
6280;0,00;0,00;0,00;0,00;49,00;0,00;71,00;80,02;32,09;180,05;861,62;179,98;813,84;852,29;77,87;0,33
6285;0,00;0,00;0,00;0,00;49,00;0,00;71,02;79,98;32,09;180,07;860,21;179,91;813,73;851,47;77,87;0,33
6290;0,00;0,00;0,00;0,00;49,00;0,00;70,98;80,00;32,09;180,07;860,90;179,88;814,11;851,89;77,87;0,33
6295;0,00;0,00;0,00;0,00;49,00;0,00;71,00;80,02;32,10;180,07;864,48;179,84;814,57;853,16;77,87;0,33
6300;0,00;0,00;0,00;0,00;49,00;0,00;71,03;80,02;32,09;180,05;866,35;179,84;815,23;856,12;77,87;0,33
6305;0,00;0,00;0,00;0,00;49,00;0,00;71,00;79,98;32,10;180,04;868,35;179,85;815,33;857,20;77,87;0,33
6310;0,00;0,00;0,00;0,00;49,00;0,00;70,98;79,98;32,10;180,03;868,27;179,87;815,32;857,73;77,87;0,33
6315;0,00;0,00;0,00;0,00;49,00;0,00;71,00;80,02;32,09;180,04;866,34;179,92;814,93;857,18;77,87;0,33
6320;0,00;0,00;0,00;0,00;49,00;0,00;71,02;80,02;32,09;180,05;864,80;179,95;814,55;854,89;77,87;0,33
6325;0,00;0,00;0,00;0,00;49,00;0,00;71,00;79,98;32,11;180,08;861,50;180,01;813,84;853,47;77,87;0,33
6330;0,00;0,00;0,00;0,00;49,00;0,00;70,99;79,98;32,10;180,08;860,46;180,04;813,75;851,45;77,87;0,33
6335;0,00;0,00;0,00;0,00;49,00;0,00;71,00;79,97;32,10;180,05;861,00;180,08;814,16;851,34;77,87;0,33
6340;0,00;0,00;0,00;0,00;49,00;0,00;70,99;80,00;32,12;180,04;862,54;180,10;814,60;853,23;77,87;0,33
6345;0,00;0,00;0,00;0,00;48,99;0,00;71,00;80,03;32,10;180,01;866,38;180,10;815,25;854,76;77,87;0,33
6350;0,00;0,00;0,00;0,00;49,00;0,00;70,99;80,02;32,10;180,00;867,71;180,10;815,34;857,22;77,87;0,33
6355;0,00;0,00;0,00;0,00;49,01;0,00;71,00;80,00;32,11;180,01;868,22;180,06;815,31;857,71;77,87;0,33
6360;0,00;0,00;0,00;0,00;49,00;0,00;71,01;80,00;32,10;180,04;867,49;180,04;815,16;857,16;77,87;0,33
6365;0,00;0,00;0,00;0,00;49,00;0,00;71,00;80,05;32,13;180,05;864,76;179,99;814,52;854,87;77,87;0,33
6370;0,00;0,00;0,00;0,00;48,99;0,00;70,98;79,98;32,12;180,05;863,04;179,96;814,11;853,44;77,87;0,33
6375;0,00;0,00;0,00;0,00;48,99;0,00;71,00;80,03;32,12;180,04;860,39;179,90;813,73;851,44;77,87;0,33
6380;0,00;0,00;0,00;0,00;49,00;0,00;71,00;79,98;32,12;180,03;860,26;179,88;813,86;851,37;77,87;0,33
6385;0,00;0,00;0,00;0,00;49,01;0,00;71,02;80,02;32,13;180,02;862,61;179,86;814,62;853,36;77,87;0,33
6390;0,00;0,00;0,00;0,00;49,00;0,00;71,00;80,00;32,11;180,04;864,71;179,86;815,02;854,89;77,87;0,33
6395;0,00;0,00;0,00;0,00;49,00;0,00;70,98;79,98;32,11;180,05;867,76;179,88;815,32;857,29;77,87;0,33
6400;0,00;0,00;0,00;0,00;48,99;0,00;71,02;80,02;32,12;180,07;868,31;179,91;815,34;857,73;77,87;0,33
6405;0,00;0,00;0,00;0,00;49,00;0,00;70,98;80,02;32,13;180,07;867,30;179,96;815,10;856,97;77,87;0,33
6410;0,00;0,00;0,00;0,00;49,00;0,00;71,02;79,98;32,14;180,05;866,06;180,00;814,81;855,91;77,87;0,33
6415;0,00;0,00;0,00;0,00;49,00;0,00;71,01;80,02;32,13;180,04;862,66;180,05;814,01;853,18;77,87;0,33
6420;0,00;0,00;0,00;0,00;49,00;0,00;70,99;80,02;32,13;180,03;861,18;180,07;813,75;852,02;77,87;0,33
6425;0,00;0,00;0,00;0,00;49,00;0,00;70,99;80,02;32,14;180,04;860,30;180,10;813,85;851,42;77,87;0,33
6430;0,00;0,00;0,00;0,00;49,00;0,00;71,01;80,00;32,16;180,04;862,83;180,11;814,19;852,18;77,87;0,33
6435;0,00;0,00;0,00;0,00;49,00;0,00;70,98;80,02;32,15;180,05;864,80;180,11;815,03;855,03;77,87;0,33
6440;0,00;0,00;0,00;0,00;49,00;0,00;70,98;80,00;32,14;180,05;867,90;180,09;815,24;856,40;77,87;0,33
6445;0,00;0,00;0,00;0,00;49,01;0,00;71,00;80,02;32,15;180,05;868,36;180,04;815,33;857,80;77,87;0,33
6450;0,00;0,00;0,00;0,00;49,00;0,00;71,00;79,98;32,14;180,05;867,24;180,01;815,26;857,63;77,87;0,33
6455;0,00;0,00;0,00;0,00;49,00;0,00;71,00;79,98;32,14;180,05;865,96;179,94;814,80;855,86;77,87;0,33
6460;0,00;0,00;0,00;0,00;49,00;0,00;71,00;79,98;32,14;180,03;862,62;179,92;814,39;854,49;77,87;0,33
6465;0,00;0,00;0,00;0,00;48,99;0,00;71,00;79,98;32,13;180,02;861,15;179,87;813,75;851,98;77,87;0,33
6470;0,00;0,00;0,00;0,00;49,00;0,00;70,98;79,98;32,14;180,03;860,34;179,85;813,72;851,37;77,87;0,33
6475;0,00;0,00;0,00;0,00;49,00;0,00;71,00;79,98;32,14;180,05;861,32;179,84;814,22;852,26;77,87;0,33
6480;0,00;0,00;0,00;0,00;49,01;0,00;70,98;79,98;32,15;180,06;864,97;179,84;814,66;853,61;77,87;0,33
6485;0,00;0,00;0,00;0,00;49,01;0,00;71,00;80,00;32,15;180,07;866,71;179,88;815,23;856,47;77,87;0,33
6490;0,00;0,00;0,00;0,00;49,00;0,00;70,98;80,02;32,16;180,05;868,33;179,95;815,31;857,40;77,87;0,33
6495;0,00;0,00;0,00;0,00;49,00;0,00;71,02;80,02;32,16;180,04;868,04;179,99;815,24;857,59;77,87;0,33
6500;0,00;0,00;0,00;0,00;49,00;0,00;71,00;79,98;32,15;180,04;865,80;180,06;815,07;856,88;77,87;0,33
6505;0,00;0,00;0,00;0,00;49,00;0,00;71,00;80,00;32,15;180,04;864,19;180,08;814,36;854,42;77,87;0,33
6510;0,00;0,00;0,00;0,00;49,00;0,00;71,01;79,98;32,16;180,05;861,02;180,12;813,96;853,03;77,87;0,33
6515;0,00;0,00;0,00;0,00;49,00;0,00;71,02;79,98;32,17;180,04;860,24;180,13;813,71;851,34;77,87;0,33
6520;0,00;0,00;0,00;0,00;48,99;0,00;70,99;80,03;32,16;180,04;861,43;180,11;813,90;851,48;77,87;0,33
6525;0,00;0,00;0,00;0,00;49,00;0,00;71,00;80,02;32,16;180,04;863,16;180,09;814,73;853,82;77,87;0,33
6530;0,00;0,00;0,00;0,00;49,00;0,00;71,00;80,00;32,17;180,03;866,96;180,04;815,09;855,35;77,87;0,33
6535;0,00;0,00;0,00;0,00;49,00;0,00;71,00;80,00;32,17;180,04;868,02;180,01;815,33;857,54;77,87;0,33
6540;0,00;0,00;0,00;0,00;49,00;0,00;71,02;80,00;32,19;180,05;867,97;179,93;815,34;857,82;77,87;0,33
6545;0,00;0,00;0,00;0,00;49,00;0,00;71,00;80,00;32,18;180,06;867,05;179,91;815,07;856,79;77,87;0,33
6550;0,00;0,00;0,00;0,00;49,00;0,00;71,01;80,00;32,17;180,06;864,07;179,87;814,75;855,66;77,87;0,33
6555;0,00;0,00;0,00;0,00;49,00;0,00;71,00;80,02;32,17;180,06;862,36;179,85;813,96;852,88;77,87;0,33
6560;0,00;0,00;0,00;0,00;49,00;0,00;71,00;79,97;32,20;180,05;860,18;179,85;813,73;851,81;77,87;0,33
6565;0,00;0,00;0,00;0,00;49,00;0,00;71,02;79,98;32,20;180,04;860,40;179,86;813,93;851,53;77,87;0,33
6570;0,00;0,00;0,00;0,00;49,00;0,00;71,00;79,98;32,20;180,02;863,27;179,91;814,75;852,46;77,87;0,33
6575;0,00;0,00;0,00;0,00;49,00;0,00;71,01;80,02;32,20;180,02;865,39;179,93;815,10;855,40;77,87;0,33
6580;0,00;0,00;0,00;0,00;49,00;0,00;71,00;79,98;32,19;180,03;868,03;179,99;815,26;856,69;77,87;0,33
6585;0,00;0,00;0,00;0,00;49,00;0,00;71,00;80,02;32,22;180,04;868,32;180,03;815,32;857,80;77,87;0,33
6590;0,00;0,00;0,00;0,00;49,00;0,00;71,00;79,98;32,21;180,06;866,93;180,09;815,01;857,49;77,87;0,33
6595;0,00;0,00;0,00;0,00;49,01;0,00;71,00;80,02;32,21;180,07;865,57;180,11;814,68;855,52;77,87;0,33
6600;0,00;0,00;0,00;0,00;49,00;0,00;71,00;80,00;32,20;180,05;862,11;180,13;813,89;854,13;77,87;0,33
6605;0,00;0,00;0,00;0,00;49,00;0,00;70,98;80,00;32,20;180,03;860,78;180,12;813,67;851,73;77,87;0,33
6610;0,00;0,00;0,00;0,00;49,00;0,00;70,99;80,02;32,20;180,03;860,41;180,09;813,89;851,28;77,87;0,33
6615;0,00;0,00;0,00;0,00;49,00;0,00;71,00;80,02;32,21;180,03;861,69;180,05;814,28;852,55;77,87;0,33
6620;0,00;0,00;0,00;0,00;49,00;0,00;71,00;79,97;32,21;180,05;865,51;179,99;815,06;854,00;77,87;0,33
6625;0,00;0,00;0,00;0,00;49,00;0,00;71,00;80,00;32,22;180,06;867,15;179,96;815,23;856,82;77,87;0,33
6630;0,00;0,00;0,00;0,00;48,99;0,00;71,02;80,02;32,20;180,07;868,44;179,90;815,28;857,65;77,87;0,33
6635;0,00;0,00;0,00;0,00;49,00;0,00;71,00;80,02;32,20;180,06;868,01;179,88;815,20;857,59;77,87;0,33
6640;0,00;0,00;0,00;0,00;49,00;0,00;71,03;80,03;32,21;180,03;865,68;179,84;814,69;856,80;77,87;0,33
6645;0,00;0,00;0,00;0,00;49,00;0,00;71,00;80,00;32,20;180,02;863,90;179,85;814,26;854,17;77,87;0,33
6650;0,00;0,00;0,00;0,00;49,00;0,00;71,02;80,00;32,20;180,03;860,81;179,86;813,67;851,76;77,87;0,33
6655;0,00;0,00;0,00;0,00;49,00;0,00;71,02;80,00;32,21;180,04;860,15;179,88;813,69;851,29;77,87;0,33
6660;0,00;0,00;0,00;0,00;49,00;0,00;71,00;80,00;32,18;180,05;861,65;179,94;814,29;852,57;77,87;0,33
6665;0,00;0,00;0,00;0,00;49,00;0,00;71,00;80,00;32,20;180,07;863,45;179,98;814,75;854,02;77,87;0,33
6670;0,00;0,00;0,00;0,00;48,99;0,00;70,99;79,98;32,19;180,06;867,18;180,04;815,22;856,81;77,87;0,33
6675;0,00;0,00;0,00;0,00;49,00;0,00;71,00;80,03;32,20;180,05;868,13;180,06;815,30;857,61;77,87;0,33
6680;0,00;0,00;0,00;0,00;49,00;0,00;70,99;80,00;32,19;180,05;867,93;180,10;815,19;857,52;77,87;0,33
6685;0,00;0,00;0,00;0,00;49,00;0,00;70,99;80,00;32,20;180,02;866,96;180,11;815,00;856,72;77,87;0,33
6690;0,00;0,00;0,00;0,00;49,00;0,00;70,98;80,00;32,19;179,99;863,79;180,11;814,25;854,15;77,87;0,33
6695;0,00;0,00;0,00;0,00;49,00;0,00;71,00;80,00;32,19;179,99;862,13;180,09;813,89;852,80;77,87;0,33
6700;0,00;0,00;0,00;0,00;49,00;0,00;71,01;80,02;32,19;180,00;860,22;180,04;813,71;851,37;77,87;0,33
6705;0,00;0,00;0,00;0,00;49,00;0,00;71,01;79,98;32,20;180,04;860,52;180,01;813,93;851,67;77,87;0,33
6710;0,00;0,00;0,00;0,00;49,00;0,00;71,00;80,00;32,20;180,07;863,66;179,95;814,77;854,16;77,87;0,33
6715;0,00;0,00;0,00;0,00;49,01;0,00;71,02;79,98;32,18;180,08;865,58;179,92;815,07;855,64;77,87;0,33
6720;0,00;0,00;0,00;0,00;49,00;0,00;71,00;80,02;32,18;180,07;868,08;179,87;815,24;857,57;77,87;0,33
6725;0,00;0,00;0,00;0,00;49,00;0,00;71,02;80,02;32,19;180,02;867,72;179,86;815,20;857,74;77,87;0,33
6730;0,00;0,00;0,00;0,00;49,00;0,00;70,99;80,03;32,19;180,00;866,70;179,86;814,86;856,52;77,87;0,33
6735;0,00;0,00;0,00;0,00;48,99;0,00;71,02;80,03;32,18;180,01;863,62;179,86;814,52;855,31;77,87;0,33
6740;0,00;0,00;0,00;0,00;49,00;0,00;71,00;80,00;32,18;180,02;861,86;179,88;813,77;852,61;77,87;0,33
6745;0,00;0,00;0,00;0,00;49,00;0,00;71,00;80,02;32,18;180,05;860,21;179,91;813,61;851,68;77,87;0,33
6750;0,00;0,00;0,00;0,00;49,00;0,00;71,00;80,00;32,18;180,06;860,66;179,96;813,93;851,80;77,87;0,33
6755;0,00;0,00;0,00;0,00;48,99;0,00;71,00;80,02;32,19;180,04;863,98;180,00;814,35;852,91;77,87;0,33
6760;0,00;0,00;0,00;0,00;49,00;0,00;70,98;80,02;32,17;180,03;865,87;180,05;815,06;855,84;77,87;0,33
6765;0,00;0,00;0,00;0,00;49,00;0,00;71,02;80,03;32,19;180,01;868,15;180,08;815,18;856,98;77,87;0,33
6770;0,00;0,00;0,00;0,00;49,00;0,00;70,99;80,02;32,17;180,00;868,17;180,11;815,17;857,71;77,87;0,33
6775;0,00;0,00;0,00;0,00;49,00;0,00;71,02;80,02;32,17;180,00;866,48;180,12;815,05;857,26;77,87;0,33
6780;0,00;0,00;0,00;0,00;49,00;0,00;71,01;80,02;32,18;180,01;865,02;180,10;814,44;855,07;77,87;0,33
6785;0,00;0,00;0,00;0,00;48,99;0,00;71,00;80,00;32,17;180,02;861,61;180,08;814,01;853,67;77,87;0,33
6790;0,00;0,00;0,00;0,00;49,00;0,00;70,99;80,02;32,18;180,05;860,50;180,02;813,57;851,58;77,87;0,33
6795;0,00;0,00;0,00;0,00;49,00;0,00;71,01;79,98;32,17;180,06;860,77;179,95;813,65;851,36;77,87;0,33
6800;0,00;0,00;0,00;0,00;49,01;0,00;71,01;80,02;32,18;180,06;862,15;179,92;814,37;853,07;77,87;0,33
6805;0,00;0,00;0,00;0,00;49,00;0,00;71,01;80,00;32,17;180,02;866,07;179,86;814,78;854,56;77,87;0,33
6810;0,00;0,00;0,00;0,00;49,00;0,00;71,00;80,00;32,19;180,00;867,46;179,85;815,15;857,08;77,87;0,33
6815;0,00;0,00;0,00;0,00;49,00;0,00;70,98;80,02;32,18;179,99;868,11;179,83;815,17;857,67;77,87;0,33
6820;0,00;0,00;0,00;0,00;49,00;0,00;71,01;80,02;32,19;180,00;867,44;179,84;814,98;857,16;77,87;0,33
6825;0,00;0,00;0,00;0,00;49,00;0,00;71,00;79,98;32,20;180,01;864,80;179,89;814,74;856,21;77,87;0,33
6830;0,00;0,00;0,00;0,00;49,00;0,00;71,01;79,97;32,19;180,02;863,10;179,91;813,96;853,55;77,87;0,33
6835;0,00;0,00;0,00;0,00;48,99;0,00;71,02;79,98;32,19;180,05;860,40;179,98;813,66;852,31;77,87;0,33
6840;0,00;0,00;0,00;0,00;49,00;0,00;71,00;80,02;32,21;180,06;860,19;180,02;813,67;851,36;77,87;0,33
6845;0,00;0,00;0,00;0,00;49,00;0,00;71,00;80,00;32,21;180,02;862,38;180,09;814,40;851,95;77,87;0,33
6850;0,00;0,00;0,00;0,00;49,00;0,00;71,00;80,00;32,20;180,01;864,34;180,12;814,82;854,69;77,87;0,33
6855;0,00;0,00;0,00;0,00;49,01;0,00;71,00;80,00;32,20;179,99;867,59;180,13;815,16;856,10;77,87;0,33
6860;0,00;0,00;0,00;0,00;49,01;0,00;71,00;79,98;32,21;180,00;868,20;180,13;815,19;857,70;77,87;0,33
6865;0,00;0,00;0,00;0,00;49,00;0,00;71,01;80,02;32,20;180,02;867,41;180,09;815,00;857,68;77,87;0,33
6870;0,00;0,00;0,00;0,00;49,00;0,00;71,01;80,00;32,23;180,04;866,14;180,06;814,75;856,12;77,87;0,33
6875;0,00;0,00;0,00;0,00;49,01;0,00;71,02;80,00;32,24;180,04;862,89;179,99;813,96;854,83;77,87;0,33
6880;0,00;0,00;0,00;0,00;49,00;0,00;71,00;79,98;32,24;180,03;861,37;179,96;813,68;852,22;77,87;0,33
6885;0,00;0,00;0,00;0,00;49,00;0,00;71,00;79,98;32,23;180,01;860,24;179,89;813,76;851,47;77,87;0,33
6890;0,00;0,00;0,00;0,00;48,99;0,00;71,02;79,98;32,22;179,99;861,04;179,86;814,08;852,12;77,87;0,33
6895;0,00;0,00;0,00;0,00;49,00;0,00;71,00;80,00;32,23;180,00;864,55;179,83;814,91;853,39;77,87;0,33
6900;0,00;0,00;0,00;0,00;49,00;0,00;70,99;80,03;32,24;180,02;866,33;179,83;815,13;856,26;77,87;0,33
6905;0,00;0,00;0,00;0,00;49,00;0,00;70,98;80,03;32,23;180,05;868,15;179,85;815,24;857,69;77,87;0,33
6910;0,00;0,00;0,00;0,00;49,01;0,00;70,98;80,00;32,23;180,05;867,96;179,87;815,18;857,57;77,87;0,33
6915;0,00;0,00;0,00;0,00;48,99;0,00;71,00;80,02;32,24;180,03;865,98;179,93;814,73;855,92;77,87;0,33
6920;0,00;0,00;0,00;0,00;49,00;0,00;71,02;79,98;32,25;180,02;864,30;179,97;814,35;854,60;77,87;0,33
6925;0,00;0,00;0,00;0,00;49,00;0,00;71,02;80,00;32,26;180,00;861,15;180,04;813,71;852,05;77,87;0,33
6930;0,00;0,00;0,00;0,00;49,01;0,00;71,00;80,02;32,25;180,02;860,27;180,06;813,68;851,44;77,87;0,33
6935;0,00;0,00;0,00;0,00;49,00;0,00;71,00;79,98;32,25;180,02;861,28;180,10;814,19;852,32;77,87;0,33
6940;0,00;0,00;0,00;0,00;49,00;0,00;70,99;80,02;32,25;180,03;862,94;180,11;814,64;853,65;77,87;0,33
6945;0,00;0,00;0,00;0,00;49,00;0,00;71,01;80,02;32,24;180,02;866,57;180,10;815,18;856,44;77,87;0,33
6950;0,00;0,00;0,00;0,00;49,01;0,00;71,00;79,98;32,25;180,01;867,76;180,10;815,26;857,33;77,87;0,33
6955;0,00;0,00;0,00;0,00;49,00;0,00;71,00;80,03;32,25;180,00;867,81;180,05;815,17;857,45;77,87;0,33
6960;0,00;0,00;0,00;0,00;49,00;0,00;71,00;80,00;32,26;179,99;866,95;180,02;814,98;856,74;77,87;0,33
6965;0,00;0,00;0,00;0,00;49,00;0,00;70,98;80,02;32,26;180,00;863,95;179,95;814,28;854,28;77,87;0,33
6970;0,00;0,00;0,00;0,00;49,00;0,00;71,00;79,98;32,27;180,02;862,28;179,92;813,90;852,93;77,87;0,33
6975;0,00;0,00;0,00;0,00;49,00;0,00;71,02;80,02;32,28;180,03;860,20;179,86;813,69;851,38;77,87;0,33
6980;0,00;0,00;0,00;0,00;49,00;0,00;70,98;80,00;32,26;180,05;860,40;179,84;813,90;851,57;77,87;0,33
6985;0,00;0,00;0,00;0,00;49,00;0,00;71,01;80,02;32,27;180,05;863,26;179,82;814,74;853,90;77,87;0,33
6990;0,00;0,00;0,00;0,00;49,00;0,00;70,99;80,00;32,28;180,03;866,98;179,83;815,09;855,44;77,87;0,33
6995;0,00;0,00;0,00;0,00;48,99;0,00;71,00;80,03;32,29;180,02;867,97;179,86;815,31;857,53;77,87;0,33
7000;0,00;0,00;0,00;0,00;49,00;0,00;71,02;80,00;32,27;179,99;867,87;179,89;815,31;857,81;77,87;0,33
7005;0,00;0,00;0,00;0,00;49,00;0,00;71,00;80,02;32,28;180,00;866,95;179,96;815,03;856,76;77,87;0,33
7010;0,00;0,00;0,00;0,00;49,01;0,00;71,02;79,98;32,30;180,00;863,87;179,99;814,72;855,63;77,87;0,33
7015;0,00;0,00;0,00;0,00;49,00;0,00;71,00;79,98;32,30;180,01;862,17;180,06;813,91;852,86;77,87;0,33
7020;0,00;0,00;0,00;0,00;48,99;0,00;71,01;80,02;32,28;180,04;860,07;180,09;813,68;851,78;77,87;0,33
7025;0,00;0,00;0,00;0,00;48,99;0,00;71,01;80,02;32,29;180,04;860,37;180,11;813,93;851,59;77,87;0,33
7030;0,00;0,00;0,00;0,00;49,00;0,00;71,00;80,02;32,29;180,04;861,69;180,11;814,36;852,74;77,87;0,33
7035;0,00;0,00;0,00;0,00;49,00;0,00;71,01;79,98;32,29;180,01;863,85;180,11;814,92;854,69;77,87;0,33
7040;0,00;0,00;0,00;0,00;49,00;0,00;71,01;80,00;32,29;180,00;867,76;180,07;815,30;857,44;77,87;0,33
7045;0,00;0,00;0,00;0,00;49,00;0,00;70,98;80,00;32,30;179,98;868,28;180,03;815,29;857,84;77,87;0,33
7050;0,00;0,00;0,00;0,00;48,99;0,00;71,01;80,02;32,30;179,98;867,67;180,00;815,15;857,38;77,87;0,33
7055;0,00;0,00;0,00;0,00;49,00;0,00;71,00;80,02;32,31;179,99;865,18;179,93;814,57;856,53;77,87;0,33
7060;0,00;0,00;0,00;0,00;49,00;0,00;70,98;79,98;32,29;180,03;863,49;179,90;814,14;853,90;77,87;0,33
7065;0,00;0,00;0,00;0,00;48,99;0,00;70,97;79,98;32,31;180,03;860,53;179,85;813,63;851,64;77,87;0,33
7070;0,00;0,00;0,00;0,00;49,00;0,00;70,98;79,98;32,30;180,02;860,08;179,84;813,70;851,31;77,87;0,33
7075;0,00;0,00;0,00;0,00;49,00;0,00;71,00;80,00;32,30;180,01;861,84;179,83;814,37;852,83;77,87;0,33
7080;0,00;0,00;0,00;0,00;49,00;0,00;71,02;80,00;32,33;179,99;863,86;179,84;814,81;854,32;77,87;0,33
7085;0,00;0,00;0,00;0,00;49,00;0,00;70,98;80,00;32,32;179,99;867,27;179,88;815,22;856,96;77,87;0,33
7090;0,00;0,00;0,00;0,00;49,01;0,00;71,02;80,02;32,31;179,98;868,08;179,91;815,27;857,64;77,87;0,33
7095;0,00;0,00;0,00;0,00;49,00;0,00;71,00;80,00;32,31;179,99;867,57;179,98;815,11;857,31;77,87;0,33
7100;0,00;0,00;0,00;0,00;49,01;0,00;71,00;80,03;32,32;180,01;866,50;180,02;814,89;856,42;77,87;0,33
7105;0,00;0,00;0,00;0,00;49,00;0,00;71,00;80,00;32,32;180,02;863,38;180,08;814,12;853,80;77,87;0,33
7110;0,00;0,00;0,00;0,00;49,00;0,00;71,00;80,00;32,31;180,03;861,63;180,10;813,79;852,52;77,87;0,33
7115;0,00;0,00;0,00;0,00;48,99;0,00;70,98;80,00;32,32;180,02;860,14;180,13;813,73;851,37;77,87;0,33
7120;0,00;0,00;0,00;0,00;49,00;0,00;71,00;80,02;32,31;180,00;860,66;180,12;814,01;851,84;77,87;0,33
7125;0,00;0,00;0,00;0,00;49,00;0,00;71,02;80,00;32,32;179,99;863,91;180,10;814,85;854,44;77,87;0,33
7130;0,00;0,00;0,00;0,00;48,99;0,00;71,00;80,00;32,33;180,01;865,93;180,08;815,13;855,88;77,87;0,33
7135;0,00;0,00;0,00;0,00;49,00;0,00;71,01;80,02;32,32;180,00;868,06;180,01;815,28;857,64;77,87;0,33
7140;0,00;0,00;0,00;0,00;48,99;0,00;71,02;80,00;32,33;180,00;867,43;179,97;815,23;857,68;77,87;0,33
7145;0,00;0,00;0,00;0,00;48,98;0,00;71,00;80,03;32,33;180,00;866,31;179,90;814,85;856,27;77,87;0,33
7150;0,00;0,00;0,00;0,00;49,01;0,00;71,02;80,02;32,33;180,00;863,16;179,87;814,48;855,02;77,87;0,33
7155;0,00;0,00;0,00;0,00;49,01;0,00;71,00;80,02;32,34;180,00;861,45;179,83;813,75;852,38;77,87;0,33
7160;0,00;0,00;0,00;0,00;49,00;0,00;71,00;80,00;32,34;180,01;860,14;179,82;813,65;851,56;77,87;0,33
7165;0,00;0,00;0,00;0,00;49,01;0,00;70,97;80,00;32,33;180,01;860,79;179,83;814,04;851,97;77,87;0,33
7170;0,00;0,00;0,00;0,00;49,00;0,00;71,00;80,02;32,32;180,02;864,30;179,85;814,47;853,17;77,87;0,33
7175;0,00;0,00;0,00;0,00;49,00;0,00;71,00;80,02;32,34;180,01;866,11;179,91;815,12;856,04;77,87;0,33
7180;0,00;0,00;0,00;0,00;49,00;0,00;70,99;80,00;32,32;180,01;868,05;179,95;815,23;857,09;77,87;0,33
7185;0,00;0,00;0,00;0,00;49,00;0,00;71,01;80,00;32,34;180,02;867,98;180,02;815,18;857,60;77,87;0,33
7190;0,00;0,00;0,00;0,00;49,00;0,00;70,99;79,95;32,34;180,02;866,17;180,06;815,03;857,07;77,87;0,33
7195;0,00;0,00;0,00;0,00;49,00;0,00;70,98;80,02;32,33;180,01;864,67;180,12;814,40;854,84;77,87;0,33
7200;0,00;0,00;0,00;0,00;48,98;0,00;70,99;80,00;32,32;180,00;861,34;180,15;814,00;853,45;77,87;0,33
7205;0,00;0,00;0,00;0,00;49,00;0,00;71,02;79,98;32,34;180,00;860,34;180,15;813,61;851,48;77,87;0,33
7210;0,00;0,00;0,00;0,00;49,00;0,00;71,01;80,02;32,34;180,00;860,88;180,12;813,74;851,40;77,87;0,33
7215;0,00;0,00;0,00;0,00;49,01;0,00;71,01;80,00;32,36;180,00;862,53;180,09;814,49;853,27;77,87;0,33
7220;0,00;0,00;0,00;0,00;49,01;0,00;71,02;80,00;32,35;180,01;866,22;180,03;814,89;854,76;77,87;0,33
7225;0,00;0,00;0,00;0,00;49,00;0,00;71,02;80,02;32,34;180,01;867,48;179,99;815,20;857,17;77,87;0,33
7230;0,00;0,00;0,00;0,00;48,99;0,00;71,01;80,02;32,35;179,99;867,88;179,91;815,21;857,63;77,87;0,33
7235;0,00;0,00;0,00;0,00;49,00;0,00;71,00;80,02;32,35;179,98;867,12;179,87;814,97;856,93;77,87;0,33
7240;0,00;0,00;0,00;0,00;49,00;0,00;71,03;80,02;32,34;179,99;864,26;179,83;814,69;855,92;77,87;0,33
7245;0,00;0,00;0,00;0,00;49,00;0,00;71,02;80,00;32,35;179,99;862,58;179,82;813,89;853,20;77,87;0,33
7250;0,00;0,00;0,00;0,00;49,00;0,00;71,00;79,98;32,36;180,00;860,23;179,84;813,63;852,03;77,87;0,33
7255;0,00;0,00;0,00;0,00;49,00;0,00;71,00;79,98;32,34;180,00;860,23;179,85;813,75;851,45;77,87;0,33
7260;0,00;0,00;0,00;0,00;48,99;0,00;71,00;80,00;32,35;180,01;862,78;179,92;814,10;852,24;77,87;0,33
7265;0,00;0,00;0,00;0,00;49,00;0,00;71,00;80,00;32,35;180,02;864,74;179,95;814,93;855,08;77,87;0,33
7270;0,00;0,00;0,00;0,00;49,01;0,00;71,02;80,00;32,35;180,04;867,74;180,03;815,13;856,44;77,87;0,33
7275;0,00;0,00;0,00;0,00;49,01;0,00;71,00;80,02;32,35;180,03;868,16;180,08;815,22;857,74;77,87;0,33
7280;0,00;0,00;0,00;0,00;49,00;0,00;71,01;79,97;32,35;180,01;867,01;180,14;814,97;857,56;77,87;0,33
7285;0,00;0,00;0,00;0,00;49,00;0,00;71,03;80,00;32,34;179,99;865,51;180,16;814,62;855,63;77,87;0,33
7290;0,00;0,00;0,00;0,00;48,99;0,00;70,97;80,00;32,35;179,98;862,21;180,16;814,22;854,24;77,87;0,33
7295;0,00;0,00;0,00;0,00;49,00;0,00;70,98;80,00;32,37;179,98;860,82;180,15;813,62;851,83;77,87;0,33
7300;0,00;0,00;0,00;0,00;49,00;0,00;71,00;79,98;32,37;180,01;860,33;180,10;813,63;851,34;77,87;0,33
7305;0,00;0,00;0,00;0,00;49,00;0,00;71,00;79,98;32,35;180,04;861,45;180,06;814,21;852,46;77,87;0,33
7310;0,00;0,00;0,00;0,00;49,00;0,00;71,00;80,00;32,37;180,06;865,16;179,98;814,66;853,88;77,87;0,33
7315;0,00;0,00;0,00;0,00;49,00;0,00;71,02;80,02;32,37;180,06;866,81;179,93;815,16;856,65;77,87;0,33
7320;0,00;0,00;0,00;0,00;49,00;0,00;71,02;80,02;32,35;180,02;868,17;179,86;815,23;857,48;77,87;0,33
7325;0,00;0,00;0,00;0,00;49,00;0,00;71,03;80,02;32,36;179,99;867,79;179,84;815,13;857,49;77,87;0,33
7330;0,00;0,00;0,00;0,00;49,00;0,00;71,00;80,02;32,36;179,98;865,55;179,83;814,94;856,75;77,87;0,33
7335;0,00;0,00;0,00;0,00;49,00;0,00;71,02;80,02;32,37;179,98;863,94;179,83;814,20;854,23;77,87;0,33
7340;0,00;0,00;0,00;0,00;49,00;0,00;71,01;80,00;32,38;180,01;860,75;179,87;813,83;852,88;77,87;0,33
7345;0,00;0,00;0,00;0,00;49,00;0,00;71,00;80,02;32,37;180,02;860,09;179,90;813,63;851,34;77,87;0,33
7350;0,00;0,00;0,00;0,00;49,00;0,00;71,02;79,98;32,38;180,02;861,54;179,97;814,24;851,57;77,87;0,33
7355;0,00;0,00;0,00;0,00;49,01;0,00;71,00;80,00;32,37;180,02;863,33;180,01;814,67;853,99;77,87;0,33
7360;0,00;0,00;0,00;0,00;49,00;0,00;71,00;80,02;32,39;180,00;866,89;180,07;815,13;855,44;77,87;0,33
7365;0,00;0,00;0,00;0,00;49,00;0,00;71,00;80,05;32,38;179,99;867,92;180,10;815,16;857,49;77,87;0,33
7370;0,00;0,00;0,00;0,00;49,01;0,00;71,02;80,00;32,39;179,98;867,71;180,15;815,01;857,73;77,87;0,33
7375;0,00;0,00;0,00;0,00;49,01;0,00;70,99;80,00;32,39;179,98;866,76;180,15;814,80;856,62;77,87;0,33
7380;0,00;0,00;0,00;0,00;49,00;0,00;71,01;80,03;32,39;179,99;863,63;180,15;814,05;855,47;77,87;0,33
7385;0,00;0,00;0,00;0,00;49,01;0,00;71,00;80,00;32,39;180,00;861,97;180,16;813,67;852,76;77,87;0,33
7390;0,00;0,00;0,00;0,00;49,00;0,00;71,00;80,02;32,39;180,01;860,11;180,13;813,51;851,75;77,87;0,33
7395;0,00;0,00;0,00;0,00;49,00;0,00;71,01;80,00;32,40;180,00;860,47;180,11;813,75;851,67;77,87;0,33
7400;0,00;0,00;0,00;0,00;49,00;0,00;70,98;80,00;32,40;179,99;863,53;180,05;814,62;852,70;77,87;0,33
7405;0,00;0,00;0,00;0,00;49,00;0,00;71,00;80,00;32,40;179,99;865,47;180,02;814,93;855,66;77,87;0,33
7410;0,00;0,00;0,00;0,00;49,00;0,00;71,02;79,98;32,40;179,99;868,03;179,94;815,13;856,87;77,87;0,33
7415;0,00;0,00;0,00;0,00;49,00;0,00;71,00;80,02;32,41;180,00;868,20;179,91;815,11;857,79;77,87;0,33
7420;0,00;0,00;0,00;0,00;49,00;0,00;71,00;79,98;32,42;180,00;866,66;179,85;814,81;857,43;77,87;0,33
7425;0,00;0,00;0,00;0,00;49,00;0,00;71,00;80,00;32,40;180,01;865,26;179,83;814,47;855,39;77,87;0,33
7430;0,00;0,00;0,00;0,00;48,99;0,00;71,02;80,03;32,41;179,99;861,93;179,82;813,70;852,66;77,87;0,33
7435;0,00;0,00;0,00;0,00;49,00;0,00;71,00;80,02;32,41;179,97;860,62;179,83;813,52;851,69;77,87;0,33
7440;0,00;0,00;0,00;0,00;49,00;0,00;71,00;80,02;32,42;179,95;860,46;179,86;813,82;851,67;77,87;0,33
7445;0,00;0,00;0,00;0,00;49,00;0,00;71,02;80,02;32,42;179,97;861,71;179,89;814,24;852,73;77,87;0,33
7450;0,00;0,00;0,00;0,00;49,00;0,00;71,00;80,00;32,41;179,98;865,63;179,95;815,01;855,71;77,87;0,33
7455;0,00;0,00;0,00;0,00;49,00;0,00;71,03;80,00;32,40;180,01;867,16;179,98;815,15;856,90;77,87;0,33
7460;0,00;0,00;0,00;0,00;49,00;0,00;71,00;79,98;32,42;180,02;868,19;180,04;815,19;857,80;77,87;0,33
7465;0,00;0,00;0,00;0,00;49,01;0,00;71,00;79,97;32,38;180,02;867,66;180,06;815,08;857,42;77,87;0,33
7470;0,00;0,00;0,00;0,00;49,01;0,00;71,02;80,00;32,41;180,00;865,23;180,08;814,54;855,40;77,87;0,33
7475;0,00;0,00;0,00;0,00;49,01;0,00;71,00;79,98;32,40;179,96;863,57;180,09;814,13;854,00;77,87;0,33
7480;0,00;0,00;0,00;0,00;49,01;0,00;71,00;80,03;32,39;179,95;860,63;180,06;813,60;851,71;77,87;0,33
7485;0,00;0,00;0,00;0,00;49,00;0,00;70,98;80,00;32,40;179,94;860,07;180,03;813,67;851,34;77,87;0,33
7490;0,00;0,00;0,00;0,00;49,00;0,00;70,98;80,03;32,40;179,95;861,77;179,96;814,35;852,76;77,87;0,33
7495;0,00;0,00;0,00;0,00;49,00;0,00;71,00;79,98;32,39;179,99;863,64;179,92;814,80;854,26;77,87;0,33
7500;0,00;0,00;0,00;0,00;49,00;0,00;71,00;79,97;32,40;180,00;867,18;179,85;815,25;856,91;77,87;0,33
7505;0,00;0,00;0,00;0,00;49,00;0,00;71,01;80,03;32,39;180,01;868,02;179,82;815,29;857,62;77,87;0,33
7510;0,00;0,00;0,00;0,00;49,00;0,00;71,00;80,00;32,38;180,00;867,64;179,76;815,16;857,37;77,87;0,33
7515;0,00;0,00;0,00;0,00;49,00;0,00;71,00;79,97;32,39;179,98;866,53;179,75;814,93;856,49;77,87;0,33
7520;0,00;0,00;0,00;0,00;49,00;0,00;71,00;80,00;32,39;179,97;863,46;179,75;814,17;853,88;77,87;0,33
7525;0,00;0,00;0,00;0,00;48,99;0,00;71,01;80,00;32,39;179,95;860,52;179,76;813,82;852,58;77,87;0,33
7530;0,00;0,00;0,00;0,00;49,00;0,00;70,98;79,98;32,40;179,95;860,10;179,82;813,76;851,37;77,87;0,33
7535;0,00;0,00;0,00;0,00;49,00;0,00;71,00;80,02;32,39;179,97;861,91;179,85;814,02;851,80;77,87;0,33
7540;0,00;0,00;0,00;0,00;49,00;0,00;71,00;80,00;32,39;179,98;863,93;179,94;814,90;854,37;77,87;0,33
7545;0,00;0,00;0,00;0,00;49,00;0,00;71,03;80,02;32,39;180,00;867,31;179,97;815,19;855,88;77,87;0,33
7550;0,00;0,00;0,00;0,00;49,01;0,00;70,97;80,02;32,39;180,02;868,11;180,03;815,36;857,71;77,87;0,33
7555;0,00;0,00;0,00;0,00;49,00;0,00;71,02;80,00;32,40;180,00;867,60;180,06;815,33;857,82;77,87;0,33
7560;0,00;0,00;0,00;0,00;48,99;0,00;71,01;80,00;32,39;179,98;866,54;180,07;814,99;856,47;77,87;0,33
7565;0,00;0,00;0,00;0,00;49,00;0,00;71,00;80,00;32,40;179,96;863,43;180,07;814,63;855,24;77,87;0,33
7570;0,00;0,00;0,00;0,00;48,99;0,00;71,00;80,02;32,39;179,97;861,67;180,02;813,86;852,55;77,87;0,33
7575;0,00;0,00;0,00;0,00;49,01;0,00;71,00;79,98;32,39;179,99;860,10;179,98;813,72;851,66;77,87;0,33
7580;0,00;0,00;0,00;0,00;49,00;0,00;70,97;79,98;32,38;179,98;860,61;179,89;814,07;851,84;77,87;0,33
7585;0,00;0,00;0,00;0,00;49,00;0,00;71,00;80,02;32,40;180,00;863,86;179,85;814,50;852,96;77,87;0,33
7590;0,00;0,00;0,00;0,00;49,00;0,00;71,02;80,00;32,41;180,01;865,90;179,76;815,21;855,92;77,87;0,33
7595;0,00;0,00;0,00;0,00;48,99;0,00;71,02;80,00;32,41;180,00;868,11;179,71;815,35;857,06;77,87;0,33
7600;0,00;0,00;0,00;0,00;49,00;0,00;70,98;80,00;32,39;180,00;868,18;179,70;815,33;857,80;77,87;0,33
7605;0,00;0,00;0,00;0,00;49,00;0,00;71,00;79,98;32,39;180,00;866,47;179,70;815,21;857,36;77,87;0,33
7610;0,00;0,00;0,00;0,00;49,00;0,00;71,01;80,00;32,41;179,98;865,02;179,72;814,63;855,25;77,87;0,33
7615;0,00;0,00;0,00;0,00;49,00;0,00;71,00;79,98;32,40;179,98;861,72;179,79;814,20;853,85;77,87;0,33
7620;0,00;0,00;0,00;0,00;49,00;0,00;71,00;80,00;32,40;179,98;860,53;179,83;813,72;851,65;77,87;0,33
7625;0,00;0,00;0,00;0,00;49,00;0,00;71,03;80,00;32,41;179,99;860,64;179,91;813,80;851,38;77,87;0,33
7630;0,00;0,00;0,00;0,00;48,99;0,00;71,01;80,00;32,42;180,00;862,03;179,95;814,50;852,97;77,87;0,33
7635;0,00;0,00;0,00;0,00;48,99;0,00;71,01;80,00;32,42;180,01;865,83;180,01;815,22;854,46;77,87;0,33
7640;0,00;0,00;0,00;0,00;49,00;0,00;71,01;80,02;32,42;180,00;867,29;180,03;815,35;857,05;77,87;0,33
7645;0,00;0,00;0,00;0,00;49,00;0,00;71,00;80,00;32,42;179,98;868,17;180,03;815,35;857,73;77,87;0,33
7650;0,00;0,00;0,00;0,00;48,99;0,00;70,99;80,00;32,41;179,98;867,59;180,02;815,22;857,36;77,87;0,33
7655;0,00;0,00;0,00;0,00;49,00;0,00;71,01;79,97;32,41;180,00;864,96;179,96;814,63;856,45;77,87;0,33
7660;0,00;0,00;0,00;0,00;49,00;0,00;71,00;80,02;32,41;180,00;863,29;179,91;814,20;853,81;77,87;0,33
7665;0,00;0,00;0,00;0,00;49,00;0,00;70,98;80,00;32,42;180,00;860,52;179,83;813,73;852,54;77,87;0,33
7670;0,00;0,00;0,00;0,00;49,01;0,00;71,02;80,02;32,41;180,00;860,12;179,78;813,82;851,40;77,87;0,33
7675;0,00;0,00;0,00;0,00;49,00;0,00;71,00;80,00;32,42;180,02;862,11;179,71;814,55;851,90;77,87;0,33
7680;0,00;0,00;0,00;0,00;49,00;0,00;71,00;80,02;32,42;180,02;863,99;179,68;814,97;854,54;77,87;0,33
7685;0,00;0,00;0,00;0,00;49,00;0,00;70,99;80,00;32,42;180,00;867,43;179,66;815,35;856,03;77,87;0,33
7690;0,00;0,00;0,00;0,00;49,01;0,00;71,00;80,02;32,42;179,99;868,14;179,67;815,37;857,76;77,87;0,33
7695;0,00;0,00;0,00;0,00;48,99;0,00;71,00;80,02;32,41;179,98;867,56;179,71;815,20;857,79;77,87;0,33
7700;0,00;0,00;0,00;0,00;49,00;0,00;71,00;80,02;32,41;179,98;866,37;179,74;814,96;856,40;77,87;0,33
7705;0,00;0,00;0,00;0,00;49,00;0,00;71,01;79,98;32,42;180,00;863,23;179,82;814,17;855,15;77,87;0,33
7710;0,00;0,00;0,00;0,00;49,00;0,00;71,02;80,00;32,44;180,01;861,65;179,87;813,85;852,45;77,87;0,33
7715;0,00;0,00;0,00;0,00;48,99;0,00;70,97;80,03;32,41;180,01;860,15;179,95;813,82;851,43;77,87;0,33
7720;0,00;0,00;0,00;0,00;49,00;0,00;71,00;80,00;32,42;180,02;860,76;179,98;814,12;851,97;77,87;0,33
7725;0,00;0,00;0,00;0,00;49,00;0,00;71,01;80,00;32,43;180,02;864,08;180,02;814,97;854,64;77,87;0,33
7730;0,00;0,00;0,00;0,00;49,00;0,00;71,00;80,00;32,42;180,02;866,09;180,03;815,24;856,07;77,87;0,33
7735;0,00;0,00;0,00;0,00;49,00;0,00;71,02;79,98;32,42;180,01;868,16;180,01;815,39;857,77;77,87;0,33
7740;0,00;0,00;0,00;0,00;49,00;0,00;71,00;80,00;32,42;179,99;868,17;179,99;815,34;857,80;77,87;0,33
7745;0,00;0,00;0,00;0,00;49,00;0,00;71,02;80,02;32,43;179,99;866,37;179,91;814,96;856,37;77,87;0,33
7750;0,00;0,00;0,00;0,00;49,00;0,00;71,00;80,00;32,43;180,00;864,89;179,87;814,59;855,10;77,87;0,33
7755;0,00;0,00;0,00;0,00;49,00;0,00;71,00;80,00;32,42;180,01;861,48;179,79;813,83;852,45;77,87;0,33
7760;0,00;0,00;0,00;0,00;49,00;0,00;71,00;79,98;32,43;180,01;860,39;179,74;813,71;851,58;77,87;0,33
7765;0,00;0,00;0,00;0,00;49,00;0,00;71,01;79,98;32,43;180,01;860,72;179,68;814,12;851,96;77,87;0,33
7770;0,00;0,00;0,00;0,00;49,01;0,00;71,02;80,02;32,43;180,02;862,28;179,66;814,55;853,15;77,87;0,33
7775;0,00;0,00;0,00;0,00;49,00;0,00;71,01;79,98;32,44;180,01;866,08;179,65;815,24;856,11;77,87;0,33
7780;0,00;0,00;0,00;0,00;49,00;0,00;71,00;80,02;32,43;180,01;867,45;179,66;815,34;857,20;77,87;0,33
7785;0,00;0,00;0,00;0,00;49,00;0,00;70,99;79,98;32,44;180,00;868,12;179,72;815,34;857,79;77,87;0,33
7790;0,00;0,00;0,00;0,00;49,00;0,00;71,00;79,98;32,47;179,99;867,48;179,76;815,20;857,28;77,87;0,33
7795;0,00;0,00;0,00;0,00;49,00;0,00;71,01;80,02;32,46;179,99;864,76;179,84;814,59;855,04;77,87;0,33
7800;0,00;0,00;0,00;0,00;49,00;0,00;70,98;80,02;32,45;179,98;863,06;179,89;814,16;853,63;77,87;0,33
7805;0,00;0,00;0,00;0,00;49,00;0,00;71,00;80,00;32,46;179,99;860,38;179,96;813,72;851,56;77,87;0,33
7810;0,00;0,00;0,00;0,00;49,00;0,00;71,00;80,05;32,47;180,03;860,08;179,99;813,83;851,39;77,87;0,33
7815;0,00;0,00;0,00;0,00;49,00;0,00;71,01;80,00;32,48;180,04;862,26;180,00;814,58;853,20;77,87;0,33
7820;0,00;0,00;0,00;0,00;49,00;0,00;71,00;79,98;32,47;180,04;864,19;179,99;815,00;854,70;77,87;0,33
7825;0,00;0,00;0,00;0,00;49,00;0,00;71,00;79,97;32,48;180,02;867,51;179,95;815,36;857,20;77,87;0,33
7830;0,00;0,00;0,00;0,00;49,00;0,00;71,00;79,97;32,49;179,98;868,12;179,91;815,39;857,77;77,87;0,33
7835;0,00;0,00;0,00;0,00;49,00;0,00;71,00;80,02;32,49;179,98;867,48;179,83;815,19;857,25;77,87;0,33
7840;0,00;0,00;0,00;0,00;49,00;0,00;71,01;80,02;32,48;179,99;864,76;179,78;814,95;856,30;77,87;0,33
7845;0,00;0,00;0,00;0,00;49,00;0,00;71,01;79,97;32,50;180,00;863,07;179,72;814,16;853,63;77,87;0,33
7850;0,00;0,00;0,00;0,00;49,00;0,00;71,00;79,98;32,49;180,03;860,42;179,67;813,84;852,39;77,87;0,33
7855;0,00;0,00;0,00;0,00;49,00;0,00;71,01;79,97;32,49;180,04;860,14;179,64;813,84;851,43;77,87;0,33
7860;0,00;0,00;0,00;0,00;49,00;0,00;71,02;79,98;32,48;180,03;862,29;179,63;814,14;852,00;77,87;0,33
7865;0,00;0,00;0,00;0,00;49,00;0,00;71,00;80,03;32,50;180,02;864,20;179,66;815,00;854,75;77,87;0,33
7870;0,00;0,00;0,00;0,00;49,00;0,00;71,00;79,98;32,51;179,99;867,52;179,68;815,24;856,16;77,87;0,33
7875;0,00;0,00;0,00;0,00;49,00;0,00;70,97;80,00;32,50;179,99;868,16;179,74;815,36;857,78;77,87;0,33
7880;0,00;0,00;0,00;0,00;49,00;0,00;71,00;80,03;32,50;179,99;867,36;179,79;815,32;857,76;77,87;0,33
7885;0,00;0,00;0,00;0,00;49,01;0,00;71,01;80,02;32,52;180,01;866,21;179,86;814,91;856,27;77,87;0,33
7890;0,00;0,00;0,00;0,00;49,00;0,00;71,02;79,98;32,52;180,03;863,01;179,90;814,54;855,01;77,87;0,33
7895;0,00;0,00;0,00;0,00;49,00;0,00;71,00;80,00;32,54;180,03;861,49;179,95;813,81;852,35;77,87;0,33
7900;0,00;0,00;0,00;0,00;49,00;0,00;70,98;79,98;32,52;180,05;860,18;179,96;813,72;851,58;77,87;0,33
7905;0,00;0,00;0,00;0,00;49,01;0,00;71,01;80,02;32,51;180,05;860,88;179,95;814,15;852,09;77,87;0,33
7910;0,00;0,00;0,00;0,00;49,00;0,00;71,02;79,97;32,51;180,02;864,32;179,92;814,59;853,31;77,87;0,33
7915;0,00;0,00;0,00;0,00;49,00;0,00;71,03;79,97;32,52;180,01;866,12;179,89;815,21;856,18;77,87;0,33
7920;0,00;0,00;0,00;0,00;48,99;0,00;71,00;80,02;32,51;180,00;868,11;179,82;815,32;857,19;77,87;0,33
7925;0,00;0,00;0,00;0,00;49,00;0,00;71,00;79,98;32,53;180,00;868,00;179,78;815,27;857,69;77,87;0,33
7930;0,00;0,00;0,00;0,00;49,00;0,00;71,00;79,98;32,52;180,01;866,16;179,71;815,12;857,13;77,87;0,33
7935;0,00;0,00;0,00;0,00;49,00;0,00;71,01;80,02;32,55;180,02;864,53;179,68;814,47;854,87;77,87;0,33
7940;0,00;0,00;0,00;0,00;49,00;0,00;71,01;79,98;32,54;180,01;861,34;179,66;814,06;853,50;77,87;0,33
7945;0,00;0,00;0,00;0,00;49,00;0,00;70,98;80,02;32,53;180,02;860,30;179,66;813,67;851,54;77,87;0,33
7950;0,00;0,00;0,00;0,00;49,00;0,00;71,02;80,00;32,52;180,00;860,98;179,67;813,81;851,50;77,87;0,33
7955;0,00;0,00;0,00;0,00;49,00;0,00;71,01;80,02;32,53;180,00;862,53;179,70;814,59;853,45;77,87;0,33
7960;0,00;0,00;0,00;0,00;49,00;0,00;71,00;80,00;32,55;180,00;866,38;179,75;814,99;854,96;77,87;0,33
7965;0,00;0,00;0,00;0,00;49,00;0,00;71,00;80,00;32,54;180,01;867,61;179,79;815,28;857,30;77,87;0,33
7970;0,00;0,00;0,00;0,00;49,00;0,00;71,02;80,03;32,54;180,00;867,96;179,86;815,29;857,76;77,87;0,33
7975;0,00;0,00;0,00;0,00;49,00;0,00;71,00;80,05;32,52;180,00;867,23;179,88;815,07;857,05;77,87;0,33
7980;0,00;0,00;0,00;0,00;49,00;0,00;71,00;80,00;32,52;180,00;864,41;179,92;814,40;856,04;77,87;0,33
7985;0,00;0,00;0,00;0,00;49,00;0,00;70,98;80,00;32,52;180,01;862,72;179,93;813,99;853,35;77,87;0,33
7990;0,00;0,00;0,00;0,00;49,00;0,00;71,00;79,98;32,52;180,03;860,29;179,93;813,66;852,19;77,87;0,33
7995;0,00;0,00;0,00;0,00;49,00;0,00;71,00;80,02;32,52;180,04;860,18;179,91;813,80;851,47;77,87;0,33
8000;0,00;0,00;0,00;0,00;49,00;0,00;71,00;80,03;32,52;180,04;862,60;179,87;814,59;852,18;77,87;0,33
8005;0,00;0,00;0,00;0,00;49,00;0,00;71,00;80,02;32,54;180,04;864,55;179,83;814,98;854,95;77,87;0,33
8010;0,00;0,00;0,00;0,00;49,00;0,00;71,00;80,02;32,53;180,00;867,63;179,77;815,27;856,31;77,87;0,33
8015;0,00;0,00;0,00;0,00;49,00;0,00;71,02;79,98;32,53;179,98;868,13;179,74;815,28;857,75;77,87;0,33
8020;0,00;0,00;0,00;0,00;49,00;0,00;71,02;79,98;32,53;179,99;867,19;179,70;815,05;857,06;77,87;0,33
8025;0,00;0,00;0,00;0,00;49,00;0,00;71,02;80,00;32,52;180,02;865,99;179,69;814,78;856,05;77,87;0,33
8030;0,00;0,00;0,00;0,00;48,99;0,00;71,00;80,00;32,52;180,03;862,64;179,68;813,98;853,33;77,87;0,33
8035;0,00;0,00;0,00;0,00;49,00;0,00;70,98;80,00;32,54;180,03;861,18;179,69;813,71;852,19;77,87;0,33
8040;0,00;0,00;0,00;0,00;49,00;0,00;71,00;80,03;32,55;180,02;860,19;179,70;813,81;851,49;77,87;0,33
8045;0,00;0,00;0,00;0,00;49,00;0,00;71,00;80,03;32,54;180,00;861,02;179,73;814,14;852,23;77,87;0,33
8050;0,00;0,00;0,00;0,00;49,00;0,00;71,00;79,97;32,55;179,98;864,65;179,77;814,98;855,01;77,87;0,33
8055;0,00;0,00;0,00;0,00;48,99;0,00;71,00;80,03;32,54;179,99;866,39;179,79;815,19;856,34;77,87;0,33
8060;0,00;0,00;0,00;0,00;49,00;0,00;70,98;80,00;32,55;180,00;868,06;179,85;815,26;857,70;77,87;0,33
8065;0,00;0,00;0,00;0,00;49,00;0,00;70,99;80,02;32,54;180,03;867,83;179,86;815,19;857,57;77,87;0,33
8070;0,00;0,00;0,00;0,00;49,00;0,00;70,99;79,98;32,55;180,04;865,80;179,90;814,73;855,87;77,87;0,33
8075;0,00;0,00;0,00;0,00;49,00;0,00;71,00;80,03;32,55;180,03;864,24;179,90;814,35;854,60;77,87;0,33
8080;0,00;0,00;0,00;0,00;49,00;0,00;70,98;80,00;32,55;180,02;861,04;179,89;813,68;852,10;77,87;0,33
8085;0,00;0,00;0,00;0,00;49,01;0,00;71,01;80,00;32,55;180,00;860,23;179,87;813,65;851,48;77,87;0,33
8090;0,00;0,00;0,00;0,00;49,00;0,00;71,00;79,98;32,53;179,99;861,14;179,82;814,20;852,30;77,87;0,33
8095;0,00;0,00;0,00;0,00;49,00;0,00;71,00;80,05;32,55;180,00;864,71;179,80;814,65;853,60;77,87;0,33
8100;0,00;0,00;0,00;0,00;49,00;0,00;71,00;79,98;32,54;180,01;866,41;179,74;815,17;856,40;77,87;0,33
8105;0,00;0,00;0,00;0,00;48,99;0,00;71,00;80,03;32,55;180,01;868,02;179,71;815,25;857,30;77,87;0,33
8110;0,00;0,00;0,00;0,00;49,01;0,00;71,01;80,00;32,56;180,01;867,75;179,67;815,16;857,50;77,87;0,33
8115;0,00;0,00;0,00;0,00;49,01;0,00;71,00;79,98;32,56;180,00;865,68;179,66;814,98;856,82;77,87;0,33
8120;0,00;0,00;0,00;0,00;49,01;0,00;70,98;80,00;32,55;180,01;864,00;179,67;814,28;854,44;77,87;0,33
8125;0,00;0,00;0,00;0,00;49,00;0,00;71,02;80,02;32,58;180,03;860,94;179,68;813,88;853,09;77,87;0,33
8130;0,00;0,00;0,00;0,00;49,00;0,00;71,01;79,98;32,57;180,05;860,18;179,73;813,64;851,46;77,87;0,33
8135;0,00;0,00;0,00;0,00;49,00;0,00;71,00;80,02;32,57;180,04;861,26;179,79;813,84;851,59;77,87;0,33
8140;0,00;0,00;0,00;0,00;49,00;0,00;70,98;80,02;32,57;180,03;863,09;179,82;814,66;853,79;77,87;0,33
8145;0,00;0,00;0,00;0,00;49,00;0,00;70,98;80,00;32,57;179,98;866,66;179,89;815,01;855,28;77,87;0,33
8150;0,00;0,00;0,00;0,00;49,00;0,00;71,00;80,00;32,58;179,98;867,71;179,92;815,25;857,41;77,87;0,33
8155;0,00;0,00;0,00;0,00;49,00;0,00;71,00;80,00;32,57;179,99;867,74;179,94;815,24;857,72;77,87;0,33
8160;0,00;0,00;0,00;0,00;49,00;0,00;71,01;79,98;32,57;180,01;866,80;179,94;814,95;856,77;77,87;0,33
8165;0,00;0,00;0,00;0,00;49,01;0,00;70,99;79,98;32,57;180,05;863,90;179,91;814,64;855,67;77,87;0,33
8170;0,00;0,00;0,00;0,00;49,00;0,00;71,00;79,98;32,57;180,05;862,24;179,89;813,85;852,99;77,87;0,33
8175;0,00;0,00;0,00;0,00;49,00;0,00;71,00;79,98;32,59;180,03;860,10;179,82;813,62;851,92;77,87;0,33
8180;0,00;0,00;0,00;0,00;49,00;0,00;70,99;79,98;32,58;180,02;860,29;179,79;813,82;851,57;77,87;0,33
8185;0,00;0,00;0,00;0,00;49,01;0,00;70,98;80,02;32,59;179,99;863,08;179,71;814,66;852,46;77,87;0,33
8190;0,00;0,00;0,00;0,00;49,00;0,00;71,03;80,00;32,59;180,00;865,01;179,68;815,00;855,33;77,87;0,33
8195;0,00;0,00;0,00;0,00;49,01;0,00;71,00;79,97;32,59;180,02;867,79;179,63;815,22;856,59;77,87;0,33
8200;0,00;0,00;0,00;0,00;49,00;0,00;71,01;80,00;32,59;180,02;868,09;179,62;815,22;857,75;77,87;0,33
8205;0,00;0,00;0,00;0,00;48,99;0,00;71,00;80,00;32,59;180,03;866,85;179,64;814,93;857,49;77,87;0,33
8210;0,00;0,00;0,00;0,00;48,99;0,00;71,00;80,02;32,58;180,02;865,44;179,66;814,62;855,64;77,87;0,33
8215;0,00;0,00;0,00;0,00;49,00;0,00;70,98;79,98;32,59;180,02;862,16;179,73;813,81;854,28;77,87;0,33
8220;0,00;0,00;0,00;0,00;48,99;0,00;70,98;79,98;32,60;180,00;860,80;179,76;813,60;851,87;77,87;0,33
8225;0,00;0,00;0,00;0,00;49,00;0,00;71,00;80,00;32,61;179,99;860,25;179,84;813,81;851,57;77,87;0,33
8230;0,00;0,00;0,00;0,00;49,00;0,00;71,03;80,02;32,60;180,01;861,40;179,87;814,20;852,49;77,87;0,33
8235;0,00;0,00;0,00;0,00;49,00;0,00;71,00;79,98;32,61;180,02;865,10;179,93;814,99;855,38;77,87;0,33
8240;0,00;0,00;0,00;0,00;49,00;0,00;71,02;79,98;32,61;180,04;866,74;179,96;815,15;856,64;77,87;0,33
8245;0,00;0,00;0,00;0,00;49,00;0,00;71,02;79,98;32,62;180,04;868,08;179,98;815,21;857,75;77,87;0,33
8250;0,00;0,00;0,00;0,00;49,00;0,00;71,00;80,00;32,61;180,01;867,71;179,95;815,11;857,49;77,87;0,33
8255;0,00;0,00;0,00;0,00;49,00;0,00;71,00;79,98;32,63;180,00;865,48;179,92;814,61;855,63;77,87;0,33
8260;0,00;0,00;0,00;0,00;48,99;0,00;71,00;80,00;32,63;180,01;863,88;179,88;814,20;854,29;77,87;0,33
8265;0,00;0,00;0,00;0,00;49,00;0,00;71,02;80,03;32,62;180,01;860,77;179,80;813,59;851,90;77,87;0,33
8270;0,00;0,00;0,00;0,00;49,00;0,00;71,00;80,00;32,61;180,01;860,10;179,76;813,61;851,41;77,87;0,33
8275;0,00;0,00;0,00;0,00;49,00;0,00;71,00;79,98;32,64;180,02;861,40;179,70;814,22;852,57;77,87;0,33
8280;0,00;0,00;0,00;0,00;49,00;0,00;71,02;80,02;32,63;180,02;863,30;179,67;814,67;853,97;77,87;0,33
8285;0,00;0,00;0,00;0,00;49,00;0,00;71,01;80,03;32,62;180,04;866,82;179,65;815,16;856,68;77,87;0,33
8290;0,00;0,00;0,00;0,00;49,00;0,00;71,00;80,02;32,62;180,02;868,06;179,64;815,21;857,49;77,87;0,33
8295;0,00;0,00;0,00;0,00;49,00;0,00;71,00;80,00;32,63;180,02;867,68;179,68;815,10;857,45;77,87;0,33
8300;0,00;0,00;0,00;0,00;49,01;0,00;70,98;80,00;32,63;179,99;865,34;179,70;814,90;856,70;77,87;0,33
8305;0,00;0,00;0,00;0,00;49,00;0,00;71,00;80,00;32,62;179,97;863,72;179,77;814,17;854,23;77,87;0,33
8310;0,00;0,00;0,00;0,00;48,99;0,00;71,00;80,00;32,64;179,98;860,76;179,81;813,80;852,89;77,87;0,33
8315;0,00;0,00;0,00;0,00;49,00;0,00;71,01;80,03;32,63;179,99;860,10;179,87;813,60;851,39;77,87;0,33
8320;0,00;0,00;0,00;0,00;49,01;0,00;71,02;80,00;32,65;180,03;861,51;179,89;813,82;851,65;77,87;0,33
8325;0,00;0,00;0,00;0,00;48,99;0,00;70,99;80,00;32,63;180,05;863,29;179,92;814,68;854,03;77,87;0,33
8330;0,00;0,00;0,00;0,00;49,00;0,00;71,03;80,00;32,64;180,06;866,83;179,92;815,00;855,46;77,87;0,33
8335;0,00;0,00;0,00;0,00;48,99;0,00;71,00;80,02;32,63;180,05;867,81;179,91;815,21;857,51;77,87;0,33
8340;0,00;0,00;0,00;0,00;49,00;0,00;71,00;80,00;32,64;180,00;867,65;179,87;815,18;857,75;77,87;0,33
8345;0,00;0,00;0,00;0,00;49,00;0,00;71,00;79,98;32,64;179,99;866,70;179,84;814,88;856,66;77,87;0,33
8350;0,00;0,00;0,00;0,00;49,00;0,00;70,99;79,98;32,66;179,98;863,76;179,79;814,55;855,53;77,87;0,33
8355;0,00;0,00;0,00;0,00;49,00;0,00;71,00;80,00;32,66;179,99;861,99;179,76;813,78;852,83;77,87;0,33
8360;0,00;0,00;0,00;0,00;49,00;0,00;71,01;80,03;32,64;180,01;860,09;179,73;813,58;851,83;77,87;0,33
8365;0,00;0,00;0,00;0,00;49,01;0,00;71,01;80,00;32,67;180,02;860,37;179,71;813,86;851,68;77,87;0,33
8370;0,00;0,00;0,00;0,00;48,99;0,00;71,00;79,98;32,65;180,03;863,28;179,71;814,26;852,66;77,87;0,33
8375;0,00;0,00;0,00;0,00;49,00;0,00;71,00;80,02;32,66;180,03;865,34;179,71;815,02;855,52;77,87;0,33
8380;0,00;0,00;0,00;0,00;49,00;0,00;71,03;79,98;32,66;180,00;867,79;179,74;815,20;856,73;77,87;0,33
8385;0,00;0,00;0,00;0,00;49,00;0,00;71,02;80,02;32,66;179,99;868,00;179,76;815,18;857,68;77,87;0,33
8390;0,00;0,00;0,00;0,00;49,00;0,00;71,02;79,98;32,66;179,97;866,53;179,80;814,84;857,35;77,87;0,33
8395;0,00;0,00;0,00;0,00;49,01;0,00;71,00;80,02;32,69;179,97;865,16;179,83;814,51;855,41;77,87;0,33
8400;0,00;0,00;0,00;0,00;49,00;0,00;71,00;80,00;32,68;180,01;861,91;179,88;813,74;854,04;77,87;0,33
8405;0,00;0,00;0,00;0,00;49,01;0,00;71,00;79,95;32,68;180,03;860,64;179,89;813,55;851,77;77,87;0,33
8410;0,00;0,00;0,00;0,00;49,00;0,00;71,02;80,00;32,67;180,04;860,38;179,91;813,85;851,39;77,87;0,33
8415;0,00;0,00;0,00;0,00;49,00;0,00;71,00;80,02;32,68;180,04;861,67;179,92;814,25;852,70;77,87;0,33
8420;0,00;0,00;0,00;0,00;49,00;0,00;71,02;80,00;32,69;180,02;865,41;179,91;815,01;855,58;77,87;0,33
8425;0,00;0,00;0,00;0,00;49,00;0,00;70,99;80,00;32,66;179,99;866,93;179,90;815,14;856,77;77,87;0,33
8430;0,00;0,00;0,00;0,00;49,00;0,00;71,01;79,97;32,68;179,98;868,02;179,86;815,15;857,72;77,87;0,33
8435;0,00;0,00;0,00;0,00;49,00;0,00;71,02;79,98;32,68;179,98;867,58;179,84;815,04;857,36;77,87;0,33
8440;0,00;0,00;0,00;0,00;48,99;0,00;71,00;80,02;32,66;179,99;865,16;179,79;814,49;855,40;77,87;0,33
8445;0,00;0,00;0,00;0,00;49,01;0,00;71,00;80,05;32,69;180,03;863,53;179,76;814,08;854,03;77,87;0,33
8450;0,00;0,00;0,00;0,00;49,01;0,00;71,02;80,00;32,68;180,05;860,61;179,72;813,52;851,74;77,87;0,33
8455;0,00;0,00;0,00;0,00;49,01;0,00;71,00;79,97;32,68;180,06;860,02;179,71;813,56;851,35;77,87;0,33
8460;0,00;0,00;0,00;0,00;48,99;0,00;71,02;80,00;32,70;180,05;861,63;179,71;814,22;852,70;77,87;0,33
8465;0,00;0,00;0,00;0,00;49,00;0,00;71,00;80,02;32,68;180,03;865,37;179,71;814,67;854,14;77,87;0,33
8470;0,00;0,00;0,00;0,00;49,00;0,00;71,03;80,02;32,69;180,01;866,93;179,74;815,13;856,81;77,87;0,33
8475;0,00;0,00;0,00;0,00;49,00;0,00;71,00;80,03;32,69;179,99;868,05;179,76;815,18;857,55;77,87;0,33
8480;0,00;0,00;0,00;0,00;49,00;0,00;71,00;80,00;32,68;179,98;867,58;179,82;815,03;857,39;77,87;0,33
8485;0,00;0,00;0,00;0,00;49,00;0,00;71,00;80,00;32,69;180,00;865,24;179,85;814,83;856,62;77,87;0,33
8490;0,00;0,00;0,00;0,00;49,00;0,00;71,01;80,03;32,68;180,01;863,60;179,89;814,07;854,06;77,87;0,33
8495;0,00;0,00;0,00;0,00;48,99;0,00;71,00;80,02;32,69;180,01;860,61;179,91;813,73;852,78;77,87;0,33
8500;0,00;0,00;0,00;0,00;49,01;0,00;71,03;79,98;32,68;180,01;860,08;179,92;813,58;851,41;77,87;0,33
8505;0,00;0,00;0,00;0,00;49,00;0,00;71,00;79,98;32,68;180,02;861,64;179,92;813,83;851,74;77,87;0,33
8510;0,00;0,00;0,00;0,00;49,00;0,00;70,99;80,00;32,68;180,03;863,59;179,91;814,69;854,22;77,87;0,33
8515;0,00;0,00;0,00;0,00;49,00;0,00;71,00;79,98;32,66;180,02;867,00;179,89;815,01;855,68;77,87;0,33
8520;0,00;0,00;0,00;0,00;49,01;0,00;70,98;80,03;32,68;180,00;867,87;179,85;815,17;857,58;77,87;0,33
8525;0,00;0,00;0,00;0,00;49,00;0,00;71,01;79,98;32,67;179,98;867,52;179,83;815,15;857,73;77,87;0,33
8530;0,00;0,00;0,00;0,00;49,00;0,00;71,00;79,98;32,68;179,99;866,51;179,78;814,81;856,54;77,87;0,33
8535;0,00;0,00;0,00;0,00;49,01;0,00;71,00;80,00;32,70;180,02;863,49;179,73;814,49;855,35;77,87;0,33
8540;0,00;0,00;0,00;0,00;49,00;0,00;71,01;80,02;32,69;180,03;861,87;179,72;813,70;852,67;77,87;0,33
8545;0,00;0,00;0,00;0,00;49,01;0,00;70,98;80,00;32,68;180,04;860,01;179,71;813,52;851,71;77,87;0,33
8550;0,00;0,00;0,00;0,00;49,00;0,00;71,01;79,98;32,70;180,04;860,41;179,71;813,83;851,72;77,87;0,33
8555;0,00;0,00;0,00;0,00;49,00;0,00;70,99;80,02;32,69;180,03;863,50;179,74;814,23;852,75;77,87;0,33
8560;0,00;0,00;0,00;0,00;49,00;0,00;71,00;79,98;32,70;180,01;865,56;179,75;815,01;855,67;77,87;0,33
8565;0,00;0,00;0,00;0,00;49,00;0,00;71,02;79,98;32,71;179,98;867,91;179,81;815,14;856,89;77,87;0,33
8570;0,00;0,00;0,00;0,00;48,99;0,00;70,98;80,03;32,70;179,97;868,06;179,84;815,15;857,76;77,87;0,33
8575;0,00;0,00;0,00;0,00;49,00;0,00;71,00;80,00;32,70;179,98;866,60;179,90;814,82;857,39;77,87;0,33
8580;0,00;0,00;0,00;0,00;49,00;0,00;71,00;79,97;32,71;179,99;865,11;179,92;814,48;855,40;77,87;0,33
8585;0,00;0,00;0,00;0,00;49,00;0,00;71,02;79,98;32,71;180,02;861,83;179,94;813,70;854,02;77,87;0,33
8590;0,00;0,00;0,00;0,00;49,00;0,00;70,98;80,02;32,70;180,03;860,58;179,94;813,53;851,74;77,87;0,33
8595;0,00;0,00;0,00;0,00;49,00;0,00;71,00;80,02;32,70;180,04;860,47;179,92;813,85;851,39;77,87;0,33
8600;0,00;0,00;0,00;0,00;49,00;0,00;71,00;80,00;32,71;180,03;861,74;179,91;814,27;852,76;77,87;0,33
8605;0,00;0,00;0,00;0,00;49,00;0,00;71,00;80,00;32,72;180,01;865,47;179,85;815,00;854,19;77,87;0,33
8610;0,00;0,00;0,00;0,00;49,00;0,00;71,00;80,00;32,70;179,99;866,98;179,82;815,12;856,86;77,87;0,33
8615;0,00;0,00;0,00;0,00;48,99;0,00;71,00;80,05;32,71;179,98;868,01;179,76;815,13;857,57;77,87;0,33
8620;0,00;0,00;0,00;0,00;49,00;0,00;71,01;80,00;32,71;179,99;867,52;179,73;815,01;857,35;77,87;0,33
8625;0,00;0,00;0,00;0,00;49,00;0,00;71,03;80,02;32,71;180,00;865,14;179,70;814,45;855,33;77,87;0,33
8630;0,00;0,00;0,00;0,00;49,00;0,00;70,98;79,98;32,70;180,03;863,48;179,69;814,02;853,96;77,87;0,33
8635;0,00;0,00;0,00;0,00;49,01;0,00;71,00;80,03;32,72;180,03;860,51;179,69;813,50;851,70;77,87;0,33
8640;0,00;0,00;0,00;0,00;48,99;0,00;71,02;79,98;32,72;180,03;860,00;179,70;813,55;851,35;77,87;0,33
8645;0,00;0,00;0,00;0,00;49,00;0,00;70,99;80,02;32,71;180,01;861,61;179,75;814,24;852,76;77,87;0,33
8650;0,00;0,00;0,00;0,00;49,01;0,00;71,02;80,00;32,72;179,99;863,58;179,78;814,67;854,19;77,87;0,33
8655;0,00;0,00;0,00;0,00;48,99;0,00;71,00;80,00;32,73;179,98;867,01;179,85;815,13;856,85;77,87;0,33
8660;0,00;0,00;0,00;0,00;49,00;0,00;71,00;80,00;32,71;180,00;867,89;179,89;815,17;857,58;77,87;0,33
8665;0,00;0,00;0,00;0,00;49,00;0,00;71,00;80,02;32,72;180,01;867,60;179,95;815,03;857,40;77,87;0,33
8670;0,00;0,00;0,00;0,00;49,00;0,00;70,98;80,00;32,75;180,04;865,15;179,97;814,82;856,59;77,87;0,33
8675;0,00;0,00;0,00;0,00;49,00;0,00;70,98;79,98;32,74;180,04;863,51;180,00;814,07;854,04;77,87;0,33
8680;0,00;0,00;0,00;0,00;49,00;0,00;71,00;80,00;32,72;180,02;860,59;179,99;813,70;852,73;77,87;0,33
8685;0,00;0,00;0,00;0,00;49,02;0,00;70,99;80,00;32,74;180,00;860,02;179,96;813,57;851,37;77,87;0,33
8690;0,00;0,00;0,00;0,00;48,99;0,00;71,01;79,98;32,76;179,99;861,64;179,94;813,82;851,69;77,87;0,33
8695;0,00;0,00;0,00;0,00;49,00;0,00;70,98;80,00;32,74;179,99;863,46;179,87;814,66;854,13;77,87;0,33
8700;0,00;0,00;0,00;0,00;49,02;0,00;71,00;80,00;32,76;180,01;866,88;179,84;814,96;855,58;77,87;0,33
8705;0,00;0,00;0,00;0,00;49,01;0,00;71,02;79,97;32,75;180,02;867,78;179,76;815,14;857,50;77,87;0,33
8710;0,00;0,00;0,00;0,00;49,00;0,00;71,02;80,03;32,77;180,03;867,48;179,73;815,10;857,68;77,87;0,33
8715;0,00;0,00;0,00;0,00;49,00;0,00;71,00;80,00;32,75;180,03;866,49;179,68;814,76;856,50;77,87;0,33
8720;0,00;0,00;0,00;0,00;49,01;0,00;71,00;80,00;32,77;180,02;863,49;179,67;814,43;855,35;77,87;0,33
8725;0,00;0,00;0,00;0,00;49,00;0,00;71,00;80,02;32,75;180,01;861,87;179,67;813,64;852,68;77,87;0,33
8730;0,00;0,00;0,00;0,00;49,00;0,00;71,00;80,00;32,75;179,99;860,02;179,72;813,47;851,72;77,87;0,33
8735;0,00;0,00;0,00;0,00;49,00;0,00;71,00;80,00;32,77;179,99;860,41;179,75;813,78;851,72;77,87;0,33
8740;0,00;0,00;0,00;0,00;49,00;0,00;70,98;80,00;32,77;180,00;863,44;179,83;814,19;852,75;77,87;0,33
8745;0,00;0,00;0,00;0,00;49,00;0,00;70,97;80,02;32,76;180,00;865,32;179,87;814,92;855,60;77,87;0,33
8750;0,00;0,00;0,00;0,00;49,00;0,00;71,01;80,00;32,76;180,03;867,77;179,94;815,04;856,76;77,87;0,33
8755;0,00;0,00;0,00;0,00;49,00;0,00;71,00;80,00;32,75;180,03;867,91;179,96;815,04;857,62;77,87;0,33
8760;0,00;0,00;0,00;0,00;49,00;0,00;71,00;80,02;32,76;180,02;866,44;180,00;814,92;857,24;77,87;0,33
8765;0,00;0,00;0,00;0,00;48,99;0,00;70,99;80,02;32,78;180,01;864,94;180,00;814,37;855,23;77,87;0,33
8770;0,00;0,00;0,00;0,00;49,00;0,00;71,01;80,03;32,78;180,00;861,71;179,98;813,58;853,88;77,87;0,33
8775;0,00;0,00;0,00;0,00;49,00;0,00;71,00;79,98;32,78;179,99;860,50;179,95;813,42;851,67;77,87;0,33
8780;0,00;0,00;0,00;0,00;49,00;0,00;71,00;80,02;32,79;179,99;860,45;179,88;813,75;851,34;77,87;0,33
8785;0,00;0,00;0,00;0,00;49,00;0,00;71,00;80,02;32,78;179,99;861,75;179,85;814,18;852,76;77,87;0,33
8790;0,00;0,00;0,00;0,00;49,00;0,00;70,99;80,00;32,78;179,99;865,44;179,78;814,90;854,24;77,87;0,33
8795;0,00;0,00;0,00;0,00;49,00;0,00;71,00;79,98;32,79;180,01;866,93;179,74;815,02;856,80;77,87;0,33
8800;0,00;0,00;0,00;0,00;49,00;0,00;70,97;80,00;32,79;180,03;867,92;179,69;815,02;857,50;77,87;0,33
8805;0,00;0,00;0,00;0,00;49,00;0,00;71,00;80,02;32,80;180,03;867,41;179,67;814,91;857,26;77,87;0,33
8810;0,00;0,00;0,00;0,00;49,00;0,00;71,00;79,98;32,78;180,03;865,01;179,67;814,33;855,25;77,87;0,33
8815;0,00;0,00;0,00;0,00;48,99;0,00;71,00;80,03;32,79;179,99;863,37;179,68;813,90;853,88;77,87;0,33
8820;0,00;0,00;0,00;0,00;49,00;0,00;70,99;80,00;32,81;179,97;860,41;179,74;813,39;851,62;77,87;0,33
8825;0,00;0,00;0,00;0,00;49,00;0,00;70,99;80,02;32,78;179,98;859,95;179,77;813,46;851,30;77,87;0,33
8830;0,00;0,00;0,00;0,00;49,00;0,00;71,00;80,00;32,79;179,98;861,63;179,85;814,14;852,77;77,87;0,33
8835;0,00;0,00;0,00;0,00;49,00;0,00;70,99;80,00;32,78;180,00;863,47;179,89;814,57;854,19;77,87;0,33
8840;0,00;0,00;0,00;0,00;49,00;0,00;70,97;79,98;32,80;180,02;866,99;179,96;814,99;856,83;77,87;0,33
8845;0,00;0,00;0,00;0,00;48,99;0,00;71,00;80,00;32,77;180,02;867,82;179,99;815,03;857,52;77,87;0,33
8850;0,00;0,00;0,00;0,00;49,00;0,00;71,03;79,98;32,78;180,02;867,39;180,00;814,88;857,26;77,87;0,33
8855;0,00;0,00;0,00;0,00;49,00;0,00;71,00;80,00;32,80;180,01;866,36;180,00;814,65;856,42;77,87;0,33
8860;0,00;0,00;0,00;0,00;48,99;0,00;71,01;79,98;32,79;180,00;863,31;179,96;813,89;853,82;77,87;0,33
8865;0,00;0,00;0,00;0,00;49,00;0,00;71,02;80,02;32,79;179,99;861,70;179,93;813,55;852,59;77,87;0,33
8870;0,00;0,00;0,00;0,00;49,00;0,00;70,99;80,03;32,79;179,99;860,03;179,85;813,48;851,38;77,87;0,33
8875;0,00;0,00;0,00;0,00;49,01;0,00;70,99;80,00;32,80;179,99;860,51;179,80;813,75;851,82;77,87;0,33
8880;0,00;0,00;0,00;0,00;49,01;0,00;71,02;79,98;32,80;180,01;863,64;179,72;814,61;854,34;77,87;0,33
8885;0,00;0,00;0,00;0,00;49,00;0,00;70,99;79,95;32,80;180,02;867,02;179,69;814,87;855,70;77,87;0,33
8890;0,00;0,00;0,00;0,00;49,00;0,00;71,00;80,02;32,80;180,02;867,76;179,66;815,01;857,46;77,87;0,33
8895;0,00;0,00;0,00;0,00;49,00;0,00;71,02;79,97;32,80;180,02;867,24;179,66;814,95;857,54;77,87;0,33
8900;0,00;0,00;0,00;0,00;49,00;0,00;70,97;80,02;32,79;180,02;866,19;179,69;814,58;856,24;77,87;0,33
8905;0,00;0,00;0,00;0,00;49,00;0,00;71,00;80,00;32,80;180,01;863,01;179,72;814,24;855,03;77,87;0,33
8910;0,00;0,00;0,00;0,00;48,99;0,00;71,02;80,02;32,81;180,01;861,46;179,80;813,50;852,44;77,87;0,33
8915;0,00;0,00;0,00;0,00;49,00;0,00;71,00;80,03;32,78;179,99;860,02;179,84;813,39;851,60;77,87;0,33
8920;0,00;0,00;0,00;0,00;49,01;0,00;70,98;80,00;32,79;180,00;860,56;179,92;813,77;851,87;77,87;0,33
8925;0,00;0,00;0,00;0,00;49,01;0,00;71,00;80,00;32,81;180,01;863,94;179,96;814,22;852,99;77,87;0,33
8930;0,00;0,00;0,00;0,00;49,00;0,00;70,98;79,97;32,80;180,02;865,76;180,02;814,91;855,85;77,87;0,33
8935;0,00;0,00;0,00;0,00;49,00;0,00;71,00;80,00;32,78;180,04;867,83;180,04;815,01;856,94;77,87;0,33
8940;0,00;0,00;0,00;0,00;49,00;0,00;71,01;80,02;32,81;180,03;867,86;180,04;814,99;857,59;77,87;0,33
8945;0,00;0,00;0,00;0,00;49,00;0,00;71,02;80,03;32,81;180,02;866,11;180,00;814,86;857,13;77,87;0,33
8950;0,00;0,00;0,00;0,00;49,00;0,00;71,03;80,02;32,80;180,02;864,67;179,96;814,26;855,00;77,87;0,33
8955;0,00;0,00;0,00;0,00;48,99;0,00;71,02;79,98;32,81;180,00;861,42;179,88;813,84;853,62;77,87;0,33
8960;0,00;0,00;0,00;0,00;48,99;0,00;71,02;80,02;32,81;180,00;860,30;179,83;813,38;851,54;77,87;0,33
8965;0,00;0,00;0,00;0,00;49,00;0,00;70,99;80,03;32,81;180,01;860,59;179,75;813,79;851,34;77,87;0,33
8970;0,00;0,00;0,00;0,00;49,00;0,00;71,00;80,00;32,82;180,03;862,02;179,72;814,22;853,00;77,87;0,33
8975;0,00;0,00;0,00;0,00;49,00;0,00;71,00;80,02;32,81;180,05;865,73;179,68;814,90;854,47;77,87;0,33
8980;0,00;0,00;0,00;0,00;49,00;0,00;71,00;79,97;32,83;180,04;867,10;179,68;815,00;856,94;77,87;0,33
8985;0,00;0,00;0,00;0,00;49,00;0,00;71,02;80,03;32,82;180,02;867,81;179,71;814,96;857,53;77,87;0,33
8990;0,00;0,00;0,00;0,00;49,00;0,00;71,03;80,00;32,81;180,00;867,18;179,73;814,82;857,08;77,87;0,33
8995;0,00;0,00;0,00;0,00;49,00;0,00;71,00;79,98;32,82;179,98;864,63;179,81;814,20;856,17;77,87;0,33
9000;0,00;0,00;0,00;0,00;49,00;0,00;70,97;80,00;32,82;180,00;862,85;179,86;813,78;853,52;77,87;0,33
9005;0,00;0,00;0,00;0,00;49,00;0,00;70,98;80,02;32,81;180,01;860,25;179,95;813,36;852,29;77,87;0,33
9010;0,00;0,00;0,00;0,00;49,00;0,00;71,02;79,98;32,84;180,02;859,98;179,99;813,47;851,36;77,87;0,33
9015;0,00;0,00;0,00;0,00;49,01;0,00;70,98;80,03;32,84;180,04;862,05;180,04;814,23;853,07;77,87;0,33
9020;0,00;0,00;0,00;0,00;49,01;0,00;71,02;80,00;32,83;180,03;864,05;180,05;814,64;854,54;77,87;0,33
9025;0,00;0,00;0,00;0,00;49,00;0,00;71,00;80,00;32,85;180,01;867,21;180,04;815,00;857,00;77,87;0,33
9030;0,00;0,00;0,00;0,00;49,00;0,00;71,00;80,02;32,85;179,98;867,88;180,02;815,01;857,59;77,87;0,33
9035;0,00;0,00;0,00;0,00;49,00;0,00;71,00;80,03;32,83;179,98;867,25;179,96;814,82;857,12;77,87;0,33
9040;0,00;0,00;0,00;0,00;49,00;0,00;71,00;80,00;32,85;179,99;866,07;179,92;814,57;856,21;77,87;0,33
9045;0,00;0,00;0,00;0,00;49,00;0,00;71,00;79,98;32,85;180,00;862,92;179,82;813,79;853,54;77,87;0,33
9050;0,00;0,00;0,00;0,00;49,00;0,00;71,02;80,02;32,84;180,03;861,35;179,78;813,46;852,33;77,87;0,33
9055;0,00;0,00;0,00;0,00;49,00;0,00;71,02;79,98;32,84;180,04;859,91;179,71;813,44;851,30;77,87;0,33
9060;0,00;0,00;0,00;0,00;49,00;0,00;71,00;79,98;32,84;180,05;860,55;179,69;813,74;851,84;77,87;0,33
9065;0,00;0,00;0,00;0,00;48,99;0,00;71,01;80,00;32,84;180,04;863,90;179,68;814,62;854,53;77,87;0,33
9070;0,00;0,00;0,00;0,00;48,99;0,00;71,00;80,02;32,84;180,02;867,17;179,69;814,87;855,94;77,87;0,33
9075;0,00;0,00;0,00;0,00;49,01;0,00;71,00;80,02;32,83;180,01;867,93;179,75;815,00;857,63;77,87;0,33
9080;0,00;0,00;0,00;0,00;49,00;0,00;71,00;80,02;32,84;180,00;867,30;179,79;814,96;857,67;77,87;0,33
9085;0,00;0,00;0,00;0,00;49,00;0,00;70,98;79,97;32,85;180,02;866,21;179,88;814,59;856,30;77,87;0,33
9090;0,00;0,00;0,00;0,00;48,99;0,00;71,00;80,00;32,86;180,04;863,10;179,93;814,23;855,07;77,87;0,33
9095;0,00;0,00;0,00;0,00;49,00;0,00;71,00;80,00;32,87;180,04;861,51;180,00;813,47;852,42;77,87;0,33
9100;0,00;0,00;0,00;0,00;49,00;0,00;70,99;80,02;32,85;180,03;859,95;180,03;813,34;851,57;77,87;0,33
9105;0,00;0,00;0,00;0,00;49,00;0,00;71,01;80,02;32,86;180,02;860,49;180,05;813,71;851,80;77,87;0,33
9110;0,00;0,00;0,00;0,00;48,99;0,00;71,00;80,03;32,86;180,02;863,73;180,04;814,15;852,93;77,87;0,33
9115;0,00;0,00;0,00;0,00;49,00;0,00;71,00;80,00;32,87;180,04;865,60;180,01;814,86;855,82;77,87;0,33
9120;0,00;0,00;0,00;0,00;49,00;0,00;71,02;79,98;32,87;180,05;867,87;179,94;814,97;856,94;77,87;0,33
9125;0,00;0,00;0,00;0,00;49,00;0,00;71,03;80,00;32,87;180,04;867,91;179,89;814,95;857,65;77,87;0,33
9130;0,00;0,00;0,00;0,00;49,00;0,00;71,01;80,02;32,86;180,01;866,19;179,81;814,82;857,18;77,87;0,33
9135;0,00;0,00;0,00;0,00;49,00;0,00;70,99;80,00;32,87;180,00;864,74;179,77;814,22;855,07;77,87;0,33
9140;0,00;0,00;0,00;0,00;49,00;0,00;71,00;80,00;32,87;179,98;861,50;179,71;813,81;853,69;77,87;0,33
9145;0,00;0,00;0,00;0,00;49,01;0,00;71,02;79,97;32,88;180,00;860,35;179,69;813,34;851,58;77,87;0,33
9150;0,00;0,00;0,00;0,00;48,99;0,00;71,02;80,00;32,87;180,04;860,55;179,69;813,44;851,35;77,87;0,33
9155;0,00;0,00;0,00;0,00;49,00;0,00;71,01;80,03;32,87;180,05;861,94;179,70;814,16;852,98;77,87;0,33
9160;0,00;0,00;0,00;0,00;49,02;0,00;71,00;80,00;32,86;180,06;865,63;179,76;814,84;854,38;77,87;0,33
9165;0,00;0,00;0,00;0,00;49,00;0,00;71,00;80,00;32,86;180,06;867,02;179,80;814,94;856,87;77,87;0,33
9170;0,00;0,00;0,00;0,00;49,00;0,00;71,00;80,00;32,85;180,04;867,78;179,89;814,90;857,50;77,87;0,33
9175;0,00;0,00;0,00;0,00;48,99;0,00;71,00;79,98;32,87;180,03;867,18;179,95;814,77;857,10;77,87;0,33
9180;0,00;0,00;0,00;0,00;49,00;0,00;71,03;80,00;32,87;180,00;864,66;180,03;814,17;856,21;77,87;0,33
9185;0,00;0,00;0,00;0,00;49,00;0,00;70,98;79,98;32,87;180,00;863,02;180,06;813,75;853,63;77,87;0,33
9190;0,00;0,00;0,00;0,00;49,00;0,00;71,01;80,02;32,87;180,01;860,26;180,08;813,31;851,55;77,87;0,33
9195;0,00;0,00;0,00;0,00;49,01;0,00;71,00;80,00;32,86;180,02;859,97;180,07;813,42;851,35;77,87;0,33
9200;0,00;0,00;0,00;0,00;49,01;0,00;71,00;80,00;32,88;180,04;861,98;180,03;814,17;853,00;77,87;0,33
9205;0,00;0,00;0,00;0,00;49,00;0,00;70,99;80,02;32,86;180,04;863,86;180,00;814,59;854,48;77,87;0,33
9210;0,00;0,00;0,00;0,00;49,00;0,00;71,00;79,97;32,87;180,04;867,15;179,91;814,95;856,95;77,87;0,33
9215;0,00;0,00;0,00;0,00;49,00;0,00;70,98;80,03;32,89;180,03;867,82;179,85;814,98;857,54;77,87;0,33
9220;0,00;0,00;0,00;0,00;49,01;0,00;71,00;80,00;32,87;180,03;867,19;179,76;814,78;857,09;77,87;0,33
9225;0,00;0,00;0,00;0,00;49,00;0,00;70,99;80,03;32,89;180,01;866,11;179,72;814,54;856,19;77,87;0,33
9230;0,00;0,00;0,00;0,00;49,00;0,00;71,02;79,98;32,88;180,01;862,89;179,67;813,75;853,54;77,87;0,33
9235;0,00;0,00;0,00;0,00;49,00;0,00;71,00;80,00;32,89;180,04;861,34;179,67;813,43;852,34;77,87;0,33
9240;0,00;0,00;0,00;0,00;49,00;0,00;71,03;80,00;32,89;180,04;859,96;179,69;813,42;851,35;77,87;0,33
9245;0,00;0,00;0,00;0,00;48,99;0,00;71,01;80,02;32,88;180,04;860,56;179,73;813,73;851,88;77,87;0,33
9250;0,00;0,00;0,00;0,00;49,00;0,00;71,02;79,97;32,89;180,03;864,00;179,81;814,59;854,56;77,87;0,33
9255;0,00;0,00;0,00;0,00;49,00;0,00;70,99;80,02;32,89;180,00;867,17;179,86;814,83;855,91;77,87;0,33
9260;0,00;0,00;0,00;0,00;49,00;0,00;71,02;79,97;32,90;179,99;867,84;179,97;814,95;857,56;77,87;0,33
9265;0,00;0,00;0,00;0,00;49,00;0,00;71,00;79,98;32,89;179,99;867,15;180,00;814,90;857,57;77,87;0,33
9270;0,00;0,00;0,00;0,00;49,01;0,00;71,03;80,00;32,89;180,01;866,03;180,07;814,50;856,14;77,87;0,33
9275;0,00;0,00;0,00;0,00;49,00;0,00;71,02;80,00;32,91;180,03;862,89;180,08;814,13;854,89;77,87;0,33
9280;0,00;0,00;0,00;0,00;49,00;0,00;70,99;80,05;32,89;180,03;861,36;180,08;813,40;852,31;77,87;0,33
9285;0,00;0,00;0,00;0,00;49,00;0,00;71,00;80,02;32,89;180,02;860,00;180,06;813,30;851,52;77,87;0,33
9290;0,00;0,00;0,00;0,00;49,00;0,00;71,00;79,98;32,89;180,02;860,66;180,00;813,74;851,95;77,87;0,33
9295;0,00;0,00;0,00;0,00;49,00;0,00;71,00;80,00;32,88;180,01;864,15;179,95;814,19;853,19;77,87;0,33
9300;0,00;0,00;0,00;0,00;49,00;0,00;71,01;80,00;32,89;180,01;865,92;179,85;814,82;856,01;77,87;0,33
9305;0,00;0,00;0,00;0,00;49,00;0,00;70,99;80,02;32,89;180,04;867,82;179,81;814,92;857,00;77,87;0,33
9310;0,00;0,00;0,00;0,00;49,00;0,00;71,01;80,00;32,89;180,04;867,75;179,73;814,87;857,53;77,87;0,33
9315;0,00;0,00;0,00;0,00;49,00;0,00;71,00;80,02;32,89;180,03;865,89;179,69;814,71;856,98;77,87;0,33
9320;0,00;0,00;0,00;0,00;49,00;0,00;71,00;80,00;32,90;180,02;864,41;179,69;814,07;854,76;77,87;0,33
9325;0,00;0,00;0,00;0,00;49,00;0,00;71,00;80,03;32,89;179,99;861,22;179,71;813,66;853,39;77,87;0,33
9330;0,00;0,00;0,00;0,00;49,01;0,00;71,00;80,00;32,88;180,00;860,17;179,73;813,26;851,45;77,87;0,33
9335;0,00;0,00;0,00;0,00;48,99;0,00;71,00;80,02;32,90;180,01;860,71;179,80;813,40;851,36;77,87;0,33
9340;0,00;0,00;0,00;0,00;49,00;0,00;71,01;80,00;32,89;180,02;862,21;179,84;814,17;853,21;77,87;0,33
9345;0,00;0,00;0,00;0,00;49,00;0,00;71,02;80,02;32,89;180,05;865,90;179,94;814,58;854,67;77,87;0,33
9350;0,00;0,00;0,00;0,00;49,01;0,00;71,00;80,00;32,88;180,06;867,26;179,98;814,88;857,04;77,87;0,33
9355;0,00;0,00;0,00;0,00;49,00;0,00;71,00;80,00;32,89;180,03;867,69;180,05;814,89;857,54;77,87;0,33
9360;0,00;0,00;0,00;0,00;49,00;0,00;71,01;80,00;32,88;180,01;867,00;180,05;814,68;856,90;77,87;0,33
9365;0,00;0,00;0,00;0,00;49,00;0,00;71,02;80,00;32,89;179,99;864,24;180,06;814,02;855,93;77,87;0,33
9370;0,00;0,00;0,00;0,00;48,99;0,00;71,00;80,00;32,89;179,98;862,58;180,04;813,61;853,29;77,87;0,33
9375;0,00;0,00;0,00;0,00;49,00;0,00;71,03;79,97;32,90;180,01;860,14;179,98;813,25;852,13;77,87;0,33
9380;0,00;0,00;0,00;0,00;48,99;0,00;71,03;80,00;32,88;180,02;860,01;179,93;813,40;851,37;77,87;0,33
9385;0,00;0,00;0,00;0,00;49,00;0,00;71,00;79,97;32,90;180,03;862,36;179,85;814,19;852,05;77,87;0,33
9390;0,00;0,00;0,00;0,00;48,99;0,00;70,99;80,00;32,89;180,03;864,26;179,80;814,59;854,82;77,87;0,33
9395;0,00;0,00;0,00;0,00;49,00;0,00;71,02;80,03;32,90;180,01;867,36;179,72;814,90;856,16;77,87;0,33
9400;0,00;0,00;0,00;0,00;48,99;0,00;71,00;80,02;32,91;180,00;867,89;179,71;814,90;857,61;77,87;0,33
9405;0,00;0,00;0,00;0,00;49,00;0,00;71,00;80,02;32,89;180,01;867,03;179,68;814,68;857,52;77,87;0,33
9410;0,00;0,00;0,00;0,00;48,99;0,00;71,00;79,98;32,90;180,00;865,76;179,69;814,41;855,96;77,87;0,33
9415;0,00;0,00;0,00;0,00;48,99;0,00;70,97;79,98;32,89;180,01;862,57;179,73;813,60;854,63;77,87;0,33
9420;0,00;0,00;0,00;0,00;49,00;0,00;71,03;79,97;32,90;180,01;861,05;179,77;813,31;852,10;77,87;0,33
9425;0,00;0,00;0,00;0,00;49,00;0,00;70,98;80,02;32,89;180,02;859,95;179,86;813,39;851,39;77,87;0,33
9430;0,00;0,00;0,00;0,00;49,00;0,00;71,02;80,00;32,90;180,06;860,76;179,90;813,73;852,01;77,87;0,33
9435;0,00;0,00;0,00;0,00;49,00;0,00;71,03;80,02;32,88;180,07;864,25;179,99;814,59;854,73;77,87;0,33
9440;0,00;0,00;0,00;0,00;49,01;0,00;71,02;80,00;32,90;180,07;866,03;180,02;814,81;856,11;77,87;0,33
9445;0,00;0,00;0,00;0,00;49,00;0,00;71,00;80,00;32,89;180,05;867,91;180,07;814,92;857,62;77,87;0,33
9450;0,00;0,00;0,00;0,00;49,00;0,00;71,00;80,00;32,88;180,01;867,78;180,07;814,85;857,56;77,87;0,33
9455;0,00;0,00;0,00;0,00;49,00;0,00;71,01;80,02;32,89;179,99;865,91;180,04;814,43;856,05;77,87;0,33
9460;0,00;0,00;0,00;0,00;49,00;0,00;71,02;79,98;32,88;179,97;864,42;180,02;814,05;854,77;77,87;0,33
9465;0,00;0,00;0,00;0,00;49,00;0,00;70,99;80,02;32,90;179,99;861,07;179,93;813,34;852,14;77,87;0,33
9470;0,00;0,00;0,00;0,00;49,00;0,00;71,00;80,02;32,91;180,02;860,09;179,88;813,26;851,41;77,87;0,33
9475;0,00;0,00;0,00;0,00;49,00;0,00;71,00;79,97;32,90;180,04;860,74;179,80;813,74;852,00;77,87;0,33
9480;0,00;0,00;0,00;0,00;48,99;0,00;71,00;80,05;32,88;180,04;862,28;179,76;814,20;853,24;77,87;0,33
9485;0,00;0,00;0,00;0,00;49,00;0,00;71,00;80,00;32,90;180,04;866,00;179,70;814,84;856,10;77,87;0,33
9490;0,00;0,00;0,00;0,00;49,01;0,00;71,00;80,00;32,92;180,01;867,27;179,70;814,93;857,11;77,87;0,33
9495;0,00;0,00;0,00;0,00;49,00;0,00;70,98;80,02;32,90;180,00;867,76;179,71;814,88;857,55;77,87;0,33
9500;0,00;0,00;0,00;0,00;49,00;0,00;71,00;79,98;32,91;179,99;865,90;179,73;814,72;856,99;77,87;0,33
9505;0,00;0,00;0,00;0,00;49,00;0,00;71,00;80,00;32,92;180,00;864,41;179,80;814,06;854,75;77,87;0,33
9510;0,00;0,00;0,00;0,00;49,00;0,00;70,99;80,00;32,92;180,03;861,10;179,84;813,64;853,36;77,87;0,33
9515;0,00;0,00;0,00;0,00;49,01;0,00;71,00;80,00;32,91;180,03;860,11;179,93;813,28;851,43;77,87;0,33
9520;0,00;0,00;0,00;0,00;48,99;0,00;71,00;79,98;32,92;180,04;860,68;179,97;813,42;851,35;77,87;0,33
9525;0,00;0,00;0,00;0,00;49,01;0,00;71,00;80,00;32,92;180,02;862,32;180,02;814,19;853,22;77,87;0,33
9530;0,00;0,00;0,00;0,00;48,99;0,00;71,00;80,02;32,93;180,00;866,00;180,04;814,60;854,75;77,87;0,33
9535;0,00;0,00;0,00;0,00;49,00;0,00;71,00;80,02;32,94;179,99;867,25;180,04;814,89;857,08;77,87;0,33
9540;0,00;0,00;0,00;0,00;49,00;0,00;71,00;80,02;32,92;179,98;867,68;180,03;814,91;857,56;77,87;0,33
9545;0,00;0,00;0,00;0,00;49,00;0,00;71,02;80,00;32,90;179,99;866,96;179,97;814,66;856,89;77,87;0,33
9550;0,00;0,00;0,00;0,00;48,99;0,00;71,00;80,02;32,93;180,01;864,30;179,94;814,39;855,91;77,87;0,33
9555;0,00;0,00;0,00;0,00;49,00;0,00;71,00;80,03;32,93;180,03;862,50;179,86;813,59;853,26;77,87;0,33
9560;0,00;0,00;0,00;0,00;49,00;0,00;71,01;80,00;32,93;180,04;860,10;179,83;813,31;852,11;77,87;0,33
9565;0,00;0,00;0,00;0,00;49,00;0,00;71,02;80,00;32,93;180,03;859,98;179,76;813,39;851,38;77,87;0,33
9570;0,00;0,00;0,00;0,00;48,99;0,00;71,00;80,00;32,93;180,01;862,39;179,74;813,72;852,05;77,87;0,33
9575;0,00;0,00;0,00;0,00;49,00;0,00;71,01;79,98;32,93;179,99;864,32;179,72;814,58;854,80;77,87;0,33
9580;0,00;0,00;0,00;0,00;49,00;0,00;71,00;80,00;32,92;179,98;867,29;179,75;814,79;856,13;77,87;0,33
9585;0,00;0,00;0,00;0,00;49,00;0,00;71,02;79,98;32,93;179,98;867,82;179,77;814,87;857,56;77,87;0,33
9590;0,00;0,00;0,00;0,00;49,00;0,00;71,00;80,02;32,94;180,00;866,89;179,84;814,80;857,47;77,87;0,33
9595;0,00;0,00;0,00;0,00;49,01;0,00;71,00;80,03;32,94;180,02;865,70;179,88;814,36;855,89;77,87;0,33
9600;0,00;0,00;0,00;0,00;49,00;0,00;70,99;80,02;32,94;180,03;862,54;179,96;813,98;854,61;77,87;0,33
9605;0,00;0,00;0,00;0,00;49,00;0,00;71,02;79,97;32,93;180,03;860,95;179,99;813,29;852,06;77,87;0,33
9610;0,00;0,00;0,00;0,00;49,01;0,00;71,03;79,98;32,93;180,01;860,00;180,04;813,24;851,41;77,87;0,33
9615;0,00;0,00;0,00;0,00;49,01;0,00;71,00;79,98;32,96;180,01;860,82;180,05;813,74;852,11;77,87;0,33
9620;0,00;0,00;0,00;0,00;48,99;0,00;71,00;80,02;32,96;179,99;864,28;180,04;814,58;853,38;77,87;0,33
9625;0,00;0,00;0,00;0,00;48,99;0,00;70,99;80,03;32,95;180,00;866,14;180,02;814,78;856,17;77,87;0,33
9630;0,00;0,00;0,00;0,00;49,00;0,00;70,99;79,98;32,96;180,01;867,80;179,96;814,85;857,12;77,87;0,33
9635;0,00;0,00;0,00;0,00;49,00;0,00;71,00;79,98;32,98;180,01;867,62;179,93;814,77;857,43;77,87;0,33
9640;0,00;0,00;0,00;0,00;49,00;0,00;71,00;79,98;32,97;180,01;865,59;179,86;814,32;856,81;77,87;0,33
9645;0,00;0,00;0,00;0,00;49,00;0,00;71,00;80,03;32,96;180,01;864,05;179,83;813,92;854,51;77,87;0,33
9650;0,00;0,00;0,00;0,00;49,01;0,00;71,00;80,02;32,96;179,99;860,94;179,77;813,25;853,15;77,87;0,33
9655;0,00;0,00;0,00;0,00;49,01;0,00;70,99;79,98;32,98;179,99;860,04;179,75;813,20;851,37;77,87;0,33
9660;0,00;0,00;0,00;0,00;49,00;0,00;71,00;80,03;32,98;179,97;860,78;179,73;813,72;852,08;77,87;0,33
9665;0,00;0,00;0,00;0,00;49,00;0,00;71,00;79,97;32,98;179,99;862,48;179,74;814,17;853,40;77,87;0,33
9670;0,00;0,00;0,00;0,00;49,00;0,00;71,01;80,02;32,99;179,99;866,12;179,78;814,77;856,19;77,87;0,33
9675;0,00;0,00;0,00;0,00;49,00;0,00;71,00;80,02;33,00;180,01;867,32;179,81;814,85;857,15;77,87;0,33
9680;0,00;0,00;0,00;0,00;49,00;0,00;71,00;79,98;32,97;180,00;867,64;179,88;814,78;857,47;77,87;0,33
9685;0,00;0,00;0,00;0,00;49,00;0,00;70,99;80,02;32,98;179,97;866,88;179,92;814,60;856,83;77,87;0,33
9690;0,00;0,00;0,00;0,00;48,99;0,00;71,02;79,98;32,98;179,97;864,16;179,99;813,93;854,51;77,87;0,33
9695;0,00;0,00;0,00;0,00;49,00;0,00;71,00;80,00;32,99;179,98;862,36;180,01;813,52;853,13;77,87;0,33
9700;0,00;0,00;0,00;0,00;49,00;0,00;70,98;80,00;32,98;179,98;860,00;180,03;813,19;851,34;77,87;0,33
9705;0,00;0,00;0,00;0,00;49,00;0,00;71,00;80,00;32,98;180,00;859,93;180,03;813,35;851,35;77,87;0,33
9710;0,00;0,00;0,00;0,00;49,00;0,00;71,02;79,98;32,98;180,01;862,46;180,00;814,16;853,35;77,87;0,33
9715;0,00;0,00;0,00;0,00;49,00;0,00;71,02;80,02;32,98;180,00;864,39;179,98;814,55;854,85;77,87;0,33
9720;0,00;0,00;0,00;0,00;48,99;0,00;71,00;80,00;32,98;179,98;867,33;179,92;814,83;857,15;77,87;0,33
9725;0,00;0,00;0,00;0,00;49,00;0,00;71,00;79,98;32,97;179,97;867,84;179,89;814,84;857,58;77,87;0,33
9730;0,00;0,00;0,00;0,00;48,99;0,00;70,99;80,02;32,98;179,97;866,89;179,83;814,60;856,85;77,87;0,33
9735;0,00;0,00;0,00;0,00;49,00;0,00;71,02;80,02;32,99;179,98;864,17;179,80;814,32;855,84;77,87;0,33
9740;0,00;0,00;0,00;0,00;48,99;0,00;71,01;80,02;32,99;179,98;862,37;179,77;813,52;853,16;77,87;0,33
9745;0,00;0,00;0,00;0,00;49,00;0,00;70,99;80,00;32,99;180,00;860,00;179,76;813,24;852,02;77,87;0,33
9750;0,00;0,00;0,00;0,00;49,00;0,00;70,97;79,98;33,00;180,01;859,93;179,79;813,36;851,35;77,87;0,33
9755;0,00;0,00;0,00;0,00;49,00;0,00;70,99;80,02;33,00;180,02;862,47;179,80;813,71;852,10;77,87;0,33
9760;0,00;0,00;0,00;0,00;48,99;0,00;71,00;80,00;32,99;180,01;864,39;179,84;814,57;854,88;77,87;0,33
9765;0,00;0,00;0,00;0,00;49,00;0,00;70,98;80,02;32,99;179,99;867,32;179,87;814,76;856,20;77,87;0,33
9770;0,00;0,00;0,00;0,00;49,00;0,00;71,03;79,98;33,00;179,96;867,83;179,94;814,84;857,57;77,87;0,33
9775;0,00;0,00;0,00;0,00;49,00;0,00;71,01;80,00;32,98;179,97;866,85;179,97;814,76;857,44;77,87;0,33
9780;0,00;0,00;0,00;0,00;49,01;0,00;71,00;80,00;33,00;179,98;865,64;180,01;814,29;855,81;77,87;0,33
9785;0,00;0,00;0,00;0,00;49,00;0,00;71,02;80,02;33,01;180,01;862,47;180,03;813,90;854,51;77,87;0,33
9790;0,00;0,00;0,00;0,00;48,99;0,00;71,00;80,02;33,00;180,03;860,89;180,02;813,24;852,01;77,87;0,33
9795;0,00;0,00;0,00;0,00;49,00;0,00;71,01;80,03;32,99;180,03;859,99;180,02;813,19;851,36;77,87;0,33
9800;0,00;0,00;0,00;0,00;49,01;0,00;71,00;80,02;33,00;180,02;860,82;179,98;813,71;852,15;77,87;0,33
9805;0,00;0,00;0,00;0,00;49,00;0,00;71,00;79,98;33,03;180,00;864,46;179,96;814,18;853,44;77,87;0,33
9810;0,00;0,00;0,00;0,00;49,00;0,00;71,03;80,00;33,02;179,99;866,18;179,91;814,75;856,24;77,87;0,33
9815;0,00;0,00;0,00;0,00;48,99;0,00;71,02;80,00;33,02;179,99;867,85;179,87;814,83;857,17;77,87;0,33
9820;0,00;0,00;0,00;0,00;49,00;0,00;71,00;80,03;33,04;179,99;867,61;179,85;814,74;857,44;77,87;0,33
9825;0,00;0,00;0,00;0,00;49,00;0,00;70,98;79,98;33,01;180,00;865,61;179,83;814,57;856,79;77,87;0,33
9830;0,00;0,00;0,00;0,00;49,00;0,00;71,00;79,98;33,02;180,01;864,08;179,83;813,89;854,49;77,87;0,33
9835;0,00;0,00;0,00;0,00;49,01;0,00;71,00;80,00;33,02;180,00;860,86;179,83;813,49;853,13;77,87;0,33
9840;0,00;0,00;0,00;0,00;49,00;0,00;71,00;80,00;33,04;180,01;860,01;179,84;813,17;851,36;77,87;0,33
9845;0,00;0,00;0,00;0,00;48,99;0,00;71,02;80,00;33,03;180,00;860,84;179,88;813,33;851,38;77,87;0,33
9850;0,00;0,00;0,00;0,00;49,00;0,00;71,01;79,98;33,05;180,00;862,44;179,90;814,14;853,40;77,87;0,33
9855;0,00;0,00;0,00;0,00;49,00;0,00;71,01;79,98;33,03;180,01;866,20;179,94;814,53;854,92;77,87;0,33
9860;0,00;0,00;0,00;0,00;49,00;0,00;71,00;80,02;33,04;179,99;867,35;179,96;814,80;857,16;77,87;0,33
9865;0,00;0,00;0,00;0,00;49,00;0,00;71,00;80,00;33,05;179,99;867,59;180,00;814,79;857,56;77,87;0,33
9870;0,00;0,00;0,00;0,00;49,00;0,00;71,01;80,02;33,04;179,98;866,80;180,00;814,54;856,70;77,87;0,33
9875;0,00;0,00;0,00;0,00;49,01;0,00;71,02;80,00;33,03;179,98;863,78;180,01;814,21;855,63;77,87;0,33
9880;0,00;0,00;0,00;0,00;49,00;0,00;71,02;80,02;33,04;179,99;862,14;180,00;813,41;852,95;77,87;0,33
9885;0,00;0,00;0,00;0,00;49,00;0,00;71,01;80,00;33,07;180,02;859,93;179,96;813,16;851,85;77,87;0,33
9890;0,00;0,00;0,00;0,00;49,00;0,00;71,00;80,02;33,06;180,02;859,99;179,94;813,34;851,40;77,87;0,33
9895;0,00;0,00;0,00;0,00;49,00;0,00;71,00;79,98;33,04;180,02;862,73;179,90;813,71;852,23;77,87;0,33
9900;0,00;0,00;0,00;0,00;49,00;0,00;70,99;80,02;33,06;180,00;864,65;179,88;814,52;855,03;77,87;0,33
9905;0,00;0,00;0,00;0,00;49,01;0,00;71,00;80,00;33,06;179,98;867,40;179,85;814,71;856,31;77,87;0,33
9910;0,00;0,00;0,00;0,00;48,99;0,00;71,00;80,02;33,05;179,98;867,79;179,83;814,75;857,54;77,87;0,33
9915;0,00;0,00;0,00;0,00;49,00;0,00;71,00;80,02;33,06;180,00;866,65;179,84;814,48;857,35;77,87;0,33
9920;0,00;0,00;0,00;0,00;49,00;0,00;71,00;80,00;33,06;180,01;865,39;179,85;814,17;855,62;77,87;0,33
9925;0,00;0,00;0,00;0,00;49,00;0,00;71,00;80,02;33,07;180,02;862,18;179,87;813,38;854,30;77,87;0,33
9930;0,00;0,00;0,00;0,00;49,00;0,00;70,99;80,02;33,05;180,02;860,77;179,87;813,15;851,87;77,87;0,33
9935;0,00;0,00;0,00;0,00;48,99;0,00;71,01;80,03;33,05;180,00;860,03;179,92;813,30;851,29;77,87;0,33
9940;0,00;0,00;0,00;0,00;49,00;0,00;70,99;80,00;33,05;179,99;860,99;179,94;813,69;852,23;77,87;0,33
9945;0,00;0,00;0,00;0,00;49,00;0,00;70,99;79,98;33,04;179,96;864,59;179,98;814,53;853,59;77,87;0,33
9950;0,00;0,00;0,00;0,00;49,01;0,00;71,00;80,00;33,05;179,96;866,39;179,99;814,71;856,33;77,87;0,33
9955;0,00;0,00;0,00;0,00;49,00;0,00;71,00;80,02;33,04;179,99;867,85;180,00;814,76;857,25;77,87;0,33
9960;0,00;0,00;0,00;0,00;49,00;0,00;71,00;80,03;33,04;179,99;867,58;180,00;814,67;857,39;77,87;0,33
9965;0,00;0,00;0,00;0,00;49,00;0,00;71,00;80,00;33,04;180,01;865,41;179,97;814,19;855,66;77,87;0,33
9970;0,00;0,00;0,00;0,00;49,01;0,00;71,00;80,05;33,03;180,00;863,85;179,95;813,79;854,33;77,87;0,33
9975;0,00;0,00;0,00;0,00;48,98;0,00;71,00;80,00;33,05;179,98;860,78;179,90;813,15;851,85;77,87;0,33
9980;0,00;0,00;0,00;0,00;48,99;0,00;71,00;79,98;33,05;179,96;859,93;179,88;813,14;851,31;77,87;0,33
9985;0,00;0,00;0,00;0,00;49,00;0,00;71,02;80,02;33,06;179,97;861,03;179,84;813,72;852,22;77,87;0,33
9990;0,00;0,00;0,00;0,00;48,99;0,00;71,01;80,02;33,05;179,98;862,69;179,82;814,16;853,56;77,87;0,33
9995;0,00;0,00;0,00;0,00;49,01;0,00;71,02;80,00;33,04;180,00;866,23;179,81;814,67;856,27;77,87;0,33
10000;0,00;0,00;0,00;0,00;49,01;0,00;71,00;80,02;33,06;180,03;867,36;179,82;814,73;857,13;77,87;0,33
10005;0,00;0,00;0,00;0,00;49,00;0,00;71,00;80,02;33,03;180,02;867,37;179,85;814,61;857,24;77,87;0,33
10010;0,00;0,00;0,00;0,00;48,99;0,00;71,02;80,00;33,03;179,96;866,52;179,87;814,41;856,53;77,87;0,33
10015;0,00;0,00;0,00;0,00;49,00;0,00;71,01;80,03;33,04;179,95;863,71;179,91;813,70;854,17;77,87;0,33
10020;0,00;0,00;0,00;0,00;49,01;0,00;71,01;79,98;33,06;179,94;860,63;179,94;813,33;852,86;77,87;0,33
10025;0,00;0,00;0,00;0,00;49,00;0,00;71,00;80,02;33,04;179,96;859,96;179,98;813,12;851,33;77,87;0,33
10030;0,00;0,00;0,00;0,00;49,00;0,00;71,00;80,00;33,05;180,01;861,18;180,00;813,33;851,53;77,87;0,33
10035;0,00;0,00;0,00;0,00;49,01;0,00;71,02;79,98;33,05;180,02;862,85;180,02;814,18;853,73;77,87;0,33
10040;0,00;0,00;0,00;0,00;49,00;0,00;71,01;79,98;33,04;180,03;866,43;180,01;814,52;855,16;77,87;0,33
10045;0,00;0,00;0,00;0,00;49,00;0,00;71,00;80,00;33,05;180,01;867,40;180,00;814,73;857,18;77,87;0,33
10050;0,00;0,00;0,00;0,00;49,01;0,00;71,00;80,00;33,04;179,98;867,34;179,98;814,71;857,45;77,87;0,33
10055;0,00;0,00;0,00;0,00;49,00;0,00;71,00;80,00;33,05;179,97;866,46;179,95;814,40;856,47;77,87;0,33
10060;0,00;0,00;0,00;0,00;49,00;0,00;71,00;79,98;33,05;179,97;863,46;179,93;814,09;855,37;77,87;0,33
10065;0,00;0,00;0,00;0,00;49,00;0,00;71,00;80,02;33,04;179,98;861,84;179,88;813,30;852,69;77,87;0,33
10070;0,00;0,00;0,00;0,00;49,00;0,00;71,01;80,00;33,05;179,99;859,85;179,87;813,10;851,69;77,87;0,33
10075;0,00;0,00;0,00;0,00;49,00;0,00;71,00;79,98;33,05;180,01;860,13;179,85;813,37;851,50;77,87;0,33
10080;0,00;0,00;0,00;0,00;48,99;0,00;71,00;80,05;33,05;180,02;863,00;179,85;813,76;852,44;77,87;0,33
10085;0,00;0,00;0,00;0,00;49,00;0,00;71,00;79,97;33,05;180,02;864,88;179,85;814,54;855,27;77,87;0,33
10090;0,00;0,00;0,00;0,00;49,00;0,00;71,02;80,03;33,06;179,99;867,50;179,87;814,70;856,48;77,87;0,33
10095;0,00;0,00;0,00;0,00;49,00;0,00;71,01;79,98;33,07;179,96;867,74;179,90;814,71;857,51;77,87;0,33
10100;0,00;0,00;0,00;0,00;49,00;0,00;71,01;79,98;33,05;179,95;866,44;179,94;814,60;857,22;77,87;0,33
10105;0,00;0,00;0,00;0,00;48,99;0,00;71,03;80,02;33,05;179,95;865,03;179,96;814,08;855,36;77,87;0,33
10110;0,00;0,00;0,00;0,00;49,00;0,00;71,01;80,00;33,07;179,98;861,78;179,98;813,65;853,97;77,87;0,33
10115;0,00;0,00;0,00;0,00;49,01;0,00;71,00;79,98;33,06;180,00;860,47;180,00;813,08;851,66;77,87;0,33
10120;0,00;0,00;0,00;0,00;49,00;0,00;71,00;80,00;33,06;180,01;860,16;179,99;813,12;851,24;77,87;0,33
10125;0,00;0,00;0,00;0,00;49,00;0,00;71,00;80,03;33,07;180,01;861,33;179,98;813,76;852,49;77,87;0,33
10130;0,00;0,00;0,00;0,00;49,00;0,00;71,03;80,02;33,05;179,98;864,97;179,97;814,50;853,87;77,87;0,33
10135;0,00;0,00;0,00;0,00;49,00;0,00;70,97;80,02;33,05;179,96;866,50;179,95;814,63;856,49;77,87;0,33
10140;0,00;0,00;0,00;0,00;49,00;0,00;71,00;80,00;33,06;179,94;867,64;179,92;814,63;857,23;77,87;0,33
10145;0,00;0,00;0,00;0,00;49,00;0,00;71,00;80,02;33,04;179,95;867,20;179,91;814,52;857,09;77,87;0,33
10150;0,00;0,00;0,00;0,00;49,00;0,00;71,03;80,02;33,05;179,97;864,91;179,89;813,96;856,35;77,87;0,33
10155;0,00;0,00;0,00;0,00;48,99;0,00;71,00;80,02;33,07;179,98;863,31;179,88;813,54;853,85;77,87;0,33
10160;0,00;0,00;0,00;0,00;49,00;0,00;70,99;80,00;33,06;179,99;860,37;179,88;813,02;852,55;77,87;0,33
10165;0,00;0,00;0,00;0,00;49,01;0,00;71,00;79,98;33,05;179,99;859,85;179,87;813,09;851,25;77,87;0,33
10170;0,00;0,00;0,00;0,00;49,00;0,00;71,02;80,02;33,06;179,99;861,41;179,88;813,75;851,58;77,87;0,33
10175;0,00;0,00;0,00;0,00;49,00;0,00;71,00;80,00;33,08;179,99;863,31;179,88;814,19;853,97;77,87;0,33
10180;0,00;0,00;0,00;0,00;49,00;0,00;71,00;79,98;33,07;179,99;866,63;179,90;814,62;856,57;77,87;0,33
10185;0,00;0,00;0,00;0,00;49,00;0,00;71,00;80,03;33,08;180,00;867,47;179,92;814,65;857,26;77,87;0,33
10190;0,00;0,00;0,00;0,00;49,00;0,00;71,02;80,02;33,08;179,98;867,09;179,95;814,47;857,01;77,87;0,33
10195;0,00;0,00;0,00;0,00;49,00;0,00;70,98;80,00;33,09;179,96;866,09;179,95;814,24;856,16;77,87;0,33
10200;0,00;0,00;0,00;0,00;49,00;0,00;71,01;79,98;33,07;179,95;863,10;179,97;813,48;853,63;77,87;0,33
10205;0,00;0,00;0,00;0,00;49,01;0,00;71,00;79,98;33,08;179,97;861,40;179,98;813,15;852,38;77,87;0,33
10210;0,00;0,00;0,00;0,00;49,00;0,00;71,02;80,00;33,09;179,99;859,84;179,97;813,09;851,24;77,87;0,33
10215;0,00;0,00;0,00;0,00;49,01;0,00;71,03;79,98;33,08;180,01;860,31;179,96;813,38;851,70;77,87;0,33
10220;0,00;0,00;0,00;0,00;49,00;0,00;71,01;80,03;33,08;180,01;863,57;179,94;814,23;854,23;77,87;0,33
10225;0,00;0,00;0,00;0,00;49,00;0,00;70,98;79,98;33,06;179,99;865,39;179,93;814,50;855,61;77,87;0,33
10230;0,00;0,00;0,00;0,00;49,01;0,00;71,00;79,98;33,08;179,98;867,52;179,90;814,61;857,31;77,87;0,33
10235;0,00;0,00;0,00;0,00;49,01;0,00;71,00;80,00;33,10;179,96;867,56;179,89;814,56;857,36;77,87;0,33
10240;0,00;0,00;0,00;0,00;49,00;0,00;71,00;80,00;33,09;179,97;865,92;179,89;814,18;856,03;77,87;0,33
10245;0,00;0,00;0,00;0,00;48,99;0,00;71,02;80,03;33,08;179,99;864,49;179,89;813,82;854,82;77,87;0,33
10250;0,00;0,00;0,00;0,00;49,01;0,00;71,00;79,98;33,07;180,00;861,20;179,91;813,08;852,21;77,87;0,33
10255;0,00;0,00;0,00;0,00;49,01;0,00;71,00;80,02;33,10;180,00;860,13;179,92;812,97;851,42;77,87;0,33
10260;0,00;0,00;0,00;0,00;49,00;0,00;71,00;79,98;33,07;180,00;860,49;179,95;813,41;851,79;77,87;0,33
10265;0,00;0,00;0,00;0,00;49,00;0,00;70,99;80,02;33,08;179,99;861,93;179,95;813,84;852,92;77,87;0,33
10270;0,00;0,00;0,00;0,00;49,00;0,00;71,02;80,00;33,08;179,98;865,54;179,98;814,49;855,75;77,87;0,33
10275;0,00;0,00;0,00;0,00;49,00;0,00;71,00;80,05;33,08;179,97;866,85;179,98;814,57;856,76;77,87;0,33
10280;0,00;0,00;0,00;0,00;49,00;0,00;71,01;80,00;33,08;179,96;867,43;179,99;814,50;857,26;77,87;0,33
10285;0,00;0,00;0,00;0,00;49,01;0,00;71,00;79,98;33,10;179,97;866,78;179,99;814,34;856,71;77,87;0,33
10290;0,00;0,00;0,00;0,00;49,00;0,00;71,01;80,02;33,11;179,97;864,08;179,98;813,69;854,50;77,87;0,33
10295;0,00;0,00;0,00;0,00;48,99;0,00;71,00;80,02;33,12;179,96;862,45;179,96;813,28;853,17;77,87;0,33
10300;0,00;0,00;0,00;0,00;49,00;0,00;70,98;80,00;33,09;179,96;859,98;179,93;812,96;851,32;77,87;0,33
10305;0,00;0,00;0,00;0,00;49,00;0,00;71,00;80,00;33,11;179,96;860,69;179,92;813,13;851,30;77,87;0,33
10310;0,00;0,00;0,00;0,00;49,00;0,00;71,00;80,02;33,11;179,96;862,23;179,90;813,93;853,23;77,87;0,33
10315;0,00;0,00;0,00;0,00;49,00;0,00;70,99;80,05;33,11;179,96;865,91;179,90;814,30;854,66;77,87;0,33
10320;0,00;0,00;0,00;0,00;49,00;0,00;71,02;80,00;33,11;179,97;867,07;179,89;814,60;856,92;77,87;0,33
10325;0,00;0,00;0,00;0,00;49,00;0,00;71,00;80,00;33,11;179,97;867,36;179,90;814,59;857,34;77,87;0,33
10330;0,00;0,00;0,00;0,00;49,00;0,00;71,03;80,00;33,11;179,98;866,59;179,91;814,33;856,61;77,87;0,33
10335;0,00;0,00;0,00;0,00;49,00;0,00;71,00;80,00;33,12;179,99;863,86;179,93;814,04;855,60;77,87;0,33
10340;0,00;0,00;0,00;0,00;49,00;0,00;71,00;80,00;33,11;179,99;862,20;179,95;813,23;852,93;77,87;0,33
10345;0,00;0,00;0,00;0,00;48,98;0,00;70,98;80,00;33,13;179,96;859,83;179,95;812,98;851,81;77,87;0,33
10350;0,00;0,00;0,00;0,00;49,00;0,00;70,98;79,98;33,11;179,96;859,84;179,97;813,13;851,25;77,87;0,33
10355;0,00;0,00;0,00;0,00;49,01;0,00;71,03;80,00;33,11;179,96;862,31;179,97;813,49;852,02;77,87;0,33
10360;0,00;0,00;0,00;0,00;49,00;0,00;71,01;80,00;33,11;179,97;864,37;179,98;814,31;854,81;77,87;0,33
10365;0,00;0,00;0,00;0,00;48,99;0,00;71,00;80,00;33,14;179,99;867,22;179,98;814,52;856,11;77,87;0,33
10370;0,00;0,00;0,00;0,00;49,00;0,00;71,00;80,00;33,11;179,99;867,69;179,98;814,60;857,45;77,87;0,33
10375;0,00;0,00;0,00;0,00;49,01;0,00;70,98;79,97;33,12;179,97;866,66;179,97;814,51;857,31;77,87;0,33
10380;0,00;0,00;0,00;0,00;49,00;0,00;71,02;80,00;33,12;179,97;865,44;179,96;814,05;855,66;77,87;0,33
10385;0,00;0,00;0,00;0,00;49,00;0,00;71,01;80,00;33,13;179,98;862,24;179,93;813,65;854,36;77,87;0,33
10390;0,00;0,00;0,00;0,00;49,00;0,00;71,01;80,00;33,13;179,99;860,68;179,92;812,97;851,83;77,87;0,33
10395;0,00;0,00;0,00;0,00;49,00;0,00;71,00;79,98;33,15;179,99;859,84;179,90;812,93;851,22;77,87;0,33
10400;0,00;0,00;0,00;0,00;49,01;0,00;71,02;79,98;33,14;179,98;860,73;179,89;813,49;852,03;77,87;0,33
10405;0,00;0,00;0,00;0,00;49,00;0,00;71,02;80,02;33,12;179,96;864,38;179,88;813,93;853,33;77,87;0,33
10410;0,00;0,00;0,00;0,00;49,00;0,00;70,98;79,98;33,12;179,96;866,07;179,87;814,51;856,09;77,87;0,33
10415;0,00;0,00;0,00;0,00;48,98;0,00;71,02;80,00;33,14;179,97;867,66;179,87;814,59;857,02;77,87;0,33
10420;0,00;0,00;0,00;0,00;49,00;0,00;71,02;79,98;33,13;179,97;867,46;179,88;814,50;857,28;77,87;0,33
10425;0,00;0,00;0,00;0,00;49,00;0,00;71,00;80,00;33,13;179,98;865,40;179,89;814,32;856,63;77,87;0,33
10430;0,00;0,00;0,00;0,00;49,00;0,00;70,98;80,02;33,16;179,98;863,86;179,89;813,61;854,29;77,87;0,33
10435;0,00;0,00;0,00;0,00;49,00;0,00;71,00;80,00;33,14;179,96;860,67;179,92;813,22;852,95;77,87;0,33
10440;0,00;0,00;0,00;0,00;49,00;0,00;71,00;79,98;33,13;179,95;859,84;179,93;812,93;851,22;77,87;0,33
10445;0,00;0,00;0,00;0,00;49,00;0,00;70,98;80,00;33,15;179,96;860,76;179,95;813,48;851,27;77,87;0,33
10450;0,00;0,00;0,00;0,00;49,00;0,00;71,00;80,02;33,15;179,97;862,36;179,96;813,93;853,37;77,87;0,33
10455;0,00;0,00;0,00;0,00;49,00;0,00;70,99;80,02;33,14;179,98;866,08;179,97;814,49;854,83;77,87;0,33
10460;0,00;0,00;0,00;0,00;48,99;0,00;71,02;79,98;33,15;179,98;867,21;179,97;814,56;857,04;77,87;0,33
10465;0,00;0,00;0,00;0,00;49,00;0,00;71,00;80,00;33,14;179,99;867,44;179,96;814,47;857,42;77,87;0,33
10470;0,00;0,00;0,00;0,00;49,01;0,00;71,00;79,95;33,15;179,99;866,59;179,96;814,29;856,63;77,87;0,33
10475;0,00;0,00;0,00;0,00;49,00;0,00;71,01;80,03;33,13;179,97;863,82;179,94;813,60;855,59;77,87;0,33
10480;0,00;0,00;0,00;0,00;49,00;0,00;71,00;80,00;33,13;179,97;862,16;179,93;813,20;852,97;77,87;0,33
10485;0,00;0,00;0,00;0,00;49,00;0,00;71,03;79,98;33,15;179,97;859,84;179,91;812,90;851,20;77,87;0,33
10490;0,00;0,00;0,00;0,00;48,99;0,00;71,02;80,02;33,14;179,98;859,79;179,90;813,06;851,22;77,87;0,33
10495;0,00;0,00;0,00;0,00;49,01;0,00;71,02;79,98;33,12;179,97;862,34;179,89;813,87;853,26;77,87;0,33
10500;0,00;0,00;0,00;0,00;49,00;0,00;71,00;80,00;33,13;179,95;864,26;179,89;814,27;854,74;77,87;0,33
10505;0,00;0,00;0,00;0,00;49,00;0,00;71,02;80,02;33,14;179,95;867,16;179,89;814,53;856,99;77,87;0,33
10510;0,00;0,00;0,00;0,00;49,00;0,00;71,01;80,02;33,13;179,96;867,65;179,90;814,53;857,41;77,87;0,33
10515;0,00;0,00;0,00;0,00;49,00;0,00;71,00;79,98;33,13;179,96;866,66;179,91;814,27;856,68;77,87;0,33
10520;0,00;0,00;0,00;0,00;49,01;0,00;70,99;79,98;33,15;179,95;865,45;179,91;813,99;855,66;77,87;0,33
10525;0,00;0,00;0,00;0,00;49,01;0,00;71,00;79,97;33,15;179,93;862,30;179,93;813,22;853,03;77,87;0,33
10530;0,00;0,00;0,00;0,00;49,00;0,00;71,03;80,03;33,14;179,92;860,84;179,93;812,95;851,89;77,87;0,33
10535;0,00;0,00;0,00;0,00;49,00;0,00;71,01;80,02;33,13;179,94;859,87;179,94;813,07;851,27;77,87;0,33
10540;0,00;0,00;0,00;0,00;49,00;0,00;71,00;80,02;33,14;179,97;862,31;179,95;813,43;851,99;77,87;0,33
10545;0,00;0,00;0,00;0,00;48,99;0,00;71,00;80,02;33,14;179,98;864,20;179,95;814,26;854,72;77,87;0,33
10550;0,00;0,00;0,00;0,00;49,00;0,00;71,00;80,02;33,14;179,97;867,15;179,94;814,45;856,05;77,87;0,33
10555;0,00;0,00;0,00;0,00;48,99;0,00;71,02;80,02;33,15;179,96;867,60;179,94;814,51;857,37;77,87;0,33
10560;0,00;0,00;0,00;0,00;49,00;0,00;71,01;80,05;33,14;179,95;866,54;179,93;814,43;857,21;77,87;0,33
10565;0,00;0,00;0,00;0,00;49,00;0,00;71,00;80,03;33,13;179,95;865,31;179,91;813,94;855,55;77,87;0,33
10570;0,00;0,00;0,00;0,00;49,00;0,00;71,00;79,98;33,14;179,95;862,15;179,91;813,55;854,22;77,87;0,33
10575;0,00;0,00;0,00;0,00;49,00;0,00;70,98;80,00;33,14;179,95;860,73;179,89;812,91;851,81;77,87;0,33
10580;0,00;0,00;0,00;0,00;49,00;0,00;71,02;80,00;33,13;179,96;859,92;179,88;812,88;851,23;77,87;0,33
10585;0,00;0,00;0,00;0,00;49,01;0,00;70,99;79,98;33,15;179,97;860,85;179,88;813,45;852,15;77,87;0,33
10590;0,00;0,00;0,00;0,00;49,01;0,00;71,00;80,02;33,14;179,96;864,50;179,88;813,91;853,47;77,87;0,33
10595;0,00;0,00;0,00;0,00;49,00;0,00;71,01;79,97;33,14;179,96;866,15;179,88;814,46;856,19;77,87;0,33
10600;0,00;0,00;0,00;0,00;49,00;0,00;71,00;80,00;33,15;179,97;867,65;179,89;814,53;857,06;77,87;0,33
10605;0,00;0,00;0,00;0,00;49,00;0,00;71,02;79,98;33,16;179,96;867,35;179,91;814,43;857,22;77,87;0,33
10610;0,00;0,00;0,00;0,00;49,00;0,00;71,00;80,02;33,17;179,96;865,27;179,92;814,24;856,55;77,87;0,33
10615;0,00;0,00;0,00;0,00;49,00;0,00;70,99;80,00;33,15;179,95;863,72;179,93;813,53;854,15;77,87;0,33
10620;0,00;0,00;0,00;0,00;49,00;0,00;71,00;80,00;33,16;179,96;860,54;179,94;813,14;852,80;77,87;0,33
10625;0,00;0,00;0,00;0,00;49,00;0,00;71,00;80,02;33,16;179,98;859,79;179,95;812,89;851,17;77,87;0,33
10630;0,00;0,00;0,00;0,00;49,00;0,00;71,02;80,03;33,17;179,99;860,85;179,96;813,10;851,30;77,87;0,33
10635;0,00;0,00;0,00;0,00;49,01;0,00;71,00;80,02;33,17;180,00;862,64;179,96;813,94;853,46;77,87;0,33
10640;0,00;0,00;0,00;0,00;49,00;0,00;71,00;80,00;33,16;179,98;866,20;179,95;814,30;854,93;77,87;0,33
10645;0,00;0,00;0,00;0,00;49,00;0,00;70,98;79,97;33,18;179,97;867,27;179,95;814,53;857,08;77,87;0,33
10650;0,00;0,00;0,00;0,00;49,00;0,00;70,98;80,03;33,16;179,94;867,34;179,93;814,52;857,42;77,87;0,33
10655;0,00;0,00;0,00;0,00;49,00;0,00;71,02;80,00;33,16;179,92;866,49;179,92;814,23;856,51;77,87;0,33
10660;0,00;0,00;0,00;0,00;49,01;0,00;70,99;80,00;33,17;179,94;863,68;179,90;813,92;855,44;77,87;0,33
10665;0,00;0,00;0,00;0,00;49,00;0,00;71,00;80,02;33,17;179,95;861,91;179,89;813,12;852,76;77,87;0,33
10670;0,00;0,00;0,00;0,00;49,00;0,00;71,00;79,97;33,16;179,98;859,81;179,88;812,89;851,73;77,87;0,33
10675;0,00;0,00;0,00;0,00;49,00;0,00;71,00;79,98;33,16;180,00;859,93;179,87;813,09;851,35;77,87;0,33
10680;0,00;0,00;0,00;0,00;49,00;0,00;70,99;80,00;33,15;179,99;862,73;179,89;813,49;852,21;77,87;0,33
10685;0,00;0,00;0,00;0,00;49,00;0,00;70,99;80,05;33,16;179,99;864,63;179,89;814,29;855,03;77,87;0,33
10690;0,00;0,00;0,00;0,00;49,00;0,00;71,02;80,02;33,17;179,96;867,31;179,91;814,46;856,28;77,87;0,33
10695;0,00;0,00;0,00;0,00;48,99;0,00;71,02;80,00;33,17;179,94;867,66;179,93;814,50;857,43;77,87;0,33
10700;0,00;0,00;0,00;0,00;49,00;0,00;71,00;79,97;33,19;179,93;866,46;179,95;814,20;857,20;77,87;0,33
10705;0,00;0,00;0,00;0,00;49,00;0,00;71,00;80,02;33,18;179,95;865,19;179,97;813,90;855,43;77,87;0,33
10710;0,00;0,00;0,00;0,00;49,01;0,00;71,02;80,00;33,19;179,99;861,86;179,97;813,10;854,11;77,87;0,33
10715;0,00;0,00;0,00;0,00;49,00;0,00;71,00;80,02;33,18;180,00;860,50;179,99;812,87;851,68;77,87;0,33
10720;0,00;0,00;0,00;0,00;49,00;0,00;71,02;79,98;33,18;180,00;859,93;179,99;813,09;851,17;77,87;0,33
10725;0,00;0,00;0,00;0,00;49,00;0,00;71,00;80,00;33,18;179,98;861,06;179,98;813,50;852,22;77,87;0,33
10730;0,00;0,00;0,00;0,00;49,00;0,00;71,00;80,00;33,18;179,96;864,68;179,97;814,29;853,58;77,87;0,33
10735;0,00;0,00;0,00;0,00;49,00;0,00;71,01;80,00;33,19;179,94;866,28;179,96;814,44;856,27;77,87;0,33
10740;0,00;0,00;0,00;0,00;49,00;0,00;71,02;80,00;33,18;179,93;867,60;179,94;814,46;857,11;77,87;0,33
10745;0,00;0,00;0,00;0,00;49,00;0,00;71,00;80,00;33,19;179,93;867,23;179,93;814,36;857,11;77,87;0,33
10750;0,00;0,00;0,00;0,00;49,00;0,00;70,98;80,03;33,18;179,96;865,05;179,92;813,84;856,39;77,87;0,33
10755;0,00;0,00;0,00;0,00;49,00;0,00;71,00;80,02;33,20;179,98;863,36;179,91;813,43;853,96;77,87;0,33
10760;0,00;0,00;0,00;0,00;49,01;0,00;71,01;80,00;33,21;180,00;860,44;179,90;812,86;852,62;77,87;0,33
10765;0,00;0,00;0,00;0,00;49,00;0,00;71,02;80,00;33,19;180,00;859,82;179,91;812,89;851,21;77,87;0,33
10770;0,00;0,00;0,00;0,00;49,00;0,00;70,99;80,00;33,19;180,01;861,37;179,91;813,58;851,46;77,87;0,33
10775;0,00;0,00;0,00;0,00;49,00;0,00;71,02;80,00;33,18;180,00;863,14;179,92;814,05;853,99;77,87;0,33
10780;0,00;0,00;0,00;0,00;49,00;0,00;71,00;80,02;33,20;179,95;866,61;179,93;814,34;855,41;77,87;0,33
10785;0,00;0,00;0,00;0,00;49,00;0,00;71,00;79,97;33,18;179,93;867,45;179,94;814,49;857,24;77,87;0,33
10790;0,00;0,00;0,00;0,00;49,01;0,00;70,98;80,02;33,20;179,93;867,07;179,96;814,34;857,37;77,87;0,33
10795;0,00;0,00;0,00;0,00;49,00;0,00;71,00;80,06;33,19;179,95;866,07;179,97;814,10;856,18;77,87;0,33
10800;0,00;0,00;0,00;0,00;49,00;0,00;71,00;80,02;33,19;179,99;863,07;179,97;813,34;855,01;77,87;0,33
10805;0,00;0,00;0,00;0,00;49,00;0,00;71,02;80,00;33,20;179,99;861,48;179,97;813,00;852,43;77,87;0,33
10810;0,00;0,00;0,00;0,00;49,00;0,00;70,99;80,00;33,21;179,98;859,80;179,98;812,92;851,52;77,87;0,33
10815;0,00;0,00;0,00;0,00;49,00;0,00;71,02;80,02;33,22;179,98;860,25;179,97;813,20;851,62;77,87;0,33
10820;0,00;0,00;0,00;0,00;49,00;0,00;71,01;80,02;33,21;179,96;863,35;179,96;814,06;854,09;77,87;0,33
10825;0,00;0,00;0,00;0,00;49,00;0,00;71,00;79,98;33,22;179,94;865,19;179,95;814,34;855,48;77,87;0,33
10830;0,00;0,00;0,00;0,00;49,00;0,00;71,02;80,00;33,22;179,94;867,45;179,93;814,47;857,23;77,87;0,33
10835;0,00;0,00;0,00;0,00;49,00;0,00;71,00;80,02;33,21;179,94;867,52;179,92;814,42;857,32;77,87;0,33
10840;0,00;0,00;0,00;0,00;48,99;0,00;71,00;80,00;33,21;179,95;865,95;179,90;814,05;856,05;77,87;0,33
10845;0,00;0,00;0,00;0,00;49,01;0,00;71,02;80,00;33,21;179,98;864,56;179,90;813,69;854,90;77,87;0,33
10850;0,00;0,00;0,00;0,00;49,00;0,00;71,00;80,02;33,21;179,99;861,27;179,89;812,96;852,32;77,87;0,33
10855;0,00;0,00;0,00;0,00;49,00;0,00;71,01;79,98;33,20;179,98;860,19;179,89;812,84;851,47;77,87;0,33
10860;0,00;0,00;0,00;0,00;49,00;0,00;71,02;79,98;33,19;179,98;860,33;179,90;813,22;851,69;77,87;0,33
10865;0,00;0,00;0,00;0,00;49,00;0,00;71,00;80,05;33,18;179,97;861,68;179,91;813,67;852,79;77,87;0,33
10870;0,00;0,00;0,00;0,00;49,01;0,00;71,00;80,02;33,21;179,99;865,45;179,94;814,36;855,59;77,87;0,33
10875;0,00;0,00;0,00;0,00;49,00;0,00;71,00;79,98;33,19;179,97;867,50;179,95;814,46;856,69;77,87;0,33
10880;0,00;0,00;0,00;0,00;48,99;0,00;70,99;80,02;33,19;179,96;867,52;179,98;814,43;857,32;77,87;0,33
10885;0,00;0,00;0,00;0,00;48,99;0,00;71,02;80,02;33,20;179,96;865,79;179,99;814,28;856,85;77,87;0,33
10890;0,00;0,00;0,00;0,00;49,00;0,00;71,00;79,98;33,20;179,96;864,35;180,00;813,67;854,74;77,87;0,33
10895;0,00;0,00;0,00;0,00;49,00;0,00;71,00;80,00;33,20;179,96;861,19;180,01;813,26;853,39;77,87;0,33
10900;0,00;0,00;0,00;0,00;49,00;0,00;71,00;79,98;33,20;179,97;860,07;180,01;812,86;851,39;77,87;0,33
10905;0,00;0,00;0,00;0,00;49,00;0,00;71,02;80,02;33,21;179,98;860,48;180,00;812,99;851,25;77,87;0,33
10910;0,00;0,00;0,00;0,00;48,99;0,00;71,00;80,02;33,21;179,97;861,91;179,98;813,75;852,99;77,87;0,33
10915;0,00;0,00;0,00;0,00;49,01;0,00;70,98;80,02;33,23;179,99;865,66;179,96;814,15;854,43;77,87;0,33
10920;0,00;0,00;0,00;0,00;49,01;0,00;71,00;80,02;33,22;180,00;866,94;179,92;814,50;856,80;77,87;0,33
10925;0,00;0,00;0,00;0,00;49,00;0,00;71,00;80,00;33,22;180,02;867,46;179,91;814,50;857,34;77,87;0,33
10930;0,00;0,00;0,00;0,00;48,99;0,00;71,01;80,00;33,23;180,01;866,79;179,89;814,28;856,77;77,87;0,33
10935;0,00;0,00;0,00;0,00;49,00;0,00;71,01;80,00;33,24;179,96;864,17;179,88;814,01;855,82;77,87;0,33
10940;0,00;0,00;0,00;0,00;49,01;0,00;71,00;80,00;33,22;179,94;862,53;179,88;813,22;853,25;77,87;0,33
10945;0,00;0,00;0,00;0,00;49,00;0,00;71,00;80,02;33,23;179,93;859,96;179,89;812,92;852,06;77,87;0,33
10950;0,00;0,00;0,00;0,00;49,00;0,00;71,00;80,02;33,24;179,94;859,79;179,91;812,98;851,22;77,87;0,33
10955;0,00;0,00;0,00;0,00;48,99;0,00;71,00;79,98;33,22;180,00;862,14;179,93;813,32;851,85;77,87;0,33
10960;0,00;0,00;0,00;0,00;49,00;0,00;71,00;80,00;33,23;180,02;864,02;179,98;814,17;854,56;77,87;0,33
10965;0,00;0,00;0,00;0,00;49,00;0,00;71,02;80,00;33,25;180,05;867,05;180,01;814,39;855,90;77,87;0,33
10970;0,00;0,00;0,00;0,00;49,00;0,00;71,01;79,98;33,23;180,04;867,65;180,03;814,49;857,41;77,87;0,33
10975;0,00;0,00;0,00;0,00;49,00;0,00;70,98;79,98;33,25;179,99;866,82;180,04;814,42;857,35;77,87;0,33
10980;0,00;0,00;0,00;0,00;49,00;0,00;70,99;80,03;33,25;179,96;865,67;180,05;813,99;855,82;77,87;0,33
10985;0,00;0,00;0,00;0,00;49,00;0,00;71,01;80,00;33,23;179,93;862,51;180,03;813,59;854,54;77,87;0,33
10990;0,00;0,00;0,00;0,00;49,00;0,00;71,00;80,00;33,23;179,93;860,89;180,02;812,88;852,00;77,87;0,33
10995;0,00;0,00;0,00;0,00;49,00;0,00;71,00;80,02;33,25;179,96;859,75;179,99;812,79;851,27;77,87;0,33
11000;0,00;0,00;0,00;0,00;49,00;0,00;71,00;80,03;33,23;179,98;860,46;179,96;813,25;851,81;77,87;0,33
11005;0,00;0,00;0,00;0,00;49,00;0,00;71,02;80,00;33,26;180,00;863,99;179,91;813,71;853,03;77,87;0,33
11010;0,00;0,00;0,00;0,00;49,01;0,00;71,00;80,02;33,24;179,99;865,77;179,89;814,36;855,87;77,87;0,33
11015;0,00;0,00;0,00;0,00;49,00;0,00;70,98;80,00;33,25;179,96;867,65;179,86;814,47;856,89;77,87;0,33
11020;0,00;0,00;0,00;0,00;49,01;0,00;71,00;80,00;33,23;179,95;867,58;179,85;814,41;857,38;77,87;0,33
11025;0,00;0,00;0,00;0,00;49,00;0,00;71,00;80,00;33,24;179,95;865,72;179,85;813,99;856,85;77,87;0,33
11030;0,00;0,00;0,00;0,00;48,99;0,00;71,02;79,98;33,24;179,95;864,23;179,87;813,61;854,66;77,87;0,33
11035;0,00;0,00;0,00;0,00;49,00;0,00;70,99;80,00;33,24;179,98;861,04;179,91;812,90;853,28;77,87;0,33
11040;0,00;0,00;0,00;0,00;48,99;0,00;70,98;80,03;33,26;179,99;860,03;179,93;812,82;851,35;77,87;0,33
11045;0,00;0,00;0,00;0,00;49,00;0,00;71,00;80,00;33,24;179,99;860,56;179,99;813,28;851,24;77,87;0,33
11050;0,00;0,00;0,00;0,00;48,99;0,00;71,00;80,00;33,26;179,98;862,04;180,01;813,73;853,05;77,87;0,33
11055;0,00;0,00;0,00;0,00;49,00;0,00;71,01;80,00;33,24;179,96;865,66;180,05;814,35;855,82;77,87;0,33
11060;0,00;0,00;0,00;0,00;49,00;0,00;71,03;80,00;33,23;179,96;866,92;180,06;814,43;856,82;77,87;0,33
11065;0,00;0,00;0,00;0,00;49,00;0,00;70,99;80,02;33,23;179,96;867,42;180,08;814,36;857,26;77,87;0,33
11070;0,00;0,00;0,00;0,00;48,99;0,00;71,00;79,98;33,24;179,96;866,73;180,08;814,20;856,72;77,87;0,33
11075;0,00;0,00;0,00;0,00;48,99;0,00;71,00;79,98;33,22;179,96;864,11;180,05;813,53;854,51;77,87;0,33
11080;0,00;0,00;0,00;0,00;49,01;0,00;71,00;80,00;33,23;179,96;862,48;180,03;813,14;853,17;77,87;0,33
11085;0,00;0,00;0,00;0,00;49,00;0,00;71,00;79,97;33,23;179,96;859,96;179,99;812,79;851,31;77,87;0,33
11090;0,00;0,00;0,00;0,00;49,00;0,00;71,02;79,98;33,22;179,96;859,83;179,96;812,95;851,25;77,87;0,33
11095;0,00;0,00;0,00;0,00;49,00;0,00;71,00;79,98;33,22;179,95;862,06;179,92;813,74;853,13;77,87;0,33
11100;0,00;0,00;0,00;0,00;48,99;0,00;70,99;80,02;33,24;179,96;864,10;179,89;814,15;854,62;77,87;0,33
11105;0,00;0,00;0,00;0,00;49,00;0,00;71,00;80,00;33,23;179,97;867,05;179,88;814,45;856,92;77,87;0,33
11110;0,00;0,00;0,00;0,00;49,00;0,00;71,00;79,97;33,24;179,96;867,60;179,87;814,46;857,38;77,87;0,33
11115;0,00;0,00;0,00;0,00;49,00;0,00;70,98;80,02;33,22;179,96;866,73;179,88;814,23;856,74;77,87;0,33
11120;0,00;0,00;0,00;0,00;48,99;0,00;71,00;80,00;33,24;179,97;865,57;179,89;813,95;855,77;77,87;0,33
11125;0,00;0,00;0,00;0,00;49,00;0,00;71,00;80,00;33,25;179,97;862,42;179,93;813,16;853,14;77,87;0,33
11130;0,00;0,00;0,00;0,00;49,00;0,00;70,99;79,98;33,26;179,96;859,90;179,95;812,86;851,93;77,87;0,33
11135;0,00;0,00;0,00;0,00;48,99;0,00;71,00;79,98;33,27;179,96;859,80;180,00;812,97;851,24;77,87;0,33
11140;0,00;0,00;0,00;0,00;49,00;0,00;71,04;80,02;33,25;179,96;862,26;180,03;813,32;851,94;77,87;0,33
11145;0,00;0,00;0,00;0,00;48,99;0,00;71,00;79,98;33,25;179,96;864,17;180,07;814,17;854,65;77,87;0,33
11150;0,00;0,00;0,00;0,00;49,01;0,00;71,00;79,98;33,26;179,98;867,08;180,08;814,38;855,97;77,87;0,33
11155;0,00;0,00;0,00;0,00;49,00;0,00;70,98;80,02;33,25;179,97;867,59;180,08;814,46;857,38;77,87;0,33
11160;0,00;0,00;0,00;0,00;49,00;0,00;71,00;80,02;33,25;179,97;866,66;180,07;814,37;857,26;77,87;0,33
11165;0,00;0,00;0,00;0,00;49,00;0,00;70,99;80,02;33,25;179,97;865,47;180,03;813,92;855,66;77,87;0,33
11170;0,00;0,00;0,00;0,00;49,00;0,00;71,00;79,98;33,27;179,95;862,31;180,00;813,53;854,38;77,87;0,33
11175;0,00;0,00;0,00;0,00;48,99;0,00;71,01;80,00;33,27;179,96;860,77;179,94;812,87;851,92;77,87;0,33
11180;0,00;0,00;0,00;0,00;49,00;0,00;71,00;80,02;33,26;179,97;859,89;179,91;812,84;851,29;77,87;0,33
11185;0,00;0,00;0,00;0,00;49,00;0,00;71,05;79,98;33,26;179,97;860,75;179,85;813,38;852,05;77,87;0,33
11190;0,00;0,00;0,00;0,00;49,00;0,00;71,00;80,00;33,26;179,97;864,31;179,83;813,82;853,31;77,87;0,33
11195;0,00;0,00;0,00;0,00;49,00;0,00;71,00;80,00;33,26;179,97;865,98;179,83;814,38;856,03;77,87;0,33
11200;0,00;0,00;0,00;0,00;49,00;0,00;70,99;80,00;33,27;179,96;867,54;179,83;814,45;856,96;77,87;0,33
11205;0,00;0,00;0,00;0,00;49,01;0,00;71,00;79,98;33,26;179,96;867,29;179,87;814,35;857,18;77,87;0,33
11210;0,00;0,00;0,00;0,00;49,00;0,00;71,00;80,00;33,25;179,96;865,28;179,93;814,16;856,54;77,87;0,33
11215;0,00;0,00;0,00;0,00;49,00;0,00;71,00;80,00;33,27;179,97;863,73;179,95;813,46;854,20;77,87;0,33
11220;0,00;0,00;0,00;0,00;49,00;0,00;71,00;80,02;33,26;179,96;860,67;180,02;813,07;852,87;77,87;0,33
11225;0,00;0,00;0,00;0,00;49,00;0,00;71,03;80,00;33,26;179,96;859,85;180,05;812,81;851,22;77,87;0,33
11230;0,00;0,00;0,00;0,00;49,00;0,00;71,02;80,02;33,27;179,95;860,84;180,08;813,01;851,30;77,87;0,33
11235;0,00;0,00;0,00;0,00;49,00;0,00;71,01;79,98;33,27;179,95;862,47;180,09;813,82;853,39;77,87;0,33
11240;0,00;0,00;0,00;0,00;49,00;0,00;71,00;80,02;33,27;179,96;866,02;180,08;814,37;854,84;77,87;0,33
11245;0,00;0,00;0,00;0,00;48,99;0,00;70,98;79,98;33,27;179,97;867,12;180,06;814,42;856,97;77,87;0,33
11250;0,00;0,00;0,00;0,00;49,00;0,00;70,98;79,98;33,25;179,96;867,26;180,01;814,32;857,33;77,87;0,33
11255;0,00;0,00;0,00;0,00;49,00;0,00;71,02;79,97;33,26;179,95;866,45;179,98;814,13;856,50;77,87;0,33
11260;0,00;0,00;0,00;0,00;49,00;0,00;71,01;79,98;33,28;179,93;863,54;179,91;813,41;855,46;77,87;0,33
11265;0,00;0,00;0,00;0,00;48,99;0,00;71,00;80,02;33,25;179,92;861,92;179,88;813,03;852,81;77,87;0,33
11270;0,00;0,00;0,00;0,00;49,01;0,00;71,01;80,00;33,28;179,94;859,84;179,84;812,82;851,75;77,87;0,33
11275;0,00;0,00;0,00;0,00;49,01;0,00;71,00;80,02;33,27;179,95;859,95;179,83;813,03;851,38;77,87;0,33
11280;0,00;0,00;0,00;0,00;49,00;0,00;71,02;79,98;33,24;179,98;862,71;179,83;813,87;852,25;77,87;0,33
11285;0,00;0,00;0,00;0,00;49,00;0,00;71,00;80,02;33,25;179,99;864,61;179,84;814,23;855,04;77,87;0,33
11290;0,00;0,00;0,00;0,00;49,00;0,00;71,00;80,00;33,25;179,99;867,30;179,89;814,45;856,27;77,87;0,33
11295;0,00;0,00;0,00;0,00;49,01;0,00;71,02;79,97;33,29;179,97;867,60;179,92;814,42;857,38;77,87;0,33
11300;0,00;0,00;0,00;0,00;49,00;0,00;71,02;80,00;33,27;179,94;866,39;179,98;814,12;857,14;77,87;0,33
11305;0,00;0,00;0,00;0,00;49,00;0,00;71,00;80,03;33,27;179,94;865,11;180,01;813,80;855,32;77,87;0,33
11310;0,00;0,00;0,00;0,00;48,99;0,00;71,00;80,00;33,27;179,94;861,78;180,06;813,01;852,66;77,87;0,33
11315;0,00;0,00;0,00;0,00;49,00;0,00;71,03;80,03;33,27;179,96;860,46;180,08;812,80;851,64;77,87;0,33
11320;0,00;0,00;0,00;0,00;49,01;0,00;71,03;79,98;33,27;179,97;859,99;180,09;813,05;851,40;77,87;0,33
11325;0,00;0,00;0,00;0,00;49,00;0,00;71,03;80,00;33,27;179,97;861,09;180,08;813,45;852,31;77,87;0,33
11330;0,00;0,00;0,00;0,00;49,00;0,00;71,01;80,00;33,28;179,96;864,70;180,04;814,24;855,13;77,87;0,33
11335;0,00;0,00;0,00;0,00;48,99;0,00;71,01;79,98;33,29;179,95;866,40;180,02;814,40;856,36;77,87;0,33
11340;0,00;0,00;0,00;0,00;49,00;0,00;70,99;80,03;33,27;179,96;867,61;179,96;814,42;857,41;77,87;0,33
11345;0,00;0,00;0,00;0,00;49,01;0,00;71,01;79,98;33,28;179,98;867,25;179,93;814,31;857,11;77,87;0,33
11350;0,00;0,00;0,00;0,00;49,00;0,00;71,02;79,98;33,27;179,98;864,95;179,88;813,78;855,26;77,87;0,33
11355;0,00;0,00;0,00;0,00;48,99;0,00;70,99;80,00;33,28;179,97;863,36;179,87;813,36;853,91;77,87;0,33
11360;0,00;0,00;0,00;0,00;49,00;0,00;71,03;79,97;33,28;179,96;860,35;179,85;812,79;851,61;77,87;0,33
11365;0,00;0,00;0,00;0,00;49,00;0,00;71,02;79,98;33,29;179,96;859,75;179,85;812,83;851,17;77,87;0,33
11370;0,00;0,00;0,00;0,00;49,00;0,00;70,99;80,02;33,27;179,96;861,18;179,87;813,46;852,40;77,87;0,33
11375;0,00;0,00;0,00;0,00;49,00;0,00;71,01;80,02;33,29;179,98;862,89;179,90;813,92;853,79;77,87;0,33
11380;0,00;0,00;0,00;0,00;49,01;0,00;71,00;80,02;33,29;179,98;866,43;179,95;814,37;856,42;77,87;0,33
11385;0,00;0,00;0,00;0,00;49,00;0,00;71,02;80,02;33,29;179,96;867,33;179,97;814,40;857,15;77,87;0,33
11390;0,00;0,00;0,00;0,00;49,00;0,00;71,00;79,98;33,30;179,96;867,07;180,02;814,24;857,01;77,87;0,33
11395;0,00;0,00;0,00;0,00;49,00;0,00;71,00;80,02;33,30;179,96;866,11;180,04;814,02;856,22;77,87;0,33
11400;0,00;0,00;0,00;0,00;48,99;0,00;71,00;79,98;33,30;179,96;863,18;180,06;813,27;853,74;77,87;0,33
11405;0,00;0,00;0,00;0,00;49,00;0,00;70,99;80,00;33,29;179,95;861,59;180,06;812,93;852,48;77,87;0,33
11410;0,00;0,00;0,00;0,00;49,00;0,00;71,02;80,02;33,28;179,94;859,80;180,06;812,83;851,21;77,87;0,33
11415;0,00;0,00;0,00;0,00;49,00;0,00;70,99;80,00;33,30;179,95;861,38;180,06;813,11;851,56;77,87;0,33
11420;0,00;0,00;0,00;0,00;49,00;0,00;71,00;79,98;33,30;179,96;863,28;180,01;813,95;854,00;77,87;0,33
11425;0,00;0,00;0,00;0,00;49,00;0,00;71,03;80,03;33,30;179,96;866,54;179,98;814,24;855,39;77,87;0,33
11430;0,00;0,00;0,00;0,00;49,00;0,00;71,03;80,00;33,32;179,96;867,34;179,92;814,37;857,16;77,87;0,33
11435;0,00;0,00;0,00;0,00;49,00;0,00;70,98;80,00;33,30;179,98;866,90;179,89;814,33;857,27;77,87;0,33
11440;0,00;0,00;0,00;0,00;49,00;0,00;71,02;80,00;33,31;179,98;865,89;179,85;813,95;856,04;77,87;0,33
11445;0,00;0,00;0,00;0,00;49,00;0,00;71,00;80,00;33,31;179,98;862,90;179,83;813,60;854,83;77,87;0,33
11450;0,00;0,00;0,00;0,00;49,00;0,00;71,00;80,00;33,31;179,97;861,33;179,83;812,87;852,29;77,87;0,33
11455;0,00;0,00;0,00;0,00;49,00;0,00;71,02;80,00;33,31;179,95;859,76;179,83;812,74;851,44;77,87;0,33
11460;0,00;0,00;0,00;0,00;49,01;0,00;71,00;80,00;33,30;179,94;860,27;179,87;813,13;851,66;77,87;0,33
11465;0,00;0,00;0,00;0,00;49,02;0,00;70,99;80,00;33,31;179,95;863,40;179,90;813,56;852,75;77,87;0,33
11470;0,00;0,00;0,00;0,00;48,99;0,00;71,00;80,00;33,32;179,97;865,34;179,96;814,26;855,56;77,87;0,33
11475;0,00;0,00;0,00;0,00;48,99;0,00;71,00;79,98;33,31;179,98;867,43;180,00;814,36;856,62;77,87;0,33
11480;0,00;0,00;0,00;0,00;49,00;0,00;70,98;80,00;33,33;179,98;867,48;180,06;814,33;857,30;77,87;0,33
11485;0,00;0,00;0,00;0,00;49,00;0,00;71,00;79,97;33,32;179,98;865,81;180,08;814,19;856,85;77,87;0,33
11490;0,00;0,00;0,00;0,00;49,00;0,00;71,00;80,00;33,33;179,95;864,39;180,10;813,57;854,75;77,87;0,33
11495;0,00;0,00;0,00;0,00;49,00;0,00;71,00;80,00;33,32;179,95;861,19;180,11;813,15;853,39;77,87;0,33
11500;0,00;0,00;0,00;0,00;49,00;0,00;70,98;80,02;33,33;179,95;860,00;180,09;812,72;851,34;77,87;0,33
11505;0,00;0,00;0,00;0,00;49,00;0,00;71,02;80,02;33,33;179,98;860,29;180,04;812,85;851,14;77,87;0,33
11510;0,00;0,00;0,00;0,00;49,00;0,00;71,00;80,03;33,33;179,99;861,67;180,02;813,57;852,81;77,87;0,33
11515;0,00;0,00;0,00;0,00;49,00;0,00;71,02;80,02;33,34;179,99;865,46;179,96;814,01;854,24;77,87;0,33
11520;0,00;0,00;0,00;0,00;48,99;0,00;71,00;80,02;33,33;179,99;866,80;179,91;814,36;856,68;77,87;0,33
11525;0,00;0,00;0,00;0,00;49,00;0,00;71,02;80,00;33,33;179,97;867,50;179,86;814,38;857,27;77,87;0,33
11530;0,00;0,00;0,00;0,00;49,01;0,00;71,02;80,00;33,35;179,97;866,84;179,84;814,17;856,83;77,87;0,33
11535;0,00;0,00;0,00;0,00;49,00;0,00;71,01;79,98;33,34;179,97;864,31;179,82;813,92;855,93;77,87;0,33
11540;0,00;0,00;0,00;0,00;48,99;0,00;71,03;80,00;33,34;179,96;862,68;179,82;813,12;853,31;77,87;0,33
11545;0,00;0,00;0,00;0,00;49,00;0,00;71,02;80,00;33,35;179,97;859,99;179,86;812,81;852,10;77,87;0,33
11550;0,00;0,00;0,00;0,00;49,01;0,00;71,01;79,97;33,34;179,97;859,73;179,89;812,84;851,17;77,87;0,33
11555;0,00;0,00;0,00;0,00;49,00;0,00;70,99;80,02;33,33;179,99;861,90;179,96;813,14;851,74;77,87;0,33
11560;0,00;0,00;0,00;0,00;49,00;0,00;71,00;80,00;33,34;180,00;863,77;179,99;814,02;854,37;77,87;0,33
11565;0,00;0,00;0,00;0,00;49,00;0,00;71,02;80,00;33,35;180,00;866,89;180,05;814,35;855,73;77,87;0,33
11570;0,00;0,00;0,00;0,00;49,00;0,00;71,01;80,00;33,35;179,99;867,54;180,07;814,37;857,32;77,87;0,33
11575;0,00;0,00;0,00;0,00;49,00;0,00;71,00;80,00;33,34;179,98;866,82;180,10;814,16;857,33;77,87;0,33
11580;0,00;0,00;0,00;0,00;49,01;0,00;71,02;80,02;33,36;179,98;865,71;180,10;813,90;855,88;77,87;0,33
11585;0,00;0,00;0,00;0,00;49,00;0,00;70,99;80,00;33,35;179,98;862,60;180,07;813,10;854,62;77,87;0,33
11590;0,00;0,00;0,00;0,00;49,00;0,00;71,02;80,00;33,33;179,97;860,99;180,06;812,82;852,09;77,87;0,33
11595;0,00;0,00;0,00;0,00;49,00;0,00;71,00;79,98;33,34;179,96;859,81;180,01;812,87;851,34;77,87;0,33
11600;0,00;0,00;0,00;0,00;49,00;0,00;71,01;79,98;33,34;179,96;860,49;179,98;813,21;851,84;77,87;0,33
11605;0,00;0,00;0,00;0,00;49,00;0,00;70,98;80,00;33,35;179,97;863,96;179,92;814,06;853,02;77,87;0,33
11610;0,00;0,00;0,00;0,00;49,00;0,00;71,00;80,03;33,34;179,99;865,68;179,90;814,29;855,79;77,87;0,33
11615;0,00;0,00;0,00;0,00;49,00;0,00;71,00;79,98;33,34;180,01;867,46;179,87;814,36;857,26;77,87;0,33
11620;0,00;0,00;0,00;0,00;49,01;0,00;71,02;80,00;33,34;180,01;867,35;179,86;814,29;857,20;77,87;0,33
11625;0,00;0,00;0,00;0,00;49,00;0,00;71,01;79,98;33,34;179,99;865,44;179,86;813,84;855,70;77,87;0,33
11630;0,00;0,00;0,00;0,00;49,00;0,00;71,00;80,00;33,34;179,97;863,96;179,87;813,46;854,45;77,87;0,33
11635;0,00;0,00;0,00;0,00;49,00;0,00;71,00;80,03;33,34;179,96;860,88;179,90;812,80;851,95;77,87;0,33
11640;0,00;0,00;0,00;0,00;49,00;0,00;71,02;80,00;33,34;179,95;859,97;179,92;812,75;851,30;77,87;0,33
11645;0,00;0,00;0,00;0,00;49,01;0,00;71,00;79,98;33,34;179,96;860,72;179,97;813,27;851,98;77,87;0,33
11650;0,00;0,00;0,00;0,00;49,00;0,00;71,00;79,97;33,34;179,96;862,25;179,99;813,71;853,24;77,87;0,33
11655;0,00;0,00;0,00;0,00;49,00;0,00;71,01;80,02;33,34;179,96;865,78;180,03;814,28;855,94;77,87;0,33
11660;0,00;0,00;0,00;0,00;49,00;0,00;70,98;79,98;33,32;179,98;866,94;180,04;814,35;856,86;77,87;0,33
11665;0,00;0,00;0,00;0,00;49,00;0,00;71,01;80,00;33,31;179,99;867,26;180,07;814,25;857,13;77,87;0,33
11670;0,00;0,00;0,00;0,00;49,00;0,00;71,01;80,00;33,34;179,99;865,32;180,07;814,07;856,52;77,87;0,33
11675;0,00;0,00;0,00;0,00;49,01;0,00;71,02;79,98;33,32;179,99;863,69;180,06;813,38;854,23;77,87;0,33
11680;0,00;0,00;0,00;0,00;49,00;0,00;71,02;80,02;33,34;179,99;860,63;180,05;812,98;852,89;77,87;0,33
11685;0,00;0,00;0,00;0,00;49,00;0,00;71,02;80,00;33,35;180,00;859,80;180,03;812,71;851,19;77,87;0,33
11690;0,00;0,00;0,00;0,00;49,00;0,00;70,99;80,00;33,33;180,00;860,68;180,01;812,90;851,24;77,87;0,33
11695;0,00;0,00;0,00;0,00;49,01;0,00;71,01;80,02;33,34;180,00;862,28;179,98;813,72;853,30;77,87;0,33
11700;0,00;0,00;0,00;0,00;49,00;0,00;70,99;80,00;33,34;179,99;866,00;179,97;814,12;854,77;77,87;0,33
11705;0,00;0,00;0,00;0,00;49,00;0,00;70,99;80,00;33,33;179,98;867,14;179,95;814,39;856,98;77,87;0,33
11710;0,00;0,00;0,00;0,00;49,00;0,00;70,99;80,02;33,33;179,97;867,40;179,94;814,39;857,39;77,87;0,33
11715;0,00;0,00;0,00;0,00;48,99;0,00;70,98;80,00;33,35;179,96;866,57;179,94;814,14;856,62;77,87;0,33
11720;0,00;0,00;0,00;0,00;49,00;0,00;70,99;79,98;33,34;179,97;863,83;179,93;813,86;855,61;77,87;0,33
11725;0,00;0,00;0,00;0,00;48,99;0,00;71,00;80,00;33,36;179,98;862,17;179,94;813,06;852,96;77,87;0,33
11730;0,00;0,00;0,00;0,00;49,00;0,00;71,00;80,00;33,34;180,00;859,80;179,96;812,79;851,83;77,87;0,33
11735;0,00;0,00;0,00;0,00;49,00;0,00;71,01;79,98;33,33;180,00;859,80;179,98;812,95;851,25;77,87;0,33
11740;0,00;0,00;0,00;0,00;49,00;0,00;71,00;80,05;33,34;180,00;862,30;180,01;813,32;852,02;77,87;0,33
11745;0,00;0,00;0,00;0,00;49,01;0,00;71,01;80,03;33,35;179,99;864,34;180,02;814,15;854,76;77,87;0,33
11750;0,00;0,00;0,00;0,00;49,00;0,00;71,00;80,03;33,34;179,97;867,13;180,03;814,34;856,06;77,87;0,33
11755;0,00;0,00;0,00;0,00;48,99;0,00;71,02;80,02;33,34;179,96;867,56;180,04;814,39;857,36;77,87;0,33
11760;0,00;0,00;0,00;0,00;49,00;0,00;71,02;80,00;33,33;179,96;866,50;180,04;814,30;857,20;77,87;0,33
11765;0,00;0,00;0,00;0,00;49,00;0,00;70,98;80,00;33,36;179,96;865,27;180,03;813,82;855,52;77,87;0,33
11770;0,00;0,00;0,00;0,00;49,00;0,00;71,00;80,00;33,36;179,99;862,09;180,01;813,42;854,22;77,87;0,33
11775;0,00;0,00;0,00;0,00;49,00;0,00;71,02;80,00;33,35;180,00;860,59;180,00;812,76;851,77;77,87;0,33
11780;0,00;0,00;0,00;0,00;49,00;0,00;71,00;80,02;33,35;180,02;859,88;179,97;812,77;851,21;77,87;0,33
11785;0,00;0,00;0,00;0,00;49,00;0,00;71,03;80,02;33,35;180,01;860,82;179,96;813,34;852,14;77,87;0,33
11790;0,00;0,00;0,00;0,00;49,00;0,00;71,00;79,98;33,35;179,98;864,48;179,94;813,79;853,49;77,87;0,33
11795;0,00;0,00;0,00;0,00;49,00;0,00;71,00;80,02;33,37;179,98;866,10;179,93;814,33;856,17;77,87;0,33
11800;0,00;0,00;0,00;0,00;49,00;0,00;70,99;79,98;33,36;179,95;867,52;179,94;814,38;857,01;77,87;0,33
11805;0,00;0,00;0,00;0,00;49,00;0,00;71,02;80,02;33,36;179,95;867,20;179,94;814,25;857,10;77,87;0,33
11810;0,00;0,00;0,00;0,00;49,00;0,00;71,00;79,98;33,35;179,97;865,08;179,96;813,74;856,41;77,87;0,33
11815;0,00;0,00;0,00;0,00;49,00;0,00;71,00;79,98;33,38;179,99;863,53;179,96;813,33;854,03;77,87;0,33
11820;0,00;0,00;0,00;0,00;49,00;0,00;70,98;80,00;33,38;180,00;860,47;179,99;812,73;852,73;77,87;0,33
11825;0,00;0,00;0,00;0,00;49,00;0,00;71,00;80,00;33,36;180,00;859,79;180,00;812,75;851,20;77,87;0,33
11830;0,00;0,00;0,00;0,00;49,00;0,00;70,98;80,00;33,39;179,98;860,98;180,02;813,36;851,38;77,87;0,33
11835;0,00;0,00;0,00;0,00;49,00;0,00;70,99;79,98;33,37;179,98;862,78;180,03;813,81;853,64;77,87;0,33
11840;0,00;0,00;0,00;0,00;49,00;0,00;71,00;80,05;33,37;179,98;866,25;180,03;814,32;855,07;77,87;0,33
11845;0,00;0,00;0,00;0,00;49,00;0,00;71,02;80,02;33,39;179,99;867,24;180,02;814,36;857,09;77,87;0,33
11850;0,00;0,00;0,00;0,00;49,01;0,00;71,00;79,98;33,37;179,99;867,16;180,00;814,23;857,35;77,87;0,33
11855;0,00;0,00;0,00;0,00;49,01;0,00;71,00;79,97;33,38;179,99;866,26;179,99;814,02;856,33;77,87;0,33
11860;0,00;0,00;0,00;0,00;49,00;0,00;71,00;80,02;33,39;179,99;863,27;179,96;813,27;855,22;77,87;0,33
11865;0,00;0,00;0,00;0,00;49,00;0,00;71,00;80,02;33,41;179,99;861,67;179,94;812,90;852,59;77,87;0,33
11870;0,00;0,00;0,00;0,00;49,00;0,00;71,02;80,02;33,39;179,96;859,74;179,93;812,74;851,60;77,87;0,33
11875;0,00;0,00;0,00;0,00;49,01;0,00;70,98;79,98;33,41;179,96;859,98;179,92;812,98;851,41;77,87;0,33
11880;0,00;0,00;0,00;0,00;49,00;0,00;71,02;80,02;33,39;179,97;862,91;179,92;813,84;853,76;77,87;0,33
11885;0,00;0,00;0,00;0,00;49,01;0,00;71,00;80,00;33,40;179,97;864,79;179,92;814,17;855,20;77,87;0,33
11890;0,00;0,00;0,00;0,00;49,00;0,00;71,01;80,03;33,37;179,97;867,36;179,93;814,37;857,15;77,87;0,33
11895;0,00;0,00;0,00;0,00;48,99;0,00;71,00;80,00;33,39;179,96;867,58;179,95;814,33;857,38;77,87;0,33
11900;0,00;0,00;0,00;0,00;49,00;0,00;71,00;80,00;33,39;179,96;866,25;179,98;814,01;856,30;77,87;0,33
11905;0,00;0,00;0,00;0,00;49,00;0,00;71,03;80,00;33,38;179,97;864,83;180,00;813,68;855,17;77,87;0,33
11910;0,00;0,00;0,00;0,00;49,00;0,00;71,00;80,02;33,40;179,97;861,61;180,01;812,89;852,52;77,87;0,33
11915;0,00;0,00;0,00;0,00;49,00;0,00;71,00;80,00;33,39;179,97;860,33;180,02;812,69;851,53;77,87;0,33
11920;0,00;0,00;0,00;0,00;49,00;0,00;71,01;80,03;33,38;179,98;860,04;180,04;813,07;851,15;77,87;0,33
11925;0,00;0,00;0,00;0,00;49,01;0,00;71,00;79,98;33,39;179,98;861,46;180,04;813,48;852,62;77,87;0,33
11930;0,00;0,00;0,00;0,00;49,00;0,00;71,02;80,02;33,37;179,99;865,22;180,04;813,92;854,07;77,87;0,33
11935;0,00;0,00;0,00;0,00;49,00;0,00;71,00;80,02;33,40;179,99;866,61;180,02;814,31;856,56;77,87;0,33
11940;0,00;0,00;0,00;0,00;48,99;0,00;71,00;80,02;33,40;179,97;867,46;179,99;814,27;857,19;77,87;0,33
11945;0,00;0,00;0,00;0,00;49,02;0,00;71,03;79,98;33,40;179,96;866,88;179,98;814,13;856,87;77,87;0,33
11950;0,00;0,00;0,00;0,00;49,00;0,00;71,00;79,97;33,39;179,95;864,45;179,95;813,53;855,99;77,87;0,33
11955;0,00;0,00;0,00;0,00;48,99;0,00;71,00;80,00;33,39;179,94;862,81;179,93;813,11;853,43;77,87;0,33
11960;0,00;0,00;0,00;0,00;48,99;0,00;71,00;79,98;33,41;179,95;860,06;179,92;812,67;852,20;77,87;0,33
11965;0,00;0,00;0,00;0,00;49,00;0,00;71,00;79,98;33,41;179,97;859,73;179,91;812,78;851,17;77,87;0,33
11970;0,00;0,00;0,00;0,00;49,00;0,00;71,01;80,00;33,41;179,98;861,59;179,90;813,50;851,63;77,87;0,33
11975;0,00;0,00;0,00;0,00;48,99;0,00;71,00;80,02;33,41;179,99;863,44;179,91;813,92;854,14;77,87;0,33
11980;0,00;0,00;0,00;0,00;49,00;0,00;71,02;80,02;33,40;179,97;866,67;179,93;814,28;856,58;77,87;0,33
11985;0,00;0,00;0,00;0,00;48,99;0,00;71,00;80,00;33,40;179,96;867,34;179,94;814,29;857,15;77,87;0,33
11990;0,00;0,00;0,00;0,00;49,00;0,00;71,00;80,00;33,41;179,96;866,76;179,97;814,08;856,70;77,87;0,33
11995;0,00;0,00;0,00;0,00;49,00;0,00;71,00;80,02;33,43;179,96;865,60;179,98;813,83;855,81;77,87;0,33
12000;0,00;0,00;0,00;0,00;49,00;0,00;71,00;80,00;33,42;179,96;862,55;180,00;813,06;853,27;77,87;0,33
12005;0,00;0,00;0,00;0,00;49,00;0,00;71,02;80,02;33,44;179,96;861,07;180,01;812,76;852,09;77,87;0,33
12010;0,00;0,00;0,00;0,00;49,00;0,00;71,02;79,98;33,44;179,97;859,78;180,02;812,80;851,19;77,87;0,33
12015;0,00;0,00;0,00;0,00;49,00;0,00;71,01;80,00;33,41;179,97;860,45;180,02;813,12;851,76;77,87;0,33
12020;0,00;0,00;0,00;0,00;49,00;0,00;71,03;80,02;33,42;179,97;863,71;180,01;813,96;854,34;77,87;0,33
12025;0,00;0,00;0,00;0,00;49,00;0,00;71,01;80,02;33,42;179,98;865,47;180,00;814,19;855,67;77,87;0,33
12030;0,00;0,00;0,00;0,00;48,99;0,00;71,00;80,00;33,42;179,98;867,37;179,97;814,28;857,19;77,87;0,33
12035;0,00;0,00;0,00;0,00;49,00;0,00;71,00;80,00;33,41;179,97;866,64;179,96;814,21;857,16;77,87;0,33
12040;0,00;0,00;0,00;0,00;49,01;0,00;70,97;80,00;33,42;179,98;865,52;179,94;813,78;855,71;77,87;0,33
12045;0,00;0,00;0,00;0,00;49,00;0,00;71,00;80,03;33,42;179,97;862,32;179,92;813,39;854,46;77,87;0,33
12050;0,00;0,00;0,00;0,00;48,99;0,00;71,01;80,02;33,43;179,97;860,85;179,92;812,70;851,96;77,87;0,33
12055;0,00;0,00;0,00;0,00;49,01;0,00;71,00;79,98;33,42;179,96;859,74;179,92;812,63;851,24;77,87;0,33
12060;0,00;0,00;0,00;0,00;49,00;0,00;71,00;79,98;33,43;179,96;860,55;179,92;813,11;851,82;77,87;0,33
12065;0,00;0,00;0,00;0,00;49,00;0,00;70,98;79,97;33,45;179,97;863,94;179,93;813,56;853,03;77,87;0,33
12070;0,00;0,00;0,00;0,00;49,00;0,00;70,98;80,02;33,45;179,97;865,64;179,96;814,16;855,77;77,87;0,33
12075;0,00;0,00;0,00;0,00;49,00;0,00;71,00;79,98;33,44;179,98;867,41;179,98;814,24;856,76;77,87;0,33
12080;0,00;0,00;0,00;0,00;49,00;0,00;71,00;79,98;33,44;179,98;867,25;180,00;814,15;857,12;77,87;0,33
12085;0,00;0,00;0,00;0,00;49,01;0,00;71,02;80,03;33,43;179,96;865,37;180,02;813,97;856,55;77,87;0,33
12090;0,00;0,00;0,00;0,00;49,00;0,00;71,01;80,00;33,44;179,95;863,88;180,03;813,30;854,30;77,87;0,33
12095;0,00;0,00;0,00;0,00;49,00;0,00;70,99;80,00;33,42;179,95;860,67;180,03;812,90;852,95;77,87;0,33
12100;0,00;0,00;0,00;0,00;49,00;0,00;71,01;79,98;33,44;179,97;859,79;180,02;812,59;851,17;77,87;0,33
12105;0,00;0,00;0,00;0,00;49,01;0,00;71,03;80,00;33,42;179,97;860,52;180,01;812,75;851,17;77,87;0,33
12110;0,00;0,00;0,00;0,00;49,00;0,00;70,99;79,98;33,43;179,97;862,06;179,99;813,56;853,10;77,87;0,33
12115;0,00;0,00;0,00;0,00;49,00;0,00;71,00;80,02;33,42;179,97;865,76;179,95;813,93;854,55;77,87;0,33
12120;0,00;0,00;0,00;0,00;49,00;0,00;71,00;80,03;33,42;179,96;866,91;179,93;814,22;856,78;77,87;0,33
12125;0,00;0,00;0,00;0,00;49,00;0,00;71,01;80,00;33,43;179,96;867,22;179,92;814,20;857,20;77,87;0,33
12130;0,00;0,00;0,00;0,00;49,00;0,00;71,00;80,00;33,44;179,96;866,49;179,91;813,94;856,48;77,87;0,33
12135;0,00;0,00;0,00;0,00;49,00;0,00;71,00;80,02;33,42;179,95;863,70;179,91;813,64;855,48;77,87;0,33
12140;0,00;0,00;0,00;0,00;49,00;0,00;70,99;79,98;33,42;179,95;862,08;179,92;812,86;852,88;77,87;0,33
12145;0,00;0,00;0,00;0,00;48,99;0,00;71,00;79,98;33,43;179,94;859,79;179,93;812,63;851,78;77,87;0,33
12150;0,00;0,00;0,00;0,00;49,00;0,00;71,02;80,02;33,43;179,94;859,82;179,94;812,77;851,23;77,87;0,33
12155;0,00;0,00;0,00;0,00;49,00;0,00;71,00;80,00;33,43;179,98;862,29;179,96;813,59;851,98;77,87;0,33
12160;0,00;0,00;0,00;0,00;49,00;0,00;71,02;79,98;33,42;179,99;864,16;179,97;813,95;854,66;77,87;0,33
12165;0,00;0,00;0,00;0,00;49,00;0,00;71,00;80,02;33,42;179,98;866,95;179,99;814,18;855,95;77,87;0,33
12170;0,00;0,00;0,00;0,00;49,00;0,00;71,01;80,00;33,41;179,96;867,33;180,00;814,16;857,15;77,87;0,33
12175;0,00;0,00;0,00;0,00;49,01;0,00;71,02;79,98;33,43;179,95;866,26;180,01;813,86;856,95;77,87;0,33
12180;0,00;0,00;0,00;0,00;48,99;0,00;71,02;80,03;33,40;179,95;864,92;180,01;813,56;855,20;77,87;0,33
12185;0,00;0,00;0,00;0,00;49,00;0,00;71,00;80,00;33,40;179,96;861,77;179,99;812,79;853,92;77,87;0,33
12190;0,00;0,00;0,00;0,00;49,00;0,00;71,00;80,00;33,41;179,97;860,44;179,98;812,58;851,61;77,87;0,33
12195;0,00;0,00;0,00;0,00;49,00;0,00;71,00;80,00;33,41;179,97;859,88;179,95;812,79;851,13;77,87;0,33
12200;0,00;0,00;0,00;0,00;49,00;0,00;71,00;79,98;33,40;179,97;860,91;179,93;813,19;852,15;77,87;0,33
12205;0,00;0,00;0,00;0,00;48,99;0,00;71,02;80,02;33,39;179,96;864,45;179,91;813,99;853,44;77,87;0,33
12210;0,00;0,00;0,00;0,00;48,99;0,00;71,01;80,05;33,42;179,96;866,04;179,90;814,15;856,13;77,87;0,33
12215;0,00;0,00;0,00;0,00;49,00;0,00;71,01;80,02;33,41;179,94;867,40;179,90;814,16;856,96;77,87;0,33
12220;0,00;0,00;0,00;0,00;49,00;0,00;71,01;80,02;33,40;179,95;867,06;179,90;814,05;856,95;77,87;0,33
12225;0,00;0,00;0,00;0,00;49,01;0,00;71,02;80,00;33,42;179,96;864,80;179,90;813,53;855,13;77,87;0,33
12230;0,00;0,00;0,00;0,00;49,00;0,00;71,00;79,98;33,42;179,98;863,22;179,91;813,11;853,81;77,87;0,33
12235;0,00;0,00;0,00;0,00;48,99;0,00;71,00;80,02;33,41;179,97;860,32;179,92;812,56;851,53;77,87;0,33
12240;0,00;0,00;0,00;0,00;49,00;0,00;71,00;80,00;33,42;179,95;859,69;179,93;812,61;851,11;77,87;0,33
12245;0,00;0,00;0,00;0,00;49,01;0,00;71,00;80,02;33,42;179,94;861,09;179,95;813,25;852,29;77,87;0,33
12250;0,00;0,00;0,00;0,00;49,01;0,00;70,99;80,00;33,41;179,94;862,80;179,96;813,69;853,65;77,87;0,33
12255;0,00;0,00;0,00;0,00;49,01;0,00;71,00;80,00;33,44;179,95;866,18;179,98;814,17;856,22;77,87;0,33
12260;0,00;0,00;0,00;0,00;49,00;0,00;71,00;80,03;33,44;179,98;867,11;179,98;814,20;856,96;77,87;0,33
12265;0,00;0,00;0,00;0,00;49,00;0,00;71,00;80,02;33,42;179,98;866,93;179,99;814,04;856,88;77,87;0,33
12270;0,00;0,00;0,00;0,00;49,01;0,00;71,02;79,98;33,42;179,98;866,01;179,99;813,83;856,11;77,87;0,33
12275;0,00;0,00;0,00;0,00;49,00;0,00;71,00;79,98;33,42;179,97;863,11;179,97;813,09;853,67;77,87;0,33
12280;0,00;0,00;0,00;0,00;48,99;0,00;71,00;80,02;33,42;179,94;860,16;179,96;812,74;852,39;77,87;0,33
12285;0,00;0,00;0,00;0,00;49,00;0,00;71,01;80,00;33,43;179,93;859,63;179,94;812,61;851,07;77,87;0,33
12290;0,00;0,00;0,00;0,00;49,00;0,00;70,98;79,98;33,43;179,92;859,96;179,92;812,87;851,39;77,87;0,33
12295;0,00;0,00;0,00;0,00;49,00;0,00;70,99;79,98;33,42;179,94;863,00;179,89;813,76;853,81;77,87;0,33
12300;0,00;0,00;0,00;0,00;49,01;0,00;71,01;80,02;33,45;179,98;864,84;179,88;814,04;855,21;77,87;0,33
12305;0,00;0,00;0,00;0,00;49,00;0,00;71,02;80,00;33,43;179,97;867,21;179,87;814,18;857,02;77,87;0,33
12310;0,00;0,00;0,00;0,00;49,01;0,00;71,00;80,03;33,43;179,97;866,85;179,88;814,14;857,17;77,87;0,33
12315;0,00;0,00;0,00;0,00;49,00;0,00;71,00;80,05;33,45;179,95;865,88;179,90;813,77;855,96;77,87;0,33
12320;0,00;0,00;0,00;0,00;49,00;0,00;71,00;80,00;33,45;179,94;862,80;179,90;813,42;854,79;77,87;0,33
12325;0,00;0,00;0,00;0,00;48,99;0,00;71,00;80,00;33,45;179,93;861,24;179,94;812,67;852,21;77,87;0,33
12330;0,00;0,00;0,00;0,00;49,00;0,00;71,00;80,00;33,44;179,95;859,61;179,95;812,53;851,34;77,87;0,33
12335;0,00;0,00;0,00;0,00;49,00;0,00;71,00;80,03;33,41;179,95;860,11;179,99;812,90;851,48;77,87;0,33
12340;0,00;0,00;0,00;0,00;49,00;0,00;71,00;79,97;33,46;179,97;863,21;180,00;813,33;852,53;77,87;0,33
12345;0,00;0,00;0,00;0,00;49,00;0,00;71,00;80,02;33,44;179,98;865,02;180,01;814,04;855,32;77,87;0,33
12350;0,00;0,00;0,00;0,00;49,00;0,00;71,00;79,98;33,44;179,98;867,25;180,00;814,15;856,42;77,87;0,33
12355;0,00;0,00;0,00;0,00;49,00;0,00;71,01;80,00;33,43;179,96;867,32;180,00;814,12;857,17;77,87;0,33
12360;0,00;0,00;0,00;0,00;49,00;0,00;71,00;80,00;33,44;179,93;865,76;179,98;813,99;856,75;77,87;0,33
12365;0,00;0,00;0,00;0,00;49,00;0,00;70,98;80,02;33,42;179,92;864,37;179,95;813,39;854,73;77,87;0,33
12370;0,00;0,00;0,00;0,00;49,00;0,00;71,01;80,00;33,42;179,93;861,17;179,92;812,98;853,42;77,87;0,33
12375;0,00;0,00;0,00;0,00;49,00;0,00;70,99;80,00;33,43;179,94;859,98;179,90;812,52;851,31;77,87;0,33
12380;0,00;0,00;0,00;0,00;49,00;0,00;71,00;80,03;33,45;179,96;860,17;179,88;812,62;851,08;77,87;0,33
12385;0,00;0,00;0,00;0,00;49,00;0,00;71,02;80,03;33,42;179,98;861,50;179,87;813,36;852,63;77,87;0,33
12390;0,00;0,00;0,00;0,00;49,00;0,00;71,00;80,00;33,43;179,98;865,21;179,87;813,78;854,04;77,87;0,33
12395;0,00;0,00;0,00;0,00;48,99;0,00;71,00;80,02;33,45;179,98;866,55;179,87;814,14;856,48;77,87;0,33
12400;0,00;0,00;0,00;0,00;49,00;0,00;71,01;80,00;33,44;179,96;867,28;179,90;814,15;857,07;77,87;0,33
12405;0,00;0,00;0,00;0,00;48,99;0,00;71,00;80,05;33,45;179,94;866,65;179,91;813,93;856,65;77,87;0,33
12410;0,00;0,00;0,00;0,00;49,01;0,00;70,98;80,00;33,46;179,93;864,15;179,94;813,69;855,76;77,87;0,33
12415;0,00;0,00;0,00;0,00;49,00;0,00;71,00;79,98;33,45;179,94;862,53;179,96;812,90;853,26;77,87;0,33
12420;0,00;0,00;0,00;0,00;49,00;0,00;71,00;80,00;33,43;179,96;859,94;179,99;812,50;852,01;77,87;0,33
12425;0,00;0,00;0,00;0,00;49,00;0,00;71,02;80,00;33,44;179,97;859,65;180,00;812,62;851,08;77,87;0,33
12430;0,00;0,00;0,00;0,00;49,01;0,00;71,00;79,98;33,47;179,96;861,67;180,02;813,37;851,61;77,87;0,33
12435;0,00;0,00;0,00;0,00;49,00;0,00;71,00;80,02;33,44;179,96;863,52;180,02;813,79;854,21;77,87;0,33
12440;0,00;0,00;0,00;0,00;49,00;0,00;71,02;79,98;33,47;179,95;866,70;180,02;814,12;855,56;77,87;0,33
12445;0,00;0,00;0,00;0,00;49,00;0,00;71,00;79,98;33,48;179,95;867,34;180,01;814,14;857,14;77,87;0,33
12450;0,00;0,00;0,00;0,00;49,00;0,00;71,00;80,02;33,46;179,96;866,68;179,99;813,92;857,15;77,87;0,33
12455;0,00;0,00;0,00;0,00;49,02;0,00;71,00;79,97;33,47;179,96;865,60;179,98;813,66;855,74;77,87;0,33
12460;0,00;0,00;0,00;0,00;49,01;0,00;71,02;80,02;33,45;179,97;862,40;179,95;812,87;853,16;77,87;0,33
12465;0,00;0,00;0,00;0,00;49,00;0,00;71,00;80,02;33,47;179,96;860,90;179,94;812,55;851,97;77,87;0,33
12470;0,00;0,00;0,00;0,00;49,00;0,00;71,01;79,98;33,44;179,95;859,58;179,91;812,58;851,03;77,87;0,33
12475;0,00;0,00;0,00;0,00;49,01;0,00;71,02;80,02;33,46;179,97;860,19;179,90;812,89;851,59;77,87;0,33
12480;0,00;0,00;0,00;0,00;49,01;0,00;71,00;80,00;33,48;179,97;863,60;179,88;813,77;854,19;77,87;0,33
12485;0,00;0,00;0,00;0,00;49,01;0,00;71,00;80,02;33,46;179,97;865,38;179,89;814,03;855,56;77,87;0,33
12490;0,00;0,00;0,00;0,00;49,00;0,00;71,02;79,98;33,47;179,97;867,36;179,89;814,13;857,16;77,87;0,33
12495;0,00;0,00;0,00;0,00;49,00;0,00;71,00;80,00;33,46;179,97;867,32;179,90;814,07;857,17;77,87;0,33
12500;0,00;0,00;0,00;0,00;49,00;0,00;71,00;80,00;33,47;179,97;865,58;179,92;813,66;855,74;77,87;0,33
12505;0,00;0,00;0,00;0,00;49,00;0,00;71,00;80,00;33,46;179,95;864,13;179,94;813,27;854,51;77,87;0,33
12510;0,00;0,00;0,00;0,00;48,99;0,00;71,00;80,00;33,47;179,95;860,89;179,96;812,58;851,96;77,87;0,33
12515;0,00;0,00;0,00;0,00;49,01;0,00;71,00;80,00;33,46;179,96;859,89;179,97;812,51;851,23;77,87;0,33
12520;0,00;0,00;0,00;0,00;49,00;0,00;71,02;80,03;33,46;179,96;860,45;179,99;812,98;851,74;77,87;0,33
12525;0,00;0,00;0,00;0,00;49,00;0,00;71,00;80,00;33,46;179,98;861,92;180,00;813,44;852,92;77,87;0,33
12530;0,00;0,00;0,00;0,00;49,00;0,00;71,00;80,03;33,47;180,00;865,50;180,01;814,05;855,69;77,87;0,33
12535;0,00;0,00;0,00;0,00;49,00;0,00;71,00;80,02;33,46;179,99;867,31;180,01;814,13;856,66;77,87;0,33
12540;0,00;0,00;0,00;0,00;49,01;0,00;71,00;80,00;33,46;179,97;867,20;180,00;814,06;857,08;77,87;0,33
12545;0,00;0,00;0,00;0,00;49,01;0,00;71,02;79,98;33,47;179,94;865,36;180,00;813,90;856,53;77,87;0,33
12550;0,00;0,00;0,00;0,00;49,00;0,00;71,00;80,00;33,45;179,94;863,88;179,97;813,23;854,27;77,87;0,33
12555;0,00;0,00;0,00;0,00;48,99;0,00;71,00;80,02;33,45;179,96;860,67;179,96;812,82;852,98;77,87;0,33
12560;0,00;0,00;0,00;0,00;49,00;0,00;71,00;79,98;33,45;179,97;859,78;179,93;812,52;851,15;77,87;0,33
12565;0,00;0,00;0,00;0,00;49,01;0,00;71,02;80,00;33,43;180,00;860,46;179,92;812,68;851,14;77,87;0,33
12570;0,00;0,00;0,00;0,00;49,00;0,00;71,01;80,00;33,45;180,02;862,12;179,91;813,49;853,09;77,87;0,33
12575;0,00;0,00;0,00;0,00;48,99;0,00;71,00;80,03;33,47;180,02;865,73;179,90;813,88;854,53;77,87;0,33
12580;0,00;0,00;0,00;0,00;48,99;0,00;70,99;80,02;33,46;180,00;866,93;179,90;814,18;856,81;77,87;0,33
12585;0,00;0,00;0,00;0,00;49,00;0,00;71,01;79,97;33,47;179,95;867,29;179,91;814,18;857,26;77,87;0,33
12590;0,00;0,00;0,00;0,00;49,00;0,00;71,02;80,00;33,46;179,93;866,55;179,93;813,94;856,60;77,87;0,33
12595;0,00;0,00;0,00;0,00;49,00;0,00;71,00;79,98;33,46;179,93;863,89;179,95;813,67;855,62;77,87;0,33
12600;0,00;0,00;0,00;0,00;49,00;0,00;71,01;80,02;33,47;179,95;862,23;179,97;812,86;852,99;77,87;0,33
12605;0,00;0,00;0,00;0,00;49,00;0,00;71,00;80,00;33,48;179,99;859,79;179,98;812,58;851,83;77,87;0,33
12610;0,00;0,00;0,00;0,00;49,01;0,00;71,00;79,98;33,46;180,00;859,66;179,99;812,67;851,09;77,87;0,33
12615;0,00;0,00;0,00;0,00;49,01;0,00;71,00;80,00;33,47;180,01;861,98;179,99;813,01;851,77;77,87;0,33
12620;0,00;0,00;0,00;0,00;49,00;0,00;71,02;79,98;33,47;180,00;863,87;179,98;813,89;854,47;77,87;0,33
12625;0,00;0,00;0,00;0,00;49,00;0,00;71,02;79,98;33,46;179,98;866,93;179,98;814,10;855,79;77,87;0,33
12630;0,00;0,00;0,00;0,00;49,00;0,00;71,01;80,02;33,46;179,97;867,45;179,98;814,17;857,24;77,87;0,33
12635;0,00;0,00;0,00;0,00;49,00;0,00;70,98;79,98;33,47;179,95;866,59;179,95;814,09;857,16;77,87;0,33
12640;0,00;0,00;0,00;0,00;49,00;0,00;71,01;80,02;33,46;179,96;865,42;179,96;813,66;855,61;77,87;0,33
12645;0,00;0,00;0,00;0,00;49,00;0,00;71,00;80,02;33,48;179,98;862,32;179,94;812,88;854,35;77,87;0,33
12650;0,00;0,00;0,00;0,00;49,00;0,00;71,00;80,00;33,47;179,98;860,75;179,93;812,60;851,88;77,87;0,33
12655;0,00;0,00;0,00;0,00;49,00;0,00;70,98;80,03;33,48;179,97;859,71;179,93;812,68;851,20;77,87;0,33
12660;0,00;0,00;0,00;0,00;49,00;0,00;71,00;79,98;33,45;179,97;860,46;179,93;813,03;851,79;77,87;0,33
12665;0,00;0,00;0,00;0,00;49,00;0,00;71,00;79,98;33,47;179,97;863,85;179,93;813,90;854,47;77,87;0,33
12670;0,00;0,00;0,00;0,00;49,00;0,00;71,01;79,98;33,45;179,98;865,62;179,93;814,12;855,81;77,87;0,33
12675;0,00;0,00;0,00;0,00;49,00;0,00;71,00;80,00;33,46;180,00;867,52;179,95;814,22;857,32;77,87;0,33
12680;0,00;0,00;0,00;0,00;49,00;0,00;71,00;80,00;33,47;179,99;867,41;179,96;814,15;857,26;77,87;0,33
12685;0,00;0,00;0,00;0,00;49,00;0,00;71,00;80,00;33,47;179,98;865,60;179,97;813,72;855,77;77,87;0,33
12690;0,00;0,00;0,00;0,00;49,00;0,00;71,00;80,03;33,46;179,94;864,13;179,98;813,34;854,51;77,87;0,33
12695;0,00;0,00;0,00;0,00;49,00;0,00;71,02;80,00;33,45;179,94;860,84;179,98;812,64;851,96;77,87;0,33
12700;0,00;0,00;0,00;0,00;49,00;0,00;71,00;80,02;33,46;179,97;859,86;179,98;812,55;851,24;77,87;0,33
12705;0,00;0,00;0,00;0,00;49,01;0,00;71,00;80,02;33,46;179,97;860,37;179,98;813,04;851,76;77,87;0,33
12710;0,00;0,00;0,00;0,00;49,00;0,00;71,00;80,00;33,44;180,00;861,84;179,98;813,48;852,96;77,87;0,33
12715;0,00;0,00;0,00;0,00;49,00;0,00;71,00;80,00;33,44;180,00;865,59;179,97;814,11;855,71;77,87;0,33
12720;0,00;0,00;0,00;0,00;49,01;0,00;70,98;80,02;33,47;179,99;867,41;179,96;814,20;856,71;77,87;0,33
12725;0,00;0,00;0,00;0,00;49,00;0,00;71,00;79,98;33,45;179,96;867,33;179,95;814,14;857,19;77,87;0,33
12730;0,00;0,00;0,00;0,00;49,00;0,00;71,03;80,00;33,44;179,94;865,56;179,94;813,97;856,66;77,87;0,33
12735;0,00;0,00;0,00;0,00;48,99;0,00;71,00;80,02;33,46;179,94;864,09;179,93;813,33;854,49;77,87;0,33
12740;0,00;0,00;0,00;0,00;49,00;0,00;71,00;80,02;33,48;179,95;860,89;179,94;812,93;853,15;77,87;0,33
12745;0,00;0,00;0,00;0,00;49,00;0,00;71,00;79,98;33,47;179,96;859,91;179,94;812,56;851,26;77,87;0,33
12750;0,00;0,00;0,00;0,00;49,00;0,00;70,99;80,02;33,46;179,98;860,44;179,94;812,71;851,19;77,87;0,33
12755;0,00;0,00;0,00;0,00;48,99;0,00;71,00;80,00;33,47;179,99;861,89;179,96;813,50;853,02;77,87;0,33
12760;0,00;0,00;0,00;0,00;48,99;0,00;71,00;80,02;33,48;179,99;865,63;179,98;813,91;854,46;77,87;0,33
12765;0,00;0,00;0,00;0,00;49,01;0,00;70,99;80,02;33,47;179,99;866,85;179,99;814,21;856,74;77,87;0,33
12770;0,00;0,00;0,00;0,00;49,00;0,00;71,00;80,00;33,48;179,99;867,27;180,00;814,21;857,23;77,87;0,33
12775;0,00;0,00;0,00;0,00;49,00;0,00;71,00;79,98;33,45;179,98;866,55;180,00;813,95;856,58;77,87;0,33
12780;0,00;0,00;0,00;0,00;48,99;0,00;71,00;80,02;33,49;179,98;863,91;180,01;813,67;855,64;77,87;0,33
12785;0,00;0,00;0,00;0,00;49,00;0,00;70,98;79,98;33,48;179,97;862,28;180,00;812,88;853,05;77,87;0,33
12790;0,00;0,00;0,00;0,00;49,00;0,00;71,00;79,98;33,49;179,96;859,90;179,99;812,62;851,93;77,87;0,33
12795;0,00;0,00;0,00;0,00;49,00;0,00;71,00;79,98;33,47;179,97;859,78;179,99;812,73;851,22;77,87;0,33
12800;0,00;0,00;0,00;0,00;49,00;0,00;71,02;80,02;33,48;180,00;862,12;179,97;813,53;851,90;77,87;0,33
12805;0,00;0,00;0,00;0,00;49,00;0,00;71,00;80,03;33,49;180,00;863,97;179,96;813,92;854,57;77,87;0,33
12810;0,00;0,00;0,00;0,00;49,00;0,00;70,99;79,98;33,49;179,98;866,89;179,95;814,20;855,86;77,87;0,33
12815;0,00;0,00;0,00;0,00;49,00;0,00;71,00;79,98;33,47;179,96;867,43;179,95;814,20;857,24;77,87;0,33
12820;0,00;0,00;0,00;0,00;49,00;0,00;70,98;80,02;33,48;179,94;866,52;179,96;813,94;857,14;77,87;0,33
12825;0,00;0,00;0,00;0,00;49,00;0,00;70,97;79,98;33,49;179,95;865,34;179,96;813,66;855,56;77,87;0,33
12830;0,00;0,00;0,00;0,00;49,00;0,00;71,02;80,00;33,49;179,97;862,11;179,97;812,88;854,28;77,87;0,33
12835;0,00;0,00;0,00;0,00;49,00;0,00;71,00;80,00;33,50;179,98;860,68;179,97;812,62;851,82;77,87;0,33
12840;0,00;0,00;0,00;0,00;49,01;0,00;71,00;80,00;33,48;179,98;859,78;179,98;812,77;851,20;77,87;0,33
12845;0,00;0,00;0,00;0,00;48,99;0,00;71,00;80,00;33,49;179,99;860,62;179,98;813,13;852,00;77,87;0,33
12850;0,00;0,00;0,00;0,00;48,99;0,00;70,99;79,98;33,48;180,00;864,20;180,00;813,98;854,67;77,87;0,33
12855;0,00;0,00;0,00;0,00;49,00;0,00;71,02;80,02;33,50;180,00;865,87;180,00;814,16;855,98;77,87;0,33
12860;0,00;0,00;0,00;0,00;49,01;0,00;70,98;79,98;33,49;180,00;867,46;180,00;814,22;857,26;77,87;0,33
12865;0,00;0,00;0,00;0,00;49,01;0,00;71,02;79,97;33,49;179,98;867,21;180,00;814,14;857,11;77,87;0,33
12870;0,00;0,00;0,00;0,00;48,99;0,00;71,00;79,98;33,50;179,97;865,20;179,98;813,64;855,46;77,87;0,33
12875;0,00;0,00;0,00;0,00;48,99;0,00;70,97;80,03;33,51;179,98;863,68;179,97;813,23;854,13;77,87;0,33
12880;0,00;0,00;0,00;0,00;49,00;0,00;71,00;80,02;33,51;179,99;860,56;179,96;812,60;851,74;77,87;0,33
12885;0,00;0,00;0,00;0,00;49,01;0,00;71,02;80,03;33,51;179,99;859,79;179,95;812,59;851,19;77,87;0,33
12890;0,00;0,00;0,00;0,00;49,00;0,00;71,00;80,00;33,51;179,99;860,80;179,94;813,19;852,11;77,87;0,33
12895;0,00;0,00;0,00;0,00;49,00;0,00;71,02;80,00;33,51;179,97;862,55;179,94;813,64;853,42;77,87;0,33
12900;0,00;0,00;0,00;0,00;49,00;0,00;71,00;80,00;33,51;179,96;866,03;179,94;814,16;856,09;77,87;0,33
12905;0,00;0,00;0,00;0,00;49,00;0,00;70,94;80,00;33,51;179,96;867,08;179,94;814,21;856,94;77,87;0,33
12910;0,00;0,00;0,00;0,00;49,00;0,00;71,00;80,00;33,51;179,98;867,15;179,95;814,10;857,07;77,87;0,33
12915;0,00;0,00;0,00;0,00;48,99;0,00;71,01;79,95;33,50;179,99;866,31;179,96;813,89;856,40;77,87;0,33
12920;0,00;0,00;0,00;0,00;49,00;0,00;71,00;80,02;33,51;180,00;863,51;179,98;813,17;854,04;77,87;0,33
12925;0,00;0,00;0,00;0,00;49,00;0,00;71,00;80,00;33,50;179,98;860,52;179,99;812,80;852,71;77,87;0,33
12930;0,00;0,00;0,00;0,00;49,00;0,00;70,99;80,02;33,50;179,98;859,73;180,00;812,57;851,15;77,87;0,33
12935;0,00;0,00;0,00;0,00;49,00;0,00;71,02;80,00;33,52;179,96;860,89;179,99;812,78;851,30;77,87;0,33
12940;0,00;0,00;0,00;0,00;48,99;0,00;71,02;80,00;33,53;179,98;862,56;179,99;813,64;853,48;77,87;0,33
12945;0,00;0,00;0,00;0,00;49,00;0,00;71,00;79,98;33,51;179,99;866,19;179,99;814,01;854,98;77,87;0,33
12950;0,00;0,00;0,00;0,00;49,00;0,00;71,02;80,02;33,51;180,00;867,21;179,98;814,23;857,04;77,87;0,33
12955;0,00;0,00;0,00;0,00;49,01;0,00;71,00;80,02;33,52;180,01;867,25;179,98;814,21;857,35;77,87;0,33
12960;0,00;0,00;0,00;0,00;49,00;0,00;71,02;80,02;33,53;180,00;866,41;179,97;813,93;856,46;77,87;0,33
12965;0,00;0,00;0,00;0,00;48,99;0,00;71,03;79,98;33,52;179,99;863,46;179,96;813,62;855,40;77,87;0,33
12970;0,00;0,00;0,00;0,00;49,00;0,00;71,00;79,98;33,51;179,99;861,83;179,95;812,81;852,75;77,87;0,33
12975;0,00;0,00;0,00;0,00;49,00;0,00;71,00;80,03;33,51;180,00;859,73;179,94;812,58;851,66;77,87;0,33
12980;0,00;0,00;0,00;0,00;49,00;0,00;71,00;80,00;33,51;179,99;859,83;179,94;812,80;851,30;77,87;0,33
12985;0,00;0,00;0,00;0,00;49,00;0,00;71,00;80,02;33,52;180,00;862,61;179,93;813,19;852,14;77,87;0,33
12990;0,00;0,00;0,00;0,00;49,00;0,00;71,03;80,03;33,52;179,99;864,46;179,94;814,01;854,93;77,87;0,33
12995;0,00;0,00;0,00;0,00;49,00;0,00;71,00;80,03;33,51;179,99;867,11;179,95;814,16;856,15;77,87;0,33
13000;0,00;0,00;0,00;0,00;49,00;0,00;71,01;80,03;33,51;179,98;867,45;179,96;814,18;857,27;77,87;0,33
13005;0,00;0,00;0,00;0,00;49,00;0,00;71,01;79,98;33,53;179,97;866,25;179,98;814,09;857,05;77,87;0,33
13010;0,00;0,00;0,00;0,00;48,99;0,00;71,01;80,02;33,53;179,98;864,98;179,99;813,57;855,26;77,87;0,33
13015;0,00;0,00;0,00;0,00;49,00;0,00;71,03;80,02;33,51;179,99;861,82;180,01;813,16;853,96;77,87;0,33
13020;0,00;0,00;0,00;0,00;48,99;0,00;71,00;80,02;33,53;180,00;860,41;180,01;812,58;851,66;77,87;0,33
13025;0,00;0,00;0,00;0,00;49,00;0,00;71,00;80,00;33,52;180,01;859,98;180,00;812,84;851,19;77,87;0,33
13030;0,00;0,00;0,00;0,00;49,00;0,00;70,99;80,00;33,52;180,01;861,05;179,99;813,25;852,34;77,87;0,33
13035;0,00;0,00;0,00;0,00;49,00;0,00;70,99;79,98;33,52;180,01;864,72;179,98;814,03;853,68;77,87;0,33
13040;0,00;0,00;0,00;0,00;48,99;0,00;71,00;80,00;33,53;180,01;866,27;179,97;814,18;856,26;77,87;0,33
13045;0,00;0,00;0,00;0,00;49,01;0,00;70,99;80,02;33,54;179,97;867,49;179,95;814,18;857,05;77,87;0,33
13050;0,00;0,00;0,00;0,00;49,00;0,00;71,00;80,00;33,52;179,96;867,13;179,95;814,08;857,04;77,87;0,33
13055;0,00;0,00;0,00;0,00;49,00;0,00;71,00;80,02;33,52;179,97;864,86;179,93;813,56;856,31;77,87;0,33
13060;0,00;0,00;0,00;0,00;49,00;0,00;71,00;80,00;33,50;179,98;863,29;179,92;813,13;853,85;77,87;0,33
13065;0,00;0,00;0,00;0,00;49,01;0,00;71,02;80,02;33,51;180,00;860,36;179,92;812,56;851,58;77,87;0,33
13070;0,00;0,00;0,00;0,00;48,99;0,00;71,02;79,98;33,53;180,02;859,71;179,92;812,61;851,14;77,87;0,33
13075;0,00;0,00;0,00;0,00;49,00;0,00;71,00;80,02;33,51;180,03;861,14;179,95;813,26;852,32;77,87;0,33
13080;0,00;0,00;0,00;0,00;49,00;0,00;71,00;79,97;33,50;180,02;862,85;179,95;813,70;853,68;77,87;0,33
13085;0,00;0,00;0,00;0,00;49,01;0,00;71,00;80,00;33,49;180,01;866,29;179,99;814,20;856,34;77,87;0,33
13090;0,00;0,00;0,00;0,00;49,00;0,00;71,00;80,00;33,50;179,97;867,29;180,00;814,24;857,11;77,87;0,33
13095;0,00;0,00;0,00;0,00;49,00;0,00;71,00;80,02;33,51;179,95;867,13;180,02;814,09;857,05;77,87;0,33
13100;0,00;0,00;0,00;0,00;49,00;0,00;71,02;80,00;33,50;179,96;866,22;180,03;813,87;856,26;77,87;0,33
13105;0,00;0,00;0,00;0,00;49,00;0,00;71,00;80,00;33,49;179,96;863,19;180,03;813,14;853,81;77,87;0,33
13110;0,00;0,00;0,00;0,00;49,00;0,00;71,00;80,02;33,51;180,00;861,57;180,03;812,76;852,54;77,87;0,33
13115;0,00;0,00;0,00;0,00;49,00;0,00;71,00;80,00;33,51;180,01;859,70;180,01;812,61;851,13;77,87;0,33
13120;0,00;0,00;0,00;0,00;48,99;0,00;70,99;80,00;33,52;180,02;859,94;180,01;812,86;851,39;77,87;0,33
13125;0,00;0,00;0,00;0,00;48,99;0,00;71,02;80,00;33,50;180,02;862,91;179,98;813,74;853,75;77,87;0,33
13130;0,00;0,00;0,00;0,00;49,00;0,00;71,02;80,02;33,52;179,99;864,79;179,97;814,08;855,19;77,87;0,33
13135;0,00;0,00;0,00;0,00;49,00;0,00;71,00;79,98;33,50;179,98;867,33;179,95;814,28;857,17;77,87;0,33
13140;0,00;0,00;0,00;0,00;49,00;0,00;70,99;80,02;33,53;179,96;867,21;179,93;814,27;857,41;77,87;0,33
13145;0,00;0,00;0,00;0,00;48,99;0,00;71,00;80,02;33,51;179,96;866,30;179,92;813,94;856,36;77,87;0,33
13150;0,00;0,00;0,00;0,00;48,99;0,00;71,00;79,98;33,52;179,99;863,28;179,92;813,62;855,24;77,87;0,33
13155;0,00;0,00;0,00;0,00;49,00;0,00;70,99;80,00;33,52;179,99;861,66;179,92;812,82;852,57;77,87;0,33
13160;0,00;0,00;0,00;0,00;49,00;0,00;71,00;80,03;33,51;179,99;859,69;179,93;812,62;851,57;77,87;0,33
13165;0,00;0,00;0,00;0,00;49,00;0,00;71,00;80,00;33,51;180,00;859,95;179,94;812,89;851,37;77,87;0,33
13170;0,00;0,00;0,00;0,00;49,00;0,00;71,00;80,02;33,51;180,00;862,83;179,95;813,30;852,30;77,87;0,33
13175;0,00;0,00;0,00;0,00;49,00;0,00;71,01;80,02;33,51;180,00;864,70;179,98;814,07;855,10;77,87;0,33
13180;0,00;0,00;0,00;0,00;49,00;0,00;71,00;79,98;33,52;180,00;867,27;180,00;814,22;856,32;77,87;0,33
13185;0,00;0,00;0,00;0,00;49,00;0,00;71,00;80,02;33,51;179,99;867,56;180,02;814,25;857,37;77,87;0,33
13190;0,00;0,00;0,00;0,00;49,00;0,00;71,00;80,00;33,52;179,98;866,27;180,02;814,13;857,10;77,87;0,33
13195;0,00;0,00;0,00;0,00;49,00;0,00;71,00;80,00;33,51;179,97;864,97;180,04;813,61;855,27;77,87;0,33
13200;0,00;0,00;0,00;0,00;49,00;0,00;71,00;79,98;33,51;180,00;861,77;180,04;813,19;853,95;77,87;0,33
13205;0,00;0,00;0,00;0,00;49,01;0,00;71,01;80,00;33,51;179,99;860,37;180,02;812,61;851,62;77,87;0,33
13210;0,00;0,00;0,00;0,00;49,01;0,00;71,02;79,98;33,52;180,01;859,95;180,01;812,65;851,16;77,87;0,33
13215;0,00;0,00;0,00;0,00;49,00;0,00;71,00;80,00;33,51;180,01;861,04;180,00;813,28;852,31;77,87;0,33
13220;0,00;0,00;0,00;0,00;49,00;0,00;71,02;80,00;33,51;180,00;864,77;179,97;813,75;853,71;77,87;0,33
13225;0,00;0,00;0,00;0,00;49,01;0,00;71,01;80,03;33,52;179,99;866,32;179,95;814,23;856,33;77,87;0,33
13230;0,00;0,00;0,00;0,00;49,00;0,00;71,00;80,02;33,52;179,98;867,52;179,94;814,26;857,10;77,87;0,33
13235;0,00;0,00;0,00;0,00;49,00;0,00;71,00;80,00;33,50;179,97;867,15;179,92;814,12;857,04;77,87;0,33
13240;0,00;0,00;0,00;0,00;49,00;0,00;71,01;80,00;33,53;179,97;864,86;179,91;813,91;856,30;77,87;0,33
13245;0,00;0,00;0,00;0,00;49,00;0,00;71,00;79,98;33,52;179,97;863,29;179,91;813,18;853,92;77,87;0,33
13250;0,00;0,00;0,00;0,00;49,01;0,00;71,00;80,02;33,51;179,99;860,42;179,92;812,63;852,63;77,87;0,33
13255;0,00;0,00;0,00;0,00;49,01;0,00;71,00;80,00;33,52;180,01;859,79;179,93;812,67;851,22;77,87;0,33
13260;0,00;0,00;0,00;0,00;49,00;0,00;71,02;80,00;33,53;180,01;861,24;179,97;813,33;851,50;77,87;0,33
13265;0,00;0,00;0,00;0,00;49,00;0,00;71,02;79,98;33,53;180,00;862,96;179,98;813,77;853,79;77,87;0,33
13270;0,00;0,00;0,00;0,00;49,01;0,00;71,00;80,00;33,52;179,99;866,29;180,01;814,20;855,20;77,87;0,33
13275;0,00;0,00;0,00;0,00;49,00;0,00;70,99;80,02;33,54;179,97;867,19;180,02;814,23;857,05;77,87;0,33
13280;0,00;0,00;0,00;0,00;49,00;0,00;71,02;80,00;33,55;179,97;866,97;180,05;814,06;857,25;77,87;0,33
13285;0,00;0,00;0,00;0,00;48,99;0,00;71,01;80,00;33,54;179,97;866,02;180,06;813,84;856,17;77,87;0,33
13290;0,00;0,00;0,00;0,00;49,00;0,00;71,00;80,00;33,54;179,97;863,11;180,06;813,08;853,71;77,87;0,33
13295;0,00;0,00;0,00;0,00;49,00;0,00;71,00;79,98;33,53;179,96;861,54;180,06;812,74;852,45;77,87;0,33
13300;0,00;0,00;0,00;0,00;49,00;0,00;70,98;79,98;33,53;179,96;859,75;180,03;812,64;851,19;77,87;0,33
13305;0,00;0,00;0,00;0,00;49,00;0,00;71,00;80,00;33,52;179,97;860,13;180,01;812,91;851,54;77,87;0,33
13310;0,00;0,00;0,00;0,00;48,99;0,00;71,00;80,02;33,52;179,97;863,09;179,97;813,77;853,91;77,87;0,33
13315;0,00;0,00;0,00;0,00;49,00;0,00;71,00;80,00;33,53;179,99;864,94;179,95;814,05;855,30;77,87;0,33
13320;0,00;0,00;0,00;0,00;49,00;0,00;71,00;79,98;33,51;179,98;867,27;179,92;814,19;857,10;77,87;0,33
13325;0,00;0,00;0,00;0,00;49,00;0,00;71,03;80,00;33,52;179,98;867,39;179,91;814,14;857,24;77,87;0,33
13330;0,00;0,00;0,00;0,00;49,00;0,00;71,01;80,00;33,53;179,98;865,91;179,89;813,77;856,04;77,87;0,33
13335;0,00;0,00;0,00;0,00;49,00;0,00;71,00;80,02;33,53;179,96;862,96;179,89;813,41;854,89;77,87;0,33
13340;0,00;0,00;0,00;0,00;49,00;0,00;70,99;79,98;33,52;179,97;861,29;179,90;812,68;852,33;77,87;0,33
13345;0,00;0,00;0,00;0,00;49,00;0,00;71,00;80,00;33,52;179,97;859,77;179,92;812,54;851,47;77,87;0,33
13350;0,00;0,00;0,00;0,00;48,99;0,00;71,00;79,98;33,54;179,98;860,24;179,95;812,92;851,64;77,87;0,33
13355;0,00;0,00;0,00;0,00;49,00;0,00;71,02;80,03;33,53;179,99;863,30;179,96;813,35;852,71;77,87;0,33
13360;0,00;0,00;0,00;0,00;49,00;0,00;71,00;80,00;33,53;179,99;865,22;179,99;814,05;855,43;77,87;0,33
13365;0,00;0,00;0,00;0,00;49,01;0,00;71,02;80,00;33,55;179,98;867,33;180,01;814,15;856,52;77,87;0,33
13370;0,00;0,00;0,00;0,00;49,00;0,00;70,99;80,02;33,53;179,97;867,40;180,04;814,12;857,24;77,87;0,33
13375;0,00;0,00;0,00;0,00;49,00;0,00;71,00;80,00;33,52;179,96;865,85;180,05;813,99;856,83;77,87;0,33
13380;0,00;0,00;0,00;0,00;49,01;0,00;71,00;80,02;33,54;179,95;864,47;180,04;813,38;854,80;77,87;0,33
13385;0,00;0,00;0,00;0,00;49,00;0,00;71,01;80,00;33,54;179,95;861,17;180,03;812,96;853,46;77,87;0,33
13390;0,00;0,00;0,00;0,00;49,01;0,00;71,00;80,00;33,54;179,96;860,04;180,02;812,50;851,37;77,87;0,33
13395;0,00;0,00;0,00;0,00;49,00;0,00;71,00;80,02;33,54;179,98;860,17;179,98;812,60;851,12;77,87;0,33
13400;0,00;0,00;0,00;0,00;49,00;0,00;71,00;79,98;33,56;179,99;861,50;179,97;813,33;852,67;77,87;0,33
13405;0,00;0,00;0,00;0,00;49,00;0,00;70,99;80,00;33,55;179,99;865,27;179,93;813,78;854,09;77,87;0,33
13410;0,00;0,00;0,00;0,00;49,00;0,00;71,01;80,02;33,55;179,98;866,66;179,92;814,16;856,58;77,87;0,33
13415;0,00;0,00;0,00;0,00;49,00;0,00;71,00;80,00;33,56;179,97;867,48;179,91;814,14;857,21;77,87;0,33
13420;0,00;0,00;0,00;0,00;49,00;0,00;71,01;79,98;33,56;179,97;866,95;179,91;814,00;856,88;77,87;0,33
13425;0,00;0,00;0,00;0,00;49,00;0,00;71,00;80,03;33,56;179,97;864,44;179,92;813,41;856,03;77,87;0,33
13430;0,00;0,00;0,00;0,00;49,00;0,00;70,98;80,00;33,55;179,97;862,82;179,93;812,99;853,48;77,87;0,33
13435;0,00;0,00;0,00;0,00;49,00;0,00;71,00;80,02;33,56;179,98;860,09;179,96;812,53;852,24;77,87;0,33
13440;0,00;0,00;0,00;0,00;49,00;0,00;71,00;80,00;33,54;179,98;859,68;179,97;812,64;851,13;77,87;0,33
13445;0,00;0,00;0,00;0,00;49,00;0,00;71,01;80,02;33,56;179,98;861,54;180,00;813,37;851,57;77,87;0,33
13450;0,00;0,00;0,00;0,00;49,00;0,00;71,00;80,00;33,57;179,98;863,34;180,01;813,79;854,08;77,87;0,33
13455;0,00;0,00;0,00;0,00;49,00;0,00;71,00;79,98;33,56;179,96;866,55;180,02;814,16;855,44;77,87;0,33
13460;0,00;0,00;0,00;0,00;49,00;0,00;71,00;80,02;33,56;179,96;867,35;180,02;814,18;857,14;77,87;0,33
13465;0,00;0,00;0,00;0,00;48,99;0,00;70,99;80,02;33,58;179,96;866,82;180,01;813,98;856,79;77,87;0,33
13470;0,00;0,00;0,00;0,00;49,01;0,00;71,00;80,02;33,57;179,97;865,78;179,99;813,72;855,90;77,87;0,33
13475;0,00;0,00;0,00;0,00;49,00;0,00;71,00;79,97;33,56;179,97;862,65;179,96;812,93;853,37;77,87;0,33
13480;0,00;0,00;0,00;0,00;48,99;0,00;70,99;80,02;33,56;179,97;861,11;179,94;812,61;852,15;77,87;0,33
13485;0,00;0,00;0,00;0,00;48,99;0,00;71,00;80,00;33,57;179,97;859,71;179,92;812,64;851,16;77,87;0,33
13490;0,00;0,00;0,00;0,00;49,00;0,00;70,98;80,00;33,57;179,96;860,32;179,91;812,94;851,69;77,87;0,33
13495;0,00;0,00;0,00;0,00;49,00;0,00;71,01;79,98;33,57;179,95;863,53;179,90;813,79;854,19;77,87;0,33
13500;0,00;0,00;0,00;0,00;49,00;0,00;70,99;80,00;33,55;179,96;865,30;179,90;814,04;855,57;77,87;0,33
13505;0,00;0,00;0,00;0,00;49,00;0,00;70,99;80,00;33,56;179,97;867,33;179,91;814,13;857,14;77,87;0,33
13510;0,00;0,00;0,00;0,00;49,00;0,00;71,01;80,00;33,55;180,00;867,29;179,92;814,06;857,15;77,87;0,33
13515;0,00;0,00;0,00;0,00;49,00;0,00;71,02;80,02;33,56;180,00;865,48;179,95;813,65;855,71;77,87;0,33
13520;0,00;0,00;0,00;0,00;49,01;0,00;71,01;80,00;33,54;179,97;864,03;179,97;813,27;854,48;77,87;0,33
13525;0,00;0,00;0,00;0,00;49,00;0,00;71,00;80,00;33,55;179,95;860,92;179,99;812,57;851,99;77,87;0,33
13530;0,00;0,00;0,00;0,00;49,00;0,00;71,00;80,02;33,55;179,94;859,89;180,00;812,51;851,28;77,87;0,33
13535;0,00;0,00;0,00;0,00;49,00;0,00;71,02;80,02;33,54;179,95;860,50;180,01;812,99;851,85;77,87;0,33
13540;0,00;0,00;0,00;0,00;49,00;0,00;71,00;79,98;33,54;179,98;861,97;180,01;813,44;853,04;77,87;0,33
13545;0,00;0,00;0,00;0,00;49,00;0,00;71,02;79,98;33,53;179,99;865,63;180,00;814,06;855,77;77,87;0,33
13550;0,00;0,00;0,00;0,00;49,00;0,00;70,99;80,05;33,54;179,99;867,37;179,99;814,14;856,71;77,87;0,33
13555;0,00;0,00;0,00;0,00;49,00;0,00;71,00;80,02;33,52;179,98;867,26;179,98;814,06;857,14;77,87;0,33
13560;0,00;0,00;0,00;0,00;49,00;0,00;71,00;80,02;33,52;179,96;865,44;179,96;813,89;856,60;77,87;0,33
13565;0,00;0,00;0,00;0,00;49,00;0,00;71,04;79,98;33,55;179,95;863,98;179,94;813,23;854,40;77,87;0,33
13570;0,00;0,00;0,00;0,00;49,00;0,00;70,98;80,02;33,54;179,97;860,75;179,93;812,82;853,05;77,87;0,33
13575;0,00;0,00;0,00;0,00;49,00;0,00;71,00;80,00;33,53;179,97;859,84;179,92;812,49;851,22;77,87;0,33
13580;0,00;0,00;0,00;0,00;48,99;0,00;71,01;80,03;33,53;179,98;860,46;179,91;812,64;851,17;77,87;0,33
13585;0,00;0,00;0,00;0,00;49,00;0,00;71,02;80,00;33,55;179,99;861,96;179,92;813,46;853,05;77,87;0,33
13590;0,00;0,00;0,00;0,00;49,00;0,00;71,00;80,00;33,55;179,99;865,71;179,93;813,86;854,49;77,87;0,33
13595;0,00;0,00;0,00;0,00;49,00;0,00;71,00;80,02;33,55;179,99;866,93;179,95;814,17;856,81;77,87;0,33
13600;0,00;0,00;0,00;0,00;49,00;0,00;71,00;80,00;33,55;179,99;867,38;179,98;814,17;857,29;77,87;0,33
13605;0,00;0,00;0,00;0,00;48,99;0,00;71,00;80,02;33,56;179,98;866,71;179,98;813,94;856,69;77,87;0,33
13610;0,00;0,00;0,00;0,00;49,01;0,00;71,01;80,02;33,53;179,96;863,99;180,01;813,67;855,73;77,87;0,33
13615;0,00;0,00;0,00;0,00;49,00;0,00;71,00;79,98;33,56;179,95;862,35;180,02;812,86;853,10;77,87;0,33
13620;0,00;0,00;0,00;0,00;48,99;0,00;70,98;80,03;33,55;179,97;859,84;180,02;812,56;851,94;77,87;0,33
13625;0,00;0,00;0,00;0,00;49,00;0,00;71,02;80,02;33,55;180,00;859,64;180,01;812,63;851,12;77,87;0,33
13630;0,00;0,00;0,00;0,00;49,00;0,00;71,02;79,97;33,55;180,02;861,90;180,00;812,96;851,73;77,87;0,33
13635;0,00;0,00;0,00;0,00;49,00;0,00;70,99;80,00;33,55;180,02;863,78;179,99;813,84;854,40;77,87;0,33
13640;0,00;0,00;0,00;0,00;49,00;0,00;71,00;80,02;33,55;179,97;866,83;179,96;814,15;855,74;77,87;0,33
13645;0,00;0,00;0,00;0,00;49,00;0,00;71,00;80,02;33,53;179,96;867,44;179,95;814,16;857,25;77,87;0,33
13650;0,00;0,00;0,00;0,00;49,00;0,00;70,98;79,98;33,55;179,93;866,67;179,93;813,92;857,21;77,87;0,33
13655;0,00;0,00;0,00;0,00;48,99;0,00;70,99;79,98;33,56;179,93;865,53;179,92;813,66;855,74;77,87;0,33
13660;0,00;0,00;0,00;0,00;49,00;0,00;71,00;80,02;33,55;179,97;862,44;179,91;812,87;854,50;77,87;0,33
13665;0,00;0,00;0,00;0,00;49,00;0,00;71,00;80,03;33,54;179,99;860,95;179,90;812,58;851,99;77,87;0,33
13670;0,00;0,00;0,00;0,00;49,00;0,00;70,98;80,00;33,54;180,00;859,77;179,91;812,66;851,30;77,87;0,33
13675;0,00;0,00;0,00;0,00;49,00;0,00;71,00;80,00;33,54;180,01;860,49;179,92;813,00;851,83;77,87;0,33
13680;0,00;0,00;0,00;0,00;49,00;0,00;71,01;80,02;33,53;179,99;863,92;179,93;813,84;853,06;77,87;0,33
13685;0,00;0,00;0,00;0,00;48,99;0,00;70,98;80,00;33,52;179,97;865,62;179,94;814,05;855,77;77,87;0,33
13690;0,00;0,00;0,00;0,00;49,00;0,00;71,00;80,02;33,54;179,96;867,34;179,96;814,13;857,18;77,87;0,33
13695;0,00;0,00;0,00;0,00;48,99;0,00;71,00;80,02;33,53;179,97;867,22;179,98;814,03;857,09;77,87;0,33
13700;0,00;0,00;0,00;0,00;49,00;0,00;71,00;80,00;33,53;179,98;865,30;180,01;813,58;855,55;77,87;0,33
13705;0,00;0,00;0,00;0,00;49,00;0,00;71,02;80,00;33,54;180,02;863,81;180,01;813,18;854,29;77,87;0,33
13710;0,00;0,00;0,00;0,00;49,00;0,00;71,00;80,02;33,54;180,03;860,72;180,02;812,51;851,83;77,87;0,33
13715;0,00;0,00;0,00;0,00;49,01;0,00;71,01;80,00;33,54;180,01;859,78;180,02;812,47;851,18;77,87;0,33
13720;0,00;0,00;0,00;0,00;49,01;0,00;70,99;79,98;33,54;179,98;860,58;180,01;813,01;851,89;77,87;0,33
13725;0,00;0,00;0,00;0,00;49,00;0,00;71,00;80,00;33,55;179,94;862,11;180,01;813,47;853,17;77,87;0,33
13730;0,00;0,00;0,00;0,00;49,00;0,00;71,00;79,98;33,54;179,94;865,81;179,98;814,07;855,88;77,87;0,33
13735;0,00;0,00;0,00;0,00;49,00;0,00;71,01;80,00;33,55;179,95;866,96;179,98;814,15;856,82;77,87;0,33
13740;0,00;0,00;0,00;0,00;49,00;0,00;71,02;80,00;33,55;179,96;867,27;179,96;814,07;857,15;77,87;0,33
13745;0,00;0,00;0,00;0,00;49,00;0,00;70,98;80,02;33,54;180,01;865,38;179,94;813,90;856,56;77,87;0,33
13750;0,00;0,00;0,00;0,00;49,00;0,00;71,00;79,98;33,54;180,04;863,76;179,92;813,21;854,27;77,87;0,33
13755;0,00;0,00;0,00;0,00;49,00;0,00;71,01;80,03;33,55;180,02;860,65;179,91;812,81;852,97;77,87;0,33
13760;0,00;0,00;0,00;0,00;49,00;0,00;71,00;80,00;33,54;180,01;859,77;179,90;812,49;851,17;77,87;0,33
13765;0,00;0,00;0,00;0,00;49,00;0,00;71,00;80,00;33,55;179,95;860,49;179,90;812,66;851,16;77,87;0,33
13770;0,00;0,00;0,00;0,00;49,01;0,00;71,00;80,00;33,56;179,93;862,16;179,91;813,48;853,10;77,87;0,33
13775;0,00;0,00;0,00;0,00;49,00;0,00;71,00;79,98;33,56;179,94;865,74;179,92;813,87;854,59;77,87;0,33
13780;0,00;0,00;0,00;0,00;49,00;0,00;71,00;80,00;33,58;179,95;866,91;179,95;814,13;856,80;77,87;0,33
13785;0,00;0,00;0,00;0,00;48,99;0,00;71,00;80,00;33,57;179,99;867,22;179,96;814,11;857,23;77,87;0,33
13790;0,00;0,00;0,00;0,00;49,00;0,00;70,99;80,00;33,57;180,00;866,47;179,99;813,85;856,51;77,87;0,33
13795;0,00;0,00;0,00;0,00;49,00;0,00;70,99;80,00;33,58;179,99;863,77;180,00;813,56;855,51;77,87;0,33
13800;0,00;0,00;0,00;0,00;49,00;0,00;71,02;80,02;33,58;179,97;862,14;180,02;812,78;852,91;77,87;0,33
13805;0,00;0,00;0,00;0,00;49,00;0,00;71,00;80,02;33,55;179,96;859,78;180,02;812,52;851,81;77,87;0,33
13810;0,00;0,00;0,00;0,00;49,00;0,00;71,00;79,98;33,58;179,95;859,76;180,01;812,64;851,20;77,87;0,33
13815;0,00;0,00;0,00;0,00;49,00;0,00;71,00;80,00;33,59;179,98;862,16;179,99;813,01;851,93;77,87;0,33
13820;0,00;0,00;0,00;0,00;49,00;0,00;71,00;79,98;33,59;180,00;864,02;179,98;813,84;854,57;77,87;0,33
13825;0,00;0,00;0,00;0,00;49,00;0,00;71,01;80,03;33,58;180,01;866,93;179,96;814,03;855,89;77,87;0,33
13830;0,00;0,00;0,00;0,00;49,00;0,00;71,00;79,98;33,57;180,00;867,38;179,94;814,08;857,19;77,87;0,34
13835;0,00;0,00;0,00;0,00;49,00;0,00;71,01;80,02;33,58;179,98;866,41;179,91;813,80;857,06;77,87;0,34
13840;0,00;0,00;0,00;0,00;49,00;0,00;70,99;79,98;33,58;179,96;865,23;179,91;813,51;855,46;77,87;0,33
13845;0,00;0,00;0,00;0,00;49,00;0,00;71,00;80,02;33,59;179,94;861,97;179,90;812,73;854,18;77,87;0,33
13850;0,00;0,00;0,00;0,00;49,00;0,00;71,01;80,02;33,58;179,94;860,60;179,91;812,48;851,75;77,87;0,33
13855;0,00;0,00;0,00;0,00;49,00;0,00;70,99;80,02;33,58;179,97;859,81;179,92;812,65;851,18;77,87;0,33
13860;0,00;0,00;0,00;0,00;49,01;0,00;71,00;80,00;33,58;179,98;860,69;179,93;813,02;852,00;77,87;0,33
13865;0,00;0,00;0,00;0,00;49,00;0,00;71,01;80,00;33,58;179,99;864,25;179,96;813,86;853,28;77,87;0,33
13870;0,00;0,00;0,00;0,00;49,00;0,00;71,00;80,02;33,56;179,99;865,90;179,97;814,04;856,01;77,87;0,33
13875;0,00;0,00;0,00;0,00;48,99;0,00;71,02;80,02;33,59;179,98;867,43;180,01;814,08;856,87;77,87;0,34
13880;0,00;0,00;0,00;0,00;49,00;0,00;71,00;80,00;33,58;179,96;867,16;180,02;813,98;857,07;77,87;0,34
13885;0,00;0,00;0,00;0,00;49,00;0,00;71,00;79,98;33,56;179,95;865,13;180,03;813,49;856,43;77,87;0,34
13890;0,00;0,00;0,00;0,00;48,99;0,00;71,02;80,00;33,58;179,96;863,59;180,02;813,07;854,10;77,87;0,33
13895;0,00;0,00;0,00;0,00;48,99;0,00;71,00;80,00;33,57;179,97;860,47;180,01;812,44;851,69;77,87;0,33
13900;0,00;0,00;0,00;0,00;49,00;0,00;71,01;80,02;33,57;179,99;859,70;180,00;812,43;851,12;77,87;0,33
13905;0,00;0,00;0,00;0,00;49,00;0,00;70,99;79,98;33,58;179,99;860,69;179,98;813,00;852,00;77,87;0,33
13910;0,00;0,00;0,00;0,00;49,01;0,00;71,01;80,00;33,57;179,98;862,30;179,97;813,46;853,29;77,87;0,33
13915;0,00;0,00;0,00;0,00;49,00;0,00;71,00;79,98;33,56;179,96;865,94;179,94;814,00;855,98;77,87;0,33
13920;0,00;0,00;0,00;0,00;49,00;0,00;71,00;80,00;33,57;179,94;867,02;179,93;814,06;856,86;77,87;0,34
13925;0,00;0,00;0,00;0,00;48,99;0,00;71,00;80,00;33,59;179,94;867,15;179,92;813,95;857,03;77,87;0,34
13930;0,00;0,00;0,00;0,00;49,01;0,00;70,99;79,98;33,58;179,96;866,28;179,93;813,76;856,37;77,87;0,34
13935;0,00;0,00;0,00;0,00;49,00;0,00;71,02;79,98;33,56;179,97;863,50;179,93;813,05;854,02;77,87;0,33
13940;0,00;0,00;0,00;0,00;49,00;0,00;70,98;79,98;33,57;179,99;861,88;179,93;812,67;852,71;77,87;0,33
13945;0,00;0,00;0,00;0,00;49,00;0,00;71,00;80,02;33,58;179,99;859,74;179,94;812,44;851,14;77,87;0,33
13950;0,00;0,00;0,00;0,00;49,00;0,00;71,02;80,00;33,57;179,97;860,85;179,95;812,67;851,28;77,87;0,33
13955;0,00;0,00;0,00;0,00;49,00;0,00;71,00;80,02;33,59;179,96;862,48;179,96;813,50;853,41;77,87;0,33
13960;0,00;0,00;0,00;0,00;49,00;0,00;70,98;80,02;33,60;179,96;865,97;179,97;813,86;854,84;77,87;0,33
13965;0,00;0,00;0,00;0,00;49,00;0,00;70,99;80,00;33,57;179,96;867,08;179,98;814,08;856,91;77,87;0,34
13970;0,00;0,00;0,00;0,00;49,00;0,00;71,01;80,03;33,58;179,96;867,10;179,99;814,06;857,22;77,87;0,34
13975;0,00;0,00;0,00;0,00;49,00;0,00;71,01;80,03;33,58;179,95;866,27;179,99;813,76;856,33;77,87;0,34
13980;0,00;0,00;0,00;0,00;49,00;0,00;71,00;79,98;33,58;179,95;863,48;180,00;813,45;855,27;77,87;0,33
13985;0,00;0,00;0,00;0,00;49,00;0,00;71,02;80,02;33,58;179,95;861,73;180,00;812,65;852,65;77,87;0,33
13990;0,00;0,00;0,00;0,00;49,00;0,00;71,00;80,00;33,58;179,97;859,69;179,99;812,43;851,61;77,87;0,33
13995;0,00;0,00;0,00;0,00;49,00;0,00;71,00;79,98;33,59;179,98;859,83;179,98;812,67;851,29;77,87;0,33
14000;0,00;0,00;0,00;0,00;49,00;0,00;71,00;80,02;33,58;179,99;862,62;179,97;813,05;852,17;77,87;0,33
14005;0,00;0,00;0,00;0,00;49,00;0,00;71,01;80,00;33,58;179,99;864,51;179,96;813,86;854,88;77,87;0,33
14010;0,00;0,00;0,00;0,00;49,00;0,00;71,01;80,03;33,58;179,96;867,09;179,95;814,03;856,11;77,87;0,34
14015;0,00;0,00;0,00;0,00;49,00;0,00;71,02;80,00;33,59;179,95;867,43;179,95;814,06;857,24;77,87;0,34
14020;0,00;0,00;0,00;0,00;49,00;0,00;70,99;80,00;33,57;179,93;866,30;179,94;813,96;857,02;77,87;0,34
14025;0,00;0,00;0,00;0,00;49,00;0,00;71,00;80,00;33,57;179,94;864,94;179,94;813,45;855,26;77,87;0,33
14030;0,00;0,00;0,00;0,00;49,00;0,00;71,00;80,02;33,59;179,97;861,75;179,94;813,04;853,96;77,87;0,33
14035;0,00;0,00;0,00;0,00;49,00;0,00;70,97;80,03;33,58;179,98;860,39;179,94;812,45;851,60;77,87;0,33
14040;0,00;0,00;0,00;0,00;49,00;0,00;71,00;80,02;33,57;179,98;859,80;179,95;812,68;851,10;77,87;0,33
14045;0,00;0,00;0,00;0,00;49,00;0,00;70,99;80,02;33,58;179,97;860,89;179,95;813,08;852,13;77,87;0,33
14050;0,00;0,00;0,00;0,00;49,00;0,00;71,00;79,98;33,58;179,96;864,45;179,96;813,89;853,47;77,87;0,33
14055;0,00;0,00;0,00;0,00;48,98;0,00;71,00;80,02;33,59;179,96;866,05;179,96;814,05;856,13;77,87;0,34
14060;0,00;0,00;0,00;0,00;49,00;0,00;70,98;80,00;33,58;179,96;867,42;179,98;814,08;856,94;77,87;0,34
14065;0,00;0,00;0,00;0,00;49,00;0,00;71,00;80,02;33,57;179,96;867,07;179,98;813,98;857,00;77,87;0,34
14070;0,00;0,00;0,00;0,00;49,00;0,00;71,00;80,00;33,57;179,96;864,93;180,00;813,45;856,30;77,87;0,34
14075;0,00;0,00;0,00;0,00;49,00;0,00;71,03;80,02;33,58;179,96;863,39;180,00;813,04;853,91;77,87;0,33
14080;0,00;0,00;0,00;0,00;49,00;0,00;71,00;80,02;33,58;179,97;860,37;180,00;812,47;852,62;77,87;0,33
14085;0,00;0,00;0,00;0,00;49,00;0,00;71,01;79,98;33,57;179,97;859,73;179,99;812,49;851,15;77,87;0,33
14090;0,00;0,00;0,00;0,00;49,00;0,00;71,00;80,00;33,57;179,97;860,97;179,98;813,11;852,23;77,87;0,33
14095;0,00;0,00;0,00;0,00;48,99;0,00;71,02;80,02;33,60;179,97;862,63;179,98;813,57;853,55;77,87;0,33
14100;0,00;0,00;0,00;0,00;49,00;0,00;71,01;80,02;33,58;179,96;866,14;179,96;814,06;856,16;77,87;0,34
14105;0,00;0,00;0,00;0,00;49,00;0,00;71,00;80,00;33,57;179,96;867,09;179,95;814,10;856,94;77,87;0,34
14110;0,00;0,00;0,00;0,00;49,00;0,00;70,98;79,98;33,57;179,97;867,01;179,94;813,94;856,91;77,87;0,34
14115;0,00;0,00;0,00;0,00;49,00;0,00;71,02;80,02;33,59;179,97;866,05;179,93;813,72;856,18;77,87;0,34
14120;0,00;0,00;0,00;0,00;49,00;0,00;71,00;80,02;33,58;179,97;863,18;179,93;812,97;853,76;77,87;0,34
14125;0,00;0,00;0,00;0,00;49,00;0,00;71,00;79,98;33,59;179,97;861,57;179,93;812,62;852,47;77,87;0,33
14130;0,00;0,00;0,00;0,00;49,00;0,00;71,01;80,00;33,59;179,96;859,68;179,93;812,48;851,11;77,87;0,33
14135;0,00;0,00;0,00;0,00;49,01;0,00;70,98;80,00;33,58;179,95;859,97;179,93;812,74;851,37;77,87;0,33
14140;0,00;0,00;0,00;0,00;49,00;0,00;71,01;79,98;33,58;179,97;862,83;179,94;813,60;853,66;77,87;0,33
14145;0,00;0,00;0,00;0,00;49,01;0,00;71,00;79,98;33,59;180,00;866,23;179,95;813,92;855,08;77,87;0,34
14150;0,00;0,00;0,00;0,00;49,00;0,00;70,99;80,03;33,60;179,99;867,15;179,96;814,10;857,01;77,87;0,34
14155;0,00;0,00;0,00;0,00;49,00;0,00;71,00;79,97;33,58;179,99;866,99;179,96;814,06;857,23;77,87;0,34
14160;0,00;0,00;0,00;0,00;49,00;0,00;70,99;79,98;33,59;179,99;866,06;179,97;813,72;856,19;77,87;0,34
14165;0,00;0,00;0,00;0,00;49,00;0,00;70,99;80,02;33,59;179,96;863,17;179,97;813,40;855,08;77,87;0,34
14170;0,00;0,00;0,00;0,00;49,00;0,00;70,99;80,02;33,58;179,95;861,57;179,97;812,62;852,44;77,87;0,33
14175;0,00;0,00;0,00;0,00;49,01;0,00;71,02;80,00;33,58;179,95;859,62;179,97;812,43;851,48;77,87;0,33
14180;0,00;0,00;0,00;0,00;49,00;0,00;71,01;79,98;33,58;179,95;859,91;179,95;812,70;851,33;77,87;0,33
14185;0,00;0,00;0,00;0,00;49,00;0,00;71,00;80,03;33,59;179,98;862,78;179,94;813,12;852,28;77,87;0,33
14190;0,00;0,00;0,00;0,00;49,00;0,00;71,00;80,00;33,59;179,99;864,64;179,93;813,91;855,07;77,87;0,34
14195;0,00;0,00;0,00;0,00;49,00;0,00;71,00;80,02;33,59;179,98;867,23;179,91;814,05;856,27;77,87;0,34
14200;0,00;0,00;0,00;0,00;49,00;0,00;71,01;80,00;33,59;179,98;867,47;179,91;814,07;857,29;77,87;0,34
14205;0,00;0,00;0,00;0,00;49,00;0,00;71,02;79,98;33,59;179,97;866,19;179,91;813,95;857,00;77,87;0,34
14210;0,00;0,00;0,00;0,00;48,99;0,00;71,01;80,02;33,58;179,96;864,79;179,91;813,42;855,12;77,87;0,34
14215;0,00;0,00;0,00;0,00;49,00;0,00;71,02;80,02;33,58;179,96;861,58;179,92;812,99;853,79;77,87;0,34
14220;0,00;0,00;0,00;0,00;49,01;0,00;71,00;80,02;33,60;179,97;860,27;179,93;812,42;851,50;77,87;0,33
14225;0,00;0,00;0,00;0,00;49,00;0,00;70,99;80,02;33,59;179,96;859,93;179,94;812,46;851,08;77,87;0,33
14230;0,00;0,00;0,00;0,00;48,99;0,00;71,01;80,00;33,60;179,96;861,07;179,94;813,11;852,28;77,87;0,33
14235;0,00;0,00;0,00;0,00;49,00;0,00;71,02;80,03;33,58;179,99;864,67;179,95;813,57;853,63;77,87;0,34
14240;0,00;0,00;0,00;0,00;49,00;0,00;71,00;80,00;33,59;180,00;866,19;179,96;814,03;856,24;77,87;0,34
14245;0,00;0,00;0,00;0,00;49,01;0,00;70,99;80,02;33,59;180,00;867,39;179,96;814,03;856,99;77,87;0,34
14250;0,00;0,00;0,00;0,00;49,00;0,00;71,02;79,98;33,59;179,99;866,97;179,97;813,90;856,91;77,87;0,34
14255;0,00;0,00;0,00;0,00;48,99;0,00;71,00;80,02;33,58;179,97;864,75;179,96;813,35;856,16;77,87;0,34
14260;0,00;0,00;0,00;0,00;49,00;0,00;71,02;79,98;33,58;179,96;863,16;179,96;812,94;853,72;77,87;0,33
14265;0,00;0,00;0,00;0,00;49,01;0,00;71,00;79,98;33,59;179,96;860,23;179,95;812,40;852,42;77,87;0,33
14270;0,00;0,00;0,00;0,00;49,00;0,00;70,99;80,00;33,59;179,96;859,67;179,94;812,46;851,10;77,87;0,33
14275;0,00;0,00;0,00;0,00;48,99;0,00;71,00;80,00;33,60;179,98;861,21;179,93;813,13;851,41;77,87;0,33
14280;0,00;0,00;0,00;0,00;49,00;0,00;71,00;79,98;33,59;180,00;862,96;179,92;813,57;853,75;77,87;0,34
14285;0,00;0,00;0,00;0,00;49,00;0,00;71,00;80,02;33,60;180,01;866,30;179,91;814,02;856,31;77,87;0,34
14290;0,00;0,00;0,00;0,00;49,00;0,00;71,00;80,00;33,60;179,98;867,18;179,91;814,06;857,01;77,87;0,34
14295;0,00;0,00;0,00;0,00;49,00;0,00;71,03;79,95;33,61;179,97;866,90;179,91;813,89;856,88;77,87;0,34
14300;0,00;0,00;0,00;0,00;48,99;0,00;71,00;80,02;33,61;179,97;865,94;179,91;813,66;856,08;77,87;0,34
14305;0,00;0,00;0,00;0,00;48,99;0,00;71,02;79,98;33,61;179,96;863,01;179,92;812,90;853,62;77,87;0,34
14310;0,00;0,00;0,00;0,00;49,01;0,00;71,00;80,02;33,59;179,98;861,45;179,93;812,56;852,32;77,87;0,33
14315;0,00;0,00;0,00;0,00;49,00;0,00;71,00;79,98;33,61;179,99;859,66;179,93;812,45;851,09;77,87;0,33
14320;0,00;0,00;0,00;0,00;49,00;0,00;71,02;80,00;33,63;180,01;860,03;179,94;812,72;851,43;77,87;0,33
14325;0,00;0,00;0,00;0,00;49,00;0,00;71,00;80,03;33,62;180,00;862,98;179,95;813,59;853,81;77,87;0,33
14330;0,00;0,00;0,00;0,00;49,00;0,00;71,00;79,98;33,62;179,98;864,97;179,96;813,89;855,21;77,87;0,34
14335;0,00;0,00;0,00;0,00;49,00;0,00;71,01;80,00;33,62;179,96;867,23;179,96;814,04;857,05;77,87;0,34
14340;0,00;0,00;0,00;0,00;49,01;0,00;71,00;79,97;33,62;179,96;866,92;179,96;814,00;857,21;77,87;0,34
14345;0,00;0,00;0,00;0,00;49,00;0,00;71,01;79,98;33,62;179,96;865,96;179,97;813,66;856,06;77,87;0,34
14350;0,00;0,00;0,00;0,00;48,99;0,00;71,01;79,98;33,63;179,99;863,03;179,96;813,31;854,95;77,87;0,34
14355;0,00;0,00;0,00;0,00;49,00;0,00;71,00;80,02;33,61;180,00;861,31;179,95;812,55;852,34;77,87;0,33
14360;0,00;0,00;0,00;0,00;49,01;0,00;71,02;79,98;33,63;180,00;859,64;179,94;812,39;851,42;77,87;0,33
14365;0,00;0,00;0,00;0,00;49,00;0,00;71,00;80,02;33,63;179,99;860,01;179,93;812,72;851,42;77,87;0,33
14370;0,00;0,00;0,00;0,00;48,99;0,00;71,01;80,00;33,63;179,97;862,97;179,93;813,15;852,42;77,87;0,33
14375;0,00;0,00;0,00;0,00;49,00;0,00;71,02;79,98;33,63;179,97;864,96;179,92;813,91;855,22;77,87;0,34
14380;0,00;0,00;0,00;0,00;48,99;0,00;71,00;80,02;33,62;179,95;867,25;179,92;814,03;856,36;77,87;0,34
14385;0,00;0,00;0,00;0,00;49,01;0,00;71,00;80,00;33,64;179,95;867,40;179,91;814,02;857,23;77,87;0,34
14390;0,00;0,00;0,00;0,00;49,00;0,00;70,99;80,00;33,63;179,96;865,98;179,91;813,89;856,87;77,87;0,34
14395;0,00;0,00;0,00;0,00;49,00;0,00;71,01;80,02;33,62;179,97;864,52;179,91;813,31;854,93;77,87;0,34
14400;0,00;0,00;0,00;0,00;49,00;0,00;71,03;79,98;33,63;179,99;861,34;179,92;812,90;853,55;77,87;0,34
14405;0,00;0,00;0,00;0,00;48,99;0,00;70,98;79,98;33,64;179,99;860,15;179,93;812,41;851,42;77,87;0,33
14410;0,00;0,00;0,00;0,00;49,00;0,00;71,00;79,98;33,64;179,98;860,14;179,95;812,49;851,13;77,87;0,33
14415;0,00;0,00;0,00;0,00;49,00;0,00;71,00;80,00;33,66;179,97;861,40;179,96;813,18;852,51;77,87;0,34
14420;0,00;0,00;0,00;0,00;49,00;0,00;71,01;80,02;33,66;179,96;864,99;179,96;813,61;853,88;77,87;0,34
14425;0,00;0,00;0,00;0,00;49,00;0,00;71,00;80,00;33,65;179,95;866,41;179,96;814,02;856,39;77,87;0,34
14430;0,00;0,00;0,00;0,00;49,01;0,00;71,00;80,00;33,64;179,95;867,35;179,96;813,99;857,05;77,87;0,34
14435;0,00;0,00;0,00;0,00;49,00;0,00;71,00;80,00;33,65;179,94;866,83;179,97;813,85;856,80;77,87;0,34
14440;0,00;0,00;0,00;0,00;49,00;0,00;71,01;80,03;33,64;179,97;864,46;179,95;813,27;855,99;77,87;0,34
14445;0,00;0,00;0,00;0,00;49,00;0,00;71,01;80,03;33,65;179,98;862,85;179,94;812,85;853,47;77,87;0,34
14450;0,00;0,00;0,00;0,00;49,00;0,00;71,02;79,97;33,65;179,98;860,08;179,93;812,34;852,22;77,87;0,33
14455;0,00;0,00;0,00;0,00;49,00;0,00;71,00;80,02;33,65;179,98;859,59;179,92;812,42;851,03;77,87;0,33
14460;0,00;0,00;0,00;0,00;49,00;0,00;71,02;79,97;33,64;179,97;861,31;179,90;813,13;852,43;77,87;0,33
14465;0,00;0,00;0,00;0,00;49,00;0,00;70,99;80,02;33,64;179,96;863,08;179,90;813,58;853,89;77,87;0,34
14470;0,00;0,00;0,00;0,00;49,01;0,00;71,02;79,98;33,63;179,95;866,42;179,90;814,02;856,43;77,87;0,34
14475;0,00;0,00;0,00;0,00;49,00;0,00;71,02;80,00;33,65;179,94;867,32;179,91;814,05;857,13;77,87;0,34
14480;0,00;0,00;0,00;0,00;49,00;0,00;71,01;80,00;33,63;179,95;866,97;179,91;813,89;856,92;77,87;0,34
14485;0,00;0,00;0,00;0,00;49,01;0,00;71,00;80,00;33,63;179,98;866,00;179,92;813,66;856,14;77,87;0,34
14490;0,00;0,00;0,00;0,00;49,00;0,00;71,02;80,03;33,64;179,98;863,03;179,94;812,90;853,63;77,87;0,34
14495;0,00;0,00;0,00;0,00;49,00;0,00;71,02;80,00;33,63;179,99;861,45;179,95;812,55;852,37;77,87;0,34
14500;0,00;0,00;0,00;0,00;49,00;0,00;71,03;79,98;33,63;179,97;859,63;179,96;812,45;851,08;77,87;0,33
14505;0,00;0,00;0,00;0,00;49,00;0,00;71,03;80,00;33,61;179,93;860,01;179,97;812,72;851,42;77,87;0,33
14510;0,00;0,00;0,00;0,00;49,00;0,00;71,00;80,02;33,62;179,93;862,96;179,98;813,57;853,80;77,87;0,34
14515;0,00;0,00;0,00;0,00;49,00;0,00;71,00;80,00;33,61;179,95;866,39;179,97;813,88;855,20;77,87;0,34
14520;0,00;0,00;0,00;0,00;49,00;0,00;71,00;79,97;33,62;179,96;867,22;179,97;814,04;857,05;77,87;0,34
14525;0,00;0,00;0,00;0,00;49,01;0,00;70,99;79,97;33,61;179,98;866,92;179,96;814,00;857,21;77,87;0,34
14530;0,00;0,00;0,00;0,00;48,99;0,00;71,01;79,97;33,62;179,98;865,87;179,95;813,64;856,04;77,87;0,34
14535;0,00;0,00;0,00;0,00;49,01;0,00;71,00;80,03;33,62;179,98;862,89;179,94;813,28;854,88;77,87;0,34
14540;0,00;0,00;0,00;0,00;48,98;0,00;71,00;80,00;33,63;179,99;861,35;179,92;812,53;852,29;77,87;0,34
14545;0,00;0,00;0,00;0,00;49,00;0,00;71,02;80,00;33,62;179,98;859,63;179,92;812,38;851,39;77,87;0,33
14550;0,00;0,00;0,00;0,00;49,00;0,00;71,03;80,02;33,62;179,98;860,06;179,91;812,74;851,45;77,87;0,33
14555;0,00;0,00;0,00;0,00;49,00;0,00;71,00;79,98;33,62;179,95;863,09;179,92;813,16;852,47;77,87;0,34
14560;0,00;0,00;0,00;0,00;49,00;0,00;71,00;79,97;33,61;179,95;865,06;179,93;813,91;855,30;77,87;0,34
14565;0,00;0,00;0,00;0,00;49,00;0,00;71,01;79,98;33,61;179,97;867,24;179,94;814,02;856,41;77,87;0,34
14570;0,00;0,00;0,00;0,00;49,00;0,00;70,99;79,98;33,63;179,98;867,35;179,95;813,99;857,19;77,87;0,34
14575;0,00;0,00;0,00;0,00;48,99;0,00;71,01;79,97;33,62;180,00;865,85;179,95;813,85;856,79;77,87;0,34
14580;0,00;0,00;0,00;0,00;49,01;0,00;71,00;80,00;33,63;179,99;864,48;179,96;813,27;854,78;77,87;0,34
14585;0,00;0,00;0,00;0,00;49,01;0,00;70,99;80,00;33,63;179,96;861,22;179,97;812,86;853,46;77,87;0,34
14590;0,00;0,00;0,00;0,00;49,00;0,00;71,02;79,98;33,64;179,95;860,09;179,97;812,39;851,39;77,87;0,33
14595;0,00;0,00;0,00;0,00;49,00;0,00;70,98;80,00;33,63;179,96;860,20;179,97;812,49;851,12;77,87;0,33
14600;0,00;0,00;0,00;0,00;49,00;0,00;71,00;80,02;33,62;179,95;861,52;179,97;813,24;852,66;77,87;0,34
14605;0,00;0,00;0,00;0,00;49,01;0,00;71,01;80,02;33,64;179,97;865,25;179,96;813,67;854,07;77,87;0,34
14610;0,00;0,00;0,00;0,00;49,00;0,00;71,01;79,98;33,64;179,96;866,57;179,95;814,02;856,51;77,87;0,34
14615;0,00;0,00;0,00;0,00;49,00;0,00;70,99;79,97;33,63;179,95;867,26;179,95;814,03;857,08;77,87;0,34
14620;0,00;0,00;0,00;0,00;48,98;0,00;70,99;80,02;33,63;179,94;866,62;179,94;813,80;856,65;77,87;0,34
14625;0,00;0,00;0,00;0,00;49,01;0,00;70,98;79,98;33,63;179,95;864,12;179,93;813,54;855,76;77,87;0,34
14630;0,00;0,00;0,00;0,00;49,00;0,00;71,00;79,98;33,62;179,97;862,52;179,93;812,76;853,22;77,87;0,34
14635;0,00;0,00;0,00;0,00;49,00;0,00;71,00;80,00;33,62;179,98;860,00;179,93;812,47;852,07;77,87;0,33
14640;0,00;0,00;0,00;0,00;49,00;0,00;71,00;80,02;33,63;179,98;859,75;179,93;812,54;851,19;77,87;0,33
14645;0,00;0,00;0,00;0,00;49,00;0,00;70,99;79,98;33,60;179,98;861,85;179,93;813,31;851,76;77,87;0,33
14650;0,00;0,00;0,00;0,00;49,00;0,00;71,00;79,98;33,64;179,97;863,65;179,94;813,71;854,31;77,87;0,34
14655;0,00;0,00;0,00;0,00;49,00;0,00;71,02;80,00;33,60;179,96;866,62;179,96;814,01;855,61;77,87;0,34
14660;0,00;0,00;0,00;0,00;49,00;0,00;71,00;80,00;33,62;179,97;867,24;179,97;814,00;857,06;77,87;0,34
14665;0,00;0,00;0,00;0,00;49,00;0,00;71,00;80,03;33,60;179,95;866,45;179,99;813,75;857,01;77,87;0,34
14670;0,00;0,00;0,00;0,00;49,00;0,00;70,99;79,98;33,62;179,96;865,32;180,00;813,47;855,50;77,87;0,34
14675;0,00;0,00;0,00;0,00;49,00;0,00;71,00;80,00;33,64;179,97;862,14;180,00;812,68;854,25;77,87;0,34
14680;0,00;0,00;0,00;0,00;49,00;0,00;71,02;79,98;33,62;179,99;860,72;179,99;812,42;851,84;77,87;0,34
14685;0,00;0,00;0,00;0,00;49,00;0,00;70,98;79,98;33,62;179,98;859,77;179,98;812,54;851,19;77,87;0,33
14690;0,00;0,00;0,00;0,00;49,00;0,00;71,02;80,00;33,62;179,98;860,61;179,97;812,90;851,90;77,87;0,34
14695;0,00;0,00;0,00;0,00;49,01;0,00;71,00;80,02;33,61;179,97;864,00;179,94;813,76;853,12;77,87;0,34
14700;0,00;0,00;0,00;0,00;49,00;0,00;71,00;80,00;33,62;179,97;865,68;179,94;813,94;855,86;77,87;0,34
14705;0,00;0,00;0,00;0,00;48,99;0,00;70,99;79,98;33,61;179,97;867,33;179,92;814,00;857,15;77,87;0,34
14710;0,00;0,00;0,00;0,00;48,99;0,00;71,00;80,02;33,60;179,97;867,12;179,91;813,91;857,01;77,87;0,34
14715;0,00;0,00;0,00;0,00;49,00;0,00;71,01;80,00;33,59;179,96;865,17;179,91;813,42;855,38;77,87;0,34
14720;0,00;0,00;0,00;0,00;49,01;0,00;71,00;80,00;33,62;179,97;863,54;179,91;813,01;854,06;77,87;0,34
14725;0,00;0,00;0,00;0,00;49,01;0,00;71,00;80,00;33,61;179,96;860,55;179,93;812,39;851,70;77,87;0,34
14730;0,00;0,00;0,00;0,00;48,99;0,00;71,02;80,00;33,62;179,96;859,76;179,94;812,39;851,15;77,87;0,34
14735;0,00;0,00;0,00;0,00;48,99;0,00;71,00;80,03;33,62;179,96;860,79;179,97;812,98;852,06;77,87;0,34
14740;0,00;0,00;0,00;0,00;49,00;0,00;71,02;79,98;33,63;179,96;862,42;179,98;813,43;853,36;77,87;0,34
14745;0,00;0,00;0,00;0,00;49,00;0,00;71,00;80,00;33,63;179,96;865,89;180,01;813,95;856,00;77,87;0,34
14750;0,00;0,00;0,00;0,00;49,00;0,00;70,99;80,02;33,60;179,97;866,95;180,01;814,00;856,85;77,87;0,34
14755;0,00;0,00;0,00;0,00;49,00;0,00;70,99;80,00;33,61;179,97;867,06;180,03;813,88;856,98;77,87;0,34
14760;0,00;0,00;0,00;0,00;49,00;0,00;71,01;80,02;33,63;179,98;866,23;180,03;813,68;856,31;77,87;0,34
14765;0,00;0,00;0,00;0,00;49,00;0,00;71,00;80,02;33,63;179,97;863,46;180,03;812,96;853,94;77,87;0,34
14770;0,00;0,00;0,00;0,00;49,00;0,00;70,98;80,00;33,61;179,98;861,71;180,01;812,58;852,64;77,87;0,34
14775;0,00;0,00;0,00;0,00;49,00;0,00;71,00;80,00;33,64;179,97;859,69;179,99;812,38;851,11;77,87;0,34
14780;0,00;0,00;0,00;0,00;48,99;0,00;71,02;80,00;33,64;179,96;860,93;179,98;812,61;851,29;77,87;0,34
14785;0,00;0,00;0,00;0,00;49,00;0,00;71,00;80,00;33,63;179,95;862,62;179,94;813,46;853,48;77,87;0,34
14790;0,00;0,00;0,00;0,00;49,00;0,00;71,00;79,97;33,65;179,96;866,06;179,94;813,80;854,92;77,87;0,34
