PV MassSpec-23.06.00
EXPORTED SCAN DATA
Run Path and Name: c:\Pfeiffer Vacuum\data\30-001-2026\MCD 256_kwinda_New_1%MeOH - Oxidative coupling_removed, Position 1, RGA PrismaPro A 100 47507368, 30-001-2026 12'09'37.isi
30/01/2026 12:09:37
SensorID:  RGA PrismaPro A 100 47507368
52 Bins
209 TimePoints

Time Relative (sec)	Time Absolute (UTC)	Time Absolute (Date_Time)	Step	Ionizer_State	Pressure_(mBar)	External_Pressure_(mBar)	2_amu_(_)	12_amu_(_)	13_amu_(_)	14_amu_(_)	15_amu_(_)	16_amu_(_)	17_amu_(_)	18_amu_(_)	20_amu_(_)	22_amu_(_)	24_amu_(_)	25_amu_(_)	26_amu_(_)	27_amu_(_)	28_amu_(_)	29_amu_(_)	30_amu_(_)	31_amu_(_)	32_amu_(_)	40_amu_(_)	44_amu_(_)	Periph:_Digital_In_0	Periph:_Digital_In_1	Periph:_Digital_In_13	Periph:_Digital_In_14	Periph:_Digital_In_15	Periph:_Digital_In_16	Periph:_Digital_In_17	Periph:_Digital_Out_2	Periph:_Digital_Out_3	Periph:_Digital_Out_4	Periph:_Digital_Out_5	Periph:_Digital_Out_6	Periph:_Digital_Out_7	Periph:_Digital_Out_8	Periph:_Digital_Out_9	Periph:_Digital_Out_10	Periph:_Digital_Out_11	Sig:_MCD	Sig:_MCD_Ar	Sig:_MCD_CH2CH2	Sig:_MCD_CH3CH3	Sig:_MCD_CH4	Sig:_MCD_CO	Sig:_MCD_CO2	Sig:_MCD_H2	Sig:_MCD_H2O	Sig:_MCD_O2
8,498	1769771385,550	30/01/2026_12:09:45,550	1	2	2,824074727e-06	2,208592377e-06	3,145544589e-12	6,919598575e-12	5,911058535e-12	1,197658552e-11	6,981815126e-11	9,304784027e-11	9,820049504e-13	1,051144238e-13	1,142527045e-11	6,446541976e-13	4,999999912e-15	1,823350736e-14	4,999999912e-15	1,943649065e-14	7,381127827e-12	8,670677159e-14	2,048814304e-14	4,999999912e-15	4,171892053e-14	1,103317021e-10	6,818261233e-11	1	1	1	1	1	1	1	0	0	0	0	0	0	0	0	0	0	5,651952785e-09	39,7034441	0	0,237441504	30,07136493	0	30,58844929	0,2840868154	0,03712167173	0,002800085971
14,234	1769771391,286	30/01/2026_12:09:51,286	1	2	2,8280067e-06	2,22473318e-06	3,135925547e-12	6,933761291e-12	5,905153536e-12	1,199593896e-11	6,988995493e-11	9,316203364e-11	9,845584634e-13	1,013638026e-13	1,142518979e-11	6,404147503e-13	4,999999912e-15	1,237767213e-14	4,999999912e-15	2,149321709e-14	7,371180055e-12	9,61948552e-14	1,556365104e-14	4,999999912e-15	3,48269658e-14	1,108033873e-10	6,811389647e-11	1	1	1	1	1	1	1	0	0	0	0	0	0	0	0	0	0	5,614133908e-09	39,80247733	0	0,2339359871	30,05823897	0	30,50612877	0,2827124833	0,03582039817	8,226261702e-05
19,97	1769771397,022	30/01/2026_12:09:57,022	1	2	2,828058314e-06	2,218773716e-06	3,119858538e-12	6,942267507e-12	5,904746744e-12	1,197441538e-11	6,991081325e-11	9,305960863e-11	9,837138699e-13	9,779900685e-14	1,142735993e-11	6,314228112e-13	6,007174603e-15	8,634347238e-15	4,999999912e-15	2,384631189e-14	7,359524448e-12	9,939392245e-14	1,033792701e-14	4,999999912e-15	3,392036611e-14	1,102136299e-10	6,803695107e-11	1	1	1	1	1	1	1	0	0	0	0	0	0	0	0	0	0	6,372305391e-09	39,70079876	0	0,2440026509	30,12429761	0	30,55265705	0,2821148766	0,03460095221	0
25,706	1769771402,758	30/01/2026_12:10:02,758	1	2	2,834479801e-06	2,209436389e-06	3,112878661e-12	6,941202387e-12	5,896467342e-12	1,200257775e-11	6,984629541e-11	9,308388088e-11	9,822653758e-13	1,048548997e-13	1,142261286e-11	6,318467884e-13	1,221129368e-14	8,881732528e-15	4,999999912e-15	2,48931057e-14	7,361695455e-12	1,079535766e-13	1,315427852e-14	1,566502733e-14	3,036086939e-14	1,103809266e-10	6,820367188e-11	1	1	1	1	1	1	1	0	0	0	0	0	0	0	0	0	0	1,00957289e-08	39,71285402	0	0,2451351679	30,07801234	0	30,59239169	0,2811417949	0,03700601496	0
31,442	1769771408,494	30/01/2026_12:10:08,494	1	2	2,845728659e-06	2,198455149e-06	3,097951149e-12	6,967204157e-12	5,893438949e-12	1,201062947e-11	6,984368639e-11	9,293011499e-11	9,752313974e-13	1,08746657e-13	1,143004788e-11	6,260428374e-13	2,075784003e-14	4,999999912e-15	5,798106542e-15	1,653961934e-14	7,359428171e-12	1,075630741e-13	9,527368992e-15	2,048619656e-14	2,284948286e-14	1,10360561e-10	6,809283692e-11	1	1	1	1	1	1	1	0	0	0	0	0	0	0	0	0	0	1,542376656e-08	39,74302638	0	0,2516098291	30,07751474	0	30,5691549	0,2801505988	0,03789381645	0
37,178	1769771414,230	30/01/2026_12:10:14,230	1	2	2,829237701e-06	2,213675998e-06	3,101947301e-12	6,947460836e-12	5,902752245e-12	1,201730642e-11	6,996370844e-11	9,30591923e-11	9,80154651e-13	1,145122679e-13	1,14317323e-11	6,272312856e-13	2,810478867e-14	4,999999912e-15	1,669969671e-14	1,703342599e-14	7,390640183e-12	1,051735874e-13	1,137162569e-14	2,581523489e-14	2,028537013e-14	1,103275873e-10	6,823748511e-11	1	1	1	1	1	1	1	0	0	0	0	0	0	0	0	0	0	1,9807307e-08	39,69189005	0	0,2574101917	30,0916145	0	30,60184652	0,2802079419	0,04025235696	0
42,914	1769771419,966	30/01/2026_12:10:19,966	1	2	2,830321819e-06	2,174988595e-06	3,09921663e-12	6,930164342e-12	5,90321932e-12	1,202188002e-11	6,97323449e-11	9,293452119e-11	9,668103991e-13	1,27035955e-13	1,141770966e-11	6,336605502e-13	2,492949254e-14	4,999999912e-15	2,20578374e-14	8,949157198e-15	7,394707242e-12	1,019129307e-13	1,508051361e-14	2,601217683e-14	1,628350199e-14	1,105543782e-10	6,825284088e-11	1	1	1	1	1	1	1	0	0	0	0	0	0	0	0	0	0	1,760515898e-08	39,75872275	0	0,2405842138	30,01477427	0	30,60123607	0,2797220276	0,04374673044	0
48,65	1769771425,702	30/01/2026_12:10:25,702	1	2	2,832003929e-06	2,196773494e-06	3,097492098e-12	6,920624664e-12	5,915595704e-12	1,201608864e-11	6,980881151e-11	9,310455878e-11	9,63715544e-13	1,341995498e-13	1,140394897e-11	6,409250301e-13	2,262053155e-14	4,999999912e-15	3,31059236e-14	4,999999912e-15	7,415908165e-12	9,451260033e-14	2,363336272e-14	2,192978295e-14	1,824321096e-14	1,099071598e-10	6,824078802e-11	1	1	1	1	1	1	1	0	0	0	0	0	0	0	0	0	0	1,603575127e-08	39,59449839	0	0,2331160639	30,11438569	0	30,64902985	0,2799494055	0,04598231745	0
54,386	1769771431,438	30/01/2026_12:10:31,438	1	2	2,830512585e-06	2,218773716e-06	3,090718436e-12	6,908249146e-12	5,923094914e-12	1,199878738e-11	6,978561479e-11	9,292021319e-11	9,55614819e-13	1,391570236e-13	1,140287084e-11	6,472600776e-13	1,467693459e-14	4,999999912e-15	2,537576371e-14	4,999999912e-15	7,404836293e-12	8,062392984e-14	3,174382686e-14	1,747485044e-14	2,399814593e-14	1,101374547e-10	6,823619447e-11	1	1	1	1	1	1	1	0	0	0	0	0	0	0	0	0	0	1,159836061e-08	39,66762849	0	0,2509166426	30,06464985	0	30,63610861	0,279455439	0,0471559747	0
60,122	1769771437,174	30/01/2026_12:10:37,174	1	2	2,832867494e-06	2,221323484e-06	3,068118025e-12	6,913513165e-12	5,912402078e-12	1,198625227e-11	6,998265856e-11	9,286457714e-11	9,585757752e-13	1,340676159e-13	1,140697432e-11	6,54708926e-13	4,999999912e-15	4,999999912e-15	2,164067536e-14	4,999999912e-15	7,400517699e-12	7,830914465e-14	3,324756445e-14	5,881540982e-15	2,438426251e-14	1,101578481e-10	6,834418448e-11	1	1	1	1	1	1	1	0	0	0	0	0	0	0	0	0	0	6,428354382e-09	39,66011796	0	0,2878510773	30,07266141	0	30,66604581	0,2776551106	0,04551090464	0
65,858	1769771442,910	30/01/2026_12:10:42,910	1	2	2,829649702e-06	2,234132808e-06	3,047625737e-12	6,898728117e-12	5,932042618e-12	1,19928685e-11	6,989843426e-11	9,303846582e-11	9,623713501e-13	1,335791422e-13	1,139863204e-11	6,50931674e-13	4,999999912e-15	5,796653034e-15	6,99575692e-15	4,999999912e-15	7,412646885e-12	7,270215246e-14	3,65659651e-14	4,999999912e-15	3,291820077e-14	1,100769337e-10	6,821741089e-11	1	1	1	1	1	1	1	0	0	0	0	0	0	0	0	0	0	6,07929336e-09	39,64000887	0	0,2561217673	30,1046445	0	30,62244859	0,2756979789	0,04561421856	0
71,594	1769771448,646	30/01/2026_12:10:48,646	1	2	2,842324875e-06	2,228148333e-06	3,029429789e-12	6,898885109e-12	5,927764356e-12	1,197381951e-11	6,988848389e-11	9,288959185e-11	9,532618835e-13	1,259576211e-13	1,137739035e-11	6,454035982e-13	4,999999912e-15	1,192218694e-14	4,999999912e-15	4,999999912e-15	7,389830935e-12	6,906409174e-14	2,95750566e-14	4,999999912e-15	3,429387037e-14	1,099602839e-10	6,816618103e-11	1	1	1	1	1	1	1	0	0	0	0	0	0	0	0	0	0	6,159467966e-09	39,6439376	0	0,2615263599	30,1080816	0	30,63235539	0,2744219513	0,04217753441	0
77,33	1769771454,382	30/01/2026_12:10:54,382	1	2	2,828967126e-06	2,194246917e-06	3,010768284e-12	6,879624474e-12	5,915783922e-12	1,196812441e-11	6,971352662e-11	9,291632047e-11	9,612010623e-13	1,135139888e-13	1,138350525e-11	6,433697433e-13	4,999999912e-15	8,442739915e-15	4,999999912e-15	4,999999912e-15	7,372239971e-12	6,950988179e-14	2,811740437e-14	4,999999912e-15	3,123352678e-14	1,102549649e-10	6,813504622e-11	1	1	1	1	1	1	1	0	0	0	0	0	0	0	0	0	0	5,74115024e-09	39,72014247	0	0,2347470005	30,06155969	0	30,60094448	0,2723286756	0,03844289927	0
83,066	1769771460,118	30/01/2026_12:11:00,118	1	2	2,833215376e-06	2,241853508e-06	2,984385091e-12	6,903067527e-12	5,912000056e-12	1,198214618e-11	6,979636313e-11	9,302262433e-11	9,647256952e-13	1,025134364e-13	1,139599352e-11	6,303377416e-13	4,999999912e-15	5,488631197e-15	4,999999912e-15	4,999999912e-15	7,372468087e-12	7,594295472e-14	1,550059113e-14	4,999999912e-15	2,9051658e-14	1,104700498e-10	6,804301567e-11	1	1	1	1	1	1	1	0	0	0	0	0	0	0	0	0	0	5,572189407e-09	39,76615734	0	0,2226721116	30,07794713	0	30,5369355	0,269657499	0,03464037291	0
88,802	1769771465,854	30/01/2026_12:11:05,854	1	2	2,823598152e-06	2,200983772e-06	2,966070532e-12	6,89299182e-12	5,907659344e-12	1,194894617e-11	6,984509499e-11	9,277840995e-11	9,688239794e-13	9,337315806e-14	1,138898004e-11	6,272142636e-13	4,999999912e-15	4,999999912e-15	4,999999912e-15	1,250331083e-14	7,366613396e-12	8,106582354e-14	9,887778123e-15	4,999999912e-15	3,12117106e-14	1,103056535e-10	6,812435338e-11	1	1	1	1	1	1	1	0	0	0	0	0	0	0	0	0	0	6,07953973e-09	39,74897375	0	0,2601762235	30,06372676	0	30,5979572	0,2685492297	0,03188136014	0
94,538	1769771471,590	30/01/2026_12:11:11,590	1	2	2,832658765e-06	2,204362318e-06	2,952085408e-12	6,91793671e-12	5,887316676e-12	1,194702323e-11	6,980117179e-11	9,291380165e-11	9,766385834e-13	9,165891245e-14	1,139347037e-11	6,227216008e-13	4,999999912e-15	4,999999912e-15	4,999999912e-15	1,277204389e-14	7,349461317e-12	8,453216697e-14	1,041263362e-14	4,999999912e-15	2,672280528e-14	1,100995198e-10	6,789312168e-11	1	1	1	1	1	1	1	0	0	0	0	0	0	0	0	0	0	5,717047434e-09	39,72632907	0	0,2333391681	30,12925461	0	30,5395635	0,2674482041	0,03193157379	0
100,274	1769771477,326	30/01/2026_12:11:17,326	1	2	2,827685648e-06	2,175819873e-06	2,943547099e-12	6,925460639e-12	5,888951219e-12	1,194295617e-11	6,979063161e-11	9,286140606e-11	9,703218047e-13	9,010764276e-14	1,13931295e-11	6,179494308e-13	4,999999912e-15	4,999999912e-15	4,999999912e-15	1,259643872e-14	7,364814487e-12	9,550556011e-14	4,999999912e-15	4,999999912e-15	2,283347563e-14	1,101352967e-10	6,801823688e-11	1	1	1	1	1	1	1	0	0	0	0	0	0	0	0	0	0	5,864679852e-09	39,72214384	0	0,2427211266	30,09999753	0	30,58147129	0,2666398038	0,03083126864	0
106,01	1769771483,062	30/01/2026_12:11:23,062	1	2	2,834263796e-06	2,177490387e-06	2,944169865e-12	6,935495147e-12	5,876006279e-12	1,194890888e-11	6,97009464e-11	9,303936788e-11	9,746424588e-13	9,355312206e-14	1,139621297e-11	6,195884734e-13	4,999999912e-15	4,999999912e-15	4,999999912e-15	1,102237198e-14	7,355911019e-12	1,002588176e-13	6,210421852e-15	1,42122303e-14	1,713432117e-14	1,098806462e-10	6,799025926e-11	1	1	1	1	1	1	1	0	0	0	0	0	0	0	0	0	0	5,441280532e-09	39,65535764	0	0,2126191686	30,14065401	0	30,59460256	0,2666427204	0,03242369602	0
111,746	1769771488,798	30/01/2026_12:11:28,798	1	2	2,829937102e-06	2,22473318e-06	2,938056916e-12	6,93527874e-12	5,89183086e-12	1,199423113e-11	6,976981493e-11	9,277412866e-11	9,718567097e-13	1,038624482e-13	1,140242501e-11	6,198819669e-13	2,259093452e-14	4,999999912e-15	6,463145991e-15	1,651391358e-14	7,370124476e-12	1,044173564e-13	5,822844987e-15	1,596286444e-14	2,052257832e-14	1,101394531e-10	6,814612069e-11	1	1	1	1	1	1	1	0	0	0	0	0	0	0	0	0	0	1,658622266e-08	39,7136244	0	0,2586423296	30,06822791	0	30,62907189	0,2661338314	0,03601029302	0
117,482	1769771494,534	30/01/2026_12:11:34,534	1	2	2,83239774e-06	2,228999847e-06	2,936511277e-12	6,933281206e-12	5,891522079e-12	1,198557833e-11	6,976015599e-11	9,27832533e-11	9,70205795e-13	1,135683141e-13	1,138407337e-11	6,224727764e-13	2,536993612e-14	4,999999912e-15	1,642902225e-14	9,979459276e-15	7,374919252e-12	1,062145638e-13	1,007647504e-14	2,51759012e-14	2,037171667e-14	1,099252148e-10	6,807427538e-11	1	1	1	1	1	1	1	0	0	0	0	0	0	0	0	0	0	1,82178715e-08	39,67454414	0	0,2571574266	30,09899086	0	30,62698707	0,2662274597	0,03940344799	0
123,218	1769771500,270	30/01/2026_12:11:40,270	1	2	2,827459866e-06	2,189205588e-06	2,943833111e-12	6,929810458e-12	5,901700569e-12	1,197840958e-11	6,978559397e-11	9,254604028e-11	9,647198405e-13	1,250306553e-13	1,139858173e-11	6,320451974e-13	2,626538716e-14	4,999999912e-15	2,745673223e-14	6,125047708e-15	7,381668193e-12	1,017858351e-13	1,29393888e-14	2,840359648e-14	1,33390901e-14	1,102075445e-10	6,831953753e-11	1	1	1	1	1	1	1	0	0	0	0	0	0	0	0	0	0	1,915968851e-08	39,72669391	0	0,2905520162	30,009934	0	30,69178127	0,2667610429	0,04315634055	0
128,954	1769771506,006	30/01/2026_12:11:46,006	1	2	2,828061042e-06	2,223026513e-06	2,947025436e-12	6,925055581e-12	5,914046163e-12	1,200882102e-11	6,962121851e-11	9,28007185e-11	9,620614852e-13	1,315752655e-13	1,139378435e-11	6,367077547e-13	2,549314553e-14	4,999999912e-15	3,33319662e-14	4,999999912e-15	7,390945495e-12	9,497538525e-14	2,556299526e-14	2,648270024e-14	1,521730435e-14	1,099939653e-10	6,792533896e-11	1	1	1	1	1	1	1	0	0	0	0	0	0	0	0	0	0	1,776046747e-08	39,70794632	0	0,2347338636	30,0899475	0	30,5711973	0,2669623332	0,04523871118	0
134,69	1769771511,742	30/01/2026_12:11:51,742	1	2	2,831488018e-06	2,24959831e-06	2,942881399e-12	6,905500911e-12	5,916005099e-12	1,198322257e-11	6,981119849e-11	9,283095126e-11	9,552519366e-13	1,4259717e-13	1,13744951e-11	6,497592178e-13	1,546275247e-14	4,999999912e-15	3,355801219e-14	4,999999912e-15	7,406355043e-12	8,863542495e-14	3,393055083e-14	2,368575171e-14	2,121381141e-14	1,100675523e-10	6,785129403e-11	1	1	1	1	1	1	1	0	0	0	0	0	0	0	0	0	0	1,219331031e-08	39,72083632	0	0,2616797919	30,12081751	0	30,52335139	0,2667475907	0,04847401971	0
140,426	1769771517,478	30/01/2026_12:11:57,478	1	2	2,836140084e-06	2,232421366e-06	2,933878401e-12	6,892676967e-12	5,912582056e-12	1,197907398e-11	6,972597499e-11	9,277188046e-11	9,580334573e-13	1,426311462e-13	1,136347873e-11	6,493799639e-13	6,534453459e-15	5,234451009e-15	2,320165544e-14	4,999999912e-15	7,391632445e-12	7,713816565e-14	3,793241898e-14	9,995953548e-15	2,308134966e-14	1,101244998e-10	6,802370472e-11	1	1	1	1	1	1	1	0	0	0	0	0	0	0	0	0	0	6,872960185e-09	39,72091862	0	0,2599580868	30,07341286	0	30,58531272	0,2658351556	0,04881164791	0
146,162	1769771523,214	30/01/2026_12:12:03,214	1	2	2,828628794e-06	2,196773494e-06	2,917948001e-12	6,908859335e-12	5,926476324e-12	1,198000293e-11	6,974610472e-11	9,264807671e-11	9,567591944e-13	1,337178794e-13	1,136697507e-11	6,504688823e-13	4,999999912e-15	7,254786371e-15	1,153509627e-14	4,999999912e-15	7,383428938e-12	6,607310998e-14	4,027873412e-14	4,999999912e-15	2,712737024e-14	1,10212714e-10	6,784927481e-11	1	1	1	1	1	1	1	0	0	0	0	0	0	0	0	0	0	6,158661239e-09	39,77972166	0	0,2664535956	30,07693488	0	30,52565691	0,2646877839	0,04555223502	0
151,898	1769771528,950	30/01/2026_12:12:08,950	1	2	2,829304094e-06	2,218773716e-06	2,902029528e-12	6,918091534e-12	5,931733837e-12	1,196857804e-11	6,98097205e-11	9,287437486e-11	9,533674848e-13	1,29746081e-13	1,137696534e-11	6,499876592e-13	4,999999912e-15	1,272255853e-14	4,999999912e-15	4,999999912e-15	7,394604026e-12	7,118388317e-14	3,947932476e-14	4,999999912e-15	3,446169809e-14	1,099596733e-10	6,788346968e-11	1	1	1	1	1	1	1	0	0	0	0	0	0	0	0	0	0	6,06155993e-09	39,6906154	0	0,2529450379	30,13452104	0	30,54540095	0,263209865	0,04363647447	0
157,634	1769771534,686	30/01/2026_12:12:14,686	1	2	2,831022584e-06	2,207743819e-06	2,878465695e-12	6,896086133e-12	5,91913801e-12	1,19389108e-11	6,980803435e-11	9,268685125e-11	9,55747417e-13	1,119311688e-13	1,137713968e-11	6,44528647e-13	4,999999912e-15	1,413025445e-14	4,999999912e-15	4,999999912e-15	7,369326503e-12	6,550944683e-14	2,607086774e-14	4,999999912e-15	3,233029214e-14	1,097047522e-10	6,787853613e-11	1	1	1	1	1	1	1	0	0	0	0	0	0	0	0	0	0	6,152750131e-09	39,66557547	0	0,2608750229	30,14480641	0	30,58924841	0,2615673256	0,03758360525	0
163,37	1769771540,422	30/01/2026_12:12:20,422	1	2	2,83153804e-06	2,247877319e-06	2,861350046e-12	6,886312701e-12	5,907239541e-12	1,194221111e-11	6,968604166e-11	9,263122214e-11	9,652363544e-13	1,052846707e-13	1,136773661e-11	6,311201019e-13	4,999999912e-15	1,151181642e-14	4,999999912e-15	6,517476378e-15	7,382640506e-12	6,941819895e-14	2,538885883e-14	4,999999912e-15	3,35847005e-14	1,099239519e-10	6,76588785e-11	1	1	1	1	1	1	1	0	0	0	0	0	0	0	0	0	0	5,944743471e-09	39,7526541	0	0,2485371731	30,12451001	0	30,49994373	0,2599738933	0,03612658258	0
169,106	1769771546,158	30/01/2026_12:12:26,158	1	2	2,832824748e-06	2,190886335e-06	2,846559143e-12	6,898581532e-12	5,903221922e-12	1,192669401e-11	6,97622099e-11	9,25924476e-11	9,700098797e-13	9,812737781e-14	1,13455946e-11	6,341358645e-13	4,999999912e-15	8,954979702e-15	4,999999912e-15	8,908409831e-15	7,359848841e-12	8,002826239e-14	1,622723867e-14	4,999999912e-15	3,586309038e-14	1,098531197e-10	6,780516426e-11	1	1	1	1	1	1	1	0	0	0	0	0	0	0	0	0	0	6,214965361e-09	39,72312566	0	0,26568443	30,122611	0	30,56003592	0,2587531133	0,03395999785	0
174,842	1769771551,894	30/01/2026_12:12:31,894	1	2	2,828322977e-06	2,208592377e-06	2,831555953e-12	6,914828085e-12	5,881441601e-12	1,194146084e-11	6,968080279e-11	9,247718563e-11	9,720885121e-13	9,459457279e-14	1,136603832e-11	6,22081271e-13	4,999999912e-15	8,443226112e-15	4,999999912e-15	9,490992316e-15	7,352883927e-12	8,692649871e-14	1,048054025e-14	4,999999912e-15	2,865341021e-14	1,097322788e-10	6,783974771e-11	1	1	1	1	1	1	1	0	0	0	0	0	0	0	0	0	0	6,207337987e-09	39,71156271	0	0,2668633547	30,10721833	0	30,59947008	0,2575952413	0,03300996389	0
180,578	1769771557,630	30/01/2026_12:12:37,630	1	2	2,831490065e-06	2,194246917e-06	2,827199412e-12	6,935604435e-12	5,876187991e-12	1,193269095e-11	6,975515304e-11	9,286429264e-11	9,756328774e-13	9,418082091e-14	1,135321524e-11	6,176627677e-13	4,999999912e-15	4,999999912e-15	4,999999912e-15	1,509216031e-14	7,344296178e-12	9,408572283e-14	4,999999912e-15	4,999999912e-15	2,537575693e-14	1,095061056e-10	6,792706675e-11	1	1	1	1	1	1	1	0	0	0	0	0	0	0	0	0	0	5,72069544e-09	39,60483719	0	0,2340564727	30,17944357	0	30,62656013	0,2567898462	0,03288870404	0
186,314	1769771563,366	30/01/2026_12:12:43,366	1	2	2,834456382e-06	2,212825393e-06	2,818909169e-12	6,934247447e-12	5,876621672e-12	1,195676978e-11	6,979936767e-11	9,260781725e-11	9,767685792e-13	9,445293533e-14	1,137423402e-11	6,204087266e-13	1,187949648e-14	4,999999912e-15	4,999999912e-15	1,57135369e-14	7,355054933e-12	1,010131174e-13	7,672920798e-15	4,999999912e-15	2,115802413e-14	1,098830749e-10	6,806299968e-11	1	1	1	1	1	1	1	0	0	0	0	0	0	0	0	0	0	1,053122427e-08	39,69605558	0	0,2800306604	30,0966362	0	30,64552602	0,2560908763	0,03320047735	0
192,05	1769771569,102	30/01/2026_12:12:49,102	1	2	2,835580972e-06	2,193404043e-06	2,822947822e-12	6,936710754e-12	5,882896167e-12	1,193552895e-11	6,969547856e-11	9,25593005e-11	9,7222729e-13	1,010121416e-13	1,139416859e-11	6,201439102e-13	1,46143558e-14	4,999999912e-15	4,999999912e-15	1,648480445e-14	7,337975713e-12	1,082184269e-13	4,999999912e-15	1,42068923e-14	2,088152886e-14	1,093866803e-10	6,803217018e-11	1	1	1	1	1	1	1	0	0	0	0	0	0	0	0	0	0	1,205779246e-08	39,60427723	0	0,2726224633	30,13341707	0	30,69979021	0,2569453268	0,03532383499	0
197,786	1769771574,838	30/01/2026_12:12:54,838	1	2	2,831837037e-06	2,245289807e-06	2,819593951e-12	6,928787839e-12	5,887333589e-12	1,19826666e-11	6,958937593e-11	9,263491363e-11	9,702705219e-13	1,138171588e-13	1,13701765e-11	6,219124608e-13	2,768908692e-14	4,999999912e-15	1,612876092e-14	1,006337737e-14	7,360029253e-12	1,082931149e-13	5,907247585e-15	2,220967144e-14	2,135981957e-14	1,100312827e-10	6,787610751e-11	1	1	1	1	1	1	1	0	0	0	0	0	0	0	0	0	0	1,937251161e-08	39,75319691	0	0,2434152645	30,0748187	0	30,57173656	0,2558279452	0,03970611385	0
203,522	1769771580,574	30/01/2026_12:13:00,574	1	2	2,842336244e-06	2,22473318e-06	2,820344002e-12	6,924213806e-12	5,885959255e-12	1,198574139e-11	6,967822846e-11	9,275123725e-11	9,657623009e-13	1,121494458e-13	1,13808624e-11	6,229573064e-13	2,915497569e-14	4,999999912e-15	2,659766464e-14	9,573448432e-15	7,369043743e-12	1,023198927e-13	7,120908579e-15	3,186364136e-14	1,68146611e-14	1,099528454e-10	6,792791329e-11	1	1	1	1	1	1	1	0	0	0	0	0	0	0	0	0	0	2,009112071e-08	39,71257305	0	0,2395189059	30,10368462	0	30,58489516	0,255728324	0,03856280469	0
209,258	1769771586,310	30/01/2026_12:13:06,310	1	2	2,822107717e-06	2,212825393e-06	2,819376243e-12	6,910993479e-12	5,905040779e-12	1,198514378e-11	6,961497351e-11	9,249485206e-11	9,652236692e-13	1,31070339e-13	1,135621892e-11	6,377841506e-13	2,906475313e-14	4,999999912e-15	2,831192041e-14	4,999999912e-15	7,384959831e-12	9,751861184e-14	1,98133949e-14	2,915788609e-14	2,256086824e-14	1,097958044e-10	6,774763389e-11	1	1	1	1	1	1	1	0	0	0	0	0	0	0	0	0	0	2,040810978e-08	39,72935195	0	0,2638060061	30,09987385	0	30,55679686	0,2563058679	0,04563323408	0
214,994	1769771592,046	30/01/2026_12:13:12,046	1	2	2,822292345e-06	2,214524557e-06	2,823695487e-12	6,893548232e-12	5,901807688e-12	1,196743052e-11	6,966330984e-11	9,265890832e-11	9,528097712e-13	1,408591397e-13	1,135931106e-11	6,455182526e-13	1,770816566e-14	4,999999912e-15	2,884550373e-14	4,999999912e-15	7,387689419e-12	8,879697108e-14	3,07237112e-14	2,112309757e-14	1,879473275e-14	1,096350094e-10	6,781979839e-11	1	1	1	1	1	1	1	0	0	0	0	0	0	0	0	0	0	1,354373587e-08	39,66451398	0	0,2597961319	30,13440006	0	30,58537577	0,2566407022	0,04792567581	0
220,73	1769771597,782	30/01/2026_12:13:17,782	1	2	2,831487791e-06	2,22473318e-06	2,813442838e-12	6,893417694e-12	5,91813187e-12	1,196213614e-11	6,959668952e-11	9,261754558e-11	9,535334761e-13	1,377274895e-13	1,134448351e-11	6,50149639e-13	8,811881956e-15	4,999999912e-15	2,757848305e-14	4,999999912e-15	7,403853572e-12	8,049053232e-14	3,906119541e-14	7,985313325e-15	2,495908109e-14	1,094867877e-10	6,773197975e-11	1	1	1	1	1	1	1	0	0	0	0	0	0	0	0	0	0	8,107997658e-09	39,64808848	0	0,2549202712	30,14458427	0	30,57574167	0,2559179462	0,04695310901	0
226,466	1769771603,518	30/01/2026_12:13:23,518	1	2	2,83584086e-06	2,195931756e-06	2,800902088e-12	6,879408935e-12	5,902013253e-12	1,195493097e-11	6,963964128e-11	9,245498811e-11	9,528862074e-13	1,360404167e-13	1,134753836e-11	6,529504585e-13	4,999999912e-15	7,291652633e-15	7,811656324e-15	4,999999912e-15	7,38747518e-12	7,43019402e-14	3,632246007e-14	4,999999912e-15	2,976423632e-14	1,095987606e-10	6,786449874e-11	1	1	1	1	1	1	1	0	0	0	0	0	0	0	0	0	0	6,4263268e-09	39,67464385	0	0,2815426788	30,10340498	0	30,61892095	0,2550100517	0,04635711987	0
232,202	1769771609,254	30/01/2026_12:13:29,254	1	2	2,822833267e-06	2,209436389e-06	2,786900702e-12	6,884204578e-12	5,916744091e-12	1,19214803e-11	6,946373338e-11	9,221361175e-11	9,564603883e-13	1,259721765e-13	1,133684292e-11	6,522559185e-13	4,999999912e-15	1,015554387e-14	4,999999912e-15	4,999999912e-15	7,392121637e-12	7,037865299e-14	3,791350643e-14	4,999999912e-15	3,738961994e-14	1,09860579e-10	6,78902351e-11	1	1	1	1	1	1	1	0	0	0	0	0	0	0	0	0	0	6,445018989e-09	39,75994563	0	0,2824808926	30,01404927	0	30,62361986	0,2537012004	0,04326648328	0
237,938	1769771614,990	30/01/2026_12:13:34,990	1	2	2,832039627e-06	2,207743819e-06	2,768653579e-12	6,895256501e-12	5,90132717e-12	1,191103726e-11	6,959956916e-11	9,234937814e-11	9,592307417e-13	1,145433032e-13	1,133313669e-11	6,438965572e-13	4,999999912e-15	1,759417705e-14	4,999999912e-15	6,650870515e-15	7,358899948e-12	7,290055468e-14	3,086584672e-14	4,999999912e-15	3,575152598e-14	1,096389854e-10	6,791169016e-11	1	1	1	1	1	1	1	0	0	0	0	0	0	0	0	0	0	6,434638043e-09	39,69661564	0	0,2808401101	30,07784216	0	30,64554216	0,2521492794	0,03923137554	0
243,674	1769771620,726	30/01/2026_12:13:40,726	1	2	2,827688832e-06	2,22985409e-06	2,763968091e-12	6,894082961e-12	5,885279243e-12	1,192658645e-11	6,955833132e-11	9,242654558e-11	9,624537495e-13	1,061093149e-13	1,134258572e-11	6,311357144e-13	4,999999912e-15	1,274390038e-14	4,999999912e-15	1,173883141e-14	7,358014371e-12	7,751895778e-14	2,596512245e-14	4,999999912e-15	3,758365147e-14	1,09785861e-10	6,779035666e-11	1	1	1	1	1	1	1	0	0	0	0	0	0	0	0	0	0	6,12627178e-09	39,73863567	0	0,2637612657	30,08207534	0	30,58578612	0,2514989134	0,03641436097	0
249,41	1769771626,462	30/01/2026_12:13:46,462	1	2	2,829896857e-06	2,18752848e-06	2,741798108e-12	6,894422533e-12	5,881296318e-12	1,192388722e-11	6,955389042e-11	9,24228194e-11	9,67057814e-13	9,749968573e-14	1,136348914e-11	6,259758337e-13	4,999999912e-15	8,864752058e-15	4,999999912e-15	1,571401971e-14	7,346951172e-12	8,264668518e-14	1,26444604e-14	4,999999912e-15	3,339017769e-14	1,091345625e-10	6,777641642e-11	1	1	1	1	1	1	1	0	0	0	0	0	0	0	0	0	0	5,952697375e-09	39,60443291	0	0,2563262192	30,15617487	0	30,65589483	0,2500281047	0,03379482246	0
255,146	1769771632,198	30/01/2026_12:13:52,198	1	2	2,824803687e-06	2,192566171e-06	2,735637671e-12	6,915830755e-12	5,869478514e-12	1,190886625e-11	6,956522858e-11	9,249247895e-11	9,744605296e-13	9,055390715e-14	1,133462768e-11	6,197790762e-13	4,999999912e-15	7,210164676e-15	4,999999912e-15	1,326390576e-14	7,34434475e-12	8,617270038e-14	8,948672695e-15	4,999999912e-15	2,629885852e-14	1,095360191e-10	6,782953366e-11	1	1	1	1	1	1	1	0	0	0	0	0	0	0	0	0	0	5,89584638e-09	39,67746852	0	0,2473132296	30,11770819	0	30,6275131	0,2489997646	0,0318425624	0
260,882	1769771637,934	30/01/2026_12:13:57,934	1	2	2,834570068e-06	2,227292043e-06	2,727071607e-12	6,938014399e-12	5,866866454e-12	1,192682758e-11	6,957973087e-11	9,242765581e-11	9,73275063e-13	9,553272615e-14	1,135804038e-11	6,161139307e-13	4,999999912e-15	4,999999912e-15	4,999999912e-15	1,440480663e-14	7,342721917e-12	9,447331155e-14	4,999999912e-15	4,999999912e-15	2,345048831e-14	1,097593197e-10	6,775346256e-11	1	1	1	1	1	1	1	0	0	0	0	0	0	0	0	0	0	6,001682195e-09	39,74387915	0	0,2548099513	30,09853221	0	30,58117593	0,2481881908	0,03355600027	0
266,618	1769771643,670	30/01/2026_12:14:03,670	1	2	2,831811798e-06	2,171655296e-06	2,729087572e-12	6,932688798e-12	5,864227073e-12	1,194221284e-11	6,948993464e-11	9,226451547e-11	9,738842762e-13	9,977810949e-14	1,136658562e-11	6,123303362e-13	1,51925659e-14	4,999999912e-15	4,999999912e-15	1,722600402e-14	7,346677086e-12	1,115402123e-13	4,999999912e-15	1,331435843e-14	1,735405846e-14	1,097235289e-10	6,77043005e-11	1	1	1	1	1	1	1	0	0	0	0	0	0	0	0	0	0	1,235931222e-08	39,76580029	0	0,2723973947	30,07638643	0	30,58432974	0,2486938057	0,03532869987	0
272,354	1769771649,406	30/01/2026_12:14:09,406	1	2	2,841395826e-06	2,196773494e-06	2,730148139e-12	6,921499398e-12	5,869881838e-12	1,196003366e-11	6,947742381e-11	9,235773951e-11	9,646571736e-13	1,102275958e-13	1,136596026e-11	6,206998348e-13	2,018011443e-14	4,999999912e-15	1,399442933e-14	1,55893551e-14	7,348803857e-12	1,040593799e-13	4,999999912e-15	2,418101357e-14	1,759562717e-14	1,093958396e-10	6,774267952e-11	1	1	1	1	1	1	1	0	0	0	0	0	0	0	0	0	0	1,497469108e-08	39,67673608	0	0,2553515226	30,1149584	0	30,62555546	0,2487687909	0,0382621005	0
278,09	1769771655,142	30/01/2026_12:14:15,142	1	2	2,830578978e-06	2,217071597e-06	2,731471082e-12	6,913193108e-12	5,883771768e-12	1,193879197e-11	6,959988141e-11	9,240146842e-11	9,629051029e-13	1,207615144e-13	1,134980391e-11	6,246947946e-13	2,552176339e-14	4,999999912e-15	2,743102308e-14	1,590950814e-14	7,374717156e-12	1,005881779e-13	9,995467351e-15	3,308118008e-14	2,019758194e-14	1,094832766e-10	6,791082974e-11	1	1	1	1	1	1	1	0	0	0	0	0	0	0	0	0	0	1,831941519e-08	39,65691823	0	0,2717370749	30,10175411	0	30,6588968	0,2486340403	0,04180584824	0
283,826	1769771660,878	30/01/2026_12:14:20,878	1	2	2,829964387e-06	2,196773494e-06	2,739697358e-12	6,911185166e-12	5,894968541e-12	1,196227492e-11	6,952802223e-11	9,229850217e-11	9,619382114e-13	1,29771763e-13	1,135102949e-11	6,300223472e-13	2,663889142e-14	4,999999912e-15	3,158278896e-14	4,999999912e-15	7,377609808e-12	9,859693899e-14	1,873022611e-14	2,609560788e-14	1,738365379e-14	1,0943009e-10	6,78253842e-11	1	1	1	1	1	1	1	0	0	0	0	0	0	0	0	0	0	1,90839062e-08	39,6702931	0	0,2756174649	30,09542658	0	30,64524942	0,2496286244	0,04512118143	0
289,562	1769771666,614	30/01/2026_12:14:26,614	1	2	2,823016075e-06	2,192566171e-06	2,742030995e-12	6,885582382e-12	5,902648596e-12	1,195637166e-11	6,960570315e-11	9,231537756e-11	9,565705433e-13	1,387796399e-13	1,135144409e-11	6,355396352e-13	1,997298438e-14	4,999999912e-15	3,085808789e-14	4,999999912e-15	7,386591339e-12	8,850057053e-14	3,204554677e-14	1,893298208e-14	1,83780603e-14	1,093193105e-10	6,783573009e-11	1	1	1	1	1	1	1	0	0	0	0	0	0	0	0	0	0	1,535687207e-08	39,63906691	0	0,2931347794	30,11844773	0	30,65390115	0,2500431229	0,04786757429	0
295,298	1769771672,350	30/01/2026_12:14:32,350	1	2	2,820094551e-06	2,211980018e-06	2,734159036e-12	6,913270303e-12	5,906274168e-12	1,194273933e-11	6,957492915e-11	9,224145753e-11	9,538909376e-13	1,36736488e-13	1,132976438e-11	6,489588055e-13	9,408038991e-15	4,999999912e-15	2,458508725e-14	4,999999912e-15	7,372915646e-12	8,487415144e-14	3,451166965e-14	1,232237274e-14	2,441821498e-14	1,095420699e-10	6,777527845e-11	1	1	1	1	1	1	1	0	0	0	0	0	0	0	0	0	0	9,086484524e-09	39,70587174	0	0,2931776021	30,08944311	0	30,61744594	0,2493032935	0,04692318152	0
301,034	1769771678,086	30/01/2026_12:14:38,086	1	2	2,822038823e-06	2,195931756e-06	2,724415962e-12	6,881783338e-12	5,907959885e-12	1,191136339e-11	6,945308217e-11	9,23184168e-11	9,553224097e-13	1,341282229e-13	1,133264749e-11	6,476194906e-13	4,999999912e-15	9,888748823e-15	1,638100225e-14	4,999999912e-15	7,374894098e-12	7,515664387e-14	3,573745846e-14	4,999999912e-15	3,111566045e-14	1,093580781e-10	6,747092468e-11	1	1	1	1	1	1	1	0	0	0	0	0	0	0	0	0	0	5,991608608e-09	39,70308654	0	0,2587945797	30,13956705	0	30,53426168	0,2485937216	0,04617242919	0
306,77	1769771683,822	30/01/2026_12:14:43,822	1	2	2,823231625e-06	2,217071597e-06	2,709167526e-12	6,885392864e-12	5,9051917e-12	1,192007777e-11	6,933544017e-11	9,234870507e-11	9,555164819e-13	1,310334491e-13	1,130244509e-11	6,502060175e-13	4,999999912e-15	1,038158986e-14	7,137397769e-15	4,999999912e-15	7,380782617e-12	7,237424906e-14	3,64514869e-14	4,999999912e-15	3,643596248e-14	1,095517149e-10	6,783362066e-11	1	1	1	1	1	1	1	0	0	0	0	0	0	0	0	0	0	5,890134035e-09	39,69253151	0	0,2476584079	30,05490094	0	30,63948137	0,2466671245	0,04504708674	0
312,506	1769771689,558	30/01/2026_12:14:49,558	1	2	2,822067017e-06	2,223026513e-06	2,696059521e-12	6,863227001e-12	5,897019418e-12	1,192552394e-11	6,942645764e-11	9,229766257e-11	9,639998218e-13	1,183172077e-13	1,131656921e-11	6,411064171e-13	4,999999912e-15	1,813746398e-14	4,999999912e-15	4,999999912e-15	7,351866511e-12	6,537218005e-14	2,793986457e-14	4,999999912e-15	3,327569611e-14	1,093831345e-10	6,767478938e-11	1	1	1	1	1	1	1	0	0	0	0	0	0	0	0	0	0	5,942346614e-09	39,68880407	0	0,2526404048	30,10792279	0	30,6074532	0,2458560477	0,04122708678	0
318,242	1769771695,294	30/01/2026_12:14:55,294	1	2	2,828198603e-06	2,202673613e-06	2,676304274e-12	6,879361664e-12	5,892560745e-12	1,191772462e-11	6,958177784e-11	9,231526654e-11	9,598641326e-13	1,069324886e-13	1,133521142e-11	6,363013415e-13	4,999999912e-15	1,251543696e-14	4,999999912e-15	4,999999912e-15	7,351746815e-12	7,225734496e-14	2,99354725e-14	4,999999912e-15	3,172442303e-14	1,093630325e-10	6,767644778e-11	1	1	1	1	1	1	1	0	0	0	0	0	0	0	0	0	0	6,404164009e-09	39,68116675	0	0,2777906757	30,13783727	0	30,60408098	0,2442949973	0,03661156623	0
323,978	1769771701,030	30/01/2026_12:15:01,030	1	2	2,818337862e-06	2,204362318e-06	2,66715686e-12	6,884346392e-12	5,878984365e-12	1,191943766e-11	6,944705921e-11	9,242876603e-11	9,683115854e-13	9,838495714e-14	1,132316983e-11	6,340034834e-13	4,999999912e-15	7,312997864e-15	4,999999912e-15	8,644045766e-15	7,344572867e-12	7,355491812e-14	1,164764154e-14	4,999999912e-15	3,199753017e-14	1,095035382e-10	6,769745875e-11	1	1	1	1	1	1	1	0	0	0	0	0	0	0	0	0	0	5,630230707e-09	39,70004015	0	0,2313661074	30,11383859	0	30,59590039	0,2428796491	0,03424689109	0
329,714	1769771706,766	30/01/2026_12:15:06,766	1	2	2,830475296e-06	2,217923793e-06	2,651403619e-12	6,906011353e-12	5,867920299e-12	1,190427271e-11	6,938563613e-11	9,220650632e-11	9,688200762e-13	9,202077848e-14	1,133194667e-11	6,206250791e-13	4,999999912e-15	5,638515371e-15	4,999999912e-15	1,522749076e-14	7,328805098e-12	8,832644089e-14	7,873747227e-15	4,999999912e-15	2,402869841e-14	1,092316654e-10	6,76384504e-11	1	1	1	1	1	1	1	0	0	0	0	0	0	0	0	0	0	5,904091206e-09	39,68311486	0	0,2523604823	30,11879643	0	30,62905106	0,2420832067	0,03221137016	0
335,45	1769771712,502	30/01/2026_12:15:12,502	1	2	2,821709586e-06	2,222177272e-06	2,647162871e-12	6,922265712e-12	5,862791589e-12	1,190421199e-11	6,940470421e-11	9,223289493e-11	9,692634065e-13	9,376803804e-14	1,131293236e-11	6,11646313e-13	4,999999912e-15	4,999999912e-15	4,999999912e-15	1,156905382e-14	7,329957821e-12	9,946862398e-14	5,600680103e-15	4,999999912e-15	2,389385415e-14	1,093323002e-10	6,752319537e-11	1	1	1	1	1	1	1	0	0	0	0	0	0	0	0	0	0	5,987453035e-09	39,71687786	0	0,2525723091	30,12953461	0	30,57669151	0,2417300777	0,03285113458	0
341,186	1769771718,238	30/01/2026_12:15:18,238	1	2	2,834268344e-06	2,193404043e-06	2,646952969e-12	6,918169596e-12	5,862874856e-12	1,192205709e-11	6,943884356e-11	9,225466918e-11	9,643769073e-13	9,694137583e-14	1,134306971e-11	6,15052551e-13	7,318820368e-15	4,999999912e-15	4,999999912e-15	1,303882878e-14	7,333047364e-12	9,97625783e-14	6,461206285e-15	8,874940171e-15	1,925944213e-14	1,093599308e-10	6,77003939e-11	1	1	1	1	1	1	1	0	0	0	0	0	0	0	0	0	0	7,476132509e-09	39,69542963	0	0,2610008481	30,11108912	0	30,630385	0,2415600201	0,03351441659	0
346,922	1769771723,974	30/01/2026_12:15:23,974	1	2	2,829617642e-06	2,207743819e-06	2,652306543e-12	6,923883342e-12	5,861758561e-12	1,190440021e-11	6,951465098e-11	9,222443642e-11	9,681899379e-13	1,004072517e-13	1,133559132e-11	6,172029034e-13	1,978380804e-14	4,999999912e-15	1,104080342e-14	1,449066188e-14	7,339957635e-12	1,029257585e-13	4,999999912e-15	2,105276504e-14	1,836738599e-14	1,094002527e-10	6,75033987e-11	1	1	1	1	1	1	1	0	0	0	0	0	0	0	0	0	0	1,506539541e-08	39,73088808	0	0,2689126968	30,13933744	0	30,55603537	0,2422118704	0,03510789964	0
352,658	1769771729,710	30/01/2026_12:15:29,710	1	2	2,827100616e-06	2,215370614e-06	2,654418569e-12	6,990602975e-12	5,87617021e-12	1,194015806e-11	6,944318037e-11	9,22379742e-11	9,580295541e-13	1,164370521e-13	1,132695673e-11	6,202656661e-13	2,518075809e-14	4,999999912e-15	1,821118804e-14	1,196730076e-14	7,364849182e-12	1,053035968e-13	7,473558888e-15	2,565419529e-14	1,924731601e-14	1,092222215e-10	6,757453624e-11	1	1	1	1	1	1	1	0	0	0	0	0	0	0	0	0	0	1,79941946e-08	39,67392644	0	0,2530648014	30,13451158	0	30,59783997	0,2422818858	0,04005672443	0
358,394	1769771735,446	30/01/2026_12:15:35,446	1	2	2,824803232e-06	2,217923793e-06	2,662610583e-12	6,906307123e-12	5,883229234e-12	1,195747494e-11	6,935430008e-11	9,225269854e-11	9,621081059e-13	1,251742308e-13	1,132543018e-11	6,273225212e-13	2,568523227e-14	4,999999912e-15	2,749748298e-14	4,999999912e-15	7,35694318e-12	1,014462765e-13	1,417536065e-14	2,833181044e-14	1,875835607e-14	1,093193036e-10	6,769866612e-11	1	1	1	1	1	1	1	0	0	0	0	0	0	0	0	0	0	1,81872726e-08	39,68058847	0	0,2528519801	30,09722334	0	30,63164346	0,2427957409	0,04363076182	0
364,13	1769771741,182	30/01/2026_12:15:41,182	1	2	2,826298214e-06	2,216222128e-06	2,662001262e-12	6,900788101e-12	5,889962996e-12	1,195592843e-11	6,942173919e-11	9,227765774e-11	9,553700062e-13	1,373171189e-13	1,130773426e-11	6,289857957e-13	1,95834695e-14	4,999999912e-15	3,003005898e-14	4,999999912e-15	7,38757059e-12	9,244569086e-14	2,688677392e-14	1,843481151e-14	1,985899577e-14	1,092639035e-10	6,78403167e-11	1	1	1	1	1	1	1	0	0	0	0	0	0	0	0	0	0	1,473501196e-08	39,63736859	0	0,2685045474	30,09279368	0	30,67592496	0,2427175945	0,04737070406	0
369,866	1769771746,918	30/01/2026_12:15:46,918	1	2	2,822037914e-06	2,263440365e-06	2,662530136e-12	6,883536709e-12	5,891542029e-12	1,194012163e-11	6,943281367e-11	9,232411363e-11	9,523938712e-13	1,393219307e-13	1,129828089e-11	6,460337365e-13	1,113587609e-14	4,999999912e-15	2,522635556e-14	4,999999912e-15	7,377828383e-12	8,229839878e-14	3,140427168e-14	1,491558613e-14	1,943648896e-14	1,092857957e-10	6,766655986e-11	1	1	1	1	1	1	1	0	0	0	0	0	0	0	0	0	0	9,592503162e-09	39,66255553	0	0,2603641342	30,12241182	0	30,61218325	0,2428488121	0,0478009301	0
375,602	1769771752,654	30/01/2026_12:15:52,654	1	2	2,827265234e-06	2,234986823e-06	2,655679713e-12	6,871633037e-12	5,898412401e-12	1,193415332e-11	6,939707836e-11	9,21172652e-11	9,506408247e-13	1,338532014e-13	1,131548587e-11	6,47472527e-13	4,999999912e-15	7,708336092e-15	1,475939325e-14	4,999999912e-15	7,36522128e-12	7,761742366e-14	4,014242958e-14	5,690424091e-15	3,103465361e-14	1,095139743e-10	6,768903493e-11	1	1	1	1	1	1	1	0	0	0	0	0	0	0	0	0	0	6,40295601e-09	39,73614922	0	0,287179545	30,06467804	0	30,61114389	0,2424337277	0,04579116601	0
381,338	1769771758,390	30/01/2026_12:15:58,390	1	2	2,823719115e-06	2,198455149e-06	2,646629227e-12	6,869971605e-12	5,898156529e-12	1,192698891e-11	6,935151758e-11	9,232342668e-11	9,565404024e-13	1,283534233e-13	1,126903345e-11	6,493303616e-13	4,999999912e-15	1,24223023e-14	5,235420861e-15	4,999999912e-15	7,368257914e-12	7,150450886e-14	3,504622536e-14	4,999999912e-15	3,244233766e-14	1,091177218e-10	6,754406062e-11	1	1	1	1	1	1	1	0	0	0	0	0	0	0	0	0	0	5,876767989e-09	39,64657155	0	0,2463576624	30,14528078	0	30,59422509	0,241676122	0,04427211359	0
387,074	1769771764,126	30/01/2026_12:16:04,126	1	2	2,823587465e-06	2,197610456e-06	2,632891734e-12	6,871429207e-12	5,894308045e-12	1,189985697e-11	6,938861985e-11	9,208391688e-11	9,540335102e-13	1,230350457e-13	1,129399005e-11	6,459639139e-13	4,999999912e-15	1,325275203e-14	4,999999912e-15	8,0294556e-15	7,357951921e-12	6,769763108e-14	3,303607388e-14	4,999999912e-15	3,669936262e-14	1,089619714e-10	6,75863393e-11	1	1	1	1	1	1	1	0	0	0	0	0	0	0	0	0	0	6,299738645e-09	39,63605906	0	0,2759686406	30,133406	0	30,64125486	0,2409172679	0,04228849683	0
392,81	1769771769,862	30/01/2026_12:16:09,862	1	2	2,824880994e-06	2,184178129e-06	2,621231574e-12	6,876271687e-12	5,885530778e-12	1,189313752e-11	6,923150941e-11	9,220249564e-11	9,629521572e-13	1,103736108e-13	1,129123531e-11	6,353476772e-13	4,999999912e-15	1,197311734e-14	4,999999912e-15	9,30714212e-15	7,353163217e-12	7,2044882e-14	2,66262791e-14	4,999999912e-15	3,540420859e-14	1,093920926e-10	6,729608537e-11	1	1	1	1	1	1	1	0	0	0	0	0	0	0	0	0	0	5,596025379e-09	39,76352121	0	0,2295608184	30,11798477	0	30,4974502	0,2393325113	0,03844327752	0
398,546	1769771775,598	30/01/2026_12:16:15,598	1	2	2,82828023e-06	2,22473318e-06	2,603730816e-12	6,878546777e-12	5,881039145e-12	1,189620277e-11	6,92091176e-11	9,208175195e-11	9,693656468e-13	1,022078472e-13	1,130935276e-11	6,267569471e-13	4,999999912e-15	8,24288588e-15	4,999999912e-15	1,358260191e-14	7,339166601e-12	7,566840085e-14	2,303187446e-14	4,999999912e-15	3,341637134e-14	1,092400961e-10	6,768201971e-11	1	1	1	1	1	1	1	0	0	0	0	0	0	0	0	0	0	5,838066727e-09	39,69576824	0	0,2501319958	30,06743833	0	30,65771786	0,2377855201	0,03616082776	0
404,282	1769771781,334	30/01/2026_12:16:21,334	1	2	2,820382406e-06	2,179159992e-06	2,590418331e-12	6,874870031e-12	5,865725006e-12	1,189503791e-11	6,938886271e-11	9,223812686e-11	9,68420873e-13	9,228900332e-14	1,129730684e-11	6,220322651e-13	4,999999912e-15	8,500951408e-15	4,999999912e-15	1,859052327e-14	7,325161311e-12	8,581810528e-14	1,049558186e-14	4,999999912e-15	2,886637123e-14	1,093095545e-10	6,752730319e-11	1	1	1	1	1	1	1	0	0	0	0	0	0	0	0	0	0	5,846518689e-09	39,71383387	0	0,2510290019	30,13150352	0	30,58194969	0,2365426283	0,03224650238	0
410,018	1769771787,070	30/01/2026_12:16:27,070	1	2	2,826511718e-06	2,196773494e-06	2,587977142e-12	6,887054295e-12	5,854875612e-12	1,18977328e-11	6,931363122e-11	9,215134211e-11	9,689346764e-13	9,263973594e-14	1,130300367e-11	6,150331438e-13	4,999999912e-15	4,999999912e-15	4,999999912e-15	1,493644685e-14	7,330674262e-12	9,789212626e-14	6,919124155e-15	4,999999912e-15	2,516572156e-14	1,090573118e-10	6,758607562e-11	1	1	1	1	1	1	1	0	0	0	0	0	0	0	0	0	0	5,968517811e-09	39,6634199	0	0,2559427123	30,12878771	0	30,6397881	0,2366230166	0,03255368687	0
415,754	1769771792,806	30/01/2026_12:16:32,806	1	2	2,840449042e-06	2,22985409e-06	2,585174696e-12	6,892588063e-12	5,864909253e-12	1,191488748e-11	6,923576296e-11	9,214858737e-11	9,676032761e-13	9,209595434e-14	1,131257674e-11	6,108144589e-13	1,312178041e-14	4,999999912e-15	4,999999912e-15	1,06847582e-14	7,323198471e-12	1,010446203e-13	4,999999912e-15	1,119312027e-14	1,399879832e-14	1,093060295e-10	6,745787262e-11	1	1	1	1	1	1	1	0	0	0	0	0	0	0	0	0	0	1,064206795e-08	39,74174603	0	0,2403882819	30,11045438	0	30,57564105	0,2361848648	0,03225238096	0
421,49	1769771798,542	30/01/2026_12:16:38,542	1	2	2,826328227e-06	2,234132808e-06	2,5870096e-12	6,882210513e-12	5,856245176e-12	1,193524272e-11	6,92485444e-11	9,207929558e-11	9,611180124e-13	1,030717666e-13	1,130066353e-11	6,121662964e-13	2,254922323e-14	4,999999912e-15	7,057852905e-15	1,261487524e-14	7,334611217e-12	9,942011949e-14	4,999999912e-15	2,376385492e-14	1,037964677e-14	1,089868473e-10	6,762867349e-11	1	1	1	1	1	1	1	0	0	0	0	0	0	0	0	0	0	1,645385019e-08	39,65343201	0	0,2547831512	30,11427572	0	30,67068187	0,236577622	0,03573585685	0
427,226	1769771804,278	30/01/2026_12:16:44,278	1	2	2,831619895e-06	2,236702585e-06	2,592248248e-12	6,902883213e-12	5,864436541e-12	1,192942967e-11	6,92740032e-11	9,204944446e-11	9,597573387e-13	1,200605912e-13	1,12941774e-11	6,194419435e-13	2,267098083e-14	4,999999912e-15	1,754858296e-14	6,139604816e-15	7,343862497e-12	1,00919483e-13	6,174531372e-15	2,014082565e-14	1,223603467e-14	1,093472396e-10	6,772667843e-11	1	1	1	1	1	1	1	0	0	0	0	0	0	0	0	0	0	1,65856977e-08	39,71525148	0	0,260539555	30,05830448	0	30,66155264	0,2366795276	0,04175493301	0
432,962	1769771810,014	30/01/2026_12:16:50,014	1	2	2,816624146e-06	2,223880983e-06	2,600848356e-12	6,905885152e-12	5,880546484e-12	1,193309861e-11	6,922890733e-11	9,203766915e-11	9,572223656e-13	1,253643863e-13	1,129244961e-11	6,241559461e-13	2,20161261e-14	4,999999912e-15	3,217943219e-14	4,999999912e-15	7,361569687e-12	1,018362911e-13	1,730119174e-14	2,298239757e-14	1,122804344e-14	1,090121882e-10	6,737390507e-11	1	1	1	1	1	1	1	0	0	0	0	0	0	0	0	0	0	1,594921048e-08	39,69106701	0	0,2541700163	30,13128681	0	30,57900319	0,2379140283	0,04356186662	0
438,698	1769771815,750	30/01/2026_12:16:55,750	1	2	2,829925279e-06	2,190886335e-06	2,60113632e-12	6,896193686e-12	5,878332109e-12	1,194178784e-11	6,932054236e-11	9,212001301e-11	9,515941637e-13	1,324857921e-13	1,132468772e-11	6,319059859e-13	1,841347475e-14	4,999999912e-15	2,868155203e-14	4,999999912e-15	7,376712956e-12	8,880374734e-14	2,501049599e-14	2,216989647e-14	1,825436469e-14	1,091277069e-10	6,772948175e-11	1	1	1	1	1	1	1	0	0	0	0	0	0	0	0	0	0	1,399862292e-08	39,65010975	0	0,2664300091	30,09099119	0	30,67275217	0,2375524607	0,04548109536	0
444,434	1769771821,486	30/01/2026_12:17:01,486	1	2	2,830955282e-06	2,196773494e-06	2,601116588e-12	6,858175486e-12	5,892250663e-12	1,193973913e-11	6,926666185e-11	9,215772589e-11	9,466986656e-13	1,34823847e-13	1,128523924e-11	6,371700043e-13	9,530767289e-15	4,999999912e-15	2,314780447e-14	4,999999912e-15	7,375552426e-12	8,124045463e-14	3,234484078e-14	1,437764228e-14	1,994242851e-14	1,091331817e-10	6,743177544e-11	1	1	1	1	1	1	1	0	0	0	0	0	0	0	0	0	0	8,500808899e-09	39,6904573	0	0,2538895455	30,12792629	0	30,57116965	0,2377162438	0,04591056787	0
450,17	1769771827,222	30/01/2026_12:17:07,222	1	2	2,817338554e-06	2,227292043e-06	2,594304979e-12	6,878208506e-12	5,891509502e-12	1,191157329e-11	6,935572255e-11	9,205142204e-11	9,455214389e-13	1,379249362e-13	1,128063094e-11	6,496893952e-13	4,999999912e-15	5,726318806e-15	1,881171915e-14	4,999999912e-15	7,368210209e-12	7,646198263e-14	3,914220564e-14	4,999999912e-15	2,852098847e-14	1,091399401e-10	6,751559728e-11	1	1	1	1	1	1	1	0	0	0	0	0	0	0	0	0	0	6,299726822e-09	39,68911383	0	0,281845643	30,11507797	0	30,60182457	0,2373477153	0,04696007542	0
455,906	1769771832,958	30/01/2026_12:17:12,958	1	2	2,836521617e-06	2,211130322e-06	2,586050081e-12	6,844364051e-12	5,891207661e-12	1,189319997e-11	6,920932577e-11	9,196848144e-11	9,543119333e-13	1,281273671e-13	1,127650317e-11	6,452625435e-13	4,999999912e-15	1,250864545e-14	6,260872829e-15	4,999999912e-15	7,350221126e-12	6,927413558e-14	3,844272584e-14	4,999999912e-15	3,003734007e-14	1,088518026e-10	6,747292308e-11	1	1	1	1	1	1	1	0	0	0	0	0	0	0	0	0	0	6,200698239e-09	39,65142444	0	0,2697748738	30,12273844	0	30,63496233	0,2369428497	0,04439306532	0
461,642	1769771838,694	30/01/2026_12:17:18,694	1	2	2,823246177e-06	2,227292043e-06	2,575056487e-12	6,864186303e-12	5,893696989e-12	1,188261642e-11	6,923384088e-11	9,208442342e-11	9,543396889e-13	1,161018574e-13	1,127285244e-11	6,400416763e-13	4,999999912e-15	1,565241839e-14	4,999999912e-15	4,999999912e-15	7,356301332e-12	6,878953109e-14	3,62778316e-14	4,999999912e-15	3,238557968e-14	1,090483467e-10	6,766664312e-11	1	1	1	1	1	1	1	0	0	0	0	0	0	0	0	0	0	6,080096662e-09	39,65261045	0	0,2596685843	30,09288376	0	30,67075163	0,2354674178	0,03986216846	0
467,378	1769771844,430	30/01/2026_12:17:24,430	1	2	2,829619689e-06	2,211130322e-06	2,559522472e-12	6,859248412e-12	5,890205424e-12	1,188362429e-11	6,918200735e-11	9,19510787e-11	9,683422683e-13	1,062271947e-13	1,127677639e-11	6,319656712e-13	4,999999912e-15	1,439267373e-14	4,999999912e-15	9,192667312e-15	7,340932549e-12	7,560143782e-14	2,361687269e-14	4,999999912e-15	3,664018551e-14	1,091604168e-10	6,754456022e-11	1	1	1	1	1	1	1	0	0	0	0	0	0	0	0	0	0	5,998017908e-09	39,71381249	0	0,259377717	30,07492021	0	30,63015138	0,2341365093	0,03766368468	0
473,114	1769771850,166	30/01/2026_12:17:30,166	1	2	2,829059213e-06	2,216222128e-06	2,544805946e-12	6,869097739e-12	5,879941933e-12	1,189934436e-11	6,924025936e-11	9,198493356e-11	9,689001988e-13	1,005954556e-13	1,128086079e-11	6,287145826e-13	4,999999912e-15	9,828116511e-15	4,999999912e-15	1,063528131e-14	7,325674789e-12	8,248854751e-14	1,916485227e-14	4,999999912e-15	3,114427661e-14	1,088437743e-10	6,748732129e-11	1	1	1	1	1	1	1	0	0	0	0	0	0	0	0	0	0	6,057254127e-09	39,65219789	0	0,2631791355	30,13433804	0	30,64442116	0,2331371104	0,03564752146	0
478,85	1769771855,902	30/01/2026_12:17:35,902	1	2	2,826160653e-06	2,193404043e-06	2,535310286e-12	6,902314224e-12	5,863364048e-12	1,190365688e-11	6,923936424e-11	9,187382105e-11	9,709086833e-13	9,277653515e-14	1,129326146e-11	6,232182197e-13	4,999999912e-15	8,078447985e-15	4,999999912e-15	1,181159323e-14	7,314732153e-12	9,144934972e-14	1,432234458e-14	4,999999912e-15	2,541699219e-14	1,092641325e-10	6,756301768e-11	1	1	1	1	1	1	1	0	0	0	0	0	0	0	0	0	0	6,265075669e-09	39,74991871	0	0,2759418841	30,06773235	0	30,63511485	0,2320622715	0,03300533152	0
484,586	1769771861,638	30/01/2026_12:17:41,638	1	2	2,822604301e-06	2,200143172e-06	2,534409098e-12	6,912254189e-12	5,85345921e-12	1,190753138e-11	6,917417333e-11	9,208837165e-11	9,670156386e-13	9,193539755e-14	1,128836261e-11	6,125203968e-13	4,999999912e-15	4,999999912e-15	4,999999912e-15	1,659346014e-14	7,314851849e-12	9,450048437e-14	4,999999912e-15	4,999999912e-15	2,181676335e-14	1,089738785e-10	6,752568643e-11	1	1	1	1	1	1	1	0	0	0	0	0	0	0	0	0	0	5,597606454e-09	39,66904122	0	0,2350576027	30,12075154	0	30,64390567	0,2317779035	0,03225628979	0
490,322	1769771867,374	30/01/2026_12:17:47,374	1	2	2,833785402e-06	2,223880983e-06	2,532545137e-12	6,910208517e-12	5,855494041e-12	1,190434556e-11	6,926458712e-11	9,203376949e-11	9,713780344e-13	9,725231146e-14	1,129799726e-11	6,100431033e-13	1,159767337e-14	4,999999912e-15	4,999999912e-15	1,602156043e-14	7,326494446e-12	1,009602287e-13	4,999999912e-15	8,687213953e-15	2,18502347e-14	1,088063251e-10	6,736638331e-11	1	1	1	1	1	1	1	0	0	0	0	0	0	0	0	0	0	9,901913239e-09	39,65652591	0	0,2546995491	30,16579419	0	30,60527225	0,2320536757	0,03461345895	0
496,058	1769771873,110	30/01/2026_12:17:53,110	1	2	2,822863053e-06	2,211980018e-06	2,532434332e-12	6,929300883e-12	5,859046321e-12	1,192833679e-11	6,930931523e-11	9,202638651e-11	9,649321273e-13	1,052133776e-13	1,130265673e-11	6,136249278e-13	2,37400804e-14	4,999999912e-15	1,221468605e-14	1,157438674e-14	7,327042618e-12	1,042044055e-13	4,999999912e-15	1,922305698e-14	2,050366238e-14	1,088915416e-10	6,746982834e-11	1	1	1	1	1	1	1	0	0	0	0	0	0	0	0	0	0	1,728345449e-08	39,65861059	0	0,2621022815	30,148156	0	30,62857915	0,2319054733	0,03689251975	0
501,794	1769771878,846	30/01/2026_12:17:58,846	1	2	2,819882639e-06	2,203515578e-06	2,538028381e-12	6,906454141e-12	5,859409746e-12	1,192201719e-11	6,921285767e-11	9,20700946e-11	9,611001231e-13	1,162459208e-13	1,130843422e-11	6,160192799e-13	2,415918384e-14	4,999999912e-15	1,895141182e-14	4,999999912e-15	7,360073488e-12	1,011930882e-13	4,999999912e-15	2,476068226e-14	1,628544e-14	1,08571728e-10	6,744644426e-11	1	1	1	1	1	1	1	0	0	0	0	0	0	0	0	0	0	1,719456035e-08	39,58426615	0	0,2415656523	30,17183104	0	30,65258683	0,2324788591	0,04063589372	0
507,53	1769771884,582	30/01/2026_12:18:04,582	1	2	2,821788485e-06	2,179159992e-06	2,549358077e-12	6,863559634e-12	5,873291437e-12	1,193971051e-11	6,940757691e-11	9,197390766e-11	9,570568079e-13	1,263049317e-13	1,127401904e-11	6,285211609e-13	2,357758052e-14	4,999999912e-15	2,866505183e-14	4,999999912e-15	7,365916037e-12	9,731684859e-14	1,138471912e-14	2,781131885e-14	1,600652052e-14	1,088590051e-10	6,737935904e-11	1	1	1	1	1	1	1	0	0	0	0	0	0	0	0	0	0	1,736889208e-08	39,6594918	0	0,2847607197	30,16765753	0	30,59219755	0,2336191985	0,0438635796	0
513,266	1769771890,318	30/01/2026_12:18:10,318	1	2	2,82555925e-06	2,198455149e-06	2,551210328e-12	6,872096208e-12	5,884626553e-12	1,192464096e-11	6,937520697e-11	9,199029732e-11	9,545938259e-13	1,32536221e-13	1,12869011e-11	6,376318744e-13	1,532062542e-14	4,999999912e-15	2,817318658e-14	4,999999912e-15	7,363598446e-12	8,495419944e-14	2,080391523e-14	2,069914403e-14	1,280598959e-14	1,09036738e-10	6,723284429e-11	1	1	1	1	1	1	1	0	0	0	0	0	0	0	0	0	0	1,224080831e-08	39,71804902	0	0,2730096832	30,16488851	0	30,52346267	0,2336760192	0,04590265048	0
519,002	1769771896,054	30/01/2026_12:18:16,054	1	2	2,831004849e-06	2,196773494e-06	2,547352303e-12	6,862803728e-12	5,888678867e-12	1,191728053e-11	6,932833474e-11	9,200526452e-11	9,49317556e-13	1,343518395e-13	1,128719861e-11	6,385529583e-13	1,223506227e-14	4,999999912e-15	2,783508999e-14	4,999999912e-15	7,374481234e-12	8,113130935e-14	2,941061023e-14	1,618939663e-14	1,545208494e-14	1,088845888e-10	6,75006509e-11	1	1	1	1	1	1	1	0	0	0	0	0	0	0	0	0	0	1,045363646e-08	39,64551758	0	0,277737216	30,13817345	0	30,63144233	0,2332587893	0,04610083917	0
524,738	1769771901,790	30/01/2026_12:18:21,790	1	2	2,8224772e-06	2,213675998e-06	2,540154719e-12	6,858921417e-12	5,881743009e-12	1,189988559e-11	6,92321131e-11	9,202032886e-11	9,419780494e-13	1,401693974e-13	1,126190374e-11	6,402472411e-13	5,848069628e-15	4,999999912e-15	1,748211798e-14	4,999999912e-15	7,363772786e-12	7,207058436e-14	3,128155016e-14	4,999999912e-15	2,731557419e-14	1,092374038e-10	6,752925996e-11	1	1	1	1	1	1	1	0	0	0	0	0	0	0	0	0	0	6,47171072e-09	39,71789038	0	0,2607757103	30,08166684	0	30,60564676	0,2322216763	0,04753430894	0
530,474	1769771907,526	30/01/2026_12:18:27,526	1	2	2,827218395e-06	2,20605466e-06	2,530804125e-12	6,857529735e-12	5,880137089e-12	1,188557672e-11	6,927270563e-11	9,195755268e-11	9,43204282e-13	1,258033662e-13	1,125460489e-11	6,403871574e-13	4,999999912e-15	8,271508817e-15	7,786433377e-15	4,999999912e-15	7,359263372e-12	6,882057316e-14	3,683663617e-14	4,999999912e-15	3,18228923e-14	1,088706833e-10	6,751311316e-11	1	1	1	1	1	1	1	0	0	0	0	0	0	0	0	0	0	6,3474049e-09	39,64932618	0	0,278010471	30,12387518	0	30,64510898	0,2319434139	0,04249293337	0
536,21	1769771913,262	30/01/2026_12:18:33,262	1	2	2,818888333e-06	2,248736337e-06	2,525009715e-12	6,837654141e-12	5,88542149e-12	1,189127703e-11	6,919759904e-11	9,200037954e-11	9,540343775e-13	1,179271931e-13	1,123666351e-11	6,398316664e-13	4,999999912e-15	5,822362178e-15	4,999999912e-15	4,999999912e-15	7,349186364e-12	6,831950912e-14	2,810479375e-14	4,999999912e-15	2,872957203e-14	1,090843735e-10	6,752787912e-11	1	1	1	1	1	1	1	0	0	0	0	0	0	0	0	0	0	6,023212906e-09	39,69376309	0	0,2573618092	30,09538708	0	30,62939191	0,2310636277	0,04058935799	0
541,946	1769771918,998	30/01/2026_12:18:38,998	1	2	2,827919843e-06	2,166667855e-06	2,507364975e-12	6,867168726e-12	5,877020658e-12	1,188133706e-11	6,916836548e-11	9,185704281e-11	9,561086731e-13	1,024610559e-13	1,125802663e-11	6,31569829e-13	4,999999912e-15	1,01647562e-14	4,999999912e-15	4,999999912e-15	7,337209833e-12	6,153619145e-14	2,967643628e-14	4,999999912e-15	3,07319613e-14	1,090352392e-10	6,720109191e-11	1	1	1	1	1	1	1	0	0	0	0	0	0	0	0	0	0	5,986868788e-09	39,75025342	0	0,2543500456	30,1249169	0	30,53776698	0,2298659687	0,03527654048	0
547,682	1769771924,734	30/01/2026_12:18:44,734	1	2	2,828795459e-06	2,202673613e-06	2,496007307e-12	6,865132594e-12	5,863969033e-12	1,188625847e-11	6,917294515e-11	9,191081229e-11	9,576973546e-13	9,971891206e-14	1,126285176e-11	6,253972492e-13	4,999999912e-15	6,778445535e-15	4,999999912e-15	5,478443084e-15	7,328244782e-12	6,953946696e-14	1,465219615e-14	4,999999912e-15	2,783072777e-14	1,088156232e-10	6,740335373e-11	1	1	1	1	1	1	1	0	0	0	0	0	0	0	0	0	0	5,8589476e-09	39,67000597	0	0,2471795858	30,13063345	0	30,62879301	0,2287595238	0,03439897239	0
553,418	1769771930,470	30/01/2026_12:18:50,470	1	2	2,828825245e-06	2,259105486e-06	2,486067342e-12	6,875252104e-12	5,861098065e-12	1,18735681e-11	6,92196786e-11	9,193881767e-11	9,616141433e-13	9,264409308e-14	1,127137533e-11	6,166809684e-13	4,999999912e-15	6,61497834e-15	4,999999912e-15	1,382514302e-14	7,312217672e-12	8,463452243e-14	9,424539193e-15	4,999999912e-15	2,770218543e-14	1,087707008e-10	6,729417024e-11	1	1	1	1	1	1	1	0	0	0	0	0	0	0	0	0	0	5,915995032e-09	39,67522977	0	0,2537066064	30,16359583	0	30,59587095	0,2280051748	0,03213797817	0
559,154	1769771936,206	30/01/2026_12:18:56,206	1	2	2,825973297e-06	2,211130322e-06	2,47816264e-12	6,870962133e-12	5,847918937e-12	1,186598302e-11	6,920531509e-11	9,188404898e-11	9,62949772e-13	8,941205252e-14	1,127792564e-11	6,103171896e-13	4,999999912e-15	4,999999912e-15	4,999999912e-15	1,743652558e-14	7,305755827e-12	9,074503844e-14	7,513819211e-15	4,999999912e-15	2,399474933e-14	1,090099885e-10	6,742419817e-11	1	1	1	1	1	1	1	0	0	0	0	0	0	0	0	0	0	6,066448221e-09	39,71911677	0	0,2650186093	30,11297683	0	30,62044027	0,2271176313	0,03109894237	0
564,89	1769771941,942	30/01/2026_12:19:01,942	1	2	2,826854598e-06	2,232421366e-06	2,475588528e-12	6,900060384e-12	5,845246162e-12	1,18745595e-11	6,918448453e-11	9,191551686e-11	9,627735892e-13	9,130431735e-14	1,127445446e-11	6,134648995e-13	5,651615582e-15	4,999999912e-15	4,999999912e-15	1,097192439e-14	7,296930421e-12	9,853388586e-14	4,999999912e-15	6,326839755e-15	2,054925816e-14	1,087297891e-10	6,718453571e-11	1	1	1	1	1	1	1	0	0	0	0	0	0	0	0	0	0	6,345541901e-09	39,69005506	0	0,2515163619	30,1781357	0	30,57068919	0,2272380991	0,03180153867	0
570,626	1769771947,678	30/01/2026_12:19:07,678	1	2	2,823621116e-06	2,195087973e-06	2,482646901e-12	6,900189187e-12	5,842612852e-12	1,190286758e-11	6,916697076e-11	9,197852202e-11	9,651266331e-13	9,92416056e-14	1,129141919e-11	6,126573316e-13	1,331726206e-14	4,999999912e-15	4,999999912e-15	1,221905335e-14	7,304582286e-12	1,02148189e-13	4,999999912e-15	1,548652699e-14	1,321249086e-14	1,086721893e-10	6,739240416e-11	1	1	1	1	1	1	1	0	0	0	0	0	0	0	0	0	0	1,089001373e-08	39,64059029	0	0,2496721356	30,16108124	0	30,64348626	0,2276737282	0,03488370049	0
576,362	1769771953,414	30/01/2026_12:19:13,414	1	2	2,823321665e-06	2,212825393e-06	2,487835892e-12	6,885172554e-12	5,85217378e-12	1,191083256e-11	6,925608004e-11	9,203180579e-11	9,602900072e-13	1,110546523e-13	1,128278894e-11	6,143806709e-13	2,446478824e-14	4,999999912e-15	1,475939325e-14	1,33507368e-14	7,319703003e-12	9,96864131e-14	7,017588347e-15	2,118179357e-14	1,470118515e-14	1,086105442e-10	6,728717583e-11	1	1	1	1	1	1	1	0	0	0	0	0	0	0	0	0	0	1,753411175e-08	39,62827101	0	0,2533553416	30,19914479	0	30,6022543	0,2281653796	0,03868144765	0
582,098	1769771959,150	30/01/2026_12:19:19,150	1	2	2,826821401e-06	2,244431926e-06	2,494029505e-12	6,89012649e-12	5,861042988e-12	1,191901005e-11	6,916694995e-11	9,196637202e-11	9,587401402e-13	1,164375399e-13	1,125484428e-11	6,229942235e-13	2,44885526e-14	4,999999912e-15	2,287033681e-14	8,41896963e-15	7,350168217e-12	1,014681096e-13	1,692913591e-14	2,341362713e-14	1,623450452e-14	1,086973497e-10	6,733133495e-11	1	1	1	1	1	1	1	0	0	0	0	0	0	0	0	0	0	1,754946055e-08	39,64473543	0	0,2566603335	30,15770508	0	30,61244244	0,2286499356	0,04058718288	0
587,834	1769771964,886	30/01/2026_12:19:24,886	1	2	2,821734824e-06	2,197610456e-06	2,500714046e-12	6,86684867e-12	5,874179615e-12	1,192556297e-11	6,931866192e-11	9,194038586e-11	9,528262511e-13	1,318997944e-13	1,125295863e-11	6,270455617e-13	2,205929429e-14	4,999999912e-15	2,753095095e-14	4,999999912e-15	7,36312053e-12	9,310929035e-14	2,195839912e-14	2,642497325e-14	1,814376252e-14	1,084795725e-10	6,745640851e-11	1	1	1	1	1	1	1	0	0	0	0	0	0	0	0	0	0	1,647452966e-08	39,57379195	0	0,2846022138	30,18163628	0	30,66896162	0,2295043206	0,04565646447	0
593,57	1769771970,622	30/01/2026_12:19:30,622	1	2	2,831694474e-06	2,223880983e-06	2,50572783e-12	6,864680699e-12	5,880376915e-12	1,192242659e-11	6,923212698e-11	9,189450589e-11	9,473079873e-13	1,355553311e-13	1,126903518e-11	6,431151185e-13	1,705137293e-14	4,999999912e-15	2,414124368e-14	4,999999912e-15	7,367421777e-12	8,557897094e-14	2,408303219e-14	1,467644162e-14	2,245705419e-14	1,086171986e-10	6,728993057e-11	1	1	1	1	1	1	1	0	0	0	0	0	0	0	0	0	0	1,326653835e-08	39,6331111	0	0,2708102526	30,1681647	0	30,60238965	0,2299170903	0,0465583487	0
599,306	1769771976,358	30/01/2026_12:19:36,358	1	2	2,821622047e-06	2,215370614e-06	2,498801296e-12	6,873098011e-12	5,88302974e-12	1,190505073e-11	6,919513573e-11	9,199983136e-11	9,498481645e-13	1,36611344e-13	1,122534184e-11	6,461114196e-13	9,740800966e-15	4,999999912e-15	2,355575418e-14	4,999999912e-15	7,353156278e-12	7,798897975e-14	3,949339228e-14	9,267365453e-15	2,258172389e-14	1,088701074e-10	6,745509706e-11	1	1	1	1	1	1	1	0	0	0	0	0	0	0	0	0	0	8,828956447e-09	39,65593969	0	0,2649236126	30,12756199	0	30,62883026	0,2288836936	0,04706804621	0
605,042	1769771982,094	30/01/2026_12:19:42,094	1	2	2,826163154e-06	2,172489985e-06	2,49246305e-12	6,866152612e-12	5,87936904e-12	1,188801314e-11	6,918563639e-11	9,181527066e-11	9,470163369e-13	1,28876334e-13	1,124080516e-11	6,456157223e-13	4,999999912e-15	7,849976095e-15	1,642222735e-14	4,999999912e-15	7,338584601e-12	7,123963149e-14	3,997362947e-14	4,999999912e-15	2,728792195e-14	1,090059293e-10	6,733059943e-11	1	1	1	1	1	1	1	0	0	0	0	0	0	0	0	0	0	6,2637378e-09	39,7282443	0	0,2793203465	30,10723329	0	30,58628234	0,2285886292	0,04411888593	0
610,778	1769771987,830	30/01/2026_12:19:47,830	1	2	2,826074933e-06	2,217923793e-06	2,479641058e-12	6,85984429e-12	5,885252355e-12	1,188347771e-11	6,913544737e-11	9,18165266e-11	9,501102162e-13	1,242438498e-13	1,12259672e-11	6,40470912e-13	4,999999912e-15	8,803635243e-15	4,999999912e-15	4,999999912e-15	7,354019303e-12	6,384613162e-14	3,290606448e-14	4,999999912e-15	3,225024414e-14	1,087142737e-10	6,725435486e-11	1	1	1	1	1	1	1	0	0	0	0	0	0	0	0	0	0	6,078737762e-09	39,67343312	0	0,2613847217	30,13942538	0	30,59239177	0,2276187486	0,04278372076	0
616,514	1769771993,566	30/01/2026_12:19:53,566	1	2	2,827221124e-06	2,211980018e-06	2,465191896e-12	6,874142748e-12	5,873084571e-12	1,185641776e-11	6,910372274e-11	9,175250837e-11	9,564883607e-13	1,153402867e-13	1,123642498e-11	6,330730753e-13	4,999999912e-15	1,293114548e-14	4,999999912e-15	4,999999912e-15	7,330507729e-12	7,237036626e-14	2,981177181e-14	4,999999912e-15	3,854701931e-14	1,089158347e-10	6,731902535e-11	1	1	1	1	1	1	1	0	0	0	0	0	0	0	0	0	0	6,201802444e-09	39,72106824	0	0,2669926449	30,09799285	0	30,60183421	0,2262191804	0,04015076664	0
622,25	1769771999,302	30/01/2026_12:19:59,302	1	2	2,825634283e-06	2,219624321e-06	2,461547459e-12	6,881932958e-12	5,864368886e-12	1,186494306e-11	6,900672395e-11	9,19029991e-11	9,554556582e-13	1,054733828e-13	1,123436327e-11	6,264153692e-13	4,999999912e-15	1,515812385e-14	4,999999912e-15	8,173036155e-15	7,312349511e-12	7,447316283e-14	2,261663858e-14	4,999999912e-15	3,603578346e-14	1,086300702e-10	6,729735519e-11	1	1	1	1	1	1	1	0	0	0	0	0	0	0	0	0	0	5,585891156e-09	39,65138397	0	0,2301262497	30,13911938	0	30,62451537	0,2257621919	0,03642975932	0
627,986	1769772005,038	30/01/2026_12:20:05,038	1	2	2,827135631e-06	2,175819873e-06	2,438497971e-12	6,886192571e-12	5,862312805e-12	1,187399745e-11	6,915119172e-11	9,182282712e-11	9,614450078e-13	9,416676016e-14	1,127228692e-11	6,251129172e-13	4,999999912e-15	7,530312636e-15	4,999999912e-15	9,870312304e-15	7,325163913e-12	7,906925169e-14	1,255181533e-14	4,999999912e-15	3,051125162e-14	1,090751517e-10	6,722151308e-11	1	1	1	1	1	1	1	0	0	0	0	0	0	0	0	0	0	5,92121963e-09	39,7656588	0	0,2521999675	30,11423286	0	30,54770589	0,2235635577	0,03276678593	0
633,722	1769772010,774	30/01/2026_12:20:10,774	1	2	2,817874247e-06	2,216222128e-06	2,435750386e-12	6,877587042e-12	5,83967423e-12	1,184084168e-11	6,905424149e-11	9,177981292e-11	9,687672756e-13	9,125193006e-14	1,125954364e-11	6,147182915e-13	4,999999912e-15	5,826243283e-15	4,999999912e-15	1,371550815e-14	7,300650536e-12	8,81532667e-14	7,172815605e-15	4,999999912e-15	2,789136008e-14	1,087547274e-10	6,722305351e-11	1	1	1	1	1	1	1	0	0	0	0	0	0	0	0	0	0	5,842337998e-09	39,70899516	0	0,2472630674	30,13186012	0	30,59590824	0,2236076729	0,03250454504	0
639,458	1769772016,510	30/01/2026_12:20:16,510	1	2	2,81679695e-06	2,179159992e-06	2,430019077e-12	6,926405196e-12	5,848235958e-12	1,187678688e-11	6,912154182e-11	9,184836919e-11	9,639769451e-13	9,257183101e-14	1,12686761e-11	6,122080382e-13	4,999999912e-15	4,999999912e-15	4,999999912e-15	1,641301163e-14	7,308906085e-12	9,489046511e-14	6,866723309e-15	4,999999912e-15	2,342914477e-14	1,082401183e-10	6,71952563e-11	1	1	1	1	1	1	1	0	0	0	0	0	0	0	0	0	0	5,816286531e-09	39,58899295	0	0,2476471619	30,21069755	0	30,63546383	0,2234427288	0,03251541414	0
645,194	1769772022,246	30/01/2026_12:20:22,246	1	2	2,824729563e-06	2,212825393e-06	2,432211767e-12	6,849221711e-12	5,84266923e-12	1,188279423e-11	6,904561645e-11	9,172630711e-11	9,639382391e-13	9,566466e-14	1,127699756e-11	6,08851294e-13	1,418748677e-14	4,999999912e-15	4,999999912e-15	1,355494967e-14	7,284772612e-12	1,024673646e-13	6,950161136e-15	7,800018091e-15	2,084272628e-14	1,086806409e-10	6,715127759e-11	1	1	1	1	1	1	1	0	0	0	0	0	0	0	0	0	0	1,158179543e-08	39,71501706	0	0,2638165994	30,14681975	0	30,58639574	0,2235686838	0,03373222862	0
650,93	1769772027,982	30/01/2026_12:20:27,982	1	2	2,817428594e-06	2,22985409e-06	2,440654233e-12	6,902955638e-12	5,849265516e-12	1,190507241e-11	6,907676514e-11	9,173888038e-11	9,571574219e-13	1,087582986e-13	1,125560496e-11	6,101538003e-13	1,940544689e-14	4,999999912e-15	1,885052173e-14	9,090794659e-15	7,317095714e-12	1,034088993e-13	4,999999912e-15	2,209082594e-14	1,254841364e-14	1,083893253e-10	6,707272932e-11	1	1	1	1	1	1	1	0	0	0	0	0	0	0	0	0	0	1,446454539e-08	39,65164038	0	0,2540285687	30,19105693	0	30,58503917	0,2244457187	0,03791387054	0
656,666	1769772033,718	30/01/2026_12:20:33,718	1	2	2,822842816e-06	2,225585831e-06	2,450572948e-12	6,868378262e-12	5,853537273e-12	1,189510036e-11	6,904799649e-11	9,19079049e-11	9,553161213e-13	1,174683181e-13	1,12336555e-11	6,202723881e-13	2,713367047e-14	4,999999912e-15	2,256231836e-14	8,087665398e-15	7,347978129e-12	9,932842309e-14	1,572081461e-14	2,556979015e-14	1,792887873e-14	1,08527666e-10	6,72383052e-11	1	1	1	1	1	1	1	0	0	0	0	0	0	0	0	0	0	1,895694608e-08	39,63290034	0	0,2442978188	30,16422647	0	30,61073231	0,2248791567	0,0407958541	0
662,402	1769772039,454	30/01/2026_12:20:39,454	1	2	2,815777179e-06	2,225585831e-06	2,457460667e-12	6,854840914e-12	5,86695666e-12	1,190362652e-11	6,910165495e-11	9,169612986e-11	9,501853514e-13	1,285314628e-13	1,1247012e-11	6,290673277e-13	2,909677436e-14	4,999999912e-15	2,367168249e-14	4,999999912e-15	7,352927295e-12	9,209838702e-14	1,701257035e-14	1,900332139e-14	2,29304914e-14	1,088949625e-10	6,725040663e-11	1	1	1	1	1	1	1	0	0	0	0	0	0	0	0	0	0	2,055315013e-08	39,73110031	0	0,2731392677	30,10238645	0	30,58215612	0,2255203378	0,0444429695	0
668,138	1769772045,190	30/01/2026_12:20:45,190	1	2	2,820157761e-06	2,22473318e-06	2,457647584e-12	6,861676158e-12	5,863556602e-12	1,190586171e-11	6,900873623e-11	9,175546434e-11	9,46664188e-13	1,331731356e-13	1,125375834e-11	6,372054577e-13	2,320843509e-14	4,999999912e-15	2,880039076e-14	4,999999912e-15	7,353153676e-12	8,908557214e-14	2,856366876e-14	1,961111666e-14	1,831887642e-14	1,086963297e-10	6,714530321e-11	1	1	1	1	1	1	1	0	0	0	0	0	0	0	0	0	0	1,672656512e-08	39,69928951	0	0,2574660616	30,13163749	0	30,56982663	0,2256215053	0,04586679893	0
673,874	1769772050,926	30/01/2026_12:20:50,926	1	2	2,822029955e-06	2,20182983e-06	2,460353102e-12	6,872525986e-12	5,873838308e-12	1,186994947e-11	6,906518413e-11	9,173240639e-11	9,358359357e-13	1,345260031e-13	1,122560465e-11	6,465407094e-13	9,485169811e-15	4,999999912e-15	1,782846467e-14	4,999999912e-15	7,362069288e-12	8,022471305e-14	4,028552394e-14	5,61232003e-15	2,338937827e-14	1,08571957e-10	6,717380818e-11	1	1	1	1	1	1	1	0	0	0	0	0	0	0	0	0	0	8,891202621e-09	39,66691201	0	0,2738909138	30,14503898	0	30,59152338	0,2261720068	0,04537172548	0
679,61	1769772056,662	30/01/2026_12:20:56,662	1	2	2,820116606e-06	2,211130322e-06	2,445858403e-12	6,864822513e-12	5,871875902e-12	1,188219488e-11	6,907794475e-11	9,182410388e-11	9,504327663e-13	1,286682349e-13	1,121821212e-11	6,48940862e-13	4,999999912e-15	7,540983558e-15	1,379263897e-14	4,999999912e-15	7,343228456e-12	7,247901687e-14	3,942402367e-14	4,999999912e-15	3,100700306e-14	1,083459225e-10	6,696176946e-11	1	1	1	1	1	1	1	0	0	0	0	0	0	0	0	0	0	5,936085997e-09	39,63808283	0	0,255620007	30,21362172	0	30,53848476	0,2250223835	0,04454509764	0
685,346	1769772062,398	30/01/2026_12:21:02,398	1	2	2,820848977e-06	2,222177272e-06	2,432765361e-12	6,886149637e-12	5,86929897e-12	1,186161239e-11	6,912967421e-11	9,160140702e-11	9,520312056e-13	1,228817666e-13	1,120978484e-11	6,428904718e-13	4,999999912e-15	1,36912576e-14	4,999999912e-15	4,999999912e-15	7,333585128e-12	6,796149879e-14	3,446025136e-14	4,999999912e-15	3,659846067e-14	1,084978635e-10	6,702405297e-11	1	1	1	1	1	1	1	0	0	0	0	0	0	0	0	0	0	6,409435293e-09	39,68770232	0	0,2808182425	30,1694673	0	30,55666314	0,2240406593	0,04268346089	0
691,082	1769772068,134	30/01/2026_12:21:08,134	1	2	2,815272182e-06	2,221323484e-06	2,416452888e-12	6,81705083e-12	5,877286938e-12	1,18611284e-11	6,902024091e-11	9,170105647e-11	9,500052654e-13	1,167542896e-13	1,12216781e-11	6,372870439e-13	4,999999912e-15	1,652604309e-14	4,999999912e-15	4,999999912e-15	7,346398663e-12	7,149868127e-14	3,043412758e-14	4,999999912e-15	4,171503773e-14	1,08875603e-10	6,708674588e-11	1	1	1	1	1	1	1	0	0	0	0	0	0	0	0	0	0	6,06607741e-09	39,75330656	0	0,2619936141	30,11458069	0	30,53292418	0,2219732414	0,04017729042	0
696,818	1769772073,870	30/01/2026_12:21:13,870	1	2	2,823839168e-06	2,25132294e-06	2,395538412e-12	6,873189951e-12	5,861699147e-12	1,185130726e-11	6,89460225e-11	9,173344029e-11	9,52469657e-13	1,043460565e-13	1,122864388e-11	6,325410031e-13	4,999999912e-15	1,245528406e-14	4,999999912e-15	9,079156426e-15	7,314422505e-12	7,373778237e-14	2,334425852e-14	4,999999912e-15	3,07911418e-14	1,08379139e-10	6,708305439e-11	1	1	1	1	1	1	1	0	0	0	0	0	0	0	0	0	0	5,684543853e-09	39,65216398	0	0,23730677	30,16814998	0	30,5964201	0,2203036476	0,0359470164	0
702,554	1769772079,606	30/01/2026_12:21:19,606	1	2	2,822030865e-06	2,198455149e-06	2,386718861e-12	6,854765453e-12	5,848333103e-12	1,183476581e-11	6,905055e-11	9,15717363e-11	9,615532112e-13	9,048550077e-14	1,125822786e-11	6,21854727e-13	4,999999912e-15	8,243851497e-15	4,999999912e-15	1,054505706e-14	7,300525635e-12	7,669772207e-14	1,545789897e-14	4,999999912e-15	3,366181438e-14	1,08560376e-10	6,719846207e-11	1	1	1	1	1	1	1	0	0	0	0	0	0	0	0	0	0	6,206929577e-09	39,69610977	0	0,271695523	30,13124712	0	30,62364119	0,219640944	0,03173781842	0
708,29	1769772085,342	30/01/2026_12:21:25,342	1	2	2,82103656e-06	2,213675998e-06	2,372274035e-12	6,832601759e-12	5,836080751e-12	1,185288413e-11	6,903997513e-11	9,178861837e-11	9,628289919e-13	9,28517178e-14	1,124673878e-11	6,161822354e-13	4,999999912e-15	5,058843291e-15	4,999999912e-15	1,683648406e-14	7,303880591e-12	8,431631587e-14	8,718259404e-15	4,999999912e-15	2,83618818e-14	1,084240198e-10	6,723747253e-11	1	1	1	1	1	1	1	0	0	0	0	0	0	0	0	0	0	5,803398327e-09	39,63674136	0	0,2498642085	30,16718331	0	30,63838872	0,2180610252	0,03258627877	0
714,026	1769772091,078	30/01/2026_12:21:31,078	1	2	2,823590876e-06	2,235845614e-06	2,371404939e-12	6,87431622e-12	5,840750626e-12	1,185144084e-11	6,912400513e-11	9,169441595e-11	9,601977416e-13	8,978795219e-14	1,123213848e-11	6,066591999e-13	4,999999912e-15	4,999999912e-15	4,999999912e-15	1,700528586e-14	7,295386517e-12	9,049230413e-14	6,76049013e-15	4,999999912e-15	2,520113262e-14	1,080959836e-10	6,711702027e-11	1	1	1	1	1	1	1	0	0	0	0	0	0	0	0	0	0	6,095264929e-09	39,59177403	0	0,2672879903	30,22269752	0	30,63844386	0,2185419584	0,03128237206	0
719,762	1769772096,814	30/01/2026_12:21:36,814	1	2	2,822576562e-06	2,203515578e-06	2,37758706e-12	6,904692963e-12	5,830511421e-12	1,187652407e-11	6,899177063e-11	9,158859088e-11	9,605671293e-13	9,288322065e-14	1,126534022e-11	6,063784457e-13	9,652030219e-15	4,999999912e-15	4,999999912e-15	1,491024813e-14	7,289386976e-12	9,998474488e-14	4,999999912e-15	7,874711151e-15	2,115802074e-14	1,082193987e-10	6,708977124e-11	1	1	1	1	1	1	1	0	0	0	0	0	0	0	0	0	0	8,807294923e-09	39,64016213	0	0,2612592366	30,18025823	0	30,63029066	0,2190732069	0,03258845102	0
725,498	1769772102,550	30/01/2026_12:21:42,550	1	2	2,825302772e-06	2,210285629e-06	2,375803547e-12	6,89244278e-12	5,841559441e-12	1,188191472e-11	6,909538219e-11	9,167472337e-11	9,587328761e-13	1,017518589e-13	1,12131528e-11	6,092631282e-13	1,527454175e-14	4,999999912e-15	7,831544658e-15	1,698588712e-14	7,299085815e-12	1,011173702e-13	4,999999912e-15	1,888738122e-14	1,608170655e-14	1,084180801e-10	6,713991862e-11	1	1	1	1	1	1	1	0	0	0	0	0	0	0	0	0	0	1,225633433e-08	39,6608739	0	0,2686713795	30,17814228	0	30,61332498	0,2186669199	0,03552719341	0
731,234	1769772108,286	30/01/2026_12:21:48,286	1	2	2,822564738e-06	2,207743819e-06	2,38530376e-12	6,869452056e-12	5,84701558e-12	1,189091881e-11	6,902985128e-11	9,160659731e-11	9,574024516e-13	1,129110301e-13	1,12459278e-11	6,184392733e-13	2,300906895e-14	4,999999912e-15	2,086698022e-14	8,837106597e-15	7,326864809e-12	1,04575494e-13	4,999999912e-15	2,886878697e-14	1,468517284e-14	1,084420609e-10	6,719382689e-11	1	1	1	1	1	1	1	0	0	0	0	0	0	0	0	0	0	1,683678677e-08	39,66327556	0	0,2700692606	30,14507852	0	30,63130868	0,2194509771	0,03957471196	0
736,97	1769772114,022	30/01/2026_12:21:54,022	1	2	2,826866876e-06	2,223026513e-06	2,393595738e-12	6,863962957e-12	5,854690864e-12	1,190618784e-11	6,901516164e-11	9,160405073e-11	9,483131511e-13	1,2798039e-13	1,124212529e-11	6,201322008e-13	2,890274283e-14	4,999999912e-15	2,490571802e-14	4,999999912e-15	7,334704892e-12	9,929690669e-14	1,582122359e-14	2,15451148e-14	1,628301409e-14	1,083075227e-10	6,716337209e-11	1	1	1	1	1	1	1	0	0	0	0	0	0	0	0	0	0	2,041043748e-08	39,63538597	0	0,2728360354	30,15910171	0	30,63389942	0,2203352388	0,04429543009	0
742,706	1769772119,758	30/01/2026_12:21:59,758	1	2	2,817534551e-06	2,206895488e-06	2,399607206e-12	6,858812997e-12	5,873041636e-12	1,188803916e-11	6,910808037e-11	9,167475806e-11	9,465322406e-13	1,346768563e-13	1,123285579e-11	6,250863542e-13	2,23469416e-14	4,999999912e-15	3,361621352e-14	4,999999912e-15	7,344569397e-12	9,070379132e-14	2,497799195e-14	1,772514698e-14	1,573827196e-14	1,086245469e-10	6,708363032e-11	1	1	1	1	1	1	1	0	0	0	0	0	0	0	0	0	0	1,645543026e-08	39,70213429	0	0,2764208508	30,15619989	0	30,560056	0,220618113	0,0464337835	0
748,442	1769772125,494	30/01/2026_12:22:05,494	1	2	2,814873596e-06	2,217071597e-06	2,401811606e-12	6,82545253e-12	5,859427527e-12	1,188004122e-11	6,892789117e-11	9,149700442e-11	9,450770245e-13	1,313802853e-13	1,123369973e-11	6,372016088e-13	1,11203559e-14	4,999999912e-15	2,486157913e-14	4,999999912e-15	7,342392319e-12	8,477810468e-14	3,552159719e-14	1,021617195e-14	1,581588051e-14	1,082196485e-10	6,715272782e-11	1	1	1	1	1	1	1	0	0	0	0	0	0	0	0	0	0	9,888859474e-09	39,63291735	0	0,2852516497	30,14270667	0	30,6509383	0,221355813	0,04539557036	0
754,178	1769772131,230	30/01/2026_12:22:11,230	1	2	2,815954531e-06	2,190047098e-06	2,399909698e-12	6,902748338e-12	5,881666681e-12	1,18455367e-11	6,898120963e-11	9,156864156e-11	9,426536158e-13	1,353850842e-13	1,122082635e-11	6,392039675e-13	5,745714166e-15	4,999999912e-15	1,92347003e-14	4,999999912e-15	7,339831e-12	7,463031793e-14	3,625114667e-14	4,999999912e-15	2,313858367e-14	1,084999382e-10	6,70580258e-11	1	1	1	1	1	1	1	0	0	0	0	0	0	0	0	0	0	6,498888943e-09	39,6930933	0	0,2660904522	30,13848171	0	30,57935977	0,2208766773	0,04651461232	0
759,914	1769772136,966	30/01/2026_12:22:16,966	1	2	2,82304859e-06	2,199297796e-06	2,393625662e-12	6,82602759e-12	5,871277423e-12	1,185464053e-11	6,89076296e-11	9,168177328e-11	9,398134397e-13	1,287439122e-13	1,12211412e-11	6,434944266e-13	4,999999912e-15	1,109561322e-14	5,62784445e-15	4,999999912e-15	7,343987397e-12	7,103154599e-14	4,068522524e-14	4,999999912e-15	3,404551014e-14	1,082614345e-10	6,711920603e-11	1	1	1	1	1	1	1	0	0	0	0	0	0	0	0	0	0	6,018853583e-09	39,6223929	0	0,2577278906	30,15881207	0	30,6211988	0,2203740935	0,04380739631	0
765,65	1769772142,702	30/01/2026_12:22:22,702	1	2	2,814274467e-06	2,202673613e-06	2,38004126e-12	6,893587264e-12	5,858131254e-12	1,183190438e-11	6,899678051e-11	9,171579468e-11	9,465692119e-13	1,210617571e-13	1,118872269e-11	6,404593652e-13	4,999999912e-15	1,386200081e-14	4,999999912e-15	4,999999912e-15	7,324046751e-12	6,928478109e-14	3,262084477e-14	4,999999912e-15	3,17166676e-14	1,079468528e-10	6,725978802e-11	1	1	1	1	1	1	1	0	0	0	0	0	0	0	0	0	0	6,015455736e-09	39,5290298	0	0,2533861261	30,1942413	0	30,70214985	0,2192511646	0,04157667543	0
771,386	1769772148,438	30/01/2026_12:22:28,438	1	2	2,826327091e-06	2,211130322e-06	2,363544256e-12	6,843916493e-12	5,857923521e-12	1,183117753e-11	6,892741933e-11	9,161588155e-11	9,477950109e-13	1,091963298e-13	1,122579373e-11	6,332409098e-13	4,999999912e-15	1,692525311e-14	4,999999912e-15	6,424341717e-15	7,314687051e-12	7,259641564e-14	2,787243906e-14	4,999999912e-15	3,633991233e-14	1,085137952e-10	6,718544471e-11	1	1	1	1	1	1	1	0	0	0	0	0	0	0	0	0	0	6,004118796e-09	39,68220174	0	0,2568956281	30,12181103	0	30,62509784	0,2174421045	0,03737481878	0
777,122	1769772154,174	30/01/2026_12:22:34,174	1	2	2,816093911e-06	2,236702585e-06	2,355689428e-12	6,859154304e-12	5,847941055e-12	1,184561477e-11	6,892635074e-11	9,1606292e-11	9,612369494e-13	9,79789573e-14	1,120141219e-11	6,256422247e-13	4,999999912e-15	1,235148018e-14	4,999999912e-15	1,124550926e-14	7,292366364e-12	7,375426902e-14	2,411359313e-14	4,999999912e-15	3,563510977e-14	1,084726337e-10	6,717475881e-11	1	1	1	1	1	1	1	0	0	0	0	0	0	0	0	0	0	5,917882992e-09	39,67986953	0	0,2545908921	30,13063375	0	30,63092505	0,2167534282	0,03451434486	0
782,858	1769772159,910	30/01/2026_12:22:39,910	1	2	2,816633241e-06	2,227292043e-06	2,343429704e-12	6,909673354e-12	5,840735447e-12	1,183194948e-11	6,890120419e-11	9,168484028e-11	9,645343335e-13	9,487156612e-14	1,125534214e-11	6,24447976e-13	4,999999912e-15	7,400794523e-15	4,999999912e-15	1,232140204e-14	7,294844416e-12	8,505557912e-14	1,53482675e-14	4,999999912e-15	3,451458344e-14	1,084401735e-10	6,70903888e-11	1	1	1	1	1	1	1	0	0	0	0	0	0	0	0	0	0	5,665364424e-09	39,67653113	0	0,2342733243	30,14995338	0	30,60225224	0,2155388256	0,03364076107	0
788,594	1769772165,646	30/01/2026_12:22:45,646	1	2	2,817500445e-06	2,234986823e-06	2,337773204e-12	6,917454456e-12	5,8325649e-12	1,184738765e-11	6,889456367e-11	9,169862092e-11	9,603390132e-13	8,895897799e-14	1,123439449e-11	6,126155356e-13	4,999999912e-15	5,822843293e-15	4,999999912e-15	1,283897644e-14	7,286298301e-12	9,017165812e-14	7,045237196e-15	4,999999912e-15	2,760468178e-14	1,081265424e-10	6,694088339e-11	1	1	1	1	1	1	1	0	0	0	0	0	0	0	0	0	0	5,489263249e-09	39,63062259	0	0,2238429644	30,20889069	0	30,58836112	0,2153029985	0,03111694512	0
794,33	1769772171,382	30/01/2026_12:22:51,382	1	2	2,820172313e-06	2,214524557e-06	2,341364732e-12	6,838506324e-12	5,829268492e-12	1,18468178e-11	6,885109149e-11	9,1615035e-11	9,588702445e-13	9,279881551e-14	1,120908661e-11	6,057177871e-13	4,999999912e-15	4,999999912e-15	4,999999912e-15	1,452315915e-14	7,280375088e-12	9,959959561e-14	4,999999912e-15	4,999999912e-15	2,284706034e-14	1,084309448e-10	6,719021867e-11	1	1	1	1	1	1	1	0	0	0	0	0	0	0	0	0	0	5,794525274e-09	39,67698021	0	0,248319694	30,12782253	0	30,64882736	0,2154458232	0,03244021169	0
800,066	1769772177,118	30/01/2026_12:22:57,118	1	2	2,818515441e-06	2,20605466e-06	2,344260419e-12	6,927392254e-12	5,830492773e-12	1,185387899e-11	6,889066401e-11	9,159782655e-11	9,59002734e-13	9,663334721e-14	1,123391918e-11	6,140013628e-13	1,686559319e-14	4,999999912e-15	4,999999912e-15	1,024139913e-14	7,287862154e-12	9,588245589e-14	4,999999912e-15	1,596528865e-14	2,240321339e-14	1,084751941e-10	6,701018213e-11	1	1	1	1	1	1	1	0	0	0	0	0	0	0	0	0	0	1,285756985e-08	39,70850727	0	0,2366438092	30,14824853	0	30,58027693	0,215742569	0,03384481846	0
805,802	1769772182,854	30/01/2026_12:23:02,854	1	2	2,812090088e-06	2,223026513e-06	2,353796845e-12	6,86273911e-12	5,831447738e-12	1,185750283e-11	6,899656541e-11	9,149731667e-11	9,53971277e-13	1,083702423e-13	1,1230618e-11	6,12757566e-13	2,467336841e-14	4,999999912e-15	1,578678323e-14	6,66736394e-15	7,317379341e-12	1,038881505e-13	8,74348574e-15	2,516620945e-14	1,595364872e-14	1,082502352e-10	6,707988331e-11	1	1	1	1	1	1	1	0	0	0	0	0	0	0	0	0	0	1,811101161e-08	39,65517288	0	0,2796862438	30,16508805	0	30,62611798	0,2170506217	0,03773196382	0
811,538	1769772188,590	30/01/2026_12:23:08,590	1	2	2,817123914e-06	2,235845614e-06	2,355305187e-12	6,863708386e-12	5,843027884e-12	1,187721189e-11	6,896071214e-11	9,150562946e-11	9,480175976e-13	1,19690919e-13	1,120274099e-11	6,17293109e-13	2,884598485e-14	4,999999912e-15	2,276120508e-14	7,739376461e-15	7,312021648e-12	9,993089391e-14	1,075460708e-14	2,569493758e-14	1,724297856e-14	1,086355658e-10	6,694336752e-11	1	1	1	1	1	1	1	0	0	0	0	0	0	0	0	0	0	2,031632281e-08	39,7566155	0	0,267313982	30,13683845	0	30,53691243	0,2168243771	0,04130354587	0
817,274	1769772194,326	30/01/2026_12:23:14,326	1	2	2,820714371e-06	2,208592377e-06	2,361397319e-12	6,856746941e-12	5,846133473e-12	1,187701586e-11	6,881373249e-11	9,151888275e-11	9,478891196e-13	1,334859957e-13	1,122210137e-11	6,252497435e-13	2,054100637e-14	4,999999912e-15	2,960222264e-14	5,255309195e-15	7,325830914e-12	9,378743171e-14	1,662159857e-14	2,696729287e-14	1,44329349e-14	1,083076129e-10	6,712558287e-11	1	1	1	1	1	1	1	0	0	0	0	0	0	0	0	0	0	1,49667108e-08	39,65857053	0	0,2502082309	30,12359145	0	30,63889586	0,2173157702	0,04646589177	0
823,01	1769772200,062	30/01/2026_12:23:20,062	1	2	2,821973112e-06	2,203515578e-06	2,368342284e-12	6,834768428e-12	5,85776783e-12	1,186995554e-11	6,886689136e-11	9,171847309e-11	9,403985837e-13	1,346123598e-13	1,119841025e-11	6,37284496e-13	1,419331097e-14	4,999999912e-15	2,997960631e-14	4,999999912e-15	7,332212094e-12	8,469613221e-14	2,630855704e-14	2,000257632e-14	1,266047271e-14	1,084884405e-10	6,698130245e-11	1	1	1	1	1	1	1	0	0	0	0	0	0	0	0	0	0	1,095106931e-08	39,69305699	0	0,2356568327	30,15627466	0	30,55298952	0,2176881204	0,04598659186	0
828,746	1769772205,798	30/01/2026_12:23:25,798	1	2	2,817385848e-06	2,236702585e-06	2,363737895e-12	6,848170468e-12	5,871923607e-12	1,186813668e-11	6,888042914e-11	9,159940167e-11	9,381860523e-13	1,391735035e-13	1,119168994e-11	6,403381514e-13	1,123386594e-14	4,999999912e-15	2,676404562e-14	4,999999912e-15	7,327396502e-12	8,120893823e-14	3,112584179e-14	8,789084911e-15	2,619748223e-14	1,082293144e-10	6,701523364e-11	1	1	1	1	1	1	1	0	0	0	0	0	0	0	0	0	0	9,458564951e-09	39,64222788	0	0,2531591848	30,1652003	0	30,59894708	0,2176554832	0,04758058615	0
834,482	1769772211,534	30/01/2026_12:23:31,534	1	2	2,822965598e-06	2,196773494e-06	2,361634109e-12	6,825590874e-12	5,864549298e-12	1,184366407e-11	6,891816284e-11	9,144999341e-11	9,443674141e-13	1,314428709e-13	1,125488851e-11	6,456908576e-13	4,999999912e-15	8,660539191e-15	1,309606957e-14	4,999999912e-15	7,334032687e-12	7,036215279e-14	3,96238794e-14	4,999999912e-15	3,1074908e-14	1,083770781e-10	6,679434089e-11	1	1	1	1	1	1	1	0	0	0	0	0	0	0	0	0	0	6,212956314e-09	39,7238081	0	0,2753193041	30,16509017	0	30,51385327	0,2178694405	0,0453990013	0
840,218	1769772217,270	30/01/2026_12:23:37,270	1	2	2,821685712e-06	2,22473318e-06	2,351227069e-12	6,8282437e-12	5,875164938e-12	1,184612651e-11	6,899824462e-11	9,153950514e-11	9,488519996e-13	1,226828833e-13	1,118599571e-11	6,42910909e-13	4,999999912e-15	1,578581592e-14	4,999999912e-15	4,999999912e-15	7,329683735e-12	6,87017446e-14	3,890257664e-14	4,999999912e-15	3,580585129e-14	1,085316143e-10	6,677103315e-11	1	1	1	1	1	1	1	0	0	0	0	0	0	0	0	0	0	6,279607452e-09	39,74762718	0	0,2740933428	30,17643228	0	30,48023466	0,2167878695	0,04245839484	0
845,954	1769772223,006	30/01/2026_12:23:43,006	1	2	2,813677384e-06	2,220472425e-06	2,332968454e-12	6,822980982e-12	5,862753859e-12	1,184267615e-11	6,893697418e-11	9,15055462e-11	9,565394267e-13	1,116095877e-13	1,117535404e-11	6,345016743e-13	4,999999912e-15	1,299177779e-14	4,999999912e-15	8,804602555e-15	7,317959606e-12	6,687398302e-14	2,724136224e-14	4,999999912e-15	3,635301763e-14	1,080632459e-10	6,68577485e-11	1	1	1	1	1	1	1	0	0	0	0	0	0	0	0	0	0	6,016860458e-09	39,64145824	0	0,2617884573	30,20462497	0	30,56950258	0,2153300157	0,03922449023	0
851,69	1769772228,742	30/01/2026_12:23:48,742	1	2	2,81205007e-06	2,200143172e-06	2,319869557e-12	6,871539362e-12	5,846663865e-12	1,184360682e-11	6,887417719e-11	9,138477475e-11	9,522068464e-13	1,016286664e-13	1,117302258e-11	6,30492891e-13	4,999999912e-15	1,493013985e-14	4,999999912e-15	1,160446149e-14	7,295105492e-12	7,318576761e-14	2,373911309e-14	4,999999912e-15	4,047616056e-14	1,084070889e-10	6,688993803e-11	1	1	1	1	1	1	1	0	0	0	0	0	0	0	0	0	0	6,02757856e-09	39,7318287	0	0,2633587859	30,14069526	0	30,55818531	0,2139496609	0,03523283404	0
857,426	1769772234,478	30/01/2026_12:23:54,478	1	2	2,816917231e-06	2,206895488e-06	2,318233713e-12	6,827146487e-12	5,83979913e-12	1,1815539e-11	6,890629733e-11	9,147479302e-11	9,589240209e-13	9,548373377e-14	1,115728517e-11	6,200813517e-13	4,999999912e-15	1,612731419e-14	4,999999912e-15	1,468372272e-14	7,290252603e-12	8,229160219e-14	1,6480449e-14	4,999999912e-15	3,7164072e-14	1,08254114e-10	6,675252018e-11	1	1	1	1	1	1	1	0	0	0	0	0	0	0	0	0	0	5,968236233e-09	39,70976987	0	0,2597749685	30,19429413	0	30,5221175	0,2139524908	0,03353969629	0
863,162	1769772240,214	30/01/2026_12:24:00,214	1	2	2,819195061e-06	2,206895488e-06	2,307669247e-12	6,839251821e-12	5,832751816e-12	1,182857371e-11	6,894058241e-11	9,14112952e-11	9,598578442e-13	9,045105702e-14	1,118829508e-11	6,181240957e-13	4,999999912e-15	9,959570942e-15	4,999999912e-15	1,85551156e-14	7,268346949e-12	8,669465563e-14	7,134492446e-15	4,999999912e-15	3,008827047e-14	1,080820711e-10	6,691611154e-11	1	1	1	1	1	1	1	0	0	0	0	0	0	0	0	0	0	6,078996455e-09	39,66144761	0	0,2707428894	30,19296456	0	30,60414237	0,2131121136	0,03181820898	0
868,898	1769772245,950	30/01/2026_12:24:05,950	1	2	2,819775091e-06	2,228999847e-06	2,30395477e-12	6,856926919e-12	5,822338705e-12	1,182902908e-11	6,890722715e-11	9,154330072e-11	9,604777911e-13	8,542664731e-14	1,119806158e-11	6,106256993e-13	4,999999912e-15	4,999999912e-15	4,999999912e-15	1,46192093e-14	7,263730849e-12	9,799786308e-14	5,907248432e-15	4,999999912e-15	1,891503176e-14	1,081941134e-10	6,690096394e-11	1	1	1	1	1	1	1	0	0	0	0	0	0	0	0	0	0	5,939751386e-09	39,67811279	0	0,2549035908	30,1971043	0	30,58321236	0,2125690406	0,02993951185	0
874,634	1769772251,686	30/01/2026_12:24:11,686	1	2	2,828168135e-06	2,190886335e-06	2,297487938e-12	6,888467227e-12	5,829241603e-12	1,184134648e-11	6,874063818e-11	9,151510799e-11	9,604272672e-13	9,433071186e-14	1,120109561e-11	6,064424136e-13	1,538174732e-14	4,999999912e-15	4,999999912e-15	1,569607447e-14	7,271613433e-12	9,565205615e-14	4,999999912e-15	1,433010171e-14	1,836593249e-14	1,082621978e-10	6,684028331e-11	1	1	1	1	1	1	1	0	0	0	0	0	0	0	0	0	0	1,170938635e-08	39,70619058	0	0,225994431	30,16633099	0	30,5632518	0,2117405242	0,03331304584	0
880,37	1769772257,422	30/01/2026_12:24:17,422	1	2	2,819477913e-06	2,185012818e-06	2,314205251e-12	6,879600622e-12	5,825823331e-12	1,18728213e-11	6,890395893e-11	9,135832368e-11	9,573383752e-13	1,012595091e-13	1,120695203e-11	6,116773754e-13	1,475697413e-14	4,999999912e-15	4,999999912e-15	8,955467593e-15	7,288111954e-12	1,042941504e-13	4,999999912e-15	2,270832312e-14	2,091548641e-14	1,080442541e-10	6,690151905e-11	1	1	1	1	1	1	1	0	0	0	0	0	0	0	0	0	0	1,214328204e-08	39,65940716	0	0,2761175745	30,1854916	0	30,60703526	0,2138641963	0,03562179008	0
886,106	1769772263,158	30/01/2026_12:24:23,158	1	2	2,810607839e-06	2,20605466e-06	2,323930978e-12	6,848140111e-12	5,831963384e-12	1,187128087e-11	6,883090625e-11	9,125418476e-11	9,523603694e-13	1,148911153e-13	1,118991531e-11	6,12196383e-13	2,372407656e-14	4,999999912e-15	2,319631405e-14	8,06971677e-15	7,311175103e-12	9,867018362e-14	9,350313696e-15	2,265302712e-14	1,401867988e-14	1,082596374e-10	6,715671769e-11	1	1	1	1	1	1	1	0	0	0	0	0	0	0	0	0	0	1,741528988e-08	39,68038743	0	0,2838446281	30,10001338	0	30,67717625	0,2143794995	0,04025047432	0
891,842	1769772268,894	30/01/2026_12:24:28,894	1	2	2,809813395e-06	2,195931756e-06	2,327845165e-12	6,844259968e-12	5,846790066e-12	1,185303678e-11	6,893832727e-11	9,149176555e-11	9,488338934e-13	1,249525657e-13	1,119459993e-11	6,218639969e-13	2,33447481e-14	4,999999912e-15	3,083819278e-14	6,611581738e-15	7,30862159e-12	8,993204266e-14	1,433398112e-14	2,46602682e-14	1,258771089e-14	1,079951475e-10	6,681418613e-11	1	1	1	1	1	1	1	0	0	0	0	0	0	0	0	0	0	1,680748511e-08	39,63878605	0	0,2598465966	30,22049455	0	30,56676677	0,2148362512	0,0434473877	0
897,578	1769772274,630	30/01/2026_12:24:34,630	1	2	2,82606311e-06	2,202673613e-06	2,333184861e-12	6,840758428e-12	5,850843247e-12	1,184482807e-11	6,872317992e-11	9,151320673e-11	9,453621696e-13	1,379598611e-13	1,117892758e-11	6,338856306e-13	1,72109641e-14	4,999999912e-15	3,062232813e-14	4,999999912e-15	7,334681473e-12	8,787289879e-14	3,073487509e-14	2,260500374e-14	1,560439501e-14	1,081336617e-10	6,700571348e-11	1	1	1	1	1	1	1	0	0	0	0	0	0	0	0	0	0	1,291172923e-08	39,64004414	0	0,2451263375	30,14350335	0	30,62246232	0,2149607472	0,04797697042	0
903,314	1769772280,366	30/01/2026_12:24:40,366	1	2	2,815499556e-06	2,235845614e-06	2,33956474e-12	6,841538187e-12	5,86245592e-12	1,185310444e-11	6,894738946e-11	9,155907282e-11	9,377854396e-13	1,381635691e-13	1,119051553e-11	6,337594837e-13	1,449454468e-14	4,999999912e-15	2,359455676e-14	4,999999912e-15	7,323089184e-12	7,940927782e-14	3,091726162e-14	1,140170213e-14	2,728889095e-14	1,082002266e-10	6,68379796e-11	1	1	1	1	1	1	1	0	0	0	0	0	0	0	0	0	0	1,163825839e-08	39,665517	0	0,2628476004	30,19886734	0	30,54202931	0,2157380953	0,04718922432	0
909,05	1769772286,102	30/01/2026_12:24:46,102	1	2	2,817163477e-06	2,179159992e-06	2,326872202e-12	6,827810886e-12	5,86572067e-12	1,184650208e-11	6,8824689e-11	9,125891709e-11	9,370392916e-13	1,343945571e-13	1,113745294e-11	6,415294186e-13	4,999999912e-15	4,999999912e-15	1,871955011e-14	4,999999912e-15	7,321746508e-12	7,682383511e-14	3,548375854e-14	4,999999912e-15	2,759449028e-14	1,081631451e-10	6,691315557e-11	1	1	1	1	1	1	1	0	0	0	0	0	0	0	0	0	0	6,293210656e-09	39,68668932	0	0,2872049476	30,13862454	0	30,60013787	0,2149695837	0,04603924037	0
914,786	1769772291,838	30/01/2026_12:24:51,838	1	2	2,80805034e-06	2,207743819e-06	2,319562944e-12	6,822210765e-12	5,85516054e-12	1,18264851e-11	6,883892761e-11	9,14676182e-11	9,394337521e-13	1,247046764e-13	1,116274e-11	6,404388738e-13	4,999999912e-15	6,235644799e-15	4,999999912e-15	4,999999912e-15	7,318401093e-12	6,744052609e-14	3,345420322e-14	4,999999912e-15	3,117629107e-14	1,07768558e-10	6,695282523e-11	1	1	1	1	1	1	1	0	0	0	0	0	0	0	0	0	0	6,078627056e-09	39,57160043	0	0,2610138375	30,20447367	0	30,64365738	0,214337346	0,04258879636	0
920,522	1769772297,574	30/01/2026_12:24:57,574	1	2	2,821039288e-06	2,202673613e-06	2,30618801e-12	6,813399237e-12	5,859622249e-12	1,182562902e-11	6,878290298e-11	9,132072182e-11	9,505957219e-13	1,113083489e-13	1,115085975e-11	6,380654468e-13	4,999999912e-15	8,557694145e-15	4,999999912e-15	4,999999912e-15	7,306137466e-12	6,474109307e-14	3,158133206e-14	4,999999912e-15	3,188012463e-14	1,078088729e-10	6,698905319e-11	1	1	1	1	1	1	1	0	0	0	0	0	0	0	0	0	0	6,139087121e-09	39,59780692	0	0,2680828467	30,171503	0	30,66712909	0,2132062013	0,03882459092	0
926,258	1769772303,310	30/01/2026_12:25:03,310	1	2	2,819122983e-06	2,221323484e-06	2,293349321e-12	6,823123663e-12	5,83787272e-12	1,182450058e-11	6,876205161e-11	9,143492213e-11	9,514597226e-13	1,071624208e-13	1,116303924e-11	6,252696386e-13	4,999999912e-15	1,068087371e-14	4,999999912e-15	7,137883966e-15	7,290625569e-12	7,622427808e-14	1,999820563e-14	4,999999912e-15	3,619585236e-14	1,078975936e-10	6,697956079e-11	1	1	1	1	1	1	1	0	0	0	0	0	0	0	0	0	0	5,846044218e-09	39,60831341	0	0,2487731005	30,17506262	0	30,64928334	0,2117581173	0,03729475274	0
931,994	1769772309,046	30/01/2026_12:25:09,046	1	2	2,807420287e-06	2,164178795e-06	2,288422056e-12	6,815293122e-12	5,837076482e-12	1,180247913e-11	6,886618359e-11	9,138424045e-11	9,554383109e-13	9,423125664e-14	1,116305399e-11	6,192983409e-13	4,999999912e-15	9,133486814e-15	4,999999912e-15	1,585856927e-14	7,280601469e-12	8,101780016e-14	1,417050037e-14	4,999999912e-15	3,112875219e-14	1,078923548e-10	6,683346238e-11	1	1	1	1	1	1	1	0	0	0	0	0	0	0	0	0	0	6,047537677e-09	39,63559739	0	0,2660037118	30,2088745	0	30,60146716	0,2115662415	0,03289012878	0
937,73	1769772314,782	30/01/2026_12:25:14,782	1	2	2,817364702e-06	2,194246917e-06	2,272517461e-12	6,837376151e-12	5,827255345e-12	1,180151376e-11	6,889543103e-11	9,159712572e-11	9,603490963e-13	8,697257053e-14	1,116513913e-11	6,168944479e-13	4,999999912e-15	4,999999912e-15	4,999999912e-15	1,317901612e-14	7,279433133e-12	8,58743957e-14	1,487095088e-14	4,999999912e-15	3,034292584e-14	1,081095005e-10	6,68361963e-11	1	1	1	1	1	1	1	0	0	0	0	0	0	0	0	0	0	5,85944899e-09	39,65863905	0	0,2469237568	30,2164323	0	30,56447991	0,209713182	0,03047634457	0
943,466	1769772320,518	30/01/2026_12:25:20,518	1	2	2,809787702e-06	2,232421366e-06	2,270632033e-12	6,84355914e-12	5,822443222e-12	1,180824275e-11	6,875761072e-11	9,133936663e-11	9,609900766e-13	8,917337897e-14	1,116863546e-11	6,081653735e-13	4,999999912e-15	4,999999912e-15	4,999999912e-15	1,388770826e-14	7,267040702e-12	9,426664907e-14	5,800525669e-15	4,999999912e-15	2,380652844e-14	1,078696785e-10	6,680077325e-11	1	1	1	1	1	1	1	0	0	0	0	0	0	0	0	0	0	5,895690235e-09	39,64827484	0	0,2536306647	30,19708261	0	30,60566347	0,2099650024	0,03163919782	0
949,202	1769772326,254	30/01/2026_12:25:26,254	1	2	2,813416359e-06	2,209436389e-06	2,271335463e-12	6,844041393e-12	5,821922371e-12	1,183322971e-11	6,874954772e-11	9,131818218e-11	9,557521875e-13	9,263001878e-14	1,117232869e-11	6,067655601e-13	1,327166458e-14	4,999999912e-15	4,999999912e-15	1,220449794e-14	7,273273563e-12	1,012701885e-13	4,999999912e-15	1,284091445e-14	2,132780172e-14	1,07629447e-10	6,692668642e-11	1	1	1	1	1	1	1	0	0	0	0	0	0	0	0	0	0	1,099542051e-08	39,57977448	0	0,2622261216	30,2025686	0	30,67693306	0,2101873347	0,03247045168	0
954,938	1769772331,990	30/01/2026_12:25:31,990	1	2	2,819854672e-06	2,236702585e-06	2,285952243e-12	6,88619127e-12	5,829258083e-12	1,185300035e-11	6,891141824e-11	9,147022029e-11	9,501742925e-13	1,049048611e-13	1,117373295e-11	6,07169588e-13	2,207723784e-14	4,999999912e-15	1,146766567e-14	4,999999912e-15	7,276522267e-12	1,036553181e-13	4,999999912e-15	1,650857219e-14	1,642708085e-14	1,079423634e-10	6,686626947e-11	1	1	1	1	1	1	1	0	0	0	0	0	0	0	0	0	0	1,631298304e-08	39,6312958	0	0,2597568594	30,2189773	0	30,60160042	0,211200945	0,03623327221	0
960,674	1769772337,726	30/01/2026_12:25:37,726	1	2	2,81781513e-06	2,22473318e-06	2,292342314e-12	6,849300207e-12	5,829750311e-12	1,186475137e-11	6,884933595e-11	9,134498713e-11	9,499463932e-13	1,124923993e-13	1,117502098e-11	6,123531586e-13	2,491880807e-14	4,999999912e-15	1,987014611e-14	1,267162475e-14	7,293974452e-12	1,035204501e-13	8,534900488e-15	2,546597441e-14	1,794148597e-14	1,080237566e-10	6,693669924e-11	1	1	1	1	1	1	1	0	0	0	0	0	0	0	0	0	0	1,801330473e-08	39,65213294	0	0,2744301699	30,17256969	0	30,62423152	0,2117331665	0,03911713641	0
966,41	1769772343,462	30/01/2026_12:25:43,462	1	2	2,819008387e-06	2,220472425e-06	2,303492466e-12	6,83830206e-12	5,835299691e-12	1,1872189e-11	6,883770637e-11	9,128026807e-11	9,478173454e-13	1,244053824e-13	1,116873694e-11	6,19929455e-13	2,708758002e-14	4,999999912e-15	2,786759233e-14	5,197094315e-15	7,318710742e-12	9,570831269e-14	1,815442836e-14	2,463892297e-14	1,595025042e-14	1,077557071e-10	6,701618427e-11	1	1	1	1	1	1	1	0	0	0	0	0	0	0	0	0	0	1,943648582e-08	39,58445736	0	0,2844661844	30,17750236	0	30,68180632	0,212976477	0,04339378535	0
972,146	1769772349,198	30/01/2026_12:25:49,198	1	2	2,814642585e-06	2,217071597e-06	2,311363123e-12	6,848711268e-12	5,845694154e-12	1,186981416e-11	6,867795221e-11	9,142162721e-11	9,421813373e-13	1,335834926e-13	1,116831887e-11	6,26175869e-13	1,97964102e-14	4,999999912e-15	2,770896509e-14	4,999999912e-15	7,332612816e-12	9,329506839e-14	2,397970264e-14	2,380507494e-14	2,082477257e-14	1,078916539e-10	6,678812364e-11	1	1	1	1	1	1	1	0	0	0	0	0	0	0	0	0	0	1,441010898e-08	39,62974716	0	0,2416420643	30,18226248	0	30,58352051	0,2133506849	0,04622587319	0
977,882	1769772354,934	30/01/2026_12:25:54,934	1	2	2,812378625e-06	2,212825393e-06	2,313891483e-12	6,835199073e-12	5,850818528e-12	1,185034536e-11	6,878422831e-11	9,131660705e-11	9,447287787e-13	1,331701947e-13	1,11687647e-11	6,325942916e-13	1,402013e-14	4,999999912e-15	2,578224296e-14	4,999999912e-15	7,321771661e-12	7,943159883e-14	3,291479909e-14	1,192460606e-14	1,919685995e-14	1,079731443e-10	6,69232933e-11	1	1	1	1	1	1	1	0	0	0	0	0	0	0	0	0	0	1,143030288e-08	39,64034495	0	0,2724762598	30,16007186	0	30,62418773	0,2137402469	0,04631019979	0
983,618	1769772360,670	30/01/2026_12:26:00,670	1	2	2,817432687e-06	2,193404043e-06	2,313176343e-12	6,829730358e-12	5,851008913e-12	1,184342208e-11	6,871450631e-11	9,134838719e-11	9,320458901e-13	1,337183673e-13	1,114645442e-11	6,40936631e-13	4,999999912e-15	4,999999912e-15	1,885633576e-14	4,999999912e-15	7,321371807e-12	7,358062049e-14	3,374621614e-14	5,747653872e-15	2,448708892e-14	1,075552633e-10	6,691479315e-11	1	1	1	1	1	1	1	0	0	0	0	0	0	0	0	0	0	5,839428999e-09	39,5470893	0	0,2578798687	30,19962174	0	30,6689897	0,2139178776	0,04542391863	0
989,354	1769772366,406	30/01/2026_12:26:06,406	1	2	2,81254529e-06	2,193404043e-06	2,305634199e-12	6,817036519e-12	5,848784131e-12	1,181994259e-11	6,887141552e-11	9,141234991e-11	9,333532211e-13	1,265600716e-13	1,114657932e-11	6,403501861e-13	4,999999912e-15	7,295532044e-15	8,533443592e-15	4,999999912e-15	7,301364374e-12	6,520191288e-14	3,390871771e-14	4,999999912e-15	3,027646764e-14	1,080888781e-10	6,665756835e-11	1	1	1	1	1	1	1	0	0	0	0	0	0	0	0	0	0	6,091397192e-09	39,69234137	0	0,2631537148	30,21055506	0	30,511444	0,2130922387	0,0427073579	0
995,09	1769772372,142	30/01/2026_12:26:12,142	1	2	2,813101446e-06	2,225585831e-06	2,287687617e-12	6,805983728e-12	5,845070955e-12	1,180217035e-11	6,888685455e-11	9,136776058e-11	9,447501375e-13	1,162856839e-13	1,113303373e-11	6,379417936e-13	4,999999912e-15	1,129401206e-14	4,999999912e-15	4,999999912e-15	7,295214779e-12	6,403530457e-14	3,232688029e-14	4,999999912e-15	3,370449468e-14	1,077764336e-10	6,683639753e-11	1	1	1	1	1	1	1	0	0	0	0	0	0	0	0	0	0	6,297154992e-09	39,60538386	0	0,2747371181	30,21871596	0	30,61156296	0,2116973944	0,04004206205	0
1000,826	1769772377,878	30/01/2026_12:26:17,878	1	2	2,815079142e-06	2,209436389e-06	2,28270289e-12	6,815404578e-12	5,846352916e-12	1,181608023e-11	6,879666281e-11	9,142653301e-11	9,454914065e-13	1,113379273e-13	1,113556469e-11	6,255489833e-13	4,999999912e-15	1,131535051e-14	4,999999912e-15	4,999999912e-15	7,294765486e-12	7,082053992e-14	2,30929845e-14	4,999999912e-15	3,034583964e-14	1,075025971e-10	6,653275847e-11	1	1	1	1	1	1	1	0	0	0	0	0	0	0	0	0	0	5,792803269e-09	39,58477504	0	0,2428727764	30,28498367	0	30,53907852	0,2114005512	0,03834554046	0
1006,562	1769772383,614	30/01/2026_12:26:23,614	1	2	2,820844657e-06	2,241853508e-06	2,26485085e-12	6,822983584e-12	5,844761741e-12	1,179955873e-11	6,877638042e-11	9,14751816e-11	9,500455977e-13	9,782809057e-14	1,113056522e-11	6,224509298e-13	4,999999912e-15	6,87060272e-15	4,999999912e-15	1,240822969e-14	7,296832409e-12	6,948026952e-14	1,83571928e-14	4,999999912e-15	3,033274112e-14	1,076976147e-10	6,680692111e-11	1	1	1	1	1	1	1	0	0	0	0	0	0	0	0	0	0	5,626121142e-09	39,58524228	0	0,2361725734	30,22953229	0	30,61101864	0,2092995013	0,03372231226	0
1012,298	1769772389,350	30/01/2026_12:26:29,350	1	2	2,819302381e-06	2,222177272e-06	2,257722004e-12	6,825228317e-12	5,825829836e-12	1,180066201e-11	6,883667941e-11	9,139285856e-11	9,540097662e-13	9,044524298e-14	1,113326271e-11	6,161100276e-13	4,999999912e-15	5,917917659e-15	4,999999912e-15	1,13158384e-14	7,280585856e-12	7,827760792e-14	1,190180563e-14	4,999999912e-15	2,901915904e-14	1,077401848e-10	6,692356391e-11	1	1	1	1	1	1	1	0	0	0	0	0	0	0	0	0	0	5,981276091e-09	39,59038947	0	0,2578754441	30,21134352	0	30,65226784	0,2087737033	0,03138940058	0
1018,034	1769772395,086	30/01/2026_12:26:35,086	1	2	2,815747166e-06	2,214524557e-06	2,248826342e-12	6,823415964e-12	5,819070052e-12	1,181345907e-11	6,869694397e-11	9,1373277e-11	9,573669982e-13	8,53621305e-14	1,116158468e-11	6,120842765e-13	4,999999912e-15	4,999999912e-15	4,999999912e-15	1,594006062e-14	7,263520081e-12	8,640406912e-14	9,498259858e-15	4,999999912e-15	2,727530285e-14	1,076257347e-10	6,69539979e-11	1	1	1	1	1	1	1	0	0	0	0	0	0	0	0	0	0	5,721416305e-09	39,57232078	0	0,2458592202	30,19893914	0	30,68704813	0,207941512	0,02993222382	0
1023,77	1769772400,822	30/01/2026_12:26:40,822	1	2	2,815943844e-06	2,232421366e-06	2,24824586e-12	6,845536291e-12	5,818208762e-12	1,181306528e-11	6,872523384e-11	9,124104944e-11	9,617651727e-13	8,45292464e-14	1,115645337e-11	6,105334879e-13	4,999999912e-15	4,999999912e-15	4,999999912e-15	1,722211952e-14	7,268565524e-12	9,505539937e-14	4,999999912e-15	4,999999912e-15	2,104451833e-14	1,077377978e-10	6,680486025e-11	1	1	1	1	1	1	1	0	0	0	0	0	0	0	0	0	0	5,948014397e-09	39,63269169	0	0,2608408369	30,19548465	0	30,63157864	0,2081091726	0,03010299619	0
1029,506	1769772406,558	30/01/2026_12:26:46,558	1	2	2,818602525e-06	2,20182983e-06	2,255794726e-12	6,853399792e-12	5,816768074e-12	1,183780851e-11	6,882266285e-11	9,134418222e-11	9,534524862e-13	9,348714158e-14	1,118730629e-11	6,088858259e-13	1,217878371e-14	4,999999912e-15	4,999999912e-15	1,257848839e-14	7,277916117e-12	1,057634476e-13	4,999999912e-15	1,350207279e-14	2,282329091e-14	1,077653244e-10	6,712474326e-11	1	1	1	1	1	1	1	0	0	0	0	0	0	0	0	0	0	1,057417097e-08	39,57621579	0	0,2769118391	30,17454473	0	30,72397964	0,2086006347	0,03249119141	0
1035,242	1769772412,294	30/01/2026_12:26:52,294	1	2	2,827382787e-06	2,223880983e-06	2,260518595e-12	6,888282045e-12	5,8226657e-12	1,18356297e-11	6,880409437e-11	9,129687284e-11	9,556439841e-13	1,010261888e-13	1,117848262e-11	6,113722809e-13	2,042216426e-14	4,999999912e-15	9,855277469e-15	1,453528189e-14	7,276822374e-12	1,058265075e-13	8,046916337e-15	1,995260985e-14	1,879230685e-14	1,077671702e-10	6,671188602e-11	1	1	1	1	1	1	1	0	0	0	0	0	0	0	0	0	0	1,533837864e-08	39,63948242	0	0,2665880078	30,22138338	0	30,58628287	0,2092591168	0,03553146628	0
1040,978	1769772418,030	30/01/2026_12:26:58,030	1	2	2,816464303e-06	2,22985409e-06	2,274341306e-12	6,859538978e-12	5,842207794e-12	1,183192433e-11	6,864631086e-11	9,139940194e-11	9,481894436e-13	1,183045767e-13	1,117402698e-11	6,181787937e-13	2,640217621e-14	4,999999912e-15	2,564157789e-14	1,098841274e-14	7,297133384e-12	1,040530645e-13	1,171019831e-14	2,626634939e-14	1,833439406e-14	1,07716315e-10	6,696041638e-11	1	1	1	1	1	1	1	0	0	0	0	0	0	0	0	0	0	1,835114445e-08	39,57999622	0	0,2399554044	30,17662812	0	30,67320379	0,210005338	0,0412145766	0
1046,714	1769772423,766	30/01/2026_12:27:03,766	1	2	2,814925438e-06	2,240136155e-06	2,279804383e-12	6,845819918e-12	5,847362091e-12	1,184701642e-11	6,873464298e-11	9,146072094e-11	9,50459004e-13	1,304833791e-13	1,116181626e-11	6,224004602e-13	2,609318198e-14	4,999999912e-15	3,096333682e-14	4,999999912e-15	7,314637611e-12	9,691033376e-14	1,820003261e-14	2,780064454e-14	1,440092044e-14	1,081628467e-10	6,680703213e-11	1	1	1	1	1	1	1	0	0	0	0	0	0	0	0	0	0	1,820419848e-08	39,68574321	0	0,241896974	30,16758931	0	30,5587596	0,2102287946	0,0457485235	0
1052,45	1769772429,502	30/01/2026_12:27:09,502	1	2	2,809088983e-06	2,208592377e-06	2,286963154e-12	6,825743096e-12	5,851266954e-12	1,183142039e-11	6,883465326e-11	9,124348499e-11	9,434355424e-13	1,412253696e-13	1,115808747e-11	6,295353778e-13	1,587409369e-14	4,999999912e-15	3,351920792e-14	4,999999912e-15	7,327170988e-12	8,61867679e-14	2,795053041e-14	1,927350118e-14	1,924634192e-14	1,077092235e-10	6,665009517e-11	1	1	1	1	1	1	1	0	0	0	0	0	0	0	0	0	0	1,26173141e-08	39,62700981	0	0,2814231706	30,22412117	0	30,56118816	0,2117498432	0,04925841009	0
1058,186	1769772435,238	30/01/2026_12:27:15,238	1	2	2,819510428e-06	2,20605466e-06	2,287345226e-12	6,819973405e-12	5,853743271e-12	1,18320128e-11	6,870229385e-11	9,127043565e-11	9,374013068e-13	1,338250664e-13	1,11374911e-11	6,394562072e-13	6,34915145e-15	4,999999912e-15	2,634590612e-14	4,999999912e-15	7,320113266e-12	7,835764915e-14	4,112324291e-14	1,497573224e-14	2,636531333e-14	1,076898778e-10	6,664998414e-11	1	1	1	1	1	1	1	0	0	0	0	0	0	0	0	0	0	6,754741257e-09	39,62498837	0	0,2681653559	30,21022152	0	30,56982065	0,211754058	0,04602848736	0
1063,922	1769772440,974	30/01/2026_12:27:20,974	1	2	2,817930636e-06	2,238419711e-06	2,276230636e-12	6,817331422e-12	5,862094664e-12	1,181783404e-11	6,874290026e-11	9,125990935e-11	9,4121141e-13	1,313468377e-13	1,115030637e-11	6,365957024e-13	4,999999912e-15	5,677323032e-15	1,478509901e-14	4,999999912e-15	7,319592848e-12	7,5415653e-14	4,096365513e-14	4,999999912e-15	2,845258886e-14	1,078874975e-10	6,67009295e-11	1	1	1	1	1	1	1	0	0	0	0	0	0	0	0	0	0	6,202178232e-09	39,66218401	0	0,2760587948	30,18657234	0	30,56426887	0,2106804151	0,04541718222	0
1069,658	1769772446,710	30/01/2026_12:27:26,710	1	2	2,808809541e-06	2,213675998e-06	2,274034476e-12	6,813770468e-12	5,845706731e-12	1,181954621e-11	6,863183633e-11	9,133487022e-11	9,403113054e-13	1,258130698e-13	1,113264342e-11	6,412408039e-13	4,999999912e-15	1,187270158e-14	4,999999912e-15	4,999999912e-15	7,30978212e-12	7,027192684e-14	3,461693212e-14	4,999999912e-15	3,550170886e-14	1,077973752e-10	6,685856035e-11	1	1	1	1	1	1	1	0	0	0	0	0	0	0	0	0	0	5,85079396e-09	39,61481664	0	0,2483251548	30,16724358	0	30,62964865	0,2102228312	0,04330349813	0
1075,394	1769772452,446	30/01/2026_12:27:32,446	1	2	2,817957466e-06	2,238419711e-06	2,259498795e-12	6,811982402e-12	5,846911497e-12	1,181438367e-11	6,854820878e-11	9,126938094e-11	9,386459708e-13	1,18152287e-13	1,114456791e-11	6,304871447e-13	4,999999912e-15	1,399102934e-14	4,999999912e-15	4,999999912e-15	7,308396943e-12	6,597948912e-14	2,881106337e-14	4,999999912e-15	3,389465358e-14	1,076282813e-10	6,680975911e-11	1	1	1	1	1	1	1	0	0	0	0	0	0	0	0	0	0	5,600287109e-09	39,59657214	0	0,2344637217	30,17258198	0	30,64142789	0,208985191	0,04045020421	0
1081,13	1769772458,182	30/01/2026_12:27:38,182	1	2	2,815155085e-06	2,18752848e-06	2,24908525e-12	6,822111018e-12	5,837034849e-12	1,179108894e-11	6,876548636e-11	9,126296246e-11	9,459103422e-13	1,008583543e-13	1,11369412e-11	6,276736943e-13	4,999999912e-15	1,231848994e-14	4,999999912e-15	9,295500499e-15	7,275553424e-12	7,587890548e-14	2,404955406e-14	4,999999912e-15	3,488807415e-14	1,079075995e-10	6,664459956e-11	1	1	1	1	1	1	1	0	0	0	0	0	0	0	0	0	0	6,096149807e-09	39,68360086	0	0,2641441641	30,20308905	0	30,54966289	0,2082090981	0,03460395347	0
1086,866	1769772463,918	30/01/2026_12:27:43,918	1	2	2,815482731e-06	2,213675998e-06	2,235879667e-12	6,808923651e-12	5,821771884e-12	1,17840156e-11	6,883388304e-11	9,124353356e-11	9,55646803e-13	9,340956014e-14	1,114258252e-11	6,186978013e-13	4,999999912e-15	1,005221771e-14	4,999999912e-15	9,900873253e-15	7,280473967e-12	8,407863164e-14	1,371162705e-14	4,999999912e-15	3,432152091e-14	1,077062467e-10	6,690526605e-11	1	1	1	1	1	1	1	0	0	0	0	0	0	0	0	0	0	6,360206647e-09	39,60366529	0	0,2817267853	30,19802356	0	30,65971337	0,2070971545	0,03275237949	0
1092,602	1769772469,654	30/01/2026_12:27:49,654	1	2	2,826126774e-06	2,205207238e-06	2,228896321e-12	6,837476765e-12	5,822709502e-12	1,180912659e-11	6,861512053e-11	9,139459328e-11	9,530468862e-13	9,151580454e-14	1,1139774e-11	6,119999256e-13	4,999999912e-15	7,807287328e-15	4,999999912e-15	1,228550986e-14	7,272635185e-12	8,86092347e-14	7,535640474e-15	4,999999912e-15	2,799031724e-14	1,075894512e-10	6,676297015e-11	1	1	1	1	1	1	1	0	0	0	0	0	0	0	0	0	0	5,430904501e-09	39,58863844	0	0,2240154498	30,21743617	0	30,62716526	0,2061183191	0,03183988138	0
1098,338	1769772475,390	30/01/2026_12:27:55,390	1	2	2,809347052e-06	2,215370614e-06	2,226656793e-12	6,839772238e-12	5,817061676e-12	1,180691569e-11	6,888122017e-11	9,121996908e-11	9,575556494e-13	8,969533422e-14	1,115671271e-11	6,04310059e-13	4,999999912e-15	4,999999912e-15	4,999999912e-15	1,359278324e-14	7,258966431e-12	1,005610051e-13	4,999999912e-15	4,999999912e-15	2,595250505e-14	1,07812495e-10	6,690283744e-11	1	1	1	1	1	1	1	0	0	0	0	0	0	0	0	0	0	6,496690702e-09	39,63449059	0	0,2922342146	30,1962389	0	30,65127089	0,2062772362	0,0315388064	0
1104,074	1769772481,126	30/01/2026_12:28:01,126	1	2	2,808490535e-06	2,215370614e-06	2,228653893e-12	6,912834454e-12	5,808417549e-12	1,182473737e-11	6,876003239e-11	9,128980905e-11	9,51673202e-13	9,403239363e-14	1,117015855e-11	6,059694304e-13	1,50155106e-14	4,999999912e-15	4,999999912e-15	1,349818999e-14	7,286608816e-12	9,963598414e-14	4,999999912e-15	8,79101784e-15	1,701013767e-14	1,077378117e-10	6,676763309e-11	1	1	1	1	1	1	1	0	0	0	0	0	0	0	0	0	0	1,196194616e-08	39,62722755	0	0,2535185486	30,2091358	0	30,61245721	0,2062646722	0,03261504861	0
1109,81	1769772486,862	30/01/2026_12:28:06,862	1	2	2,81285088e-06	2,225585831e-06	2,237032608e-12	6,847941051e-12	5,815014269e-12	1,182604448e-11	6,872425545e-11	9,125639133e-11	9,552573576e-13	1,042194285e-13	1,115986817e-11	6,080247525e-13	2,320407118e-14	4,999999912e-15	1,007210435e-14	1,575331188e-14	7,28385581e-12	1,048403511e-13	6,571799989e-15	2,077093177e-14	1,415062051e-14	1,076542466e-10	6,677187275e-11	1	1	1	1	1	1	1	0	0	0	0	0	0	0	0	0	0	1,693817313e-08	39,61435011	0	0,2645362005	30,20901617	0	30,62634402	0,2071480048	0,03676435911	0
1115,546	1769772492,598	30/01/2026_12:28:12,598	1	2	2,806971224e-06	2,241853508e-06	2,246293429e-12	6,853052847e-12	5,818210497e-12	1,183881465e-11	6,869427943e-11	9,128484774e-11	9,49706134e-13	1,184263598e-13	1,117428546e-11	6,144005118e-13	2,988841135e-14	4,999999912e-15	1,912361362e-14	1,015553879e-14	7,306378592e-12	9,979362036e-14	1,072986948e-14	2,625616297e-14	1,509166903e-14	1,077090847e-10	6,670074909e-11	1	1	1	1	1	1	1	0	0	0	0	0	0	0	0	0	0	2,07220878e-08	39,62755824	0	0,2520353637	30,20658182	0	30,59005248	0,2078331827	0,04147731933	0
1121,282	1769772498,334	30/01/2026_12:28:18,334	1	2	2,816749884e-06	2,197610456e-06	2,259954593e-12	6,843596436e-12	5,8318168e-12	1,184651422e-11	6,878290992e-11	9,136430501e-11	9,443151556e-13	1,277155465e-13	1,117528379e-11	6,187401394e-13	2,283250662e-14	4,999999912e-15	3,054714549e-14	4,999999912e-15	7,321682323e-12	1,001341479e-13	1,794293948e-14	2,231638234e-14	1,608801186e-14	1,077645057e-10	6,674100161e-11	1	1	1	1	1	1	1	0	0	0	0	0	0	0	0	0	0	1,655580581e-08	39,61808076	0	0,2617382518	30,21567941	0	30,58437374	0,2089778544	0,0442778526	0
1127,018	1769772504,070	30/01/2026_12:28:24,070	1	2	2,818937219e-06	2,209436389e-06	2,259319251e-12	6,84346026e-12	5,84065565e-12	1,184126061e-11	6,873809855e-11	9,133838824e-11	9,453016711e-13	1,294744206e-13	1,115518442e-11	6,226138312e-13	2,199914309e-14	4,999999912e-15	3,184423415e-14	4,999999912e-15	7,320957209e-12	9,393390064e-14	2,020242358e-14	1,763734354e-14	1,679137447e-14	1,079469014e-10	6,680263287e-11	1	1	1	1	1	1	1	0	0	0	0	0	0	0	0	0	0	1,595004366e-08	39,65281283	0	0,2568767885	30,1768107	0	30,58905001	0,2087030105	0,04502855768	0
1132,754	1769772509,806	30/01/2026_12:28:29,806	1	2	2,806013299e-06	2,20182983e-06	2,261069153e-12	6,831570466e-12	5,846745397e-12	1,185096292e-11	6,885964021e-11	9,125510764e-11	9,354488755e-13	1,33060094e-13	1,114064049e-11	6,348650446e-13	8,993296085e-15	4,999999912e-15	2,894736452e-14	4,999999912e-15	7,317295207e-12	8,212716938e-14	2,8016023e-14	1,264106549e-14	2,139959115e-14	1,077566161e-10	6,670206054e-11	1	1	1	1	1	1	1	0	0	0	0	0	0	0	0	0	0	8,525690216e-09	39,63084603	0	0,282823329	30,22031578	0	30,57454503	0,209332267	0,04547112943	0
1138,49	1769772515,542	30/01/2026_12:28:35,542	1	2	2,807282954e-06	2,223880983e-06	2,261574391e-12	6,822612354e-12	5,84786386e-12	1,182321688e-11	6,873467073e-11	9,124082739e-11	9,349609845e-13	1,3394586e-13	1,113881036e-11	6,429860984e-13	7,075310254e-15	4,999999912e-15	1,470457836e-14	4,999999912e-15	7,302130255e-12	7,370917299e-14	3,658730355e-14	6,101276575e-15	2,646668454e-14	1,077798475e-10	6,691052573e-11	1	1	1	1	1	1	1	0	0	0	0	0	0	0	0	0	0	7,453329095e-09	39,61429005	0	0,2770554207	30,16885317	0	30,65280802	0,2092904594	0,04582092121	0
1144,226	1769772521,278	30/01/2026_12:28:41,278	1	2	2,804652922e-06	2,218773716e-06	2,255964729e-12	6,819583526e-12	5,853910238e-12	1,182777661e-11	6,872828695e-11	9,132954115e-11	9,346731288e-13	1,29342961e-13	1,112520406e-11	6,398364911e-13	4,999999912e-15	9,641842107e-15	7,751987935e-15	4,999999912e-15	7,308998892e-12	6,911986039e-14	3,452427688e-14	4,999999912e-15	3,100068759e-14	1,077113052e-10	6,693774007e-11	1	1	1	1	1	1	1	0	0	0	0	0	0	0	0	0	0	6,035672583e-09	39,58336689	0	0,2626897086	30,18170202	0	30,66290804	0,208660386	0,04403979364	0
1149,962	1769772527,014	30/01/2026_12:28:47,014	1	2	2,80754125e-06	2,217923793e-06	2,238548539e-12	6,811385657e-12	5,840779683e-12	1,181514608e-11	6,873578096e-11	9,133872131e-11	9,420638098e-13	1,187741447e-13	1,113644767e-11	6,372810808e-13	4,999999912e-15	1,044124978e-14	4,999999912e-15	4,999999912e-15	7,307701319e-12	6,749388917e-14	3,508696765e-14	4,999999912e-15	3,122576118e-14	1,076461975e-10	6,700311833e-11	1	1	1	1	1	1	1	0	0	0	0	0	0	0	0	0	0	6,126389156e-09	39,56132706	0	0,2654496092	30,18347308	0	30,6933094	0,2071151677	0,04082670178	0
1155,698	1769772532,750	30/01/2026_12:28:52,750	1	2	2,80829363e-06	2,182504886e-06	2,229635096e-12	6,886479234e-12	5,84930368e-12	1,180375762e-11	6,869075447e-11	9,127815864e-11	9,472525845e-13	1,039429637e-13	1,113315429e-11	6,349726517e-13	4,999999912e-15	8,404415063e-15	4,999999912e-15	8,043518041e-15	7,298386721e-12	6,347019129e-14	2,526952206e-14	4,999999912e-15	3,19984924e-14	1,077030132e-10	6,692315452e-11	1	1	1	1	1	1	1	0	0	0	0	0	0	0	0	0	0	5,768149774e-09	39,59377402	0	0,2430575953	30,1743563	0	30,66860126	0,2061733858	0,03590407804	0
1161,434	1769772538,486	30/01/2026_12:28:58,486	1	2	2,81588018e-06	2,209436389e-06	2,219316094e-12	6,819846771e-12	5,832799955e-12	1,179222952e-11	6,875830461e-11	9,130613626e-11	9,528712454e-13	9,754529676e-14	1,114612569e-11	6,200472536e-13	4,999999912e-15	1,730215736e-14	4,999999912e-15	1,134543204e-14	7,283542693e-12	7,601958749e-14	1,545498857e-14	4,999999912e-15	3,217262882e-14	1,077132619e-10	6,686989851e-11	1	1	1	1	1	1	1	0	0	0	0	0	0	0	0	0	0	5,918916687e-09	39,60423149	0	0,2565179761	30,19785458	0	30,64594194	0,2053363878	0,03401465288	0
1167,17	1769772544,222	30/01/2026_12:29:04,222	1	2	2,819607744e-06	2,214524557e-06	2,214071591e-12	6,830560857e-12	5,821758006e-12	1,180528158e-11	6,8761212e-11	9,141497281e-11	9,540918403e-13	8,935526743e-14	1,113477366e-11	6,146300374e-13	4,999999912e-15	1,23640908e-14	4,999999912e-15	1,534051715e-14	7,271724022e-12	8,503618545e-14	9,570050983e-15	4,999999912e-15	2,906620664e-14	1,075290273e-10	6,685702686e-11	1	1	1	1	1	1	1	0	0	0	0	0	0	0	0	0	0	5,726321543e-09	39,55609339	0	0,2452331057	30,23706208	0	30,65793864	0,2048551431	0,03104874684	0
1172,906	1769772549,958	30/01/2026_12:29:09,958	1	2	2,817442692e-06	2,214524557e-06	2,204600868e-12	6,891454421e-12	5,814849904e-12	1,183432692e-11	6,865517183e-11	9,137312434e-11	9,576930178e-13	8,534466807e-14	1,115142614e-11	6,075130091e-13	4,999999912e-15	4,999999912e-15	4,999999912e-15	1,613603524e-14	7,263167064e-12	8,840453055e-14	1,013273666e-14	4,999999912e-15	2,915546019e-14	1,079296721e-10	6,671178193e-11	1	1	1	1	1	1	1	0	0	0	0	0	0	0	0	0	0	5,466713324e-09	39,67354001	0	0,2274171281	30,19233722	0	30,57363111	0,2037010953	0,02994816318	0
1178,642	1769772555,694	30/01/2026_12:29:15,694	1	2	2,818865369e-06	2,223880983e-06	2,202634993e-12	6,854051181e-12	5,812952984e-12	1,180627384e-11	6,880350456e-11	9,122008704e-11	9,556143854e-13	9,258929344e-14	1,114611702e-11	6,118646713e-13	4,999999912e-15	4,999999912e-15	4,999999912e-15	1,774018351e-14	7,271230059e-12	9,966360419e-14	5,357175071e-15	4,999999912e-15	2,097271873e-14	1,076276707e-10	6,675394959e-11	1	1	1	1	1	1	1	0	0	0	0	0	0	0	0	0	0	6,207390886e-09	39,61605362	0	0,2760442609	30,22432798	0	30,62457403	0,2041752078	0,03249490922	0
1184,378	1769772561,430	30/01/2026_12:29:21,430	1	2	2,816500228e-06	2,240136155e-06	2,210951257e-12	6,849136709e-12	5,81970366e-12	1,184488618e-11	6,866571201e-11	9,130417256e-11	9,615381408e-13	9,814242111e-14	1,119045828e-11	6,110323293e-13	1,580570425e-14	4,999999912e-15	6,814337709e-15	1,491316192e-14	7,272551918e-12	1,019531614e-13	6,534933727e-15	1,787406723e-14	1,638391266e-14	1,077941972e-10	6,690716037e-11	1	1	1	1	1	1	1	0	0	0	0	0	0	0	0	0	0	1,230759378e-08	39,62544407	0	0,2524988575	30,17427468	0	30,65873793	0,2044516919	0,03507792026	0
1190,114	1769772567,166	30/01/2026_12:29:27,166	1	2	2,814468189e-06	2,213675998e-06	2,219877277e-12	6,847133971e-12	5,818559176e-12	1,185370812e-11	6,874659175e-11	9,135271012e-11	9,498527182e-13	1,09280735e-13	1,115594336e-11	6,122109113e-13	2,509489605e-14	4,999999912e-15	1,214144142e-14	1,364323253e-14	7,28509527e-12	1,066108871e-13	9,258148041e-15	2,441579247e-14	1,568831396e-14	1,078437617e-10	6,679528458e-11	1	1	1	1	1	1	1	0	0	0	0	0	0	0	0	0	0	1,799890865e-08	39,64017831	0	0,260232402	30,20073665	0	30,60518762	0,2053067405	0,03801671098	0
1195,85	1769772572,902	30/01/2026_12:29:32,902	1	2	2,814323125e-06	2,228148333e-06	2,234903668e-12	6,855655366e-12	5,836917755e-12	1,186601078e-11	6,873220743e-11	9,142731017e-11	9,527986039e-13	1,19537667e-13	1,117741229e-11	6,178364027e-13	2,729956526e-14	4,999999912e-15	2,869270576e-14	1,180431045e-14	7,315409563e-12	1,015432855e-13	1,21884924e-14	2,99228551e-14	1,807148689e-14	1,076267062e-10	6,684704179e-11	1	1	1	1	1	1	1	0	0	0	0	0	0	0	0	0	0	1,890563482e-08	39,56829669	0	0,2453979186	30,21795374	0	30,63586192	0,2065010044	0,04204212586	0
1201,586	1769772578,638	30/01/2026_12:29:38,638	1	2	2,815225798e-06	2,233276973e-06	2,242961676e-12	6,902200166e-12	5,846169902e-12	1,185589561e-11	6,870917724e-11	9,144891788e-11	9,449576538e-13	1,291673745e-13	1,117829267e-11	6,246856873e-13	2,383612547e-14	4,999999912e-15	3,153523991e-14	8,395199344e-15	7,322779536e-12	9,430790973e-14	2,491493374e-14	2,323075102e-14	1,95208924e-14	1,081026033e-10	6,696083965e-11	1	1	1	1	1	1	1	0	0	0	0	0	0	0	0	0	0	1,681301649e-08	39,65103643	0	0,2415001336	30,14613112	0	30,62027871	0,2067666728	0,04477379804	0
