PV MassSpec-23.06.00
EXPORTED SCAN DATA
Run Path and Name: c:\Pfeiffer Vacuum\data\05-002-2026\MCD 256_kwinda_New_1%MeOH - Oxidative coupling_removed, Position 1, RGA PrismaPro A 100 47507368, 05-002-2026 12'37'34.isi
05/02/2026 12:37:34
SensorID:  RGA PrismaPro A 100 47507368
52 Bins
195 TimePoints

Time Relative (sec)	Time Absolute (UTC)	Time Absolute (Date_Time)	Step	Ionizer_State	Pressure_(mBar)	External_Pressure_(mBar)	2_amu_(_)	12_amu_(_)	13_amu_(_)	14_amu_(_)	15_amu_(_)	16_amu_(_)	17_amu_(_)	18_amu_(_)	20_amu_(_)	22_amu_(_)	24_amu_(_)	25_amu_(_)	26_amu_(_)	27_amu_(_)	28_amu_(_)	29_amu_(_)	30_amu_(_)	31_amu_(_)	32_amu_(_)	40_amu_(_)	44_amu_(_)	Periph:_Digital_In_0	Periph:_Digital_In_1	Periph:_Digital_In_13	Periph:_Digital_In_14	Periph:_Digital_In_15	Periph:_Digital_In_16	Periph:_Digital_In_17	Periph:_Digital_Out_2	Periph:_Digital_Out_3	Periph:_Digital_Out_4	Periph:_Digital_Out_5	Periph:_Digital_Out_6	Periph:_Digital_Out_7	Periph:_Digital_Out_8	Periph:_Digital_Out_9	Periph:_Digital_Out_10	Periph:_Digital_Out_11	Sig:_MCD	Sig:_MCD_Ar	Sig:_MCD_CH2CH2	Sig:_MCD_CH3CH3	Sig:_MCD_CH4	Sig:_MCD_CO	Sig:_MCD_CO2	Sig:_MCD_H2	Sig:_MCD_H2O	Sig:_MCD_O2
8,699	1770291462,945	05/02/2026_12:37:42,945	1	2	2,736816441e-06	1,967938033e-06	2,965535586e-12	6,923562418e-12	5,843847975e-12	1,186808551e-11	6,860330359e-11	9,125398354e-11	9,587023016e-13	9,528726956e-14	1,124720282e-11	6,111534889e-13	4,999999912e-15	7,098593496e-15	4,999999912e-15	2,012190632e-14	7,283479375e-12	9,614294902e-14	1,199979549e-14	4,999999912e-15	2,803834401e-14	1,084646609e-10	6,684241355e-11	1	1	1	1	1	1	1	0	0	0	0	0	0	0	0	0	0	5,553314906e-09	39,75655922	0	0,2396252171	30,06837912	0	30,54398426	0,2728275699	0,03372145665	0
14,435	1770291468,681	05/02/2026_12:37:48,681	1	2	2,748653742e-06	1,997577101e-06	2,970823457e-12	6,851588307e-12	5,834512994e-12	1,186236612e-11	6,871897495e-11	9,11469511e-11	9,590404642e-13	9,569327617e-14	1,12108621e-11	6,108377693e-13	1,080699861e-14	4,999999912e-15	4,999999912e-15	1,904940168e-14	7,275495744e-12	1,018925409e-13	4,999999912e-15	1,21341671e-14	2,353150023e-14	1,082710727e-10	6,675603126e-11	1	1	1	1	1	1	1	0	0	0	0	0	0	0	0	0	0	9,553856683e-09	39,73912994	0	0,273165552	30,10934558	0	30,53842098	0,2739419663	0,03394825096	0
20,171	1770291474,417	05/02/2026_12:37:54,417	1	2	2,745001211e-06	1,985363042e-06	2,966271543e-12	6,873767614e-12	5,843089467e-12	1,187604529e-11	6,870481267e-11	9,114114324e-11	9,559440912e-13	1,036839343e-13	1,121325342e-11	6,110496766e-13	1,666525126e-14	4,999999912e-15	6,055680791e-15	1,798466093e-14	7,275360436e-12	1,021122748e-13	4,999999912e-15	2,280437327e-14	1,697182298e-14	1,082124182e-10	6,674865521e-11	1	1	1	1	1	1	1	0	0	0	0	0	0	0	0	0	0	1,299413439e-08	39,72814418	0	0,2682880006	30,11443999	0	30,54390778	0,273547485	0,03662161078	0
25,907	1770291480,153	05/02/2026_12:38:00,153	1	2	2,750380418e-06	1,973223789e-06	2,971899202e-12	6,862005755e-12	5,850985928e-12	1,188014357e-11	6,866282543e-11	9,143187596e-11	9,544438807e-13	1,067180876e-13	1,123868359e-11	6,060431562e-13	2,54174733e-14	4,999999912e-15	1,889029501e-14	9,394455123e-15	7,294006545e-12	1,019429766e-13	5,021013953e-15	2,044253371e-14	1,727984482e-14	1,080687276e-10	6,684379439e-11	1	1	1	1	1	1	1	0	0	0	0	0	0	0	0	0	0	1,761256139e-08	39,64679377	0	0,228479137	30,14326927	0	30,57133399	0,2735159156	0,03741765539	0
31,643	1770291485,889	05/02/2026_12:38:05,889	1	2	2,751239663e-06	1,967182016e-06	2,971424539e-12	6,869698387e-12	5,857474228e-12	1,188721517e-11	6,865345792e-11	9,128091338e-11	9,462261703e-13	1,1517149e-13	1,121768563e-11	6,155443993e-13	2,210683148e-14	4,999999912e-15	2,779968232e-14	4,999999912e-15	7,309105578e-12	9,598189078e-14	1,66312988e-14	2,615430049e-14	1,168740973e-14	1,080457182e-10	6,677550873e-11	1	1	1	1	1	1	1	0	0	0	0	0	0	0	0	0	0	1,582237401e-08	39,66676763	0	0,2460585302	30,13398221	0	30,55983982	0,273779452	0,03989186864	0
37,379	1770291491,625	05/02/2026_12:38:11,625	1	2	2,74439958e-06	1,986124062e-06	2,972947409e-12	6,858773532e-12	5,861522205e-12	1,187778088e-11	6,876179487e-11	9,118610728e-11	9,412038206e-13	1,242511411e-13	1,116332114e-11	6,224606876e-13	1,873749365e-14	4,999999912e-15	2,799661748e-14	4,999999912e-15	7,307250291e-12	8,910061545e-14	1,950197477e-14	2,086794753e-14	1,583480322e-14	1,083865289e-10	6,645329426e-11	1	1	1	1	1	1	1	0	0	0	0	0	0	0	0	0	0	1,406980198e-08	39,79233603	0	0,2631118936	30,1447992	0	30,41113101	0,2740877211	0,04275066442	0
43,115	1770291497,361	05/02/2026_12:38:17,361	1	2	2,746841119e-06	1,97928648e-06	2,969971491e-12	6,862695308e-12	5,868473242e-12	1,186024976e-11	6,873377562e-11	9,111828653e-11	9,36413707e-13	1,311435905e-13	1,117649983e-11	6,309130193e-13	1,212543249e-14	4,999999912e-15	2,004574451e-14	4,999999912e-15	7,322884486e-12	8,337720705e-14	2,679023419e-14	1,204781887e-14	1,902126833e-14	1,082552659e-10	6,678748526e-11	1	1	1	1	1	1	1	0	0	0	0	0	0	0	0	0	0	1,041608227e-08	39,72188443	0	0,2789541737	30,09749605	0	30,5439203	0,2738274229	0,04490885146	0
48,851	1770291503,097	05/02/2026_12:38:23,097	1	2	2,749433179e-06	1,971712209e-06	2,966445232e-12	6,83654652e-12	5,874917306e-12	1,185409236e-11	6,861278212e-11	9,103549165e-11	9,323806918e-13	1,325745476e-13	1,122520306e-11	6,38201731e-13	4,999999912e-15	7,308632256e-15	1,48447674e-14	4,999999912e-15	7,315304612e-12	7,345354522e-14	3,143435151e-14	4,999999912e-15	2,836091279e-14	1,079642903e-10	6,659002516e-11	1	1	1	1	1	1	1	0	0	0	0	0	0	0	0	0	0	5,968413529e-09	39,700393	0	0,2678821505	30,12627217	0	30,51870402	0,2739961627	0,04525799969	0
54,587	1770291508,833	05/02/2026_12:38:28,833	1	2	2,74405329e-06	2,023776915e-06	2,955508668e-12	6,841177364e-12	5,863951252e-12	1,18475646e-11	6,873115271e-11	9,116615796e-11	9,371374119e-13	1,24602802e-13	1,116794157e-11	6,39390125e-13	4,999999912e-15	1,371647885e-14	9,905725057e-15	4,999999912e-15	7,292453967e-12	7,080405327e-14	3,764040268e-14	4,999999912e-15	3,398875555e-14	1,079200201e-10	6,67859032e-11	1	1	1	1	1	1	1	0	0	0	0	0	0	0	0	0	0	6,2230354e-09	39,64725199	0	0,2784508813	30,14237646	0	30,58043376	0,2728822086	0,04259264925	0
60,323	1770291514,569	05/02/2026_12:38:34,569	1	2	2,747785857e-06	1,980801471e-06	2,933912445e-12	6,794333325e-12	5,858377585e-12	1,183501387e-11	6,861112373e-11	9,11405118e-11	9,435247722e-13	1,131104216e-13	1,118312387e-11	6,349450046e-13	4,999999912e-15	1,330707395e-14	4,999999912e-15	4,999999912e-15	7,309061342e-12	6,715240614e-14	3,205815401e-14	4,999999912e-15	3,172054023e-14	1,081961257e-10	6,699721333e-11	1	1	1	1	1	1	1	0	0	0	0	0	0	0	0	0	0	6,078765605e-09	39,68592019	0	0,2683920583	30,06166321	0	30,62920717	0,2704012008	0,0389874198	0
66,059	1770291520,305	05/02/2026_12:38:40,305	1	2	2,750212843e-06	1,983840093e-06	2,91310422e-12	6,816440207e-12	5,861316207e-12	1,182514416e-11	6,86005211e-11	9,106730647e-11	9,497841966e-13	1,011697914e-13	1,121043362e-11	6,315998614e-13	4,999999912e-15	1,27036409e-14	4,999999912e-15	8,070201273e-15	7,291455634e-12	7,05013779e-14	2,512157759e-14	4,999999912e-15	3,459025736e-14	1,080098927e-10	6,680165449e-11	1	1	1	1	1	1	1	0	0	0	0	0	0	0	0	0	0	5,990887259e-09	39,68577071	0	0,2642848199	30,10032099	0	30,59146305	0,2689002861	0,03526662348	0
71,795	1770291526,041	05/02/2026_12:38:46,041	1	2	2,743116283e-06	1,984602477e-06	2,894784889e-12	6,840946212e-12	5,849446795e-12	1,18233574e-11	6,864224467e-11	9,12952422e-11	9,509039606e-13	9,248109684e-14	1,11718395e-11	6,176453663e-13	4,999999912e-15	1,00919893e-14	4,999999912e-15	1,405797035e-14	7,274872111e-12	8,117690005e-14	1,456244962e-14	4,999999912e-15	3,002277788e-14	1,079599118e-10	6,691840831e-11	1	1	1	1	1	1	1	0	0	0	0	0	0	0	0	0	0	5,653290333e-09	39,63419262	0	0,2430451166	30,12856232	0	30,62459663	0,2668284374	0,03198430675	0
77,531	1770291531,777	05/02/2026_12:38:51,777	1	2	2,743551931e-06	1,980801471e-06	2,884266393e-12	6,8607303e-12	5,839519406e-12	1,183161555e-11	6,867105495e-11	9,121828293e-11	9,506157797e-13	8,952115714e-14	1,116794678e-11	6,081833713e-13	4,999999912e-15	5,680714552e-15	4,999999912e-15	1,206043119e-14	7,272921848e-12	8,517101954e-14	8,191465898e-15	4,999999912e-15	2,636045475e-14	1,080104062e-10	6,695607957e-11	1	1	1	1	1	1	1	0	0	0	0	0	0	0	0	0	0	5,818648783e-09	39,64924353	0	0,2520176504	30,11425687	0	30,63716844	0,2659280318	0,03090051789	0
83,267	1770291537,513	05/02/2026_12:38:57,513	1	2	2,749434771e-06	1,990697683e-06	2,878757129e-12	6,86044407e-12	5,83118406e-12	1,184708234e-11	6,854130458e-11	9,119990874e-11	9,528878337e-13	8,593936652e-14	1,116557714e-11	6,152964423e-13	4,999999912e-15	4,999999912e-15	4,999999912e-15	1,76058119e-14	7,277378353e-12	9,375104317e-14	4,999999912e-15	4,999999912e-15	2,028343551e-14	1,0825945e-10	6,688630205e-11	1	1	1	1	1	1	1	0	0	0	0	0	0	0	0	0	0	5,524804554e-09	39,72101762	0	0,2379962992	30,07553152	0	30,59445812	0,2651462674	0,02985111139	0
89,003	1770291543,249	05/02/2026_12:39:03,249	1	2	2,748389534e-06	2,006785962e-06	2,871008552e-12	6,893278049e-12	5,827533768e-12	1,184929845e-11	6,864105118e-11	9,121591676e-11	9,510424132e-13	9,0984166e-14	1,119166392e-11	6,01570768e-13	1,244848917e-14	4,999999912e-15	4,999999912e-15	1,277834074e-14	7,272958277e-12	9,793431528e-14	4,999999912e-15	9,78639675e-15	1,898342967e-14	1,082125223e-10	6,672890712e-11	1	1	1	1	1	1	1	0	0	0	0	0	0	0	0	0	0	1,021170452e-08	39,72864062	0	0,2444679843	30,11948165	0	30,54019041	0,2646954082	0,03147881637	0
94,739	1770291548,985	05/02/2026_12:39:08,985	1	2	2,740660193e-06	1,984602477e-06	2,876179546e-12	6,856118104e-12	5,833514661e-12	1,187599064e-11	6,866520547e-11	9,127205242e-11	9,531535717e-13	1,050940341e-13	1,114648391e-11	6,078128452e-13	1,804820704e-14	4,999999912e-15	1,110192193e-14	6,026088848e-15	7,291091342e-12	1,001462639e-13	4,999999912e-15	1,73186474e-14	1,362431659e-14	1,080682765e-10	6,674439473e-11	1	1	1	1	1	1	1	0	0	0	0	0	0	0	0	0	0	1,356470638e-08	39,68325433	0	0,2459147655	30,14261743	0	30,55307467	0,2652148977	0,03682982345	0
100,475	1770291554,721	05/02/2026_12:39:14,721	1	2	2,749001169e-06	1,99298529e-06	2,881389355e-12	6,860311798e-12	5,851417441e-12	1,186702386e-11	6,865241015e-11	9,121730454e-11	9,467791134e-13	1,135358219e-13	1,118613101e-11	6,124942675e-13	2,074861923e-14	4,999999912e-15	2,454772801e-14	4,999999912e-15	7,311810879e-12	9,727800705e-14	1,006531454e-14	2,364743025e-14	1,113636059e-14	1,080547873e-10	6,678909509e-11	1	1	1	1	1	1	1	0	0	0	0	0	0	0	0	0	0	1,511119007e-08	39,67707385	0	0,2503748066	30,12539977	0	30,57049339	0,2656327822	0,03939266704	0
106,211	1770291560,457	05/02/2026_12:39:20,457	1	2	2,748963652e-06	1,982322374e-06	2,888300493e-12	6,870815548e-12	5,856584748e-12	1,188262162e-11	6,867055535e-11	9,12907111e-11	9,363399812e-13	1,293953551e-13	1,120124566e-11	6,235980699e-13	1,633006677e-14	4,999999912e-15	2,618292342e-14	4,999999912e-15	7,300776303e-12	9,004214339e-14	2,122350486e-14	1,806469538e-14	1,451394004e-14	1,078951026e-10	6,676469794e-11	1	1	1	1	1	1	1	0	0	0	0	0	0	0	0	0	0	1,239367e-08	39,63541115	0	0,2475863579	30,15741334	0	30,57328685	0,266346028	0,04422697294	0
111,947	1770291566,193	05/02/2026_12:39:26,193	1	2	2,744811582e-06	1,966430318e-06	2,885702961e-12	6,855325769e-12	5,851530632e-12	1,185936332e-11	6,862779095e-11	9,122016337e-11	9,351296864e-13	1,332997162e-13	1,118139088e-11	6,333291639e-13	1,271576702e-14	4,999999912e-15	2,040712773e-14	4,999999912e-15	7,323509854e-12	7,959798998e-14	3,097013341e-14	1,346084262e-14	1,905667261e-14	1,081122553e-10	6,675463654e-11	1	1	1	1	1	1	1	0	0	0	0	0	0	0	0	0	0	1,039354056e-08	39,68953628	0	0,2537052438	30,1155712	0	30,54923957	0,2660383064	0,04559625068	0
117,683	1770291571,929	05/02/2026_12:39:31,929	1	2	2,747146482e-06	1,989933025e-06	2,876749186e-12	6,836170952e-12	5,868262907e-12	1,185627898e-11	6,854198459e-11	9,11287365e-11	9,354836784e-13	1,317639845e-13	1,118176125e-11	6,352102546e-13	4,999999912e-15	4,999999912e-15	1,656047668e-14	4,999999912e-15	7,315141548e-12	7,210744724e-14	3,018139327e-14	4,999999912e-15	2,902885587e-14	1,081560744e-10	6,679390374e-11	1	1	1	1	1	1	1	0	0	0	0	0	0	0	0	0	0	5,674868725e-09	39,70675406	0	0,2499780765	30,08057372	0	30,56754208	0,2651916636	0,04517236326	0
123,419	1770291577,665	05/02/2026_12:39:37,665	1	2	2,752604132e-06	1,970956646e-06	2,870408772e-12	6,834624013e-12	5,861609375e-12	1,182298096e-11	6,854881246e-11	9,124102168e-11	9,377979079e-13	1,300793105e-13	1,117879487e-11	6,423481538e-13	4,999999912e-15	1,166072311e-14	4,999999912e-15	4,999999912e-15	7,324234101e-12	7,213995297e-14	3,740077367e-14	4,999999912e-15	3,116076326e-14	1,079277778e-10	6,678380765e-11	1	1	1	1	1	1	1	0	0	0	0	0	0	0	0	0	0	5,803089191e-09	39,64435682	0	0,2460024341	30,12026864	0	30,58154331	0,2648148079	0,04471775725	0
129,155	1770291583,401	05/02/2026_12:39:43,401	1	2	2,742797051e-06	1,995279945e-06	2,856506264e-12	6,843501894e-12	5,866683875e-12	1,183897511e-11	6,865630287e-11	9,102594373e-11	9,424852392e-13	1,164831442e-13	1,115075653e-11	6,39612007e-13	4,999999912e-15	9,388145575e-15	4,999999912e-15	4,999999912e-15	7,318820897e-12	7,160976456e-14	3,558611061e-14	4,999999912e-15	3,34401357e-14	1,082102533e-10	6,677603609e-11	1	1	1	1	1	1	1	0	0	0	0	0	0	0	0	0	0	6,342490432e-09	39,73113509	0	0,2830175103	30,08324939	0	30,55857343	0,2637184998	0,04020285421	0
134,891	1770291589,137	05/02/2026_12:39:49,137	1	2	2,761744554e-06	1,975493433e-06	2,841950416e-12	6,854421978e-12	5,856099893e-12	1,182609826e-11	6,841410771e-11	9,124145189e-11	9,498182406e-13	1,068228351e-13	1,116111543e-11	6,307121709e-13	4,999999912e-15	1,537058851e-14	4,999999912e-15	9,518637777e-15	7,279767067e-12	7,598175561e-14	2,374492204e-14	4,999999912e-15	3,340762996e-14	1,079342171e-10	6,682077808e-11	1	1	1	1	1	1	1	0	0	0	0	0	0	0	0	0	0	5,255472242e-09	39,65335723	0	0,2159854286	30,1012307	0	30,60835497	0,2619684055	0,03734065594	0
140,627	1770291594,873	05/02/2026_12:39:54,873	1	2	2,744960057e-06	1,986124062e-06	2,817817811e-12	6,837041783e-12	5,854448003e-12	1,181582263e-11	6,855795098e-11	9,111495586e-11	9,553897387e-13	9,848053633e-14	1,116835183e-11	6,240228603e-13	4,999999912e-15	8,714381688e-15	4,999999912e-15	1,622723528e-14	7,285369356e-12	7,947720308e-14	1,488065957e-14	4,999999912e-15	3,924697346e-14	1,082815712e-10	6,697253863e-11	1	1	1	1	1	1	1	0	0	0	0	0	0	0	0	0	0	5,753139982e-09	39,71871293	0	0,2529274318	30,04874938	0	30,62218309	0,2596106686	0,0347465449	0
146,363	1770291600,609	05/02/2026_12:40:00,609	1	2	2,752283535e-06	1,981562946e-06	2,808898513e-12	6,838524538e-12	5,838278212e-12	1,182661694e-11	6,861544666e-11	9,12933687e-11	9,521087261e-13	8,65884106e-14	1,117385438e-11	6,134405592e-13	4,999999912e-15	7,563780602e-15	4,999999912e-15	1,749424241e-14	7,271894458e-12	8,810184841e-14	1,238737235e-14	4,999999912e-15	2,772351711e-14	1,080269207e-10	6,692954524e-11	1	1	1	1	1	1	1	0	0	0	0	0	0	0	0	0	0	5,641011171e-09	39,65368938	0	0,2439376746	30,11925178	0	30,62650456	0,2589137036	0,02993831791	0
152,099	1770291606,345	05/02/2026_12:40:06,345	1	2	2,760888492e-06	1,985363042e-06	2,799900286e-12	6,863046589e-12	5,826156398e-12	1,18073511e-11	6,849065759e-11	9,100616788e-11	9,528469593e-13	8,208790093e-14	1,117295579e-11	6,061403007e-13	4,999999912e-15	4,999999912e-15	4,999999912e-15	1,470700426e-14	7,259230109e-12	8,99480482e-14	4,999999912e-15	4,999999912e-15	2,008552118e-14	1,078182127e-10	6,684161558e-11	1	1	1	1	1	1	1	0	0	0	0	0	0	0	0	0	0	5,737339142e-09	39,6616126	0	0,248801478	30,1020045	0	30,64919977	0,2586851414	0,02865157703	0
157,835	1770291612,081	05/02/2026_12:40:12,081	1	2	2,745533266e-06	1,996044602e-06	2,79240563e-12	6,860974896e-12	5,818089066e-12	1,183169274e-11	6,856693685e-11	9,111209703e-11	9,527485138e-13	9,160166657e-14	1,118619693e-11	6,059622205e-13	8,607176116e-15	4,999999912e-15	4,999999912e-15	1,621704547e-14	7,272764422e-12	9,650675306e-14	4,999999912e-15	8,851660317e-15	1,661286736e-14	1,080658202e-10	6,687386062e-11	1	1	1	1	1	1	1	0	0	0	0	0	0	0	0	0	0	7,974501737e-09	39,69466037	0	0,2534309278	30,09410605	0	30,61957037	0,2576546288	0,03200013603	0
163,571	1770291617,817	05/02/2026_12:40:17,817	1	2	2,743437108e-06	1,950665819e-06	2,797309693e-12	6,853649592e-12	5,830634586e-12	1,1848981e-11	6,856749196e-11	9,115950356e-11	9,52318736e-13	9,856248847e-14	1,11785789e-11	6,063551354e-13	1,959219733e-14	4,999999912e-15	5,482320801e-15	8,342327548e-15	7,301982803e-12	9,983535537e-14	4,999999912e-15	1,649547537e-14	1,448920329e-14	1,07907891e-10	6,668211122e-11	1	1	1	1	1	1	1	0	0	0	0	0	0	0	0	0	0	1,452278275e-08	39,67602876	0	0,2447456772	30,14011102	0	30,56353603	0,2583197578	0,03451074283	0
169,307	1770291623,553	05/02/2026_12:40:23,553	1	2	2,752824003e-06	1,955905191e-06	2,803946962e-12	6,864926162e-12	5,833932296e-12	1,185323541e-11	6,852818313e-11	9,123582445e-11	9,438667296e-13	1,123987784e-13	1,118338581e-11	6,116541735e-13	2,088832545e-14	4,999999912e-15	2,334474133e-14	4,999999912e-15	7,304967395e-12	9,736340152e-14	6,200235434e-15	2,189339781e-14	1,34996452e-14	1,079937528e-10	6,684619525e-11	1	1	1	1	1	1	1	0	0	0	0	0	0	0	0	0	0	1,488453066e-08	39,66056127	0	0,228552597	30,10925391	0	30,60497317	0,2584064501	0,03877120763	0
175,043	1770291629,289	05/02/2026_12:40:29,289	1	2	2,748258112e-06	1,992224043e-06	2,806590247e-12	6,854454504e-12	5,850629009e-12	1,186031481e-11	6,86958615e-11	9,116771921e-11	9,422316443e-13	1,227333393e-13	1,118201452e-11	6,180459248e-13	2,273015116e-14	4,999999912e-15	2,907881726e-14	4,999999912e-15	7,317892819e-12	9,163416553e-14	1,729342276e-14	2,462776924e-14	1,565580822e-14	1,080016701e-10	6,671435626e-11	1	1	1	1	1	1	1	0	0	0	0	0	0	0	0	0	0	1,645938118e-08	39,6803073	0	0,2629451473	30,14154849	0	30,55160324	0,258999353	0,04238749153	0
180,779	1770291635,025	05/02/2026_12:40:35,025	1	2	2,745302254e-06	1,9581571e-06	2,811400635e-12	6,837251251e-12	5,856789446e-12	1,186805168e-11	6,863735275e-11	9,116526284e-11	9,334692307e-13	1,318896164e-13	1,116508448e-11	6,342668361e-13	1,456923605e-14	4,999999912e-15	2,314537688e-14	4,999999912e-15	7,323058826e-12	8,329862272e-14	2,692120581e-14	1,532595834e-14	2,153492669e-14	1,078557521e-10	6,677708386e-11	1	1	1	1	1	1	1	0	0	0	0	0	0	0	0	0	0	1,158095161e-08	39,6386475	0	0,2629180751	30,13781402	0	30,59029662	0,2595416234	0,04500301628	0
186,515	1770291640,761	05/02/2026_12:40:40,761	1	2	2,749563919e-06	1,977767852e-06	2,807273511e-12	6,879419777e-12	5,863805101e-12	1,186265582e-11	6,858143914e-11	9,109618615e-11	9,385489348e-13	1,358517113e-13	1,114007237e-11	6,410831067e-13	7,452214505e-15	4,999999912e-15	2,405343516e-14	4,999999912e-15	7,321082976e-12	7,353500946e-14	3,543525065e-14	4,999999912e-15	2,428627435e-14	1,079677459e-10	6,676597469e-11	1	1	1	1	1	1	1	0	0	0	0	0	0	0	0	0	0	7,22156832e-09	39,67192155	0	0,2579943424	30,10850401	0	30,58155519	0,2590844467	0,04699933483	0
192,251	1770291646,497	05/02/2026_12:40:46,497	1	2	2,748837005e-06	1,955905191e-06	2,801248166e-12	6,836337919e-12	5,870819022e-12	1,183156264e-11	6,850000428e-11	9,10897538e-11	9,358493798e-13	1,296500206e-13	1,114492179e-11	6,411990622e-13	4,999999912e-15	8,051283639e-15	1,051546681e-14	4,999999912e-15	7,317008111e-12	6,898453163e-14	3,735372946e-14	4,999999912e-15	3,039579764e-14	1,079075718e-10	6,679271719e-11	1	1	1	1	1	1	1	0	0	0	0	0	0	0	0	0	0	5,815215583e-09	39,66066458	0	0,2534854012	30,09853593	0	30,60255653	0,2586371471	0,04452828467	0
197,987	1770291652,233	05/02/2026_12:40:52,233	1	2	2,74930926e-06	1,983082029e-06	2,794574901e-12	6,86276513e-12	5,860739845e-12	1,183208653e-11	6,853380363e-11	9,124406092e-11	9,464041963e-13	1,219387682e-13	1,11532476e-11	6,41972803e-13	4,999999912e-15	1,459931758e-14	4,999999912e-15	4,999999912e-15	7,317445261e-12	6,959135958e-14	3,961757747e-14	4,999999912e-15	3,142173072e-14	1,076300923e-10	6,634595651e-11	1	1	1	1	1	1	1	0	0	0	0	0	0	0	0	0	0	5,558884926e-09	39,64415599	0	0,2292014331	30,21440674	0	30,46847643	0,2584407518	0,0425987121	0
203,723	1770291657,969	05/02/2026_12:40:57,969	1	2	2,748316774e-06	1,985363042e-06	2,775359586e-12	6,85422075e-12	5,854691731e-12	1,178390979e-11	6,853281137e-11	9,103174464e-11	9,503770384e-13	1,101504616e-13	1,112522661e-11	6,308538219e-13	4,999999912e-15	1,465849638e-14	4,999999912e-15	9,683560174e-15	7,300616708e-12	7,354278184e-14	3,179912117e-14	4,999999912e-15	3,337853269e-14	1,076453371e-10	6,667153635e-11	1	1	1	1	1	1	1	0	0	0	0	0	0	0	0	0	0	5,972567529e-09	39,63083094	0	0,2591602277	30,14444427	0	30,59739326	0,2567712265	0,03876232555	0
209,459	1770291663,705	05/02/2026_12:41:03,705	1	2	2,740510581e-06	1,990697683e-06	2,75530228e-12	6,862625052e-12	5,845986889e-12	1,180495372e-11	6,856178125e-11	9,11262385e-11	9,531824115e-13	9,594309667e-14	1,115971118e-11	6,205290188e-13	4,999999912e-15	8,608146815e-15	4,999999912e-15	1,43203981e-14	7,28432592e-12	7,835424746e-14	1,776249266e-14	4,999999912e-15	3,454611e-14	1,079873621e-10	6,666597135e-11	1	1	1	1	1	1	1	0	0	0	0	0	0	0	0	0	0	5,674689278e-09	39,69946656	0	0,2431116878	30,12721123	0	30,55235243	0,2544053229	0,0336480049	0
215,195	1770291669,441	05/02/2026_12:41:09,441	1	2	2,741182243e-06	2,005246188e-06	2,74631793e-12	6,853389817e-12	5,827480859e-12	1,183593588e-11	6,847589856e-11	9,095724868e-11	9,523784756e-13	9,30612602e-14	1,115527115e-11	6,139063325e-13	4,999999912e-15	1,272498444e-14	4,999999912e-15	1,521633195e-14	7,274645296e-12	9,084154598e-14	8,180798365e-15	4,999999912e-15	2,653993934e-14	1,080357817e-10	6,662597557e-11	1	1	1	1	1	1	1	0	0	0	0	0	0	0	0	0	0	5,72022284e-09	39,74243619	0	0,2512592449	30,09734341	0	30,55191013	0,2537666132	0,03267856057	0
220,931	1770291675,177	05/02/2026_12:41:15,177	1	2	2,746493692e-06	1,981562946e-06	2,739822041e-12	6,929955741e-12	5,824132843e-12	1,182308418e-11	6,860574608e-11	9,10015327e-11	9,499627647e-13	9,097736263e-14	1,116908649e-11	6,041718232e-13	4,999999912e-15	4,999999912e-15	4,999999912e-15	1,132602482e-14	7,270393922e-12	9,833694053e-14	4,999999912e-15	4,999999912e-15	2,466754252e-14	1,078506659e-10	6,672307151e-11	1	1	1	1	1	1	1	0	0	0	0	0	0	0	0	0	0	6,002593168e-09	39,67908358	0	0,2603095644	30,12986192	0	30,59869566	0,2533390109	0,03159923261	0
226,667	1770291680,913	05/02/2026_12:41:20,913	1	2	2,747657163e-06	1,978525688e-06	2,742248702e-12	6,921100412e-12	5,81786919e-12	1,184212017e-11	6,857409085e-11	9,107684051e-11	9,494559002e-13	8,637255272e-14	1,116043109e-11	6,080538633e-13	1,172136051e-14	4,999999912e-15	4,999999912e-15	1,285061806e-14	7,272467351e-12	1,030785564e-13	4,999999912e-15	1,293211618e-14	1,354912886e-14	1,080567857e-10	6,673889219e-11	1	1	1	1	1	1	1	0	0	0	0	0	0	0	0	0	0	9,896882351e-09	39,71710362	0	0,2518375074	30,11260582	0	30,57992695	0,2532452152	0,02979315704	0
232,403	1770291686,649	05/02/2026_12:41:26,649	1	2	2,754139359e-06	1,992224043e-06	2,743470598e-12	6,868798065e-12	5,83503558e-12	1,185237759e-11	6,848691753e-11	9,099467013e-11	9,475829409e-13	9,718537552e-14	1,117181608e-11	6,078767589e-13	2,076268506e-14	4,999999912e-15	8,740571946e-15	8,104155435e-15	7,276656708e-12	9,662850218e-14	4,999999912e-15	1,756119189e-14	1,732447329e-14	1,077915049e-10	6,676865311e-11	1	1	1	1	1	1	1	0	0	0	0	0	0	0	0	0	0	1,52306161e-08	39,66491539	0	0,2497860242	30,11239772	0	30,62599871	0,2535773319	0,03374491292	0
238,139	1770291692,385	05/02/2026_12:41:32,385	1	2	2,750595741e-06	1,983082029e-06	2,752106919e-12	6,863425193e-12	5,829314462e-12	1,185989588e-11	6,855745832e-11	9,110438098e-11	9,470804132e-13	1,102067182e-13	1,116937445e-11	6,116856154e-13	1,943746135e-14	4,999999912e-15	2,183566912e-14	6,243404468e-15	7,298233198e-12	9,460478462e-14	1,010072644e-14	2,186671796e-14	8,199230649e-15	1,077853501e-10	6,645307915e-11	1	1	1	1	1	1	1	0	0	0	0	0	0	0	0	0	0	1,419856641e-08	39,68940971	0	0,2405850108	30,17818147	0	30,50390819	0,254422424	0,03839570328	0
243,875	1770291698,121	05/02/2026_12:41:38,121	1	2	2,741067647e-06	1,994515515e-06	2,746583126e-12	6,848212102e-12	5,844881003e-12	1,185852978e-11	6,846493511e-11	9,103862109e-11	9,377636471e-13	1,252891969e-13	1,11592402e-11	6,159450662e-13	2,174884486e-14	4,999999912e-15	2,825273313e-14	4,999999912e-15	7,310640808e-12	9,080809157e-14	1,446495443e-14	1,95213786e-14	1,428644055e-14	1,076422493e-10	6,658363444e-11	1	1	1	1	1	1	1	0	0	0	0	0	0	0	0	0	0	1,547582693e-08	39,64485946	0	0,2398269531	30,14974059	0	30,56982271	0,253905037	0,04321455538	0
249,611	1770291703,857	05/02/2026_12:41:43,857	1	2	2,740676337e-06	2,009861873e-06	2,756419875e-12	6,802983957e-12	5,853054586e-12	1,185450089e-11	6,853023704e-11	9,121842864e-11	9,411290107e-13	1,30986869e-13	1,116181973e-11	6,342878154e-13	1,225203427e-14	4,999999912e-15	2,807713643e-14	4,999999912e-15	7,321355328e-12	8,206410947e-14	2,562459996e-14	8,654714146e-15	1,987354102e-14	1,07696331e-10	6,674996667e-11	1	1	1	1	1	1	1	0	0	0	0	0	0	0	0	0	0	9,800191588e-09	39,60760506	0	0,242240907	30,15089442	0	30,60215134	0,2544698755	0,04543352658	0
255,347	1770291709,593	05/02/2026_12:41:49,593	1	2	2,751145075e-06	1,989170642e-06	2,749003932e-12	6,83908442e-12	5,856455512e-12	1,183023037e-11	6,844579764e-11	9,105780713e-11	9,326441529e-13	1,348752517e-13	1,112133476e-11	6,371903873e-13	4,999999912e-15	4,999999912e-15	1,676711545e-14	4,999999912e-15	7,318367266e-12	7,611709115e-14	3,228953969e-14	4,999999912e-15	2,494355837e-14	1,078805795e-10	6,668166019e-11	1	1	1	1	1	1	1	0	0	0	0	0	0	0	0	0	0	5,649529323e-09	39,67743706	0	0,2462769737	30,10600437	0	30,57429624	0,2539301651	0,04622987924	0
261,083	1770291715,329	05/02/2026_12:41:55,329	1	2	2,751238753e-06	1,97398208e-06	2,740933132e-12	6,859243642e-12	5,865253595e-12	1,182682511e-11	6,852902273e-11	9,114733968e-11	9,355788713e-13	1,285275597e-13	1,113437554e-11	6,388076374e-13	4,999999912e-15	1,577271571e-14	7,068520438e-15	4,999999912e-15	7,321567831e-12	6,975580595e-14	3,45509652e-14	4,999999912e-15	3,219930697e-14	1,076735923e-10	6,666042718e-11	1	1	1	1	1	1	1	0	0	0	0	0	0	0	0	0	0	5,708198653e-09	39,62052597	0	0,243074592	30,15417806	0	30,57894732	0,2533343546	0,04407671905	0
266,819	1770291721,065	05/02/2026_12:42:01,065	1	2	2,750795147e-06	1,989933025e-06	2,731042822e-12	6,804751207e-12	5,854009551e-12	1,18094666e-11	6,84387616e-11	9,106659177e-11	9,38501772e-13	1,165801532e-13	1,11423544e-11	6,366568514e-13	4,999999912e-15	1,170099784e-14	4,999999912e-15	4,999999912e-15	7,295883515e-12	7,226944737e-14	3,193833612e-14	4,999999912e-15	3,683954997e-14	1,076110034e-10	6,659749835e-11	1	1	1	1	1	1	1	0	0	0	0	0	0	0	0	0	0	5,752553383e-09	39,63525732	0	0,2451056291	30,15004833	0	30,57813469	0,2526858195	0,0400719698	0
272,555	1770291726,801	05/02/2026_12:42:06,801	1	2	2,749895202e-06	1,933545263e-06	2,708982995e-12	6,830071231e-12	5,844128566e-12	1,181778633e-11	6,849164291e-11	9,099751508e-11	9,480500152e-13	1,042184663e-13	1,113098069e-11	6,296018936e-13	4,999999912e-15	1,210069574e-14	4,999999912e-15	1,254696352e-14	7,275155738e-12	7,267305518e-14	2,728162002e-14	4,999999912e-15	3,373895537e-14	1,076401954e-10	6,661275004e-11	1	1	1	1	1	1	1	0	0	0	0	0	0	0	0	0	0	5,82377622e-09	39,65104045	0	0,2552957847	30,14907289	0	30,58705699	0,2507281154	0,0364112358	0
278,291	1770291732,537	05/02/2026_12:42:12,537	1	2	2,744862741e-06	1,970201538e-06	2,702512259e-12	6,858649065e-12	5,841812711e-12	1,179649954e-11	6,850557621e-11	9,09951281e-11	9,546981261e-13	9,240447085e-14	1,113569133e-11	6,222234099e-13	4,999999912e-15	5,610869909e-15	4,999999912e-15	1,290640195e-14	7,276680127e-12	7,807727446e-14	1,765626457e-14	4,999999912e-15	3,266255945e-14	1,077583994e-10	6,648734341e-11	1	1	1	1	1	1	1	0	0	0	0	0	0	0	0	0	0	5,73792057e-09	39,69545381	0	0,2462413347	30,15515952	0	30,53153016	0,2500952878	0,03264779477	0
284,027	1770291738,273	05/02/2026_12:42:18,273	1	2	2,745945949e-06	1,915104576e-06	2,687777952e-12	6,838945209e-12	5,829319666e-12	1,180687405e-11	6,845241735e-11	9,099640486e-11	9,532719666e-13	9,718536197e-14	1,113567138e-11	6,134027748e-13	4,999999912e-15	1,192267652e-14	4,999999912e-15	1,569850546e-14	7,267394585e-12	8,126131875e-14	7,844158672e-15	4,999999912e-15	3,268002866e-14	1,076982323e-10	6,656762641e-11	1	1	1	1	1	1	1	0	0	0	0	0	0	0	0	0	0	5,505293025e-09	39,67358778	0	0,2366793647	30,14384943	0	30,56885431	0,2486193213	0,03431637608	0
289,763	1770291744,009	05/02/2026_12:42:24,009	1	2	2,74371223e-06	1,980801471e-06	2,682745952e-12	6,869100774e-12	5,826547578e-12	1,181426137e-11	6,854977003e-11	9,086437852e-11	9,539423288e-13	8,607617928e-14	1,114190684e-11	6,148124002e-13	4,999999912e-15	4,999999912e-15	4,999999912e-15	1,383871926e-14	7,271081306e-12	9,415947568e-14	4,999999912e-15	4,999999912e-15	2,601605793e-14	1,075771139e-10	6,660869772e-11	1	1	1	1	1	1	1	0	0	0	0	0	0	0	0	0	0	6,073857677e-09	39,65630557	0	0,2704555738	30,15266281	0	30,6032683	0,2486185018	0,03032756568	0
295,499	1770291749,745	05/02/2026_12:42:29,745	1	2	2,746033488e-06	1,966430318e-06	2,6848853e-12	6,855155332e-12	5,8143052e-12	1,179974781e-11	6,850284923e-11	9,099253989e-11	9,505539801e-13	9,478375252e-14	1,115507686e-11	6,012608488e-13	6,492250043e-15	4,999999912e-15	4,999999912e-15	1,1789279e-14	7,260987818e-12	9,85518294e-14	6,375833834e-15	1,217345249e-14	1,984541275e-14	1,075838169e-10	6,652160767e-11	1	1	1	1	1	1	1	0	0	0	0	0	0	0	0	0	0	6,765409919e-09	39,65954582	0	0,25243415	30,17382299	0	30,56798098	0,2487095078	0,03317081282	0
301,235	1770291755,481	05/02/2026_12:42:35,481	1	2	2,745437996e-06	1,965674983e-06	2,682815775e-12	6,855180486e-12	5,826354156e-12	1,182964143e-11	6,847131889e-11	9,099308806e-11	9,522568281e-13	1,027710293e-13	1,117348315e-11	6,029983912e-13	1,789055388e-14	4,999999912e-15	4,999999912e-15	1,840279536e-14	7,259744889e-12	1,023829662e-13	5,492017634e-15	2,112697868e-14	1,99395198e-14	1,075321707e-10	6,643676581e-11	1	1	1	1	1	1	1	0	0	0	0	0	0	0	0	0	0	1,344781653e-08	39,6601585	0	0,2480481327	30,18613087	0	30,54472316	0,2485378109	0,03630637904	0
306,971	1770291761,217	05/02/2026_12:42:41,217	1	2	2,74500735e-06	1,998340622e-06	2,686566681e-12	6,92044512e-12	5,833321239e-12	1,183939839e-11	6,852442225e-11	9,096621373e-11	9,432303029e-13	1,161164128e-13	1,115850554e-11	6,130763757e-13	2,88241585e-14	4,999999912e-15	2,091936921e-14	6,778442147e-15	7,290544037e-12	9,904757407e-14	1,474920683e-14	2,631728318e-14	1,661189497e-14	1,075718126e-10	6,64562988e-11	1	1	1	1	1	1	1	0	0	0	0	0	0	0	0	0	0	2,0081222e-08	39,65909636	0	0,2521679258	30,17855169	0	30,54200339	0,2488099781	0,04037823108	0
312,707	1770291766,953	05/02/2026_12:42:46,953	1	2	2,742844117e-06	1,989170642e-06	2,696848604e-12	6,878934054e-12	5,84443301e-12	1,184665126e-11	6,835233768e-11	9,0989348e-11	9,402660942e-13	1,23183473e-13	1,112739154e-11	6,198193543e-13	2,186671458e-14	4,999999912e-15	2,668642691e-14	4,999999912e-15	7,300988807e-12	9,289341215e-14	1,688402293e-14	2,762553573e-14	1,481954276e-14	1,076665146e-10	6,649936851e-11	1	1	1	1	1	1	1	0	0	0	0	0	0	0	0	0	0	1,539756508e-08	39,67366075	0	0,2272726008	30,1372738	0	30,55095485	0,2493844085	0,04277663064	0
318,443	1770291772,689	05/02/2026_12:42:52,689	1	2	2,741191338e-06	1,969446657e-06	2,699895646e-12	6,849094642e-12	5,853617938e-12	1,18442825e-11	6,849378703e-11	9,091654513e-11	9,300024943e-13	1,327904122e-13	1,112952699e-11	6,278139358e-13	2,027809412e-14	4,999999912e-15	3,165990622e-14	4,999999912e-15	7,298064063e-12	8,672568414e-14	2,881154787e-14	1,680495749e-14	2,051093331e-14	1,076002551e-10	6,663784802e-11	1	1	1	1	1	1	1	0	0	0	0	0	0	0	0	0	0	1,50137516e-08	39,64328868	0	0,2688076153	30,13789745	0	30,60235265	0,2499232697	0,04535149519	0
324,179	1770291778,425	05/02/2026_12:42:58,425	1	2	2,74495892e-06	1,996809715e-06	2,703616194e-12	6,833657772e-12	5,865351174e-12	1,183576327e-11	6,843316885e-11	9,091161851e-11	9,324054116e-13	1,324013734e-13	1,111132367e-11	6,357622762e-13	6,083813297e-15	4,999999912e-15	2,203698514e-14	4,999999912e-15	7,299351228e-12	7,998217702e-14	3,815313205e-14	1,211815225e-14	2,243668305e-14	1,074233411e-10	6,644860356e-11	1	1	1	1	1	1	1	0	0	0	0	0	0	0	0	0	0	6,490958851e-09	39,63356535	0	0,2635667701	30,17337601	0	30,56032113	0,2506353903	0,04551472984	0
329,915	1770291784,161	05/02/2026_12:43:04,161	1	2	2,750281737e-06	1,987646556e-06	2,689427674e-12	6,847376399e-12	5,848070292e-12	1,182338342e-11	6,842177519e-11	9,081509156e-11	9,391780973e-13	1,319812993e-13	1,111717142e-11	6,386738469e-13	5,456127154e-15	1,008569076e-14	9,387181652e-15	4,999999912e-15	7,308044794e-12	7,474043899e-14	3,865082489e-14	4,999999912e-15	3,41958856e-14	1,078270459e-10	6,675043851e-11	1	1	1	1	1	1	1	0	0	0	0	0	0	0	0	0	0	6,472618269e-09	39,68772666	0	0,2778214043	30,07014052	0	30,62389618	0,248928116	0,04597761416	0
335,651	1770291789,897	05/02/2026_12:43:09,897	1	2	2,759432618e-06	1,974738552e-06	2,680647371e-12	6,818300698e-12	5,853715516e-12	1,17976991e-11	6,846542777e-11	9,082640889e-11	9,361624973e-13	1,274404979e-13	1,111863639e-11	6,346917349e-13	4,999999912e-15	1,699850283e-14	4,999999912e-15	4,999999912e-15	7,292551112e-12	7,065562599e-14	3,865227501e-14	4,999999912e-15	3,248211433e-14	1,073250933e-10	6,669870212e-11	1	1	1	1	1	1	1	0	0	0	0	0	0	0	0	0	0	6,30759243e-09	39,5868979	0	0,2824268368	30,14371297	0	30,66218245	0,2486935631	0,04407923634	0
341,387	1770291795,633	05/02/2026_12:43:15,633	1	2	2,743639925e-06	1,991460749e-06	2,665217873e-12	6,859272698e-12	5,847245431e-12	1,178973152e-11	6,842179601e-11	9,098825166e-11	9,449753263e-13	1,179524008e-13	1,114483332e-11	6,337934192e-13	4,999999912e-15	1,42646142e-14	4,999999912e-15	7,295050929e-15	7,271570065e-12	6,855040353e-14	3,678376438e-14	4,999999912e-15	3,790913235e-14	1,076462253e-10	6,639589573e-11	1	1	1	1	1	1	1	0	0	0	0	0	0	0	0	0	0	5,73151757e-09	39,68579516	0	0,2416718128	30,16438436	0	30,51617044	0,2468526782	0,04126188277	0
347,123	1770291801,369	05/02/2026_12:43:21,369	1	2	2,748887937e-06	1,990697683e-06	2,648370022e-12	6,819185841e-12	5,845913163e-12	1,179206559e-11	6,839891153e-11	9,100632747e-11	9,503901572e-13	9,976938167e-14	1,111738999e-11	6,222926905e-13	4,999999912e-15	1,174755754e-14	4,999999912e-15	9,683073977e-15	7,269407298e-12	7,193185392e-14	2,307892375e-14	4,999999912e-15	3,285028567e-14	1,075736028e-10	6,645255873e-11	1	1	1	1	1	1	1	0	0	0	0	0	0	0	0	0	0	5,530022048e-09	39,6646443	0	0,2332503119	30,16754188	0	30,54641022	0,2452355598	0,03505022655	0
352,859	1770291807,105	05/02/2026_12:43:27,105	1	2	2,738500825e-06	1,981562946e-06	2,633176663e-12	6,861993612e-12	5,834559832e-12	1,178618141e-11	6,83969964e-11	9,089831665e-11	9,525234334e-13	8,764538574e-14	1,108557864e-11	6,128445191e-13	4,999999912e-15	1,030106752e-14	4,999999912e-15	1,286614417e-14	7,251845392e-12	7,537492088e-14	1,111986717e-14	4,999999912e-15	3,011155371e-14	1,074370246e-10	6,635656608e-11	1	1	1	1	1	1	1	0	0	0	0	0	0	0	0	0	0	5,461649167e-09	39,66414728	0	0,2302217372	30,18557879	0	30,54060522	0,2441112976	0,03086366714	0
358,595	1770291812,841	05/02/2026_12:43:32,841	1	2	2,758657956e-06	1,980042725e-06	2,630248883e-12	6,836012225e-12	5,830332311e-12	1,180044517e-11	6,835512711e-11	9,090751069e-11	9,529371649e-13	8,842587578e-14	1,112269478e-11	6,061392707e-13	4,999999912e-15	6,005721094e-15	4,999999912e-15	1,656872678e-14	7,244974586e-12	8,894201022e-14	5,221836147e-15	4,999999912e-15	2,664277083e-14	1,072749944e-10	6,650437145e-11	1	1	1	1	1	1	1	0	0	0	0	0	0	0	0	0	0	5,481093027e-09	39,61131066	0	0,2357098337	30,17991557	0	30,61235237	0,2438829481	0,03122392443	0
364,331	1770291818,577	05/02/2026_12:43:38,577	1	2	2,739421916e-06	1,950665819e-06	2,632296724e-12	6,852572329e-12	5,819705828e-12	1,180575949e-11	6,841066602e-11	9,088709646e-11	9,511861784e-13	8,652146111e-14	1,112062786e-11	6,009984719e-13	5,833998717e-15	4,999999912e-15	4,999999912e-15	9,419678918e-15	7,245600387e-12	1,00237486e-13	4,999999912e-15	6,89728934e-15	2,088687194e-14	1,076125855e-10	6,660048901e-11	1	1	1	1	1	1	1	0	0	0	0	0	0	0	0	0	0	6,368187017e-09	39,67460137	0	0,2533739265	30,13721458	0	30,60827141	0,243902179	0,03030074188	0
370,067	1770291824,313	05/02/2026_12:43:44,313	1	2	2,754906291e-06	1,97398208e-06	2,627573506e-12	6,849851415e-12	5,815680836e-12	1,182362281e-11	6,837289068e-11	9,080336483e-11	9,514858519e-13	9,559333983e-14	1,114532945e-11	6,021073397e-13	1,627379668e-14	4,999999912e-15	6,777961032e-15	1,169080972e-14	7,257616817e-12	1,025357574e-13	4,999999912e-15	1,757767854e-14	1,805111236e-14	1,076651893e-10	6,647163375e-11	1	1	1	1	1	1	1	0	0	0	0	0	0	0	0	0	0	1,262901159e-08	39,71345123	0	0,2561893547	30,13107915	0	30,56312173	0,2435644776	0,03376117354	0
375,803	1770291830,049	05/02/2026_12:43:50,049	1	2	2,740173841e-06	1,967938033e-06	2,638258969e-12	6,846254466e-12	5,82489959e-12	1,182626913e-11	6,83233678e-11	9,081620178e-11	9,425624344e-13	1,056305515e-13	1,111133494e-11	6,084676491e-13	2,553485852e-14	4,999999912e-15	1,368349539e-14	6,40348099e-15	7,265260008e-12	1,000579963e-13	7,218409694e-15	2,621008608e-14	1,314797406e-14	1,073719655e-10	6,618915832e-11	1	1	1	1	1	1	1	0	0	0	0	0	0	0	0	0	0	1,791354542e-08	39,68629758	0	0,2386800076	30,19522721	0	30,49862103	0,2448938077	0,03671359083	0
381,539	1770291835,785	05/02/2026_12:43:55,785	1	2	2,739844149e-06	1,987646556e-06	2,640633155e-12	6,841202518e-12	5,822330465e-12	1,184160582e-11	6,835602917e-11	9,079453162e-11	9,394051292e-13	1,186688687e-13	1,109194594e-11	6,130579443e-13	2,181869458e-14	4,999999912e-15	2,339034389e-14	4,999999912e-15	7,291569258e-12	9,154929283e-14	1,543509854e-14	2,464765588e-14	1,297092299e-14	1,074302244e-10	6,654202189e-11	1	1	1	1	1	1	1	0	0	0	0	0	0	0	0	0	0	1,580444985e-08	39,64379387	0	0,2553825489	30,13844014	0	30,60889548	0,2447916276	0,04121488193	0
387,275	1770291841,521	05/02/2026_12:44:01,521	1	2	2,741170192e-06	1,97398208e-06	2,652990458e-12	6,829726455e-12	5,848087205e-12	1,183794555e-11	6,844468048e-11	9,097884945e-11	9,336521356e-13	1,299168157e-13	1,110266393e-11	6,27540229e-13	1,905570699e-14	4,999999912e-15	2,875721918e-14	4,999999912e-15	7,291783496e-12	7,983761222e-14	2,635512522e-14	1,328912701e-14	2,050705051e-14	1,073161629e-10	6,632903254e-11	1	1	1	1	1	1	1	0	0	0	0	0	0	0	0	0	0	1,391104915e-08	39,62121925	0	0,2428072528	30,21407086	0	30,52791326	0,2459289782	0,04468173561	0
393,011	1770291847,257	05/02/2026_12:44:07,257	1	2	2,741191338e-06	1,972467771e-06	2,648264854e-12	6,830007046e-12	5,847308748e-12	1,180636491e-11	6,820711357e-11	9,060485001e-11	9,33821488e-13	1,32591041e-13	1,111196898e-11	6,332860668e-13	4,999999912e-15	4,999999912e-15	2,268067597e-14	4,999999912e-15	7,302104234e-12	7,556168148e-14	3,358129204e-14	1,017737022e-14	2,302993137e-14	1,073776346e-10	6,624029797e-11	1	1	1	1	1	1	1	0	0	0	0	0	0	0	0	0	0	5,672720486e-09	39,69731594	0	0,2549143052	30,13347158	0	30,52661385	0,2459468842	0,04611196907	0
398,747	1770291852,993	05/02/2026_12:44:12,993	1	2	2,743408459e-06	1,976250587e-06	2,644386663e-12	6,819554036e-12	5,848569892e-12	1,179756726e-11	6,832552579e-11	9,091114667e-11	9,336898659e-13	1,286915182e-13	1,112016208e-11	6,33119696e-13	4,999999912e-15	9,302776512e-15	1,199203666e-14	4,999999912e-15	7,304000287e-12	6,672796809e-14	3,496909793e-14	4,999999912e-15	3,171715549e-14	1,072802402e-10	6,641980715e-11	1	1	1	1	1	1	1	0	0	0	0	0	0	0	0	0	0	5,574223281e-09	39,60946445	0	0,2386173485	30,17447489	0	30,57137663	0,2452125993	0,04435242179	0
404,483	1770291858,729	05/02/2026_12:44:18,729	1	2	2,742261813e-06	1,959658448e-06	2,623942079e-12	6,812784278e-12	5,846455264e-12	1,178846343e-11	6,839763478e-11	9,082262026e-11	9,295865943e-13	1,187693065e-13	1,110203422e-11	6,354446049e-13	4,999999912e-15	1,176162507e-14	4,999999912e-15	4,999999912e-15	7,289086001e-12	6,886472051e-14	3,269748431e-14	4,999999912e-15	3,33959985e-14	1,072665984e-10	6,65038441e-11	1	1	1	1	1	1	1	0	0	0	0	0	0	0	0	0	0	6,018653598e-09	39,60745146	0	0,2628072553	30,16847186	0	30,60810719	0,2435802447	0,04032491854	0
410,219	1770291864,465	05/02/2026_12:44:24,465	1	2	2,756343747e-06	1,978525688e-06	2,611829589e-12	6,809651801e-12	5,844466838e-12	1,177204948e-11	6,835958188e-11	9,067570306e-11	9,374555169e-13	1,048796466e-13	1,10997973e-11	6,281616937e-13	4,999999912e-15	1,350498489e-14	4,999999912e-15	9,108263866e-15	7,274781038e-12	6,879972937e-14	2,782442245e-14	4,999999912e-15	3,825936692e-14	1,074125164e-10	6,638318367e-11	1	1	1	1	1	1	1	0	0	0	0	0	0	0	0	0	0	6,034846982e-09	39,67855447	0	0,2675677576	30,1468044	0	30,56448188	0,2425804293	0,03603347591	0
415,955	1770291870,201	05/02/2026_12:44:30,201	1	2	2,744488711e-06	1,977767852e-06	2,605724447e-12	6,817077285e-12	5,830079041e-12	1,178467567e-11	6,82077797e-11	9,073099216e-11	9,480079482e-13	9,897822579e-14	1,110179136e-11	6,180866366e-13	4,999999912e-15	1,34011827e-14	4,999999912e-15	1,175968706e-14	7,256848768e-12	7,043830444e-14	2,219463152e-14	4,999999912e-15	3,39024124e-14	1,073652348e-10	6,657261548e-11	1	1	1	1	1	1	1	0	0	0	0	0	0	0	0	0	0	5,557354873e-09	39,64319678	0	0,2400668892	30,11261047	0	30,64255985	0,2416582033	0,03487422247	0
421,691	1770291875,937	05/02/2026_12:44:35,937	1	2	2,737032673e-06	1,980801471e-06	2,581134742e-12	6,821329959e-12	5,820327293e-12	1,177891118e-11	6,839314531e-11	9,070197371e-11	9,471246487e-13	9,167443687e-14	1,111521118e-11	6,143840861e-13	4,999999912e-15	8,775017388e-15	4,999999912e-15	1,17747202e-14	7,24261276e-12	8,196322446e-14	1,031561785e-14	4,999999912e-15	3,25281997e-14	1,073542158e-10	6,642809913e-11	1	1	1	1	1	1	1	0	0	0	0	0	0	0	0	0	0	5,967946565e-09	39,66404012	0	0,2639329642	30,16229272	0	30,58986236	0,2397511988	0,03201295575	0
427,427	1770291881,673	05/02/2026_12:44:41,673	1	2	2,747177405e-06	1,976250587e-06	2,580250683e-12	6,829292774e-12	5,801250539e-12	1,178977835e-11	6,824794202e-11	9,055659694e-11	9,471328886e-13	8,786222618e-14	1,111093943e-11	6,063982866e-13	4,999999912e-15	4,999999912e-15	4,999999912e-15	1,421028551e-14	7,242128772e-12	8,93038627e-14	6,154155148e-15	4,999999912e-15	2,598015729e-14	1,073558048e-10	6,652536161e-11	1	1	1	1	1	1	1	0	0	0	0	0	0	0	0	0	0	5,922087332e-09	39,67406089	0	0,2641842932	30,10988032	0	30,64252993	0,2397036744	0,03078654619	0
433,163	1770291887,409	05/02/2026_12:44:47,409	1	2	2,743523055e-06	1,97398208e-06	2,58680989e-12	6,834286609e-12	5,799430814e-12	1,17812678e-11	6,830097599e-11	9,068504281e-11	9,466472745e-13	9,428995941e-14	1,114295288e-11	5,981515196e-13	6,663969032e-15	4,999999912e-15	4,999999912e-15	1,132457131e-14	7,260865954e-12	1,001943076e-13	4,999999912e-15	6,45053367e-15	1,932637976e-14	1,073457989e-10	6,643328943e-11	1	1	1	1	1	1	1	0	0	0	0	0	0	0	0	0	0	6,948330815e-09	39,66657575	0	0,2600041227	30,1455247	0	30,59852262	0,2402911968	0,03300260213	0
438,899	1770291893,145	05/02/2026_12:44:53,145	1	2	2,735212774e-06	1,989170642e-06	2,58843706e-12	6,857003246e-12	5,808179458e-12	1,179427563e-11	6,829539712e-11	9,076425722e-11	9,459633597e-13	9,522809922e-14	1,11199704e-11	6,029624499e-13	1,061344988e-14	4,999999912e-15	4,999999912e-15	1,196778442e-14	7,276198741e-12	9,822972649e-14	4,999999912e-15	1,864242098e-14	1,24256972e-14	1,07383144e-10	6,65881586e-11	1	1	1	1	1	1	1	0	0	0	0	0	0	0	0	0	0	9,146726302e-09	39,64087273	0	0,2493090987	30,12844498	0	30,64193518	0,2401124018	0,03321775437	0
444,635	1770291898,881	05/02/2026_12:44:58,881	1	2	2,745142865e-06	1,985363042e-06	2,593645784e-12	6,835006953e-12	5,81449602e-12	1,180725483e-11	6,828067278e-11	9,071593476e-11	9,453822274e-13	1,110425296e-13	1,112742624e-11	6,07439717e-13	2,347086792e-14	4,999999912e-15	1,815443852e-14	8,522777753e-15	7,274548585e-12	9,779995553e-14	6,687252274e-15	2,414609548e-14	1,136337897e-14	1,073240177e-10	6,646697082e-11	1	1	1	1	1	1	1	0	0	0	0	0	0	0	0	0	0	1,676305046e-08	39,64948012	0	0,2503581281	30,14224812	0	30,60842847	0,2407034207	0,03907708257	0
450,371	1770291904,617	05/02/2026_12:45:04,617	1	2	2,754889465e-06	1,974738552e-06	2,600132349e-12	6,840021171e-12	5,812092127e-12	1,181753567e-11	6,829558447e-11	9,078699598e-11	9,393304277e-13	1,21110763e-13	1,107637853e-11	6,13416002e-13	2,348444586e-14	4,999999912e-15	2,603788767e-14	4,999999912e-15	7,291187619e-12	9,107292828e-14	1,471428705e-14	2,800923149e-14	1,543995712e-14	1,072790329e-10	6,63869168e-11	1	1	1	1	1	1	1	0	0	0	0	0	0	0	0	0	0	1,661239231e-08	39,63556937	0	0,2424624	30,16576168	0	30,57667035	0,2412456215	0,04218919436	0
456,107	1770291910,353	05/02/2026_12:45:10,353	1	2	2,734996087e-06	1,974738552e-06	2,609317276e-12	6,819991186e-12	5,839093532e-12	1,179313244e-11	6,831150923e-11	9,06026712e-11	9,307653389e-13	1,277092581e-13	1,109730103e-11	6,191179297e-13	1,899992479e-14	4,999999912e-15	2,889546512e-14	4,999999912e-15	7,287549036e-12	8,722482372e-14	2,388948346e-14	1,533663604e-14	1,679962457e-14	1,070598332e-10	6,63821012e-11	1	1	1	1	1	1	1	0	0	0	0	0	0	0	0	0	0	1,433135599e-08	39,60997566	0	0,2731997873	30,16984493	0	30,6107695	0,2426435918	0,04400768286	0
461,843	1770291916,089	05/02/2026_12:45:16,089	1	2	2,74149761e-06	1,989170642e-06	2,604574759e-12	6,814519869e-12	5,83246472e-12	1,182986435e-11	6,832493599e-11	9,061271178e-11	9,293934979e-13	1,279517806e-13	1,108546848e-11	6,302688406e-13	1,009587548e-14	4,999999912e-15	2,70502445e-14	4,999999912e-15	7,287366023e-12	7,628347552e-14	3,39615929e-14	1,019289125e-14	2,085679719e-14	1,070928277e-10	6,622916798e-11	1	1	1	1	1	1	1	0	0	0	0	0	0	0	0	0	0	8,963042671e-09	39,63666339	0	0,2734191195	30,19110537	0	30,5521615	0,2422975801	0,04395699449	0
467,579	1770291921,825	05/02/2026_12:45:21,825	1	2	2,741623121e-06	1,983840093e-06	2,5965985e-12	6,817476271e-12	5,83489073e-12	1,178162515e-11	6,820392862e-11	9,066075668e-11	9,339922499e-13	1,30487743e-13	1,108443632e-11	6,321547561e-13	4,999999912e-15	5,524525912e-15	1,994485103e-14	4,999999912e-15	7,288393847e-12	7,247271495e-14	3,562249915e-14	4,999999912e-15	2,341411502e-14	1,070786446e-10	6,626874743e-11	1	1	1	1	1	1	1	0	0	0	0	0	0	0	0	0	0	5,673447356e-09	39,62525172	0	0,2506816876	30,17226966	0	30,57032946	0,2414096127	0,04536297307	0
473,315	1770291927,561	05/02/2026_12:45:27,561	1	2	2,739146339e-06	1,969446657e-06	2,585416473e-12	6,816405079e-12	5,841980979e-12	1,179471364e-11	6,808778541e-11	9,06872355e-11	9,299038319e-13	1,261220674e-13	1,107726844e-11	6,351525751e-13	4,999999912e-15	1,117468544e-14	5,260645503e-15	4,999999912e-15	7,284061375e-12	7,10562929e-14	3,429144786e-14	4,999999912e-15	3,161771043e-14	1,072485295e-10	6,645270445e-11	1	1	1	1	1	1	1	0	0	0	0	0	0	0	0	0	0	5,552076303e-09	39,637046	0	0,235494177	30,11378632	0	30,61921426	0,2400086596	0,043366549	0
479,051	1770291933,297	05/02/2026_12:45:33,297	1	2	2,735087719e-06	1,95890766e-06	2,574846586e-12	6,880262853e-12	5,835959754e-12	1,178689871e-11	6,803595881e-11	9,064339557e-11	9,336963711e-13	1,128921446e-13	1,111331773e-11	6,267734812e-13	4,999999912e-15	1,281133267e-14	4,999999912e-15	4,999999912e-15	7,266404926e-12	6,455143223e-14	3,494241978e-14	4,999999912e-15	3,328539972e-14	1,073139216e-10	6,629746752e-11	1	1	1	1	1	1	1	0	0	0	0	0	0	0	0	0	0	5,309106967e-09	39,68356246	0	0,2170626458	30,11594145	0	30,56754534	0,2390349233	0,0388771794	0
484,787	1770291939,033	05/02/2026_12:45:39,033	1	2	2,742996912e-06	1,986124062e-06	2,56323001e-12	6,811094223e-12	5,834519499e-12	1,177518239e-11	6,821524595e-11	9,0541942e-11	9,379959916e-13	1,019468798e-13	1,107681655e-11	6,286070297e-13	4,999999912e-15	1,107670067e-14	4,999999912e-15	5,112206367e-15	7,256443276e-12	6,63287513e-14	2,649434017e-14	4,999999912e-15	2,878778352e-14	1,071025907e-10	6,623544768e-11	1	1	1	1	1	1	1	0	0	0	0	0	0	0	0	0	0	5,869237948e-09	39,65794555	0	0,2555933099	30,16823944	0	30,57039253	0,2385725788	0,03522873295	0
490,523	1770291944,769	05/02/2026_12:45:44,769	1	2	2,739340971e-06	1,977767852e-06	2,551746574e-12	6,802304813e-12	5,817464132e-12	1,1758137e-11	6,818996756e-11	9,057393724e-11	9,414609934e-13	9,774368543e-14	1,106965561e-11	6,175720742e-13	4,999999912e-15	9,104868958e-15	4,999999912e-15	9,407561264e-15	7,248100557e-12	7,255275617e-14	1,615593035e-14	4,999999912e-15	3,233416817e-14	1,072621991e-10	6,61769875e-11	1	1	1	1	1	1	1	0	0	0	0	0	0	0	0	0	0	5,670805303e-09	39,6999682	0	0,243813138	30,159086	0	30,53245636	0,2373097883	0,03396727223	0
496,259	1770291950,505	05/02/2026_12:45:50,505	1	2	2,746764721e-06	1,982322374e-06	2,539511353e-12	6,807224489e-12	5,806740505e-12	1,176411052e-11	6,812047454e-11	9,068614609e-11	9,462635753e-13	8,762550418e-14	1,109238829e-11	6,063943835e-13	4,999999912e-15	4,999999912e-15	4,999999912e-15	1,634073939e-14	7,246476856e-12	8,221788999e-14	1,055087617e-14	4,999999912e-15	2,611210469e-14	1,070893998e-10	6,609451875e-11	1	1	1	1	1	1	1	0	0	0	0	0	0	0	0	0	0	5,277665366e-09	39,66612899	0	0,2214733816	30,19507162	0	30,52175466	0,2361446241	0,03063805323	0
501,995	1770291956,241	05/02/2026_12:45:56,241	1	2	2,739667934e-06	1,976250587e-06	2,539351325e-12	6,828815725e-12	5,796251933e-12	1,17732846e-11	6,831547134e-11	9,056363992e-11	9,5446177e-13	8,548389318e-14	1,109387322e-11	6,02015562e-13	4,999999912e-15	4,999999912e-15	4,999999912e-15	7,495387774e-15	7,226184495e-12	9,579853187e-14	4,999999912e-15	4,999999912e-15	2,202436774e-14	1,074641903e-10	6,641239642e-11	1	1	1	1	1	1	1	0	0	0	0	0	0	0	0	0	0	6,175221194e-09	39,71659422	0	0,2727379894	30,12901708	0	30,5920989	0,2360803797	0,03054086007	0
507,731	1770291961,977	05/02/2026_12:46:01,977	1	2	2,740334139e-06	1,976250587e-06	2,536378876e-12	6,834548552e-12	5,807604831e-12	1,176212513e-11	6,812939102e-11	9,062638834e-11	9,487458562e-13	8,948866496e-14	1,108219766e-11	6,080403108e-13	1,456584792e-14	4,999999912e-15	4,999999912e-15	1,294763213e-14	7,247062759e-12	9,867018362e-14	4,999999912e-15	1,048345066e-14	1,74995838e-14	1,06974582e-10	6,611407255e-11	1	1	1	1	1	1	1	0	0	0	0	0	0	0	0	0	0	1,126938617e-08	39,64583483	0	0,2326131411	30,20046413	0	30,54708867	0,2361033121	0,0316143038	0
513,467	1770291967,713	05/02/2026_12:46:07,713	1	2	2,744537369e-06	1,966430318e-06	2,542410726e-12	6,833103961e-12	5,805235632e-12	1,179274126e-11	6,820482373e-11	9,074611201e-11	9,420879875e-13	9,604643469e-14	1,106571171e-11	6,018289166e-13	1,730507115e-14	4,999999912e-15	9,008337696e-15	1,169371844e-14	7,245888351e-12	9,910820808e-14	4,999999912e-15	1,996328755e-14	9,345951476e-15	1,067691213e-10	6,631868665e-11	1	1	1	1	1	1	1	0	0	0	0	0	0	0	0	0	0	1,289539192e-08	39,55513483	0	0,2346395076	30,22363378	0	30,62966715	0,2365602098	0,03331520723	0
519,203	1770291973,449	05/02/2026_12:46:13,449	1	2	2,736414899e-06	1,970201538e-06	2,552755967e-12	6,829156164e-12	5,80300738e-12	1,180577684e-11	6,82987833e-11	9,062668671e-11	9,384961341e-13	1,154955309e-13	1,108371554e-11	6,03985991e-13	2,926266746e-14	4,999999912e-15	2,06710056e-14	4,999999912e-15	7,263083798e-12	9,326547645e-14	1,015069037e-14	2,072921709e-14	1,426800911e-14	1,069730554e-10	6,606971914e-11	1	1	1	1	1	1	1	0	0	0	0	0	0	0	0	0	0	2,032202867e-08	39,64012946	0	0,2534288057	30,2296584	0	30,51758966	0,2376874706	0,04022204619	0
524,939	1770291979,185	05/02/2026_12:46:19,185	1	2	2,741751587e-06	1,982322374e-06	2,560612529e-12	6,82614295e-12	5,817625461e-12	1,18046458e-11	6,81607687e-11	9,060086015e-11	9,297806665e-13	1,254691473e-13	1,107973435e-11	6,173493249e-13	1,947626393e-14	4,999999912e-15	2,533209746e-14	4,999999912e-15	7,262299703e-12	9,602896549e-14	1,591774977e-14	1,928223579e-14	1,084191839e-14	1,070024624e-10	6,615284709e-11	1	1	1	1	1	1	1	0	0	0	0	0	0	0	0	0	0	1,423071549e-08	39,64181963	0	0,2453905179	30,19014532	0	30,5519641	0,2382617526	0,04320368234	0
530,675	1770291984,921	05/02/2026_12:46:24,921	1	2	2,731667564e-06	1,975493433e-06	2,565011788e-12	6,813853735e-12	5,826116065e-12	1,179112103e-11	6,804504182e-11	9,043091276e-11	9,308581466e-13	1,281142618e-13	1,105872251e-11	6,223150792e-13	1,625391174e-14	4,999999912e-15	2,521810546e-14	4,999999912e-15	7,285789159e-12	8,245313476e-14	2,740288126e-14	1,391002503e-14	1,573391143e-14	1,070734335e-10	6,626064974e-11	1	1	1	1	1	1	1	0	0	0	0	0	0	0	0	0	0	1,237912211e-08	39,66027413	0	0,2534541761	30,12393122	0	30,59475228	0,2386753668	0,04446221564	0
536,411	1770291990,657	05/02/2026_12:46:30,657	1	2	2,733117526e-06	1,970201538e-06	2,563035721e-12	6,80225971e-12	5,825247403e-12	1,177454141e-11	6,816969211e-11	9,057718464e-11	9,274929999e-13	1,250655802e-13	1,105148265e-11	6,33558581e-13	4,999999912e-15	4,999999912e-15	1,946074629e-14	4,999999912e-15	7,264713137e-12	7,620293963e-14	3,449420383e-14	8,684301853e-15	2,290672026e-14	1,071271266e-10	6,633252975e-11	1	1	1	1	1	1	1	0	0	0	0	0	0	0	0	0	0	5,832067347e-09	39,64425026	0	0,2609906404	30,14781619	0	30,59987183	0,2384040382	0,04282460098	0
542,147	1770291996,393	05/02/2026_12:46:36,393	1	2	2,738467401e-06	1,966430318e-06	2,54994051e-12	6,804192626e-12	5,82991164e-12	1,176590509e-11	6,806242375e-11	9,070425661e-11	9,246931562e-13	1,204340582e-13	1,104113589e-11	6,304231226e-13	4,999999912e-15	1,038594869e-14	6,194894044e-15	4,999999912e-15	7,269844015e-12	6,381799657e-14	3,500838671e-14	4,999999912e-15	3,096867652e-14	1,071015152e-10	6,613748438e-11	1	1	1	1	1	1	1	0	0	0	0	0	0	0	0	0	0	5,33090415e-09	39,6525469	0	0,2188273161	30,17479554	0	30,53082863	0,2370401805	0,0408226754	0
547,883	1770292002,129	05/02/2026_12:46:42,129	1	2	2,743268169e-06	1,985363042e-06	2,544760192e-12	6,805001874e-12	5,821754103e-12	1,175493904e-11	6,812914816e-11	9,063361173e-11	9,333543053e-13	1,189550709e-13	1,104103007e-11	6,314198838e-13	4,999999912e-15	1,167770951e-14	4,999999912e-15	4,999999912e-15	7,275647099e-12	6,551721242e-14	3,360700119e-14	4,999999912e-15	3,179087446e-14	1,069423577e-10	6,621854454e-11	1	1	1	1	1	1	1	0	0	0	0	0	0	0	0	0	0	5,661990688e-09	39,61125776	0	0,239009242	30,18183268	0	30,57749967	0,2368357449	0,04111735356	0
553,619	1770292007,865	05/02/2026_12:46:47,865	1	2	2,73382966e-06	1,936511126e-06	2,531963137e-12	6,795938812e-12	5,820766178e-12	1,173595943e-11	6,816099074e-11	9,060333039e-11	9,390407289e-13	1,026890432e-13	1,105054416e-11	6,224086459e-13	4,999999912e-15	9,682589474e-15	4,999999912e-15	4,999999912e-15	7,253044519e-12	6,55438838e-14	2,464620237e-14	4,999999912e-15	2,911277651e-14	1,06897026e-10	6,610838266e-11	1	1	1	1	1	1	1	0	0	0	0	0	0	0	0	0	0	5,645609785e-09	39,62654604	0	0,2372543693	30,20811934	0	30,54968971	0,2358311361	0,03562541062	0
559,355	1770292013,601	05/02/2026_12:46:53,601	1	2	2,735651606e-06	1,997577101e-06	2,509536632e-12	6,803931116e-12	5,809112739e-12	1,174409528e-11	6,818189763e-11	9,05792108e-11	9,475116004e-13	9,681526956e-14	1,104979563e-11	6,212945739e-13	4,999999912e-15	1,27671887e-14	4,999999912e-15	8,125983474e-15	7,250604197e-12	7,093356122e-14	2,314780109e-14	4,999999912e-15	3,626036578e-14	1,069323866e-10	6,620116955e-11	1	1	1	1	1	1	1	0	0	0	0	0	0	0	0	0	0	5,766042988e-09	39,62346673	0	0,2476625073	30,19163308	0	30,57879891	0,2337227323	0,03423146596	0
565,091	1770292019,337	05/02/2026_12:46:59,337	1	2	2,741453045e-06	1,973223789e-06	2,505646949e-12	6,804298878e-12	5,804976291e-12	1,17375094e-11	6,817525711e-11	9,044424237e-11	9,433370968e-13	8,890949771e-14	1,108511807e-11	6,140154032e-13	4,999999912e-15	5,22232065e-15	4,999999912e-15	1,625100133e-14	7,227610871e-12	7,980366314e-14	1,413218568e-14	4,999999912e-15	2,989132176e-14	1,070022959e-10	6,591604346e-11	1	1	1	1	1	1	1	0	0	0	0	0	0	0	0	0	0	5,806397815e-09	39,70328048	0	0,2549474787	30,21018199	0	30,48634632	0,2336953327	0,0310086958	0
570,827	1770292025,073	05/02/2026_12:47:05,073	1	2	2,740919172e-06	1,9581571e-06	2,499535084e-12	6,80983785e-12	5,796592373e-12	1,174743896e-11	6,820335963e-11	9,052673194e-11	9,499478027e-13	8,337188091e-14	1,109167619e-11	6,018963539e-13	4,999999912e-15	7,261576187e-15	4,999999912e-15	1,365681724e-14	7,215427041e-12	8,763278189e-14	4,999999912e-15	4,999999912e-15	2,158488977e-14	1,070596806e-10	6,606717257e-11	1	1	1	1	1	1	1	0	0	0	0	0	0	0	0	0	0	5,744782338e-09	39,68813491	0	0,2493746967	30,2014046	0	30,52871038	0,2328827246	0,02948186897	0
576,563	1770292030,809	05/02/2026_12:47:10,809	1	2	2,740086074e-06	1,982322374e-06	2,497022337e-12	6,82749907e-12	5,795418399e-12	1,176993832e-11	6,805252195e-11	9,04896158e-11	9,456227034e-13	8,722144236e-14	1,108333911e-11	6,002859342e-13	4,999999912e-15	4,999999912e-15	4,999999912e-15	1,554472324e-14	7,235795296e-12	9,393295197e-14	8,462626555e-15	4,999999912e-15	2,697310521e-14	1,068439989e-10	6,621944659e-11	1	1	1	1	1	1	1	0	0	0	0	0	0	0	0	0	0	5,588819293e-09	39,62233047	0	0,2423654479	30,17254222	0	30,61274769	0,2326488783	0,03063735715	0
582,299	1770292036,545	05/02/2026_12:47:16,545	1	2	2,740368018e-06	1,980801471e-06	2,505172719e-12	6,835023866e-12	5,794496827e-12	1,176199676e-11	6,813345027e-11	9,045016819e-11	9,469470564e-13	9,434912975e-14	1,107361685e-11	6,021921785e-13	1,387122161e-14	4,999999912e-15	4,999999912e-15	1,673510438e-14	7,233569212e-12	1,006687003e-13	7,15001009e-15	1,27070392e-14	1,924585911e-14	1,068045374e-10	6,598435687e-11	1	1	1	1	1	1	1	0	0	0	0	0	0	0	0	0	0	1,114904651e-08	39,65002516	0	0,2550038452	30,21792408	0	30,53516809	0,2337645764	0,03341006098	0
588,035	1770292042,281	05/02/2026_12:47:22,281	1	2	2,751830152e-06	1,994515515e-06	2,515096421e-12	6,835803625e-12	5,79711756e-12	1,178173011e-11	6,830594423e-11	9,052771727e-11	9,440452977e-13	1,052778809e-13	1,109546656e-11	6,019253563e-13	2,003652879e-14	4,999999912e-15	1,776637546e-14	1,273322607e-14	7,228909311e-12	1,066652124e-13	8,200681616e-15	2,48290717e-14	1,816219735e-14	1,069482697e-10	6,629902183e-11	1	1	1	1	1	1	1	0	0	0	0	0	0	0	0	0	0	1,516077369e-08	39,62205079	0	0,2809064573	30,19494394	0	30,61300356	0,2343559456	0,0370154825	0
593,771	1770292048,017	05/02/2026_12:47:28,017	1	2	2,735095222e-06	1,970956646e-06	2,519226147e-12	6,823294967e-12	5,806854129e-12	1,179101955e-11	6,802990116e-11	9,040657806e-11	9,430800325e-13	1,203472543e-13	1,10651887e-11	6,075240679e-13	2,745138914e-14	4,999999912e-15	2,352421914e-14	6,422400318e-15	7,27017101e-12	9,84819729e-14	1,301942834e-14	2,422273672e-14	1,596092304e-14	1,067547162e-10	6,599401581e-11	1	1	1	1	1	1	1	0	0	0	0	0	0	0	0	0	0	1,902349834e-08	39,6357669	0	0,2453335676	30,19388499	0	30,5442525	0,2349290743	0,042817577	0
599,507	1770292053,753	05/02/2026_12:47:33,753	1	2	2,734194823e-06	1,972467771e-06	2,524569529e-12	6,826087005e-12	5,809725097e-12	1,180576557e-11	6,799177887e-11	9,043630428e-11	9,314552168e-13	1,223200415e-13	1,105289124e-11	6,143264066e-13	2,328507802e-14	4,999999912e-15	2,638956558e-14	4,999999912e-15	7,283099471e-12	9,276341631e-14	2,305224222e-14	2,039014641e-14	1,246983694e-14	1,068182071e-10	6,621487386e-11	1	1	1	1	1	1	1	0	0	0	0	0	0	0	0	0	0	1,649242412e-08	39,61438694	0	0,2461726347	30,15364936	0	30,61294444	0,2351519063	0,04243631245	0
605,243	1770292059,489	05/02/2026_12:47:39,489	1	2	2,736747092e-06	1,986887355e-06	2,531187282e-12	6,815746318e-12	5,827619637e-12	1,176871448e-11	6,80226292e-11	9,036279364e-11	9,275276944e-13	1,321413682e-13	1,106769103e-11	6,237053517e-13	1,484427951e-14	4,999999912e-15	3,023087694e-14	4,999999912e-15	7,280629225e-12	8,165665952e-14	2,950520348e-14	1,360248516e-14	1,994727015e-14	1,068850564e-10	6,615712145e-11	1	1	1	1	1	1	1	0	0	0	0	0	0	0	0	0	0	1,152966578e-08	39,64300962	0	0,2558207727	30,14672382	0	30,58645503	0,2358525684	0,04575624438	0
610,979	1770292065,225	05/02/2026_12:47:45,225	1	2	2,734009058e-06	1,969446657e-06	2,531319338e-12	6,803630142e-12	5,824961607e-12	1,175762959e-11	6,810017827e-11	9,038073762e-11	9,314739735e-13	1,302806197e-13	1,107081701e-11	6,347514745e-13	1,119651264e-14	4,999999912e-15	2,235712632e-14	4,999999912e-15	7,270038738e-12	7,714740169e-14	3,336252037e-14	5,154409783e-15	2,37308613e-14	1,069097866e-10	6,602995234e-11	1	1	1	1	1	1	1	0	0	0	0	0	0	0	0	0	0	9,590247451e-09	39,66417723	0	0,2650196667	30,1768329	0	30,53545258	0,2360719939	0,04538377366	0
616,715	1770292070,961	05/02/2026_12:47:50,961	1	2	2,739065167e-06	1,977767852e-06	2,519311149e-12	6,794110847e-12	5,836255958e-12	1,176936673e-11	6,821430226e-11	9,039689136e-11	9,359064088e-13	1,246037778e-13	1,104545535e-11	6,337333002e-13	4,999999912e-15	8,038186815e-15	9,353710298e-15	4,999999912e-15	7,279139964e-12	6,738815235e-14	3,723584958e-14	4,999999912e-15	3,330867957e-14	1,069827213e-10	6,614535308e-11	1	1	1	1	1	1	1	0	0	0	0	0	0	0	0	0	0	6,239451473e-09	39,65579747	0	0,2824708262	30,17156787	0	30,55841359	0,2349574792	0,04358536068	0
622,451	1770292076,697	05/02/2026_12:47:56,697	1	2	2,738387593e-06	1,966430318e-06	2,501905584e-12	6,79604116e-12	5,82293198e-12	1,174806866e-11	6,80255921e-11	9,050935695e-11	9,318068235e-13	1,218432094e-13	1,101583234e-11	6,318264054e-13	4,999999912e-15	1,157584025e-14	4,999999912e-15	4,999999912e-15	7,268130976e-12	6,569475731e-14	3,486722358e-14	4,999999912e-15	3,627201079e-14	1,069045616e-10	6,598108171e-11	1	1	1	1	1	1	1	0	0	0	0	0	0	0	0	0	0	5,587718925e-09	39,65594916	0	0,2349572843	30,18837973	0	30,51457661	0,2331813093	0,04222511014	0
628,187	1770292082,433	05/02/2026_12:48:02,433	1	2	2,72865509e-06	1,967182016e-06	2,495955265e-12	6,790203382e-12	5,815741118e-12	1,1741089e-11	6,803388408e-11	9,043487487e-11	9,366373779e-13	1,111531182e-13	1,103426118e-11	6,273045776e-13	4,999999912e-15	1,82921898e-14	4,999999912e-15	5,796653034e-15	7,247091816e-12	6,962484788e-14	2,918505552e-14	4,999999912e-15	4,095881349e-14	1,069765318e-10	6,608484593e-11	1	1	1	1	1	1	1	0	0	0	0	0	0	0	0	0	0	5,717347694e-09	39,67015933	0	0,2455786585	30,16074483	0	30,54995448	0,232622171	0,03873909612	0
633,923	1770292088,169	05/02/2026_12:48:08,169	1	2	2,738305284e-06	1,975493433e-06	2,483073209e-12	6,767270772e-12	5,810696976e-12	1,173072924e-11	6,803904662e-11	9,043131521e-11	9,39504659e-13	9,456304283e-14	1,104997517e-11	6,202084202e-13	4,999999912e-15	8,753184267e-15	4,999999912e-15	1,215647795e-14	7,248731563e-12	7,711390662e-14	1,779887273e-14	4,999999912e-15	3,436129758e-14	1,067279806e-10	6,601187652e-11	1	1	1	1	1	1	1	0	0	0	0	0	0	0	0	0	0	5,645202365e-09	39,63051328	0	0,2445625732	30,20177132	0	30,55502698	0,2316898701	0,03287084937	0
639,659	1770292093,905	05/02/2026_12:48:13,905	1	2	2,74709987e-06	1,969446657e-06	2,474432334e-12	6,804331838e-12	5,797692621e-12	1,172276685e-11	6,788175577e-11	9,046475374e-11	9,462717068e-13	8,961672279e-14	1,106346438e-11	6,058768938e-13	4,999999912e-15	1,098016433e-14	4,999999912e-15	1,602107424e-14	7,232169291e-12	8,205731288e-14	1,56989781e-14	4,999999912e-15	2,947512704e-14	1,068636984e-10	6,623009779e-11	1	1	1	1	1	1	1	0	0	0	0	0	0	0	0	0	0	5,259465452e-09	39,6341657	0	0,2209004149	30,13861616	0	30,62543041	0,2304150993	0,03170690352	0
645,395	1770292099,641	05/02/2026_12:48:19,641	1	2	2,730638471e-06	1,955905191e-06	2,46375728e-12	6,81403935e-12	5,789963561e-12	1,17576773e-11	6,808260206e-11	9,031453363e-11	9,473123241e-13	8,649529118e-14	1,10518027e-11	6,054562234e-13	4,999999912e-15	4,999999912e-15	4,999999912e-15	1,277737512e-14	7,212592936e-12	9,221724269e-14	4,999999912e-15	4,999999912e-15	2,551351159e-14	1,069016889e-10	6,596044544e-11	1	1	1	1	1	1	1	0	0	0	0	0	0	0	0	0	0	5,845268619e-09	39,69709578	0	0,2574611836	30,1893107	0	30,5310646	0,2300181445	0,03064154963	0
651,131	1770292105,377	05/02/2026_12:48:25,377	1	2	2,741109029e-06	1,970956646e-06	2,468584148e-12	6,815581086e-12	5,791036487e-12	1,175775796e-11	6,813070941e-11	9,038833571e-11	9,411281433e-13	8,723794256e-14	1,108083417e-11	6,041461277e-13	7,159718781e-15	4,999999912e-15	4,999999912e-15	1,390808448e-14	7,2142123e-12	9,889719523e-14	5,355233672e-15	1,046210712e-14	2,117645726e-14	1,069081421e-10	6,579183726e-11	1	1	1	1	1	1	1	0	0	0	0	0	0	0	0	0	0	7,150356609e-09	39,71405662	0	0,2563492547	30,22914728	0	30,46479544	0,2305461456	0,03026138493	0
656,867	1770292111,113	05/02/2026_12:48:31,113	1	2	2,740847549e-06	1,959658448e-06	2,48314585e-12	6,810365206e-12	5,796853015e-12	1,177174417e-11	6,815380899e-11	9,032267989e-11	9,422897575e-13	9,679342966e-14	1,10682262e-11	5,971275449e-13	2,387493144e-14	4,999999912e-15	9,279977774e-15	9,198488122e-15	7,235619222e-12	1,019080721e-13	4,999999912e-15	2,483732011e-14	1,144923932e-14	1,070030661e-10	6,591635571e-11	1	1	1	1	1	1	1	0	0	0	0	0	0	0	0	0	0	1,741053003e-08	39,72073385	0	0,2706854941	30,19515996	0	30,49793467	0,2318294832	0,03394606594	0
662,603	1770292116,849	05/02/2026_12:48:36,849	1	2	2,737710702e-06	1,984602477e-06	2,485865463e-12	6,800341106e-12	5,797843976e-12	1,176669699e-11	6,808476699e-11	9,036467408e-11	9,377198453e-13	1,126199896e-13	1,106441674e-11	6,058098901e-13	2,811206129e-14	4,999999912e-15	2,00365271e-14	7,785459289e-15	7,243564255e-12	9,41483084e-14	1,114994361e-14	1,976876643e-14	1,647413353e-14	1,067935462e-10	6,606525743e-11	1	1	1	1	1	1	1	0	0	0	0	0	0	0	0	0	0	1,966427675e-08	39,64516529	0	0,2588046441	30,1881937	0	30,56993549	0,2319334552	0,03943865844	0
668,339	1770292122,585	05/02/2026_12:48:42,585	1	2	2,734792133e-06	1,952161483e-06	2,492544582e-12	6,812246947e-12	5,800588742e-12	1,178615799e-11	6,808311553e-11	9,029588882e-11	9,298598133e-13	1,244364312e-13	1,106364392e-11	6,180920034e-13	2,504056566e-14	4,999999912e-15	2,921609759e-14	4,999999912e-15	7,254721563e-12	9,362249067e-14	1,803219812e-14	2,020145288e-14	1,785757042e-14	1,065459596e-10	6,602236813e-11	1	1	1	1	1	1	1	0	0	0	0	0	0	0	0	0	0	1,786992468e-08	39,60029072	0	0,2685079902	30,21009643	0	30,58475126	0,2328545506	0,04319416963	0
674,075	1770292128,321	05/02/2026_12:48:48,321	1	2	2,74186641e-06	1,969446657e-06	2,500809022e-12	6,806648561e-12	5,82439522e-12	1,17747409e-11	6,814777215e-11	9,041813825e-11	9,268629701e-13	1,284091919e-13	1,105833827e-11	6,228486693e-13	1,296121769e-14	4,999999912e-15	2,720302892e-14	4,999999912e-15	7,266577097e-12	8,258702018e-14	2,591467487e-14	1,34230082e-14	1,423017384e-14	1,067204797e-10	6,622562915e-11	1	1	1	1	1	1	1	0	0	0	0	0	0	0	0	0	0	1,062384854e-08	39,59172875	0	0,268510348	30,18676545	0	30,62255709	0,2332139984	0,04421783074	0
679,811	1770292134,057	05/02/2026_12:48:54,057	1	2	2,733208248e-06	1,972467771e-06	2,493184912e-12	6,795334261e-12	5,825549678e-12	1,177086206e-11	6,804178748e-11	9,047523841e-11	9,268818352e-13	1,32198099e-13	1,103841411e-11	6,308810896e-13	8,302067225e-15	4,999999912e-15	1,977313373e-14	4,999999912e-15	7,261259302e-12	7,284428459e-14	3,406927789e-14	8,263262951e-15	2,347910955e-14	1,070956865e-10	6,618496723e-11	1	1	1	1	1	1	1	0	0	0	0	0	0	0	0	0	0	7,60086354e-09	39,67590474	0	0,2485833229	30,14036734	0	30,56717175	0,2320860925	0,04558732615	0
685,547	1770292139,793	05/02/2026_12:48:59,793	1	2	2,736696842e-06	1,964169087e-06	2,489949219e-12	6,750231884e-12	5,825365364e-12	1,176865549e-11	6,806879366e-11	9,042506327e-11	9,274106006e-13	1,310776032e-13	1,10517203e-11	6,337595379e-13	4,999999912e-15	7,656916957e-15	9,473038605e-15	4,999999912e-15	7,275982768e-12	6,325820943e-14	3,742503269e-14	4,999999912e-15	3,388980516e-14	1,068569955e-10	6,61504948e-11	1	1	1	1	1	1	1	0	0	0	0	0	0	0	0	0	0	5,882994288e-09	39,63036691	0	0,2614562195	30,16647894	0	30,57994922	0,2321728156	0,04528429546	0
691,283	1770292145,529	05/02/2026_12:49:05,529	1	2	2,732597295e-06	1,977767852e-06	2,477131781e-12	6,785102428e-12	5,820182444e-12	1,175068636e-11	6,804524999e-11	9,049348076e-11	9,307984071e-13	1,151380152e-13	1,102027063e-11	6,28633159e-13	4,999999912e-15	1,230394299e-14	4,999999912e-15	4,999999912e-15	7,252478132e-12	7,073808634e-14	2,634009208e-14	4,999999912e-15	3,494726481e-14	1,069095229e-10	6,610415687e-11	1	1	1	1	1	1	1	0	0	0	0	0	0	0	0	0	0	5,640623385e-09	39,6456865	0	0,2400161548	30,17579196	0	30,5600962	0,2308420274	0,03963282259	0
697,019	1770292151,265	05/02/2026_12:49:11,265	1	2	2,743734967e-06	1,990697683e-06	2,463338127e-12	6,797209497e-12	5,807856366e-12	1,172806123e-11	6,795582153e-11	9,033368498e-11	9,409941359e-13	1,040428797e-13	1,102331854e-11	6,228719255e-13	4,999999912e-15	1,527988145e-14	4,999999912e-15	6,983142905e-15	7,250905171e-12	6,776894448e-14	3,094976058e-14	4,999999912e-15	3,779514543e-14	1,068854866e-10	6,618015164e-11	1	1	1	1	1	1	1	0	0	0	0	0	0	0	0	0	0	5,75589624e-09	39,65265697	0	0,2485595282	30,13420582	0	30,6062433	0,2297153396	0,0366325265	0
702,755	1770292157,001	05/02/2026_12:49:17,001	1	2	2,736618853e-06	1,985363042e-06	2,446076761e-12	6,80021664e-12	5,806330243e-12	1,174842341e-11	6,795478763e-11	9,041444676e-11	9,420995884e-13	9,358029488e-14	1,104455069e-11	6,192528044e-13	4,999999912e-15	1,300342111e-14	4,999999912e-15	1,38610318e-14	7,230198645e-12	7,631936261e-14	2,100910219e-14	4,999999912e-15	3,166136651e-14	1,067144151e-10	6,605093555e-11	1	1	1	1	1	1	1	0	0	0	0	0	0	0	0	0	0	5,443335743e-09	39,63040164	0	0,2337260939	30,18643638	0	30,57993267	0,2281819288	0,03280925437	0
708,491	1770292162,737	05/02/2026_12:49:22,737	1	2	2,741364824e-06	1,994515515e-06	2,439300498e-12	6,816839194e-12	5,795172502e-12	1,173418914e-11	6,80061979e-11	9,028719439e-11	9,440743543e-13	8,85757464e-14	1,10698074e-11	6,079966175e-13	4,999999912e-15	8,082325702e-15	4,999999912e-15	1,665069754e-14	7,229082784e-12	8,600875546e-14	7,888294171e-15	4,999999912e-15	3,330625706e-14	1,066975952e-10	6,609921638e-11	1	1	1	1	1	1	1	0	0	0	0	0	0	0	0	0	0	5,700358053e-09	39,63390476	0	0,2512219302	30,17320934	0	30,60492063	0,2277383512	0,031196081	0
714,227	1770292168,473	05/02/2026_12:49:28,473	1	2	2,737181376e-06	1,972467771e-06	2,437696963e-12	6,814162082e-12	5,784647067e-12	1,1753141e-11	6,800159047e-11	9,04075495e-11	9,492505523e-13	8,876931037e-14	1,106012244e-11	6,008577425e-13	4,999999912e-15	4,999999912e-15	4,999999912e-15	1,551513807e-14	7,223485265e-12	9,393827133e-14	4,999999912e-15	4,999999912e-15	2,600053182e-14	1,065220898e-10	6,604525954e-11	1	1	1	1	1	1	1	0	0	0	0	0	0	0	0	0	0	5,541069341e-09	39,5909515	0	0,2390684014	30,21717621	0	30,6000524	0,2276324272	0,03168914066	0
719,963	1770292174,209	05/02/2026_12:49:34,209	1	2	2,736112265e-06	1,993751312e-06	2,438699199e-12	6,819568348e-12	5,789772307e-12	1,178012288e-11	6,795568275e-11	9,035919929e-11	9,45341895e-13	9,099192482e-14	1,105510475e-11	5,995063929e-13	7,785943792e-15	4,999999912e-15	4,999999912e-15	1,754955027e-14	7,230874319e-12	9,754820378e-14	5,566241437e-15	1,215550555e-14	1,779791389e-14	1,067385763e-10	6,58434765e-11	1	1	1	1	1	1	1	0	0	0	0	0	0	0	0	0	0	7,112138073e-09	39,67509547	0	0,2353471518	30,20903571	0	30,51143997	0,2276950937	0,0321903127	0
725,699	1770292179,945	05/02/2026_12:49:39,945	1	2	2,73143155e-06	1,980042725e-06	2,441621341e-12	6,825643783e-12	5,794459097e-12	1,176923142e-11	6,804212749e-11	9,04133296e-11	9,418261527e-13	9,756567299e-14	1,108076911e-11	6,029368628e-13	1,899507637e-14	4,999999912e-15	1,088460715e-14	1,197506043e-14	7,233066576e-12	9,792656323e-14	4,999999912e-15	2,31667238e-14	1,316640549e-14	1,064593205e-10	6,618464804e-11	1	1	1	1	1	1	1	0	0	0	0	0	0	0	0	0	0	1,404596313e-08	39,55517212	0	0,2468590082	30,21247262	0	30,65282994	0,2279538701	0,03424527657	0
731,435	1770292185,681	05/02/2026_12:49:45,681	1	2	2,749415899e-06	1,971712209e-06	2,451362681e-12	6,825498066e-12	5,797500501e-12	1,178964218e-11	6,797971214e-11	9,029142711e-11	9,369705532e-13	1,033952993e-13	1,10665201e-11	6,065835226e-13	2,23469416e-14	4,999999912e-15	2,117888316e-14	1,27890142e-14	7,253639096e-12	9,640827362e-14	1,119408504e-14	2,165231698e-14	1,507081339e-14	1,071115627e-10	6,617504461e-11	1	1	1	1	1	1	1	0	0	0	0	0	0	0	0	0	0	1,601867853e-08	39,71219259	0	0,2542275168	30,11320244	0	30,58370716	0,2283583165	0,03599852473	0
737,171	1770292191,417	05/02/2026_12:49:51,417	1	2	2,732399025e-06	1,966430318e-06	2,466712381e-12	6,814271803e-12	5,809964489e-12	1,179081919e-11	6,805623426e-11	9,045319355e-11	9,346901508e-13	1,203957588e-13	1,105977462e-11	6,100795325e-13	2,452542225e-14	4,999999912e-15	2,361736227e-14	4,999999912e-15	7,272518959e-12	9,77989933e-14	1,859197339e-14	2,81149717e-14	1,342301074e-14	1,067243655e-10	6,610737652e-11	1	1	1	1	1	1	1	0	0	0	0	0	0	0	0	0	0	1,738571894e-08	39,60952966	0	0,2521556458	30,19393157	0	30,58472012	0,2300385705	0,04200044042	0
742,907	1770292197,153	05/02/2026_12:49:57,153	1	2	2,73896967e-06	1,964923968e-06	2,469296902e-12	6,820133867e-12	5,820794801e-12	1,179684128e-11	6,805342401e-11	9,057283396e-11	9,277967934e-13	1,297737146e-13	1,105496077e-11	6,186813757e-13	1,630678353e-14	4,999999912e-15	2,364888884e-14	4,999999912e-15	7,277917852e-12	7,91880938e-14	3,598145138e-14	1,395513801e-14	2,272530444e-14	1,06828206e-10	6,609057052e-11	1	1	1	1	1	1	1	0	0	0	0	0	0	0	0	0	0	1,225038719e-08	39,6164945	0	0,2392436232	30,1958892	0	30,55617579	0,2300043009	0,04473567325	0
748,643	1770292202,889	05/02/2026_12:50:02,889	1	2	2,731374479e-06	1,983840093e-06	2,473200464e-12	6,804298878e-12	5,822298806e-12	1,176934245e-11	6,805851022e-11	9,049324484e-11	9,287334356e-13	1,330212931e-13	1,107563954e-11	6,308582671e-13	7,202402466e-15	4,999999912e-15	2,576333041e-14	4,999999912e-15	7,273377647e-12	7,567956136e-14	3,174334236e-14	1,449017399e-14	2,18400432e-14	1,068838767e-10	6,605098413e-11	1	1	1	1	1	1	1	0	0	0	0	0	0	0	0	0	0	6,808345302e-09	39,6446419	0	0,243487867	30,18550219	0	30,54102949	0,2304316249	0,0460866166	0
754,379	1770292208,625	05/02/2026_12:50:08,625	1	2	2,739863021e-06	1,97398208e-06	2,460062319e-12	6,796192081e-12	5,824072127e-12	1,176872575e-11	6,802197694e-11	9,041837418e-11	9,302620523e-13	1,265964601e-13	1,101392848e-11	6,334655565e-13	4,999999912e-15	1,13192367e-14	1,176550787e-14	4,999999912e-15	7,270996739e-12	7,311786268e-14	4,165391922e-14	4,999999912e-15	3,175838566e-14	1,067566313e-10	6,610647446e-11	1	1	1	1	1	1	1	0	0	0	0	0	0	0	0	0	0	5,854026652e-09	39,61811886	0	0,2589516845	30,17774529	0	30,58267073	0,229539092	0,04393764308	0
760,115	1770292214,361	05/02/2026_12:50:14,361	1	2	2,730989536e-06	2,010634489e-06	2,45353694e-12	6,788424423e-12	5,827044142e-12	1,174230678e-11	6,807854974e-11	9,044837102e-11	9,340532904e-13	1,184569072e-13	1,104113155e-11	6,366126159e-13	4,999999912e-15	1,913671045e-14	4,999999912e-15	4,999999912e-15	7,272671614e-12	6,862994331e-14	3,707287705e-14	4,999999912e-15	3,827197416e-14	1,069652006e-10	6,596545532e-11	1	1	1	1	1	1	1	0	0	0	0	0	0	0	0	0	0	5,861002225e-09	39,67935186	0	0,2536379361	30,18518762	0	30,50445147	0,2288434271	0,04118527682	0
765,851	1770292220,097	05/02/2026_12:50:20,097	1	2	2,742072866e-06	1,952909543e-06	2,43976497e-12	6,801146018e-12	5,824691424e-12	1,17460347e-11	6,803305835e-11	9,047988053e-11	9,396510263e-13	1,082353947e-13	1,102202444e-11	6,316900128e-13	4,999999912e-15	1,886895486e-14	4,999999912e-15	8,414603175e-15	7,268879509e-12	7,344964887e-14	3,360360628e-14	4,999999912e-15	4,085645803e-14	1,066555871e-10	6,619374493e-11	1	1	1	1	1	1	1	0	0	0	0	0	0	0	0	0	0	5,739019697e-09	39,57671664	0	0,2488365793	30,18612279	0	30,62038805	0,2275712253	0,0379399145	0
771,587	1770292225,833	05/02/2026_12:50:25,833	1	2	2,752349474e-06	1,997577101e-06	2,426490432e-12	6,814104402e-12	5,80118939e-12	1,17493567e-11	6,809535574e-11	9,037822574e-11	9,4654189e-13	9,842037667e-14	1,106065153e-11	6,229093305e-13	4,999999912e-15	1,529006278e-14	4,999999912e-15	1,520468864e-14	7,245831539e-12	7,742242313e-14	1,521245762e-14	4,999999912e-15	3,662950612e-14	1,068255484e-10	6,598162988e-11	1	1	1	1	1	1	1	0	0	0	0	0	0	0	0	0	0	5,692953854e-09	39,66069265	0	0,2504150434	30,1974465	0	30,53515212	0,2264319064	0,03496041719	0
777,323	1770292231,569	05/02/2026_12:50:31,569	1	2	2,738099283e-06	1,980801471e-06	2,415054051e-12	6,814410147e-12	5,802606659e-12	1,172928248e-11	6,796145591e-11	9,037631754e-11	9,47217348e-13	8,937274342e-14	1,106829559e-11	6,117389039e-13	4,999999912e-15	9,502146045e-15	4,999999912e-15	1,591289797e-14	7,230587656e-12	8,428139778e-14	1,280065836e-14	4,999999912e-15	3,292159568e-14	1,068779648e-10	6,604979758e-11	1	1	1	1	1	1	1	0	0	0	0	0	0	0	0	0	0	5,489944103e-09	39,67251251	0	0,2359345662	30,1645687	0	30,564316	0,225221367	0,03172817287	0
783,059	1770292237,305	05/02/2026_12:50:37,305	1	2	2,738646572e-06	1,972467771e-06	2,409495563e-12	6,821840835e-12	5,789287886e-12	1,174836704e-11	6,80019166e-11	9,040443394e-11	9,455258842e-13	8,523262933e-14	1,107392303e-11	6,062310484e-13	4,999999912e-15	4,999999912e-15	4,999999912e-15	1,603562457e-14	7,230078515e-12	9,487400557e-14	8,107552037e-15	4,999999912e-15	2,404131242e-14	1,067991945e-10	6,607601272e-11	1	1	1	1	1	1	1	0	0	0	0	0	0	0	0	0	0	5,602576209e-09	39,64985865	0	0,2424625136	30,18242057	0	30,58076503	0,2247994637	0,02999320663	0
788,795	1770292243,041	05/02/2026_12:50:43,041	1	2	2,739586989e-06	1,964923968e-06	2,413041772e-12	6,825440386e-12	5,783081913e-12	1,176959832e-11	6,806994551e-11	9,053256061e-11	9,471144572e-13	8,796603853e-14	1,106183721e-11	5,977629416e-13	1,062169829e-14	4,999999912e-15	4,999999912e-15	1,373006187e-14	7,232390034e-12	9,922367561e-14	4,999999912e-15	6,512136682e-15	2,072291516e-14	1,067589211e-10	6,633227301e-11	1	1	1	1	1	1	1	0	0	0	0	0	0	0	0	0	0	9,024470942e-09	39,58640394	0	0,2434769773	30,17860625	0	30,66176586	0,224871028	0,03102366173	0
794,531	1770292248,777	05/02/2026_12:50:48,777	1	2	2,736838269e-06	1,998340622e-06	2,415950686e-12	6,829277595e-12	5,78876877e-12	1,176332035e-11	6,817073989e-11	9,046800115e-11	9,428055125e-13	9,503502315e-14	1,108396014e-11	5,983844063e-13	1,818548567e-14	4,999999912e-15	8,48009068e-15	1,036994485e-14	7,247893258e-12	9,759430948e-14	4,999999912e-15	1,797204692e-14	1,907414182e-14	1,070552397e-10	6,614823966e-11	1	1	1	1	1	1	1	0	0	0	0	0	0	0	0	0	0	1,380818879e-08	39,67992142	0	0,2573158856	30,17602756	0	30,56098372	0,2251655292	0,03320833262	0
800,267	1770292254,513	05/02/2026_12:50:54,513	1	2	2,743488267e-06	1,969446657e-06	2,428536539e-12	6,830597286e-12	5,798029157e-12	1,177859806e-11	6,811298053e-11	9,04314193e-11	9,388908921e-13	1,078148394e-13	1,107681048e-11	6,058205153e-13	2,432556991e-14	4,999999912e-15	1,518286229e-14	7,945536658e-15	7,271790808e-12	9,875944734e-14	9,090315238e-15	2,552467718e-14	1,032435076e-14	1,071262107e-10	6,606486885e-11	1	1	1	1	1	1	1	0	0	0	0	0	0	0	0	0	0	1,737604494e-08	39,70910811	0	0,2534668865	30,16351521	0	30,52626344	0,226279757	0,03764314968	0
806,003	1770292260,249	05/02/2026_12:51:00,249	1	2	2,740379841e-06	1,986887355e-06	2,436016016e-12	6,82215482e-12	5,810602e-12	1,179056679e-11	6,811558262e-11	9,046048632e-11	9,367678074e-13	1,198519772e-13	1,107469758e-11	6,121416308e-13	2,417762374e-14	4,999999912e-15	2,743344899e-14	5,787439009e-15	7,28984581e-12	9,21580588e-14	1,275312287e-14	2,325015655e-14	1,352536112e-14	1,067991737e-10	6,614257753e-11	1	1	1	1	1	1	1	0	0	0	0	0	0	0	0	0	0	1,707779337e-08	39,61576153	0	0,2497485413	30,1887332	0	30,58264224	0,2270166704	0,04193522551	0
811,739	1770292265,985	05/02/2026_12:51:05,985	1	2	2,746847485e-06	1,982322374e-06	2,446307263e-12	6,818608612e-12	5,822040766e-12	1,179430425e-11	6,814615539e-11	9,032569137e-11	9,323341795e-13	1,255001826e-13	1,105897752e-11	6,170253111e-13	2,078791647e-14	4,999999912e-15	2,869270238e-14	4,999999912e-15	7,289921271e-12	9,167879401e-14	2,09198571e-14	1,957716758e-14	1,400461575e-14	1,068186095e-10	6,61763977e-11	1	1	1	1	1	1	1	0	0	0	0	0	0	0	0	0	0	1,544348504e-08	39,62947829	0	0,2779468999	30,16987138	0	30,59944263	0,2282252382	0,04370301804	0
817,475	1770292271,721	05/02/2026_12:51:11,721	1	2	2,739377805e-06	1,968692231e-06	2,44083421e-12	6,807796948e-12	5,828205973e-12	1,179136216e-11	6,809923458e-11	9,042806087e-11	9,255746126e-13	1,303689144e-13	1,107084303e-11	6,283513748e-13	1,005658755e-14	4,999999912e-15	2,80121419e-14	4,999999912e-15	7,28917534e-12	7,882866045e-14	3,328976363e-14	8,946733836e-15	2,236974711e-14	1,067190919e-10	6,604055497e-11	1	1	1	1	1	1	1	0	0	0	0	0	0	0	0	0	0	8,720531583e-09	39,61483317	0	0,2597338181	30,20333642	0	30,55736032	0,2277101721	0,04485627389	0
823,211	1770292277,457	05/02/2026_12:51:17,457	1	2	2,739813681e-06	1,985363042e-06	2,443356715e-12	6,794698484e-12	5,826706739e-12	1,176310178e-11	6,807318598e-11	9,038118864e-11	9,250021539e-13	1,269578518e-13	1,10580425e-11	6,358855499e-13	4,999999912e-15	4,999999912e-15	1,697570578e-14	4,999999912e-15	7,295537438e-12	7,282924806e-14	3,550171225e-14	6,532994869e-15	2,921513197e-14	1,065993266e-10	6,607989156e-11	1	1	1	1	1	1	1	0	0	0	0	0	0	0	0	0	0	5,876482902e-09	39,58746287	0	0,2639925639	30,19927409	0	30,58785303	0,2281498594	0,0436023637	0
828,947	1770292283,193	05/02/2026_12:51:23,193	1	2	2,736406714e-06	1,996044602e-06	2,436950598e-12	6,796491755e-12	5,822953231e-12	1,173640005e-11	6,800052882e-11	9,046383087e-11	9,284550125e-13	1,244597416e-13	1,104836101e-11	6,370661919e-13	4,999999912e-15	8,786657315e-15	4,999999912e-15	4,999999912e-15	7,285896712e-12	6,893601358e-14	3,624581375e-14	4,999999912e-15	2,941594993e-14	1,06731339e-10	6,624793075e-11	1	1	1	1	1	1	1	0	0	0	0	0	0	0	0	0	0	5,779499963e-09	39,58742517	0	0,2472393598	30,16142251	0	30,6316572	0,2272279401	0,04294582266	0
834,683	1770292288,929	05/02/2026_12:51:28,929	1	2	2,733394012e-06	1,97928648e-06	2,423131791e-12	6,806704939e-12	5,823224715e-12	1,173294448e-11	6,798810126e-11	9,053993666e-11	9,329598726e-13	1,139602464e-13	1,102826164e-11	6,309770957e-13	4,999999912e-15	9,199458822e-15	4,999999912e-15	4,999999912e-15	7,257556101e-12	6,974464544e-14	3,431473448e-14	4,999999912e-15	3,91111568e-14	1,068755015e-10	6,627333404e-11	1	1	1	1	1	1	1	0	0	0	0	0	0	0	0	0	0	5,603869582e-09	39,61072944	0	0,2346344966	30,15251496	0	30,62340729	0,2256909409	0,0393919413	0
840,419	1770292294,665	05/02/2026_12:51:34,665	1	2	2,748613724e-06	1,966430318e-06	2,406967421e-12	6,803396388e-12	5,813486845e-12	1,173940806e-11	6,804339731e-11	9,03620373e-11	9,387273944e-13	9,972133796e-14	1,103189328e-11	6,19122917e-13	4,999999912e-15	1,062654671e-14	4,999999912e-15	1,139878665e-14	7,251533575e-12	7,038398591e-14	2,453851399e-14	4,999999912e-15	3,346003758e-14	1,066034969e-10	6,615626796e-11	1	1	1	1	1	1	1	0	0	0	0	0	0	0	0	0	0	5,78189296e-09	39,5906599	0	0,2536742283	30,18893299	0	30,6255778	0,2247394065	0,03477882099	0
846,155	1770292300,401	05/02/2026_12:51:40,401	1	2	2,742187462e-06	2,003710051e-06	2,389905765e-12	6,805847986e-12	5,803160903e-12	1,172580089e-11	6,80781681e-11	9,036948273e-11	9,44539477e-13	9,079498628e-14	1,103696388e-11	6,099131616e-13	4,999999912e-15	9,189753518e-15	4,999999912e-15	1,552678308e-14	7,231197845e-12	7,730987617e-14	1,294617862e-14	4,999999912e-15	2,85500993e-14	1,072894412e-10	6,608284753e-11	1	1	1	1	1	1	1	0	0	0	0	0	0	0	0	0	0	5,716717012e-09	39,75717671	0	0,2501170979	30,13362999	0	30,52534202	0,2226412473	0,03189870486	0
851,891	1770292306,137	05/02/2026_12:51:46,137	1	2	2,733751444e-06	1,978525688e-06	2,382596941e-12	6,823278921e-12	5,791829256e-12	1,1741586e-11	6,804778269e-11	9,045523358e-11	9,447574017e-13	8,648993116e-14	1,105049646e-11	6,086563545e-13	4,999999912e-15	5,492027799e-15	4,999999912e-15	1,46696535e-14	7,220724452e-12	8,456323613e-14	4,999999912e-15	4,999999912e-15	2,57099758e-14	1,068293717e-10	6,602330488e-11	1	1	1	1	1	1	1	0	0	0	0	0	0	0	0	0	0	5,442112503e-09	39,65731039	0	0,230933792	30,20102041	0	30,55437804	0,2222052589	0,03032535082	0
857,627	1770292311,873	05/02/2026_12:51:51,873	1	2	2,743639016e-06	1,977010015e-06	2,381872477e-12	6,814254456e-12	5,784402471e-12	1,175880053e-11	6,798551999e-11	9,042081667e-11	9,437397695e-13	8,924809405e-14	1,109268059e-11	5,988179787e-13	4,999999912e-15	4,999999912e-15	4,999999912e-15	1,144778242e-14	7,230843094e-12	9,329748074e-14	4,999999912e-15	9,856732672e-15	2,107556547e-14	1,067859759e-10	6,62009822e-11	1	1	1	1	1	1	1	0	0	0	0	0	0	0	0	0	0	5,557292926e-09	39,62893107	0	0,2379153211	30,16699038	0	30,62552738	0,2221204314	0,03131652042	0
863,363	1770292317,609	05/02/2026_12:51:57,609	1	2	2,740135869e-06	1,955905191e-06	2,386794104e-12	6,814852068e-12	5,798135409e-12	1,176535865e-11	6,799675406e-11	9,042876864e-11	9,369671922e-13	9,542115497e-14	1,108064768e-11	5,962499917e-13	9,411433899e-15	4,999999912e-15	6,86964049e-15	5,395008645e-15	7,248496508e-12	9,591399262e-14	4,999999912e-15	1,548846161e-14	9,031136434e-15	1,065329491e-10	6,599062963e-11	1	1	1	1	1	1	1	0	0	0	0	0	0	0	0	0	0	8,185067578e-09	39,60011608	0	0,2333660634	30,22688874	0	30,57900978	0,2229233147	0,03300330626	0
869,099	1770292323,345	05/02/2026_12:52:03,345	1	2	2,743574441e-06	1,987646556e-06	2,397702696e-12	6,822324823e-12	5,795443118e-12	1,1777186e-11	6,811302911e-11	9,033911119e-11	9,362495588e-13	1,078997257e-13	1,104190177e-11	6,011361114e-13	2,552030649e-14	4,999999912e-15	1,567133603e-14	7,859679704e-15	7,259515905e-12	9,277895428e-14	7,25042754e-15	2,322299389e-14	1,087878634e-14	1,068475586e-10	6,628409627e-11	1	1	1	1	1	1	1	0	0	0	0	0	0	0	0	0	0	1,822957225e-08	39,62922631	0	0,2651261232	30,15534452	0	30,64219298	0,2236274763	0,03752841403	0
874,835	1770292329,081	05/02/2026_12:52:09,081	1	2	2,744739277e-06	1,970956646e-06	2,405282787e-12	6,823734286e-12	5,810126685e-12	1,177108671e-11	6,80480533e-11	9,035915072e-11	9,279698321e-13	1,15074481e-13	1,10374123e-11	6,055556989e-13	2,294116232e-14	4,999999912e-15	2,230474242e-14	4,999999912e-15	7,285826456e-12	8,765800314e-14	1,452024875e-14	2,285191554e-14	8,148299404e-15	1,068003117e-10	6,620665821e-11	1	1	1	1	1	1	1	0	0	0	0	0	0	0	0	0	0	1,643701801e-08	39,62438769	0	0,2522854343	30,15980063	0	30,61894164	0,2242775756	0,03945213292	0
880,571	1770292334,817	05/02/2026_12:52:14,817	1	2	2,734137752e-06	1,961912403e-06	2,418417463e-12	6,801987359e-12	5,820860287e-12	1,178295482e-11	6,803484165e-11	9,037282728e-11	9,255333045e-13	1,305527545e-13	1,104344914e-11	6,219265554e-13	1,460029167e-14	4,999999912e-15	2,60519518e-14	4,999999912e-15	7,280857341e-12	7,934428667e-14	2,518268932e-14	1,810447544e-14	1,675402371e-14	1,068564057e-10	6,620030912e-11	1	1	1	1	1	1	1	0	0	0	0	0	0	0	0	0	0	1,138141448e-08	39,63359046	0	0,2547107833	30,1517608	0	30,60703263	0,2254152903	0,04497018675	0
886,307	1770292340,553	05/02/2026_12:52:20,553	1	2	2,735634325e-06	1,97398208e-06	2,418911425e-12	6,8011239e-12	5,814351171e-12	1,176809952e-11	6,79577436e-11	9,04366651e-11	9,228450252e-13	1,32154487e-13	1,10483055e-11	6,218615033e-13	9,783488039e-15	4,999999912e-15	2,418052737e-14	4,999999912e-15	7,272786973e-12	7,49659937e-14	3,648204446e-14	6,046466767e-15	2,135156608e-14	1,067359257e-10	6,588072449e-11	1	1	1	1	1	1	1	0	0	0	0	0	0	0	0	0	0	8,268226041e-09	39,64841322	0	0,2359528148	30,20493673	0	30,51011068	0,2256874712	0,0453574204	0
892,043	1770292346,289	05/02/2026_12:52:26,289	1	2	2,741199069e-06	1,981562946e-06	2,417790143e-12	6,807187192e-12	5,824939055e-12	1,175069157e-11	6,810754044e-11	9,040035387e-11	9,282765528e-13	1,253794296e-13	1,102588593e-11	6,327956822e-13	4,999999912e-15	7,191728156e-15	8,421882576e-15	4,999999912e-15	7,266315587e-12	6,893603391e-14	4,098403474e-14	4,999999912e-15	2,272578386e-14	1,06422926e-10	6,601632435e-11	1	1	1	1	1	1	1	0	0	0	0	0	0	0	0	0	0	6,052227712e-09	39,56097808	0	0,2670300301	30,24159766	0	30,58936126	0,226095891	0,04332786662	0
897,779	1770292352,025	05/02/2026_12:52:32,025	1	2	2,740127911e-06	1,967182016e-06	2,405560993e-12	6,789994348e-12	5,820273083e-12	1,1752899e-11	6,80670173e-11	9,027438519e-11	9,320062083e-13	1,158937855e-13	1,10132771e-11	6,319753206e-13	4,999999912e-15	1,455954091e-14	4,999999912e-15	4,999999912e-15	7,261935411e-12	6,625308077e-14	3,333390421e-14	4,999999912e-15	3,476973009e-14	1,065310479e-10	6,610540587e-11	1	1	1	1	1	1	1	0	0	0	0	0	0	0	0	0	0	6,091993039e-09	39,58777429	0	0,2716964827	30,1947366	0	30,61792155	0,2249097459	0,04023845214	0
903,515	1770292357,761	05/02/2026_12:52:37,761	1	2	2,740588798e-06	1,986124062e-06	2,394099892e-12	6,718136464e-12	5,820210633e-12	1,174373706e-11	6,810526448e-11	9,045704463e-11	9,404816335e-13	1,061340414e-13	1,102524842e-11	6,251667478e-13	4,999999912e-15	1,611954521e-14	4,999999912e-15	5,863104463e-15	7,255290119e-12	6,794114967e-14	2,969001252e-14	4,999999912e-15	3,327181331e-14	1,065554728e-10	6,60074842e-11	1	1	1	1	1	1	1	0	0	0	0	0	0	0	0	0	0	5,900059805e-09	39,58970535	0	0,2600113754	30,23755588	0	30,56815326	0,2237031984	0,03724166607	0
909,251	1770292363,497	05/02/2026_12:52:43,497	1	2	2,737062232e-06	1,944691121e-06	2,377721284e-12	6,805302849e-12	5,811079916e-12	1,174277082e-11	6,801388619e-11	9,033111065e-11	9,417775804e-13	9,555938397e-14	1,101863045e-11	6,148269285e-13	4,999999912e-15	1,402401619e-14	4,999999912e-15	5,164597049e-15	7,246004144e-12	7,586921542e-14	1,736132939e-14	4,999999912e-15	2,952315719e-14	1,067757341e-10	6,600925362e-11	1	1	1	1	1	1	1	0	0	0	0	0	0	0	0	0	0	5,707184392e-09	39,65728527	0	0,2451294983	30,18444304	0	30,56129658	0,2220081278	0,03353877597	0
914,987	1770292369,233	05/02/2026_12:52:49,233	1	2	2,739188858e-06	1,970201538e-06	2,366084325e-12	6,80695604e-12	5,794151183e-12	1,17407889e-11	6,803241998e-11	9,036515286e-11	9,455753238e-13	8,928300536e-14	1,104075425e-11	6,04860129e-13	4,999999912e-15	5,172842067e-15	4,999999912e-15	1,105196223e-14	7,230396837e-12	8,232701494e-14	1,045822601e-14	4,999999912e-15	2,583706124e-14	1,068271721e-10	6,605900549e-11	1	1	1	1	1	1	1	0	0	0	0	0	0	0	0	0	0	5,680989368e-09	39,66208129	0	0,2451119114	30,18220402	0	30,57300197	0,2208318574	0,03151658419	0
920,723	1770292374,969	05/02/2026_12:52:54,969	1	2	2,746341806e-06	1,980042725e-06	2,363608224e-12	6,81885581e-12	5,798770752e-12	1,173585101e-11	6,813672543e-11	9,044984206e-11	9,456739862e-13	8,341165757e-14	1,105299619e-11	5,968835452e-13	4,999999912e-15	4,999999912e-15	4,999999912e-15	1,19503186e-14	7,243656629e-12	9,061210847e-14	8,923449748e-15	4,999999912e-15	2,155481502e-14	1,06499233e-10	6,612733972e-11	1	1	1	1	1	1	1	0	0	0	0	0	0	0	0	0	0	5,859181787e-09	39,56629877	0	0,2552796937	30,23579183	0	30,62256878	0,2208313906	0,02925224553	0
926,459	1770292380,705	05/02/2026_12:53:00,705	1	2	2,740352556e-06	1,976250587e-06	2,362676461e-12	6,827380241e-12	5,78592339e-12	1,176876652e-11	6,79719267e-11	9,042604165e-11	9,428429175e-13	8,422026911e-14	1,104616919e-11	6,007151699e-13	5,989219198e-15	4,999999912e-15	4,999999912e-15	1,238058084e-14	7,240759207e-12	9,565059248e-14	4,999999912e-15	1,128624477e-14	1,878357394e-14	1,065964816e-10	6,595388125e-11	1	1	1	1	1	1	1	0	0	0	0	0	0	0	0	0	0	6,017108062e-09	39,62090181	0	0,2293341875	30,22150095	0	30,56219226	0,2206216424	0,02938881284	0
932,195	1770292386,441	05/02/2026_12:53:06,441	1	2	2,742374363e-06	1,983082029e-06	2,369796633e-12	6,822450591e-12	5,794756602e-12	1,176992271e-11	6,810989966e-11	9,037072479e-11	9,465904623e-13	9,261111301e-14	1,105892634e-11	6,001456927e-13	1,388916177e-14	4,999999912e-15	4,999999912e-15	8,110946946e-15	7,240806045e-12	1,017635141e-13	4,999999912e-15	1,4486774e-14	1,463035625e-14	1,066655861e-10	6,599279456e-11	1	1	1	1	1	1	1	0	0	0	0	0	0	0	0	0	0	1,13037014e-08	39,63321844	0	0,2605144869	30,22327113	0	30,56413212	0,2214804885	0,03282150903	0
937,931	1770292392,177	05/02/2026_12:53:12,177	1	2	2,744975518e-06	1,940968787e-06	2,375340809e-12	6,831887486e-12	5,800619967e-12	1,178709647e-11	6,796648661e-11	9,043178012e-11	9,401555055e-13	1,034874633e-13	1,105888384e-11	6,032511188e-13	2,087134583e-14	4,999999912e-15	1,728954504e-14	9,023851951e-15	7,252445172e-12	9,899955747e-14	6,117282109e-15	2,111969928e-14	1,326923529e-14	1,067729793e-10	6,616962533e-11	1	1	1	1	1	1	1	0	0	0	0	0	0	0	0	0	0	1,489602524e-08	39,62447215	0	0,2325243577	30,16926166	0	30,61359107	0,2214020459	0,03628057292	0
943,667	1770292397,913	05/02/2026_12:53:17,913	1	2	2,748729003e-06	1,981562946e-06	2,386283662e-12	6,830735196e-12	5,813014133e-12	1,179706766e-11	6,798240443e-11	9,03531347e-11	9,355837502e-13	1,107456683e-13	1,105923686e-11	6,063977445e-13	2,599713522e-14	4,999999912e-15	1,868995816e-14	8,309339002e-15	7,262301871e-12	9,533965685e-14	1,060665329e-14	2,526369955e-14	1,633054789e-14	1,065507266e-10	6,590201301e-11	1	1	1	1	1	1	1	0	0	0	0	0	0	0	0	0	0	1,80443012e-08	39,61851234	0	0,2382472952	30,22114506	0	30,54711867	0,2228722977	0,0386466143	0
949,403	1770292403,649	05/02/2026_12:53:23,649	1	2	2,745658776e-06	1,985363042e-06	2,393989737e-12	6,817924697e-12	5,815803568e-12	1,178455424e-11	6,810580572e-11	9,047049915e-11	9,357690404e-13	1,262399473e-13	1,1056581e-11	6,223693978e-13	1,930988464e-14	4,999999912e-15	3,194124991e-14	4,999999912e-15	7,268710807e-12	9,011538802e-14	2,130839111e-14	2,048958808e-14	2,076122477e-14	1,069241987e-10	6,599016472e-11	1	1	1	1	1	1	1	0	0	0	0	0	0	0	0	0	0	1,411946947e-08	39,66707671	0	0,2492464565	30,19775614	0	30,5181011	0,2231445256	0,04421249161	0
955,139	1770292409,385	05/02/2026_12:53:29,385	1	2	2,744283165e-06	1,974738552e-06	2,400834956e-12	6,811439e-12	5,827100087e-12	1,178201807e-11	6,796749968e-11	9,035745069e-11	9,261684301e-13	1,334229222e-13	1,105069074e-11	6,293583818e-13	1,062508981e-14	4,999999912e-15	2,891825708e-14	4,999999912e-15	7,284070916e-12	7,971538197e-14	3,297737111e-14	8,467473277e-15	2,516183198e-14	1,069738603e-10	6,593802587e-11	1	1	1	1	1	1	1	0	0	0	0	0	0	0	0	0	0	8,839554412e-09	39,69906626	0	0,2458123549	30,1604402	0	30,50601666	0,2238351689	0,04614751732	0
960,875	1770292415,121	05/02/2026_12:53:35,121	1	2	2,733849442e-06	1,977767852e-06	2,393069683e-12	6,795200253e-12	5,815534686e-12	1,178037876e-11	6,800897345e-11	9,038324256e-11	9,26208654e-13	1,248560175e-13	1,105277328e-11	6,32014135e-13	4,999999912e-15	7,027281792e-15	1,497864265e-14	4,999999912e-15	7,281763734e-12	7,497278352e-14	4,273660012e-14	4,999999912e-15	3,173897505e-14	1,066386701e-10	6,579207318e-11	1	1	1	1	1	1	1	0	0	0	0	0	0	0	0	0	0	5,784182244e-09	39,64342649	0	0,2559120833	30,22850527	0	30,49010351	0,2236719566	0,04298504414	0
966,611	1770292420,857	05/02/2026_12:53:40,857	1	2	2,733323299e-06	1,980042725e-06	2,387254457e-12	6,786363572e-12	5,833556728e-12	1,176174349e-11	6,804409813e-11	9,035972665e-11	9,298646922e-13	1,19464402e-13	1,103818426e-11	6,362057148e-13	4,999999912e-15	1,317658852e-14	5,454184061e-15	4,999999912e-15	7,257902612e-12	6,756325778e-14	3,533483998e-14	4,999999912e-15	3,805514389e-14	1,066465874e-10	6,598232377e-11	1	1	1	1	1	1	1	0	0	0	0	0	0	0	0	0	0	5,881943159e-09	39,62241846	0	0,2581248482	30,20617166	0	30,55733162	0,2230513015	0,04130580683	0
972,347	1770292426,593	05/02/2026_12:53:46,593	1	2	2,734962209e-06	1,978525688e-06	2,370804291e-12	6,791276742e-12	5,820691151e-12	1,174483167e-11	6,794864671e-11	9,041046384e-11	9,341813347e-13	1,095470557e-13	1,103995194e-11	6,282636087e-13	4,999999912e-15	1,192460437e-14	4,999999912e-15	8,742511652e-15	7,252873215e-12	6,948560922e-14	2,979866991e-14	4,999999912e-15	4,112616348e-14	1,068024558e-10	6,596208302e-11	1	1	1	1	1	1	1	0	0	0	0	0	0	0	0	0	0	5,511220341e-09	39,65855418	0	0,2343380289	30,18354483	0	30,53584767	0,2212120277	0,03801233931	0
978,083	1770292432,329	05/02/2026_12:53:52,329	1	2	2,741188609e-06	1,97928648e-06	2,361192622e-12	6,793855842e-12	5,818865789e-12	1,174498259e-11	6,813672543e-11	9,048593819e-11	9,386754611e-13	9,863332075e-14	1,102596053e-11	6,230446931e-13	4,999999912e-15	1,534972948e-14	4,999999912e-15	1,417002264e-14	7,249938497e-12	7,627909806e-14	2,136078349e-14	4,999999912e-15	3,566081214e-14	1,065994237e-10	6,614049586e-11	1	1	1	1	1	1	1	0	0	0	0	0	0	0	0	0	0	5,768077365e-09	39,57623316	0	0,2546985104	30,22322716	0	30,60845863	0,2204148291	0,03422596001	0
983,819	1770292438,065	05/02/2026_12:53:58,065	1	2	2,743232471e-06	1,97398208e-06	2,349879622e-12	6,805461576e-12	5,798886111e-12	1,174910256e-11	6,809539738e-11	9,037226523e-11	9,471129393e-13	9,246801187e-14	1,105116779e-11	6,114076801e-13	4,999999912e-15	5,400831149e-15	4,999999912e-15	1,697279199e-14	7,232346232e-12	8,54868002e-14	1,523039439e-14	4,999999912e-15	2,817609698e-14	1,067537586e-10	6,576060529e-11	1	1	1	1	1	1	1	0	0	0	0	0	0	0	0	0	0	5,760962275e-09	39,68564104	0	0,2534584952	30,24214647	0	30,47335081	0,2196485828	0,0328235516	0
989,555	1770292443,801	05/02/2026_12:54:03,801	1	2	2,750114618e-06	1,977767852e-06	2,335453228e-12	6,813934399e-12	5,793421732e-12	1,176854274e-11	6,79940132e-11	9,036860149e-11	9,473958076e-13	8,620810635e-14	1,104860734e-11	5,996296667e-13	4,999999912e-15	4,999999912e-15	4,999999912e-15	1,543752444e-14	7,225248611e-12	9,266930078e-14	4,999999912e-15	4,999999912e-15	2,18948564e-14	1,062782848e-10	6,593616625e-11	1	1	1	1	1	1	1	0	0	0	0	0	0	0	0	0	0	5,506639362e-09	39,56145372	0	0,2389280874	30,25776528	0	30,59616833	0,2184571574	0,03062458887	0
995,291	1770292449,537	05/02/2026_12:54:09,537	1	2	2,742133347e-06	1,972467771e-06	2,332665745e-12	6,813640797e-12	5,794170699e-12	1,175335957e-11	6,797973295e-11	9,030447223e-11	9,450799518e-13	8,894102767e-14	1,10413215e-11	5,964134351e-13	6,208480453e-15	4,999999912e-15	4,999999912e-15	1,19013279e-14	7,224389923e-12	9,615700299e-14	4,999999912e-15	8,60281559e-15	1,684521866e-14	1,066261801e-10	6,609681552e-11	1	1	1	1	1	1	1	0	0	0	0	0	0	0	0	0	0	6,452222239e-09	39,6252666	0	0,2499591763	30,18745398	0	30,61923503	0,2179586141	0,03144098448	0
1001,027	1770292455,273	05/02/2026_12:54:15,273	1	2	2,738605644e-06	2,002944711e-06	2,348782193e-12	6,796163458e-12	5,793338899e-12	1,176421807e-11	6,803466818e-11	9,04232661e-11	9,369738058e-13	9,587809875e-14	1,104466518e-11	5,966817752e-13	1,824854558e-14	4,999999912e-15	5,019557903e-15	7,887326859e-15	7,241679045e-12	9,924839542e-14	4,999999912e-15	1,921092747e-14	1,100732867e-14	1,066485789e-10	6,606707542e-11	1	1	1	1	1	1	1	0	0	0	0	0	0	0	0	0	0	1,370474776e-08	39,6165463	0	0,246578161	30,21104466	0	30,59302101	0,2193559967	0,03314414562	0
1006,763	1770292461,009	05/02/2026_12:54:21,009	1	2	2,740051968e-06	1,981562946e-06	2,35501397e-12	6,817249456e-12	5,792522278e-12	1,176648362e-11	6,798583918e-11	9,034672316e-11	9,313517839e-13	1,054214631e-13	1,102501857e-11	6,041858095e-13	2,242309325e-14	4,999999912e-15	2,305951992e-14	4,999999912e-15	7,248558958e-12	9,283666772e-14	6,951130142e-15	2,631922458e-14	8,526652081e-15	1,065897509e-10	6,60472857e-11	1	1	1	1	1	1	1	0	0	0	0	0	0	0	0	0	0	1,591611936e-08	39,61280199	0	0,2387881195	30,20085541	0	30,59859516	0,2198773393	0,03626409778	0
1012,499	1770292466,745	05/02/2026_12:54:26,745	1	2	2,737099976e-06	2,018353598e-06	2,363055064e-12	6,809179089e-12	5,809689535e-12	1,177472789e-11	6,795244922e-11	9,017820518e-11	9,282775286e-13	1,184748371e-13	1,10126951e-11	6,110787332e-13	1,962421518e-14	4,999999912e-15	2,63415422e-14	4,999999912e-15	7,271541008e-12	8,534613175e-14	1,714450589e-14	2,282570834e-14	1,233643687e-14	1,066553998e-10	6,608302794e-11	1	1	1	1	1	1	1	0	0	0	0	0	0	0	0	0	0	1,444951601e-08	39,63656899	0	0,2587955426	30,15775385	0	30,61158252	0,2207397458	0,04097208513	0
1018,235	1770292472,481	05/02/2026_12:54:32,481	1	2	2,736145916e-06	2,006785962e-06	2,366600622e-12	6,824426007e-12	5,811644568e-12	1,178001967e-11	6,798871882e-11	9,015171942e-11	9,28363289e-13	1,273987968e-13	1,103148128e-11	6,168555792e-13	1,726140999e-14	4,999999912e-15	2,467336502e-14	4,999999912e-15	7,285339866e-12	8,160958481e-14	2,422709386e-14	1,515424105e-14	1,774260941e-14	1,0670239e-10	6,622868226e-11	1	1	1	1	1	1	1	0	0	0	0	0	0	0	0	0	0	1,326847668e-08	39,62356437	0	0,2732133312	30,13074072	0	30,65316675	0,2210238053	0,04428328889	0
1023,971	1770292478,217	05/02/2026_12:54:38,217	1	2	2,738861212e-06	1,968692231e-06	2,371634139e-12	6,810860903e-12	5,825334572e-12	1,177502366e-11	6,78893608e-11	9,028576498e-11	9,216827605e-13	1,336135927e-13	1,103614509e-11	6,288194249e-13	6,822586116e-15	4,999999912e-15	2,279903188e-14	4,999999912e-15	7,277070439e-12	7,754659816e-14	3,14100891e-14	9,989157803e-15	1,868947197e-14	1,067523014e-10	6,60655905e-11	1	1	1	1	1	1	1	0	0	0	0	0	0	0	0	0	0	6,576002934e-09	39,64616996	0	0,2445877104	30,14935827	0	30,58732608	0,2213056414	0,04593161387	0
1029,707	1770292483,953	05/02/2026_12:54:43,953	1	2	2,735536327e-06	1,996809715e-06	2,372436449e-12	6,805609895e-12	5,820527654e-12	1,177876373e-11	6,813345721e-11	9,042393223e-11	9,24701613e-13	1,273963574e-13	1,100917621e-11	6,291799221e-13	4,999999912e-15	4,999999912e-15	1,515375824e-14	4,999999912e-15	7,268863029e-12	7,290103579e-14	3,874395108e-14	4,999999912e-15	2,272093375e-14	1,065683652e-10	6,620571452e-11	1	1	1	1	1	1	1	0	0	0	0	0	0	0	0	0	0	6,042426496e-09	39,56312646	0	0,2731347281	30,2077608	0	30,63642187	0,2215947981	0,04367410687	0
1035,443	1770292489,689	05/02/2026_12:54:49,689	1	2	2,741808657e-06	1,994515515e-06	2,362904794e-12	6,802244532e-12	5,818575656e-12	1,174548046e-11	6,803205221e-11	9,015670155e-11	9,30028732e-13	1,171777519e-13	1,101078864e-11	6,342158786e-13	4,999999912e-15	1,20580019e-14	4,999999912e-15	4,999999912e-15	7,254171222e-12	6,598675328e-14	3,931536967e-14	4,999999912e-15	3,079355754e-14	1,065344202e-10	6,601956482e-11	1	1	1	1	1	1	1	0	0	0	0	0	0	0	0	0	0	6,270550378e-09	39,619627	0	0,2821646874	30,18890747	0	30,60105945	0,2212149463	0,04065075381	0
1041,179	1770292495,425	05/02/2026_12:54:55,425	1	2	2,740849368e-06	1,986124062e-06	2,345200856e-12	6,800430444e-12	5,822182146e-12	1,174432253e-11	6,807625991e-11	9,02829686e-11	9,417877719e-13	1,051178187e-13	1,100562263e-11	6,216747494e-13	4,999999912e-15	1,387703903e-14	4,999999912e-15	4,999999912e-15	7,257999323e-12	6,66261073e-14	3,059080495e-14	4,999999912e-15	3,849558747e-14	1,063945598e-10	6,610903491e-11	1	1	1	1	1	1	1	0	0	0	0	0	0	0	0	0	0	6,057363671e-09	39,55824684	0	0,2686709971	30,21394708	0	30,63608842	0,2194049038	0,03714743736	0
1046,915	1770292501,161	05/02/2026_12:55:01,161	1	2	2,731846735e-06	1,982322374e-06	2,33660747e-12	6,788048422e-12	5,80642999e-12	1,175545512e-11	6,797939989e-11	9,029566678e-11	9,42135584e-13	9,479201278e-14	1,102241909e-11	6,199561264e-13	4,999999912e-15	1,001632046e-14	4,999999912e-15	6,20168386e-15	7,231973267e-12	7,462449712e-14	2,515067825e-14	4,999999912e-15	3,527130234e-14	1,065682542e-10	6,605154618e-11	1	1	1	1	1	1	1	0	0	0	0	0	0	0	0	0	0	5,832334545e-09	39,61421377	0	0,2548444465	30,19457499	0	30,60584243	0,2184417095	0,03335941133	0
1052,651	1770292506,897	05/02/2026_12:55:06,897	1	2	2,741292747e-06	1,985363042e-06	2,326665987e-12	6,80770414e-12	5,793185376e-12	1,173325846e-11	6,793181989e-11	9,028679193e-11	9,467133024e-13	9,098756769e-14	1,103937254e-11	6,075367531e-13	4,999999912e-15	1,197263283e-14	4,999999912e-15	1,008277358e-14	7,238944253e-12	8,052350562e-14	1,87714512e-14	4,999999912e-15	3,368072694e-14	1,067444536e-10	6,613445208e-11	1	1	1	1	1	1	1	0	0	0	0	0	0	0	0	0	0	5,707799245e-09	39,64373508	0	0,2473964301	30,15358866	0	30,61796551	0,2172564887	0,0323810669	0
1058,387	1770292512,633	05/02/2026_12:55:12,633	1	2	2,729550943e-06	1,977010015e-06	2,313149889e-12	6,842489249e-12	5,783761924e-12	1,174189825e-11	6,782718831e-11	9,015546643e-11	9,46082622e-13	8,40121836e-14	1,103473216e-11	6,059631963e-13	4,999999912e-15	5,154407242e-15	4,999999912e-15	2,000160054e-14	7,221231425e-12	9,320919281e-14	8,38695602e-15	4,999999912e-15	2,524817344e-14	1,066076394e-10	6,571691108e-11	1	1	1	1	1	1	1	0	0	0	0	0	0	0	0	0	0	5,419496863e-09	39,69702081	0	0,2344870252	30,19829482	0	30,50771698	0,2164175317	0,02990345729	0
1064,123	1770292518,369	05/02/2026_12:55:18,369	1	2	2,734536565e-06	1,965674983e-06	2,318171479e-12	6,819006297e-12	5,781667679e-12	1,174167534e-11	6,794361601e-11	9,024469366e-11	9,458207871e-13	8,656561524e-14	1,103784425e-11	6,00823319e-13	9,289193492e-15	4,999999912e-15	4,999999912e-15	1,58202512e-14	7,218760745e-12	9,929592413e-14	4,999999912e-15	5,57545038e-15	1,998025023e-14	1,0663085e-10	6,58304522e-11	1	1	1	1	1	1	1	0	0	0	0	0	0	0	0	0	0	8,255348397e-09	39,67380194	0	0,2472198393	30,21097599	0	30,53328632	0,2168410759	0,03069760003	0
1069,859	1770292524,105	05/02/2026_12:55:24,105	1	2	2,748165116e-06	1,983082029e-06	2,313953933e-12	6,822300537e-12	5,779832776e-12	1,175393116e-11	6,789840218e-11	9,012520591e-11	9,423893957e-13	9,324703146e-14	1,103741057e-11	5,983096505e-13	1,673510099e-14	4,999999912e-15	4,999999912e-15	1,609480168e-14	7,239713603e-12	1,000943645e-13	4,999999912e-15	1,278076156e-14	1,840763869e-14	1,061899874e-10	6,589114671e-11	1	1	1	1	1	1	1	0	0	0	0	0	0	0	0	0	0	1,284150794e-08	39,57849526	0	0,2567580336	30,2269101	0	30,61151618	0,2168673969	0,03303153954	0
1075,595	1770292529,841	05/02/2026_12:55:29,841	1	2	2,737227533e-06	1,97928648e-06	2,333046083e-12	6,825746999e-12	5,779308455e-12	1,176275657e-11	6,78270981e-11	9,02014366e-11	9,38300544e-13	1,06479414e-13	1,106200374e-11	6,04145694e-13	2,175223468e-14	4,999999912e-15	1,656774591e-14	5,853397465e-15	7,231670991e-12	9,59455158e-14	7,188326472e-15	2,17561141e-14	1,415401372e-14	1,063941019e-10	6,613267572e-11	1	1	1	1	1	1	1	0	0	0	0	0	0	0	0	0	0	1,555172255e-08	39,58214506	0	0,2383482127	30,16857206	0	30,67020941	0,2180797334	0,03753548763	0
1081,331	1770292535,577	05/02/2026_12:55:35,577	1	2	2,738238436e-06	1,981562946e-06	2,339952667e-12	6,828106656e-12	5,798382174e-12	1,176829727e-11	6,794597524e-11	9,01838812e-11	9,338117302e-13	1,138108298e-13	1,10442263e-11	6,159590524e-13	2,560858426e-14	4,999999912e-15	2,385843124e-14	5,05690528e-15	7,263981083e-12	9,457857403e-14	1,348557598e-14	2,101007289e-14	1,285691998e-14	1,065097038e-10	6,591860391e-11	1	1	1	1	1	1	1	0	0	0	0	0	0	0	0	0	0	1,805699091e-08	39,63024131	0	0,2544933285	30,19750947	0	30,57297657	0,2188495469	0,03978438368	0
1087,067	1770292541,313	05/02/2026_12:55:41,313	1	2	2,736933766e-06	1,980042725e-06	2,348792168e-12	6,813196708e-12	5,810449778e-12	1,176026204e-11	6,796701396e-11	9,012447733e-11	9,28675214e-13	1,249884663e-13	1,104614577e-11	6,221171039e-13	1,977360807e-14	4,999999912e-15	2,812467192e-14	4,999999912e-15	7,274326107e-12	8,987284522e-14	2,181480501e-14	2,002973389e-14	1,625390157e-14	1,066958535e-10	6,598885327e-11	1	1	1	1	1	1	1	0	0	0	0	0	0	0	0	0	0	1,474563894e-08	39,66448198	0	0,2713986948	30,15990926	0	30,57617544	0,2195891504	0,04347152833	0
1092,803	1770292547,049	05/02/2026_12:55:47,049	1	2	2,742749757e-06	1,981562946e-06	2,35183162e-12	6,797938081e-12	5,808589287e-12	1,177188989e-11	6,792411772e-11	9,038622628e-11	9,233944989e-13	1,32370311e-13	1,103048382e-11	6,259172868e-13	1,400800218e-14	4,999999912e-15	2,482712522e-14	4,999999912e-15	7,273184225e-12	7,823200367e-14	3,075281186e-14	1,228889461e-14	2,381041124e-14	1,067949409e-10	6,587741463e-11	1	1	1	1	1	1	1	0	0	0	0	0	0	0	0	0	0	1,076287885e-08	39,67021213	0	0,2343408218	30,18866423	0	30,50876788	0,2194394819	0,04554039531	0
1098,539	1770292552,785	05/02/2026_12:55:52,785	1	2	2,738639068e-06	1,976250587e-06	2,348007205e-12	6,800299039e-12	5,814090528e-12	1,175937819e-11	6,790810969e-11	9,023363307e-11	9,260606604e-13	1,268695571e-13	1,101525034e-11	6,319632317e-13	4,999999912e-15	4,999999912e-15	1,773726124e-14	4,999999912e-15	7,274281004e-12	7,419618305e-14	3,434625089e-14	4,999999912e-15	2,833907459e-14	1,063771085e-10	6,593543073e-11	1	1	1	1	1	1	1	0	0	0	0	0	0	0	0	0	0	5,688638309e-09	39,5873755	0	0,2533532828	30,2053186	0	30,58745462	0,2196679507	0,04393239265	0
1104,275	1770292558,521	05/02/2026_12:55:58,521	1	2	2,738722287e-06	1,977010015e-06	2,340597117e-12	6,782035003e-12	5,821767981e-12	1,174408747e-11	6,78960152e-11	9,0251355e-11	9,223793604e-13	1,20297259e-13	1,101002102e-11	6,370967122e-13	4,999999912e-15	1,370483215e-14	5,660336634e-15	4,999999912e-15	7,259508533e-12	6,750164799e-14	3,916547533e-14	4,999999912e-15	3,468337678e-14	1,067301178e-10	6,599479296e-11	1	1	1	1	1	1	1	0	0	0	0	0	0	0	0	0	0	5,81711512e-09	39,65894208	0	0,2537323007	30,16022314	0	30,56992643	0,2187246321	0,04107490059	0
1110,011	1770292564,257	05/02/2026_12:56:04,257	1	2	2,738701369e-06	1,977010015e-06	2,33752709e-12	6,790918088e-12	5,814064941e-12	1,171973282e-11	6,784584006e-11	9,019264502e-11	9,28689417e-13	1,12916363e-13	1,102534383e-11	6,287147452e-13	4,999999912e-15	1,115139204e-14	4,999999912e-15	6,483027548e-15	7,252359303e-12	6,99464358e-14	3,320487399e-14	4,999999912e-15	3,925473567e-14	1,066894906e-10	6,603466385e-11	1	1	1	1	1	1	1	0	0	0	0	0	0	0	0	0	0	5,777335311e-09	39,6538618	0	0,2501752863	30,14362915	0	30,5958067	0,2184703022	0,03899442061	0
1115,747	1770292569,993	05/02/2026_12:56:09,993	1	2	2,740263199e-06	1,983082029e-06	2,315593247e-12	6,787486805e-12	5,814881562e-12	1,17076019e-11	6,782334416e-11	9,020615505e-11	9,401321952e-13	1,017314759e-13	1,10066704e-11	6,180536768e-13	4,999999912e-15	1,073520409e-14	4,999999912e-15	1,222535528e-14	7,246056619e-12	7,252218845e-14	2,108477442e-14	4,999999912e-15	3,886181063e-14	1,064325295e-10	6,562824589e-11	1	1	1	1	1	1	1	0	0	0	0	0	0	0	0	0	0	5,366733969e-09	39,65608492	0	0,2269221873	30,22853439	0	30,48537675	0,2167516769	0,03595248018	0
1121,483	1770292575,729	05/02/2026_12:56:15,729	1	2	2,741256594e-06	1,995279945e-06	2,301685969e-12	6,79002644e-12	5,78986338e-12	1,170779359e-11	6,78204784e-11	9,01788505e-11	9,428165713e-13	9,626664293e-14	1,102115708e-11	6,138636149e-13	4,999999912e-15	1,294034934e-14	4,999999912e-15	1,011915026e-14	7,22873714e-12	7,674913358e-14	1,761259663e-14	4,999999912e-15	3,368994265e-14	1,064258889e-10	6,594555457e-11	1	1	1	1	1	1	1	0	0	0	0	0	0	0	0	0	0	5,549541654e-09	39,61817644	0	0,2375815493	30,18532656	0	30,60292309	0,2153577073	0,03417804632	0
