Dauer (s);MFC-1 (mln/min);MFC-2 (mln/min);MFC-3 (mln/min);MFC-4 (mln/min);MFC-5 (mln/min);MFC-6 (mln/min);MFC-7 (mln/min);MFC-8 (mln/min);TIC-1 (°C);TIC-2 (°C);TIC-3 (°C);TIC-4 (°C);TIR-1 (°C);TIR-2 (°C);HIR-1 (°C);PIR-1 (bar)
5;0,00;0,00;0,00;0,00;49,00;0,00;71,00;80,03;30,67;180,05;461,35;180,23;445,75;454,27;77,86;-0,01
10;0,00;0,00;0,00;0,00;49,00;0,00;71,00;80,02;30,67;180,05;461,94;180,24;445,79;454,67;77,86;-0,01
15;0,00;0,00;0,00;0,00;49,01;0,00;71,00;80,00;30,67;180,06;461,96;180,23;445,91;454,96;77,86;-0,01
20;0,00;0,00;0,00;0,00;49,00;0,00;70,98;80,00;30,67;180,07;461,52;180,20;445,97;454,88;77,86;-0,01
25;0,00;0,00;0,00;0,00;49,00;0,00;71,02;79,98;30,67;180,06;461,14;180,17;446,07;454,37;77,86;-0,01
30;0,00;0,00;0,00;0,00;49,00;0,00;71,00;80,00;30,67;180,06;460,16;180,13;446,13;453,98;77,86;-0,01
35;0,00;0,00;0,00;0,00;49,00;0,00;71,00;80,02;30,67;180,05;459,59;180,09;446,14;453,03;77,86;-0,01
40;0,00;0,00;0,00;0,00;49,01;0,00;71,00;80,02;30,67;180,05;458,28;180,05;446,09;452,48;77,86;-0,01
45;0,00;0,00;0,00;0,00;49,00;0,00;71,00;80,02;30,68;180,05;457,60;180,03;446,05;451,30;77,86;-0,01
50;0,00;0,00;0,00;0,00;49,00;0,00;70,98;80,00;30,68;180,05;456,91;180,02;445,99;450,66;77,86;-0,01
55;0,00;0,00;0,00;0,00;49,00;0,00;71,02;80,00;30,68;180,04;455,42;180,01;445,88;449,74;77,86;-0,01
60;0,00;0,00;0,00;0,00;49,00;0,00;71,00;79,98;30,68;180,04;455,32;180,02;445,77;449,22;77,86;-0,01
65;0,00;0,00;0,00;0,00;48,99;0,00;71,03;80,02;30,68;180,03;456,27;180,04;445,71;449,89;77,86;-0,01
70;0,00;0,00;0,00;0,00;49,00;0,00;71,02;80,00;30,68;180,05;457,20;180,06;445,69;450,68;77,86;-0,01
75;0,00;0,00;0,00;0,00;49,00;0,00;71,02;79,98;30,68;180,06;459,58;180,11;445,68;452,70;77,86;-0,01
80;0,00;0,00;0,00;0,00;49,01;0,00;71,02;79,98;30,68;180,07;460,66;180,14;445,70;453,63;77,86;-0,01
85;0,00;0,00;0,00;0,00;48,99;0,00;71,00;79,98;30,67;180,07;461,89;180,19;445,79;454,80;77,86;-0,01
90;0,00;0,00;0,00;0,00;49,00;0,00;71,01;80,00;30,69;180,04;462,14;180,21;445,84;455,08;77,86;-0,01
95;0,00;0,00;0,00;0,00;49,01;0,00;71,00;80,02;30,68;180,04;462,06;180,24;445,98;455,11;77,86;-0,01
100;0,00;0,00;0,00;0,00;49,00;0,00;71,00;80,00;30,68;180,03;461,81;180,25;446,03;454,92;77,86;-0,01
105;0,00;0,00;0,00;0,00;49,00;0,00;71,00;80,00;30,68;180,04;461,00;180,24;446,13;454,26;77,86;-0,01
110;0,00;0,00;0,00;0,00;49,00;0,00;71,01;80,02;30,68;180,07;460,49;180,22;446,16;453,81;77,86;-0,01
115;0,00;0,00;0,00;0,00;49,00;0,00;71,02;79,98;30,68;180,08;459,27;180,17;446,18;452,78;77,86;-0,01
120;0,00;0,00;0,00;0,00;49,00;0,00;71,00;80,02;30,69;180,09;458,63;180,15;446,15;452,19;77,86;-0,01
125;0,00;0,00;0,00;0,00;49,00;0,00;71,02;80,00;30,68;180,09;457,22;180,09;446,05;450,97;77,86;-0,01
130;0,00;0,00;0,00;0,00;49,00;0,00;71,00;79,98;30,70;180,06;455,92;180,06;445,98;450,35;77,86;-0,01
135;0,00;0,00;0,00;0,00;49,00;0,00;71,00;80,02;30,70;180,04;455,47;180,02;445,85;449,40;77,86;-0,01
140;0,00;0,00;0,00;0,00;49,00;0,00;71,00;80,02;30,70;180,03;455,39;180,01;445,80;449,28;77,86;-0,01
145;0,00;0,00;0,00;0,00;49,00;0,00;71,02;79,98;30,69;180,04;456,49;180,01;445,73;450,09;77,86;-0,01
150;0,00;0,00;0,00;0,00;49,01;0,00;70,98;80,00;30,70;180,07;458,76;180,03;445,71;450,96;77,86;-0,01
155;0,00;0,00;0,00;0,00;49,00;0,00;71,01;80,00;30,70;180,08;459,90;180,06;445,71;452,96;77,86;-0,01
160;0,00;0,00;0,00;0,00;49,01;0,00;70,98;80,00;30,70;180,08;461,52;180,10;445,73;453,82;77,86;-0,01
165;0,00;0,00;0,00;0,00;49,00;0,00;70,97;79,98;30,70;180,08;461,92;180,16;445,83;454,85;77,86;-0,01
170;0,00;0,00;0,00;0,00;49,00;0,00;71,00;80,00;30,70;180,08;462,09;180,19;445,90;455,04;77,86;-0,01
175;0,00;0,00;0,00;0,00;49,00;0,00;70,99;79,98;30,70;180,07;461,89;180,24;446,03;454,96;77,86;-0,01
180;0,00;0,00;0,00;0,00;49,00;0,00;70,99;80,02;30,71;180,05;461,21;180,26;446,09;454,73;77,86;-0,01
185;0,00;0,00;0,00;0,00;49,00;0,00;70,99;80,02;30,71;180,03;460,70;180,28;446,18;454,01;77,86;-0,01
190;0,00;0,00;0,00;0,00;49,00;0,00;71,02;80,02;30,71;180,02;459,58;180,28;446,20;453,55;77,86;-0,01
195;0,00;0,00;0,00;0,00;49,00;0,00;71,02;80,00;30,72;180,03;458,95;180,25;446,18;452,47;77,86;-0,01
200;0,00;0,00;0,00;0,00;48,99;0,00;71,02;80,00;30,72;180,05;457,57;180,22;446,15;451,89;77,86;-0,01
205;0,00;0,00;0,00;0,00;49,00;0,00;71,01;80,00;30,72;180,06;456,88;180,16;446,04;450,66;77,86;-0,01
210;0,00;0,00;0,00;0,00;49,01;0,00;70,99;79,95;30,71;180,08;455,68;180,12;445,98;450,06;77,86;-0,01
215;0,00;0,00;0,00;0,00;49,00;0,00;71,02;80,00;30,72;180,07;455,44;180,06;445,85;449,35;77,86;-0,01
220;0,00;0,00;0,00;0,00;49,00;0,00;71,00;80,00;30,71;180,08;456,06;180,03;445,80;449,40;77,86;-0,01
225;0,00;0,00;0,00;0,00;48,99;0,00;71,00;79,98;30,71;180,09;457,02;179,99;445,75;450,53;77,86;-0,01
230;0,00;0,00;0,00;0,00;49,00;0,00;71,00;80,00;30,71;180,10;459,32;179,99;445,73;451,47;77,86;-0,01
235;0,00;0,00;0,00;0,00;48,99;0,00;71,00;80,00;30,70;180,10;460,34;180,01;445,74;453,38;77,86;-0,01
240;0,00;0,00;0,00;0,00;49,00;0,00;71,00;80,00;30,71;180,06;461,69;180,03;445,76;454,11;77,86;-0,01
245;0,00;0,00;0,00;0,00;49,01;0,00;71,00;80,02;30,70;180,04;461,97;180,08;445,86;454,92;77,86;-0,01
250;0,00;0,00;0,00;0,00;49,00;0,00;71,01;79,98;30,70;180,03;461,95;180,11;445,92;455,04;77,86;-0,01
255;0,00;0,00;0,00;0,00;48,99;0,00;71,00;80,03;30,70;180,04;461,72;180,17;446,05;454,83;77,86;-0,01
260;0,00;0,00;0,00;0,00;49,00;0,00;71,02;80,02;30,71;180,07;460,91;180,20;446,10;454,55;77,86;-0,01
265;0,00;0,00;0,00;0,00;49,00;0,00;71,00;80,02;30,70;180,08;460,42;180,24;446,17;453,76;77,86;-0,01
270;0,00;0,00;0,00;0,00;49,00;0,00;70,98;79,98;30,70;180,10;459,21;180,26;446,19;453,27;77,86;-0,01
275;0,00;0,00;0,00;0,00;48,99;0,00;71,02;80,00;30,70;180,10;458,57;180,26;446,16;452,17;77,86;-0,01
280;0,00;0,00;0,00;0,00;49,01;0,00;71,00;79,97;30,70;180,07;457,22;180,22;446,12;451,55;77,86;-0,01
285;0,00;0,00;0,00;0,00;49,01;0,00;71,00;80,00;30,70;180,06;456,53;180,20;446,00;450,34;77,86;-0,01
290;0,00;0,00;0,00;0,00;49,06;0,00;71,20;80,25;30,71;180,03;455,46;180,14;445,95;449,79;77,86;-0,01
295;0,00;0,00;0,00;0,00;49,10;0,00;71,23;80,20;30,70;180,02;455,37;180,11;445,85;449,27;77,86;0,24
300;0,00;0,00;0,00;0,00;48,98;0,00;70,93;79,95;30,71;180,04;456,38;180,10;445,82;449,48;77,86;0,24
305;0,00;0,00;0,00;0,00;48,99;0,00;70,99;79,98;30,71;180,06;457,41;180,10;445,61;450,89;77,86;0,16
310;0,00;0,00;0,00;0,00;48,99;0,00;71,00;80,00;30,71;180,10;459,86;180,13;445,49;451,90;77,86;0,15
315;0,00;0,00;0,00;0,00;49,00;0,00;71,02;80,03;30,72;180,09;460,81;180,15;445,35;453,77;77,86;0,15
320;0,00;0,00;0,00;0,00;49,00;0,00;71,01;80,02;30,73;180,06;461,96;180,20;445,27;454,45;77,86;0,15
325;0,00;0,00;0,00;0,00;49,00;0,00;71,00;80,00;30,73;180,04;462,17;180,22;445,26;455,12;77,86;0,15
330;0,00;0,00;0,00;0,00;49,00;0,00;71,01;80,05;30,74;180,01;462,04;180,25;445,27;455,19;77,86;0,15
335;0,00;0,00;0,00;0,00;49,00;0,00;71,02;80,00;30,75;180,02;461,76;180,26;445,26;454,89;77,86;0,15
340;0,00;0,00;0,00;0,00;48,99;0,00;71,00;80,02;30,75;180,05;460,89;180,28;445,21;454,59;77,86;0,15
345;0,00;0,00;0,00;0,00;49,00;0,00;71,00;80,02;30,75;180,05;460,37;180,28;445,16;453,74;77,86;0,15
350;0,00;0,00;0,00;0,00;49,00;0,00;71,02;80,02;30,76;180,06;459,18;180,28;445,03;453,24;77,86;0,15
355;0,00;0,00;0,00;0,00;49,00;0,00;71,00;79,98;30,77;180,06;458,48;180,26;444,93;452,09;77,86;0,15
360;0,00;0,00;0,00;0,00;49,00;0,00;71,00;79,98;30,77;180,06;457,11;180,24;444,67;451,49;77,86;0,15
365;0,00;0,00;0,00;0,00;49,00;0,00;71,00;80,02;30,76;180,05;456,42;180,22;444,53;450,25;77,86;0,15
370;0,00;0,00;0,00;0,00;49,00;0,00;70,99;80,00;30,77;180,03;455,44;180,18;444,27;449,72;77,86;0,15
375;0,00;0,00;0,00;0,00;49,00;0,00;71,00;80,00;30,76;180,03;455,43;180,17;444,14;449,32;77,86;0,15
380;0,00;0,00;0,00;0,00;49,00;0,00;71,00;80,00;30,76;180,02;456,64;180,14;443,96;450,28;77,86;0,15
385;0,00;0,00;0,00;0,00;48,99;0,00;71,00;80,02;30,75;180,04;457,76;180,14;443,90;451,20;77,86;0,15
390;0,00;0,00;0,00;0,00;49,00;0,00;71,00;80,02;30,76;180,05;460,22;180,14;443,82;453,24;77,86;0,15
395;0,00;0,00;0,00;0,00;49,00;0,00;71,00;80,05;30,75;180,07;461,13;180,15;443,83;454,08;77,86;0,15
400;0,00;0,00;0,00;0,00;49,00;0,00;71,00;80,00;30,74;180,06;462,17;180,18;443,88;455,09;77,86;0,15
405;0,00;0,00;0,00;0,00;49,00;0,00;71,00;80,02;30,74;180,06;462,34;180,19;443,92;455,29;77,86;0,15
410;0,00;0,00;0,00;0,00;48,99;0,00;71,03;80,02;30,74;180,05;462,14;180,21;444,01;455,21;77,86;0,15
415;0,00;0,00;0,00;0,00;49,00;0,00;71,00;80,00;30,74;180,03;461,85;180,22;444,04;454,99;77,86;0,15
420;0,00;0,00;0,00;0,00;49,00;0,00;71,00;80,00;30,73;180,01;460,98;180,23;444,09;454,25;77,86;0,15
425;0,00;0,00;0,00;0,00;49,00;0,00;71,02;80,00;30,73;179,99;460,45;180,23;444,08;453,80;77,86;0,15
430;0,00;0,00;0,00;0,00;49,00;0,00;71,00;80,00;30,73;180,00;459,19;180,22;444,02;452,71;77,86;0,15
435;0,00;0,00;0,00;0,00;48,99;0,00;71,00;79,98;30,73;180,02;457,85;180,21;443,97;452,13;77,86;0,15
440;0,00;0,00;0,00;0,00;49,00;0,00;71,00;80,02;30,73;180,04;457,10;180,19;443,80;450,89;77,86;0,15
445;0,00;0,00;0,00;0,00;49,00;0,00;70,97;80,05;30,73;180,06;455,86;180,18;443,71;450,28;77,86;0,15
450;0,00;0,00;0,00;0,00;48,99;0,00;71,00;80,02;30,72;180,05;455,52;180,16;443,53;449,44;77,86;0,15
455;0,00;0,00;0,00;0,00;49,00;0,00;71,00;80,00;30,72;180,01;455,95;180,15;443,45;449,42;77,86;0,15
460;0,00;0,00;0,00;0,00;49,00;0,00;71,00;80,00;30,72;179,99;456,84;180,13;443,35;450,39;77,86;0,15
465;0,00;0,00;0,00;0,00;48,99;0,00;71,02;80,00;30,72;179,99;459,16;180,12;443,31;451,31;77,86;0,15
470;0,00;0,00;0,00;0,00;49,00;0,00;71,02;80,00;30,72;180,01;460,26;180,12;443,30;453,30;77,86;0,15
475;0,00;0,00;0,00;0,00;49,00;0,00;71,02;80,02;30,72;180,04;461,75;180,12;443,32;454,10;77,86;0,15
480;0,00;0,00;0,00;0,00;48,99;0,00;71,00;80,02;30,71;180,05;462,14;180,13;443,42;455,06;77,86;0,15
485;0,00;0,00;0,00;0,00;49,00;0,00;71,00;80,00;30,71;180,04;462,24;180,14;443,49;455,24;77,86;0,15
490;0,00;0,00;0,00;0,00;49,00;0,00;71,02;80,03;30,71;180,03;462,05;180,16;443,61;455,12;77,86;0,15
495;0,00;0,00;0,00;0,00;49,00;0,00;71,00;80,03;30,71;180,00;461,34;180,18;443,66;454,88;77,86;0,15
500;0,00;0,00;0,00;0,00;49,00;0,00;71,00;80,02;30,71;179,99;460,82;180,19;443,71;454,14;77,86;0,15
505;0,00;0,00;0,00;0,00;49,00;0,00;71,03;79,98;30,71;180,00;459,69;180,19;443,72;453,67;77,86;0,15
510;0,00;0,00;0,00;0,00;49,00;0,00;70,98;80,00;30,70;180,01;459,06;180,19;443,68;452,59;77,86;0,15
515;0,00;0,00;0,00;0,00;49,00;0,00;71,01;80,03;30,71;180,03;457,71;180,19;443,63;452,00;77,86;0,15
520;0,00;0,00;0,00;0,00;49,00;0,00;70,99;80,00;30,71;180,04;456,96;180,19;443,48;450,75;77,86;0,15
525;0,00;0,00;0,00;0,00;49,00;0,00;71,00;79,98;30,71;180,04;455,76;180,17;443,38;450,16;77,86;0,15
530;0,00;0,00;0,00;0,00;49,00;0,00;71,03;80,02;30,70;180,04;455,48;180,16;443,23;449,41;77,86;0,15
535;0,00;0,00;0,00;0,00;49,00;0,00;71,00;80,00;30,71;180,02;456,11;180,14;443,12;449,44;77,86;0,15
540;0,00;0,00;0,00;0,00;49,00;0,00;70,98;80,00;30,72;180,02;457,01;180,14;443,08;450,55;77,86;0,15
545;0,00;0,00;0,00;0,00;49,00;0,00;71,00;80,00;30,72;180,00;459,37;180,11;443,06;451,50;77,86;0,15
550;0,00;0,00;0,00;0,00;49,00;0,00;71,00;80,00;30,73;180,00;460,45;180,11;443,08;453,48;77,86;0,15
555;0,00;0,00;0,00;0,00;49,00;0,00;71,02;80,03;30,72;180,00;461,86;180,09;443,15;454,76;77,86;0,15
560;0,00;0,00;0,00;0,00;49,00;0,00;70,99;80,00;30,73;180,00;462,29;180,09;443,21;455,08;77,86;0,15
565;0,00;0,00;0,00;0,00;49,00;0,00;71,03;79,97;30,72;180,00;462,28;180,10;443,33;455,29;77,86;0,15
570;0,00;0,00;0,00;0,00;49,00;0,00;71,02;80,02;30,72;180,01;461,84;180,11;443,46;455,18;77,86;0,15
575;0,00;0,00;0,00;0,00;49,00;0,00;71,00;80,00;30,73;180,01;461,45;180,12;443,51;454,66;77,86;0,15
580;0,00;0,00;0,00;0,00;49,00;0,00;71,01;80,00;30,73;180,02;460,47;180,14;443,55;454,27;77,86;0,15
585;0,00;0,00;0,00;0,00;49,00;0,00;71,03;80,02;30,74;180,02;459,89;180,15;443,57;453,35;77,86;0,15
590;0,00;0,00;0,00;0,00;49,00;0,00;71,01;80,02;30,73;180,02;459,23;180,17;443,61;452,97;77,86;0,15
595;0,00;0,00;0,00;0,00;49,01;0,00;71,00;80,02;30,74;180,02;459,41;180,19;443,65;452,90;77,86;0,15
600;0,00;0,00;0,00;0,00;49,00;0,00;71,00;80,00;30,75;180,01;461,17;180,20;443,80;453,41;77,86;0,15
605;0,00;0,00;0,00;0,00;49,00;0,00;71,00;79,98;30,74;180,01;462,64;180,20;443,90;455,57;77,86;0,15
610;0,00;0,00;0,00;0,00;49,00;0,00;71,00;80,03;30,74;180,01;465,92;180,20;444,15;457,00;77,86;0,15
615;0,00;0,00;0,00;0,00;49,01;0,00;71,00;80,00;30,74;180,01;467,19;180,19;444,32;459,54;77,86;0,15
620;0,00;0,00;0,00;0,00;49,00;0,00;71,00;80,00;30,75;180,02;468,79;180,19;444,72;461,09;77,86;0,15
625;0,00;0,00;0,00;0,00;49,17;0,00;71,34;80,78;30,75;180,02;469,17;180,17;444,93;461,48;77,86;0,15
630;0,00;0,00;0,00;0,00;48,99;0,00;71,00;79,97;30,75;180,01;469,23;180,15;445,35;461,68;77,86;0,15
635;0,00;0,00;0,00;0,00;49,00;0,00;70,99;80,00;30,74;180,01;469,02;180,14;445,55;461,54;77,86;0,15
640;0,00;0,00;0,00;0,00;49,00;0,00;70,99;79,98;30,75;180,01;468,21;180,11;445,90;460,93;77,86;0,15
645;0,00;0,00;0,00;0,00;49,01;0,00;71,00;80,02;30,73;180,01;467,70;180,09;446,05;460,50;77,86;0,15
650;0,00;0,00;0,00;0,00;49,00;0,00;71,00;80,00;30,74;180,00;466,45;180,04;446,27;459,44;77,86;0,15
655;0,00;0,00;0,00;0,00;48,99;0,00;71,01;79,98;30,75;179,97;465,79;180,02;446,35;458,88;77,86;0,15
660;0,00;0,00;0,00;0,00;49,00;0,00;71,00;80,03;30,73;179,97;464,74;179,96;446,51;457,98;77,86;0,15
665;0,00;0,00;0,00;0,00;49,00;0,00;71,01;80,00;30,73;180,00;464,68;179,94;446,62;457,91;77,86;0,15
670;0,00;0,00;0,00;0,00;48,98;0,00;71,02;79,98;30,73;180,02;466,22;179,90;446,91;459,13;77,86;0,15
675;0,00;0,00;0,00;0,00;49,01;0,00;71,01;80,00;30,74;180,04;467,80;179,88;447,09;460,45;77,86;0,15
680;0,00;0,00;0,00;0,00;49,01;0,00;71,01;80,00;30,73;180,04;471,71;179,87;447,50;463,81;77,86;0,15
685;0,00;0,00;0,00;0,00;49,00;0,00;71,00;80,02;30,73;180,02;473,62;179,87;447,76;465,41;77,86;0,15
690;0,00;0,00;0,00;0,00;49,00;0,00;71,00;80,02;30,73;180,01;476,08;179,89;448,34;467,80;77,86;0,15
695;0,00;0,00;0,00;0,00;49,00;0,00;71,00;80,03;30,73;179,98;476,77;179,90;448,66;468,50;77,86;0,15
700;0,00;0,00;0,00;0,00;48,99;0,00;71,02;80,02;30,73;179,97;477,32;179,94;449,33;469,15;77,86;0,15
705;0,00;0,00;0,00;0,00;49,00;0,00;71,01;79,98;30,74;179,98;477,25;179,96;449,65;469,17;77,86;0,15
710;0,00;0,00;0,00;0,00;49,00;0,00;70,98;80,02;30,73;180,01;476,66;179,98;450,20;468,77;77,86;0,15
715;0,00;0,00;0,00;0,00;49,00;0,00;71,00;80,00;30,74;180,04;475,62;180,00;450,47;468,40;77,86;0,15
720;0,00;0,00;0,00;0,00;49,00;0,00;70,99;80,00;30,74;180,04;475,00;180,00;450,91;467,42;77,86;0,15
725;0,00;0,00;0,00;0,00;49,00;0,00;71,02;80,00;30,75;180,03;473,65;179,99;451,08;466,85;77,86;0,15
730;0,00;0,00;0,00;0,00;49,00;0,00;71,02;79,98;30,74;180,01;472,89;179,95;451,37;465,65;77,86;0,15
735;0,00;0,00;0,00;0,00;49,00;0,00;71,00;79,98;30,74;179,98;472,08;179,93;451,52;465,16;77,86;0,15
740;0,00;0,00;0,00;0,00;49,01;0,00;71,00;79,98;30,75;179,97;472,35;179,88;451,86;465,16;77,86;0,15
745;0,00;0,00;0,00;0,00;49,00;0,00;71,02;79,98;30,75;179,98;474,91;179,85;452,07;465,91;77,86;0,15
750;0,00;0,00;0,00;0,00;49,00;0,00;71,00;80,02;30,74;180,00;476,94;179,79;452,58;468,90;77,86;0,15
755;0,00;0,00;0,00;0,00;49,00;0,00;71,00;80,00;30,75;180,04;481,27;179,77;452,86;470,82;77,86;0,15
760;0,00;0,00;0,00;0,00;48,99;0,00;70,98;79,98;30,76;180,05;483,03;179,73;453,49;474,30;77,86;0,15
765;0,00;0,00;0,00;0,00;49,00;0,00;70,98;80,02;30,75;180,05;485,38;179,73;453,86;475,58;77,86;0,15
770;0,00;0,00;0,00;0,00;49,00;0,00;71,00;80,00;30,75;180,04;485,94;179,73;454,65;477,14;77,86;0,15
775;0,00;0,00;0,00;0,00;49,00;0,00;71,00;80,00;30,77;180,01;486,26;179,74;455,05;477,48;77,86;0,15
780;0,00;0,00;0,00;0,00;49,00;0,00;71,00;79,98;30,77;180,00;486,09;179,76;455,81;477,55;77,86;0,15
785;0,00;0,00;0,00;0,00;49,00;0,00;71,01;80,00;30,77;179,98;485,33;179,80;456,16;477,34;77,86;0,15
790;0,00;0,00;0,00;0,00;49,00;0,00;71,00;79,98;30,77;179,98;484,79;179,83;456,78;476,56;77,86;0,15
795;0,00;0,00;0,00;0,00;49,01;0,00;70,98;80,02;30,77;180,00;483,45;179,85;457,05;476,05;77,86;0,15
800;0,00;0,00;0,00;0,00;49,00;0,00;70,99;80,03;30,77;180,01;482,72;179,86;457,49;474,84;77,86;0,15
805;0,00;0,00;0,00;0,00;49,00;0,00;71,00;80,02;30,78;180,02;481,28;179,86;457,68;474,20;77,86;0,15
810;0,00;0,00;0,00;0,00;49,00;0,00;71,00;80,00;30,77;180,02;480,79;179,85;458,05;473,24;77,86;0,15
815;0,00;0,00;0,00;0,00;49,00;0,00;71,02;79,98;30,78;180,01;481,47;179,82;458,27;473,24;77,86;0,15
820;0,00;0,00;0,00;0,00;49,00;0,00;71,00;79,98;30,79;180,01;482,82;179,79;458,81;474,95;77,86;0,15
825;0,00;0,00;0,00;0,00;48,99;0,00;71,00;79,98;30,79;180,00;487,27;179,75;459,11;476,60;77,86;0,16
830;0,00;0,00;0,00;0,00;49,01;0,00;71,00;79,98;30,79;180,01;489,61;179,72;459,76;480,63;77,86;0,16
835;0,00;0,00;0,00;0,00;49,00;0,00;70,97;80,02;30,80;180,02;493,29;179,68;460,13;482,49;77,86;0,16
840;0,00;0,00;0,00;0,00;49,00;0,00;71,00;80,00;30,80;180,02;494,48;179,66;460,97;485,17;77,86;0,16
845;0,00;0,00;0,00;0,00;49,00;0,00;70,98;80,00;30,81;180,03;495,72;179,64;461,86;485,95;77,86;0,16
850;0,00;0,00;0,00;0,00;49,00;0,00;71,02;80,02;30,80;180,03;495,85;179,63;462,32;486,68;77,86;0,16
855;0,00;0,00;0,00;0,00;48,99;0,00;71,00;80,03;30,80;180,03;495,52;179,64;463,16;486,70;77,86;0,16
860;0,00;0,00;0,00;0,00;49,00;0,00;71,01;80,00;30,81;180,02;495,11;179,64;463,52;486,25;77,86;0,16
865;0,00;0,00;0,00;0,00;49,00;0,00;70,99;79,98;30,81;180,01;493,92;179,68;464,18;485,83;77,86;0,16
870;0,00;0,00;0,00;0,00;49,00;0,00;70,99;79,97;30,81;180,01;493,23;179,69;464,46;484,76;77,86;0,16
875;0,00;0,00;0,00;0,00;49,00;0,00;71,02;80,00;30,82;180,01;491,64;179,74;464,93;484,10;77,86;0,16
880;0,00;0,00;0,00;0,00;49,00;0,00;71,00;80,00;30,82;180,02;490,88;179,75;465,14;482,79;77,86;0,16
885;0,00;0,00;0,00;0,00;48,99;0,00;71,00;80,02;30,83;180,02;490,16;179,77;465,59;482,32;77,86;0,16
890;0,00;0,00;0,00;0,00;49,00;0,00;71,02;80,02;30,82;180,02;490,69;179,77;465,87;482,60;77,86;0,16
895;0,00;0,00;0,00;0,00;49,00;0,00;71,00;80,00;30,82;180,02;493,85;179,76;466,54;483,62;77,86;0,16
900;0,00;0,00;0,00;0,00;49,00;0,00;70,99;80,00;30,83;180,01;496,21;179,76;466,90;487,28;77,86;0,16
905;0,00;0,00;0,00;0,00;49,01;0,00;71,01;80,00;30,83;179,98;501,10;179,72;467,66;491,44;77,86;0,16
910;0,00;0,00;0,00;0,00;49,01;0,00;71,00;80,03;30,83;179,97;502,89;179,70;468,10;493,12;77,86;0,16
915;0,00;0,00;0,00;0,00;49,00;0,00;71,00;80,02;30,84;179,99;505,10;179,65;469,05;495,30;77,86;0,16
920;0,00;0,00;0,00;0,00;49,00;0,00;71,00;80,00;30,84;180,02;505,64;179,63;469,54;495,87;77,86;0,16
925;0,00;0,00;0,00;0,00;49,00;0,00;71,00;79,98;30,85;180,03;505,76;179,59;470,48;496,21;77,86;0,16
930;0,00;0,00;0,00;0,00;49,00;0,00;71,00;80,00;30,84;180,04;505,50;179,57;470,92;496,06;77,86;0,16
935;0,00;0,00;0,00;0,00;49,00;0,00;71,00;80,00;30,85;180,03;504,50;179,55;471,71;495,35;77,86;0,16
940;0,00;0,00;0,00;0,00;49,00;0,00;71,00;79,98;30,85;179,99;503,86;179,55;472,05;494,83;77,86;0,16
945;0,00;0,00;0,00;0,00;49,00;0,00;70,98;79,98;30,85;179,98;502,35;179,56;472,61;493,54;77,86;0,16
950;0,00;0,00;0,00;0,00;49,00;0,00;71,00;80,00;30,86;179,98;501,47;179,57;472,85;492,84;77,86;0,16
955;0,00;0,00;0,00;0,00;49,00;0,00;71,00;80,00;30,86;179,99;500,13;179,60;473,33;491,71;77,86;0,16
960;0,00;0,00;0,00;0,00;49,00;0,00;71,00;80,02;30,86;180,03;500,02;179,61;473,60;491,64;77,86;0,16
965;0,00;0,00;0,00;0,00;49,00;0,00;71,00;80,00;30,86;180,05;501,96;179,64;474,27;493,23;77,86;0,16
970;0,00;0,00;0,00;0,00;49,00;0,00;71,00;79,98;30,86;180,05;503,98;179,66;474,66;494,92;77,86;0,16
975;0,00;0,00;0,00;0,00;49,00;0,00;71,02;79,98;30,86;180,04;509,00;179,67;475,44;499,22;77,86;0,16
980;0,00;0,00;0,00;0,00;49,00;0,00;70,98;80,00;30,87;179,98;511,45;179,67;475,87;501,27;77,86;0,16
985;0,00;0,00;0,00;0,00;49,00;0,00;70,98;79,98;30,87;179,96;514,55;179,67;476,83;504,30;77,86;0,16
990;0,00;0,00;0,00;0,00;49,00;0,00;70,99;79,97;30,87;179,96;515,89;179,66;477,34;505,16;77,86;0,16
995;0,00;0,00;0,00;0,00;49,00;0,00;71,00;79,97;30,87;179,99;516,06;179,62;478,37;505,98;77,86;0,16
1000;0,00;0,00;0,00;0,00;49,00;0,00;71,02;79,98;30,87;180,04;515,65;179,61;478,85;506,00;77,86;0,16
1005;0,00;0,00;0,00;0,00;49,00;0,00;71,00;80,00;30,87;180,06;515,18;179,56;479,73;505,47;77,86;0,16
1010;0,00;0,00;0,00;0,00;49,00;0,00;71,01;80,02;30,87;180,07;513,83;179,54;480,11;505,01;77,86;0,16
1015;0,00;0,00;0,00;0,00;49,00;0,00;70,99;80,03;30,87;180,06;513,06;179,51;480,76;503,77;77,86;0,16
1020;0,00;0,00;0,00;0,00;49,00;0,00;71,02;80,00;30,87;180,00;511,30;179,50;481,03;503,07;77,86;0,16
1025;0,00;0,00;0,00;0,00;49,00;0,00;71,00;80,00;30,87;179,98;510,55;179,49;481,52;501,72;77,86;0,16
1030;0,00;0,00;0,00;0,00;49,00;0,00;71,02;80,00;30,87;179,97;510,26;179,48;481,79;501,37;77,86;0,16
1035;0,00;0,00;0,00;0,00;49,00;0,00;71,01;80,05;30,87;180,00;511,13;179,50;482,46;502,24;77,86;0,16
1040;0,00;0,00;0,00;0,00;48,99;0,00;70,97;80,00;30,87;180,04;515,25;179,51;482,85;503,63;77,86;0,16
1045;0,00;0,00;0,00;0,00;49,00;0,00;71,02;79,98;30,86;180,05;517,88;179,54;483,67;507,81;77,86;0,16
1050;0,00;0,00;0,00;0,00;49,00;0,00;71,01;80,00;30,86;180,04;522,61;179,56;484,11;510,06;77,86;0,16
1055;0,00;0,00;0,00;0,00;49,00;0,00;71,02;79,98;30,86;180,02;524,28;179,60;485,09;513,68;77,86;0,17
1060;0,00;0,00;0,00;0,00;49,00;0,00;71,02;80,02;30,86;180,00;526,23;179,61;485,61;514,83;77,86;0,17
1065;0,00;0,00;0,00;0,00;49,00;0,00;70,99;80,00;30,87;179,99;526,56;179,63;486,68;516,01;77,86;0,17
1070;0,00;0,00;0,00;0,00;49,00;0,00;71,00;80,05;30,86;180,00;526,38;179,63;487,20;516,15;77,86;0,17
1075;0,00;0,00;0,00;0,00;49,00;0,00;71,00;80,05;30,86;180,01;525,94;179,61;488,14;515,78;77,86;0,17
1080;0,00;0,00;0,00;0,00;49,00;0,00;70,99;80,00;30,87;180,03;524,69;179,57;488,55;515,38;77,86;0,17
1085;0,00;0,00;0,00;0,00;49,00;0,00;71,03;80,00;30,88;180,04;523,91;179,54;489,26;514,18;77,86;0,17
1090;0,00;0,00;0,00;0,00;49,00;0,00;71,00;80,00;30,88;180,04;522,09;179,49;489,54;513,46;77,86;0,17
1095;0,00;0,00;0,00;0,00;49,00;0,00;70,98;79,98;30,89;180,03;521,23;179,46;490,05;511,99;77,86;0,17
1100;0,00;0,00;0,00;0,00;49,00;0,00;71,00;79,98;30,89;180,01;520,42;179,42;490,32;511,45;77,86;0,17
1105;0,00;0,00;0,00;0,00;49,00;0,00;71,00;80,02;30,89;180,00;521,05;179,41;490,97;511,86;77,86;0,17
1110;0,00;0,00;0,00;0,00;49,00;0,00;71,00;80,00;30,89;179,99;524,63;179,40;491,38;513,04;77,86;0,17
1115;0,00;0,00;0,00;0,00;49,00;0,00;71,00;79,98;30,90;180,00;527,27;179,40;492,24;517,09;77,86;0,17
1120;0,00;0,00;0,00;0,00;49,00;0,00;71,00;79,97;30,90;180,03;532,46;179,44;493,15;519,45;77,86;0,17
1125;0,00;0,00;0,00;0,00;49,00;0,00;71,01;80,02;30,91;180,03;534,55;179,46;493,66;523,46;77,86;0,17
1130;0,00;0,00;0,00;0,00;49,00;0,00;71,00;80,00;30,91;180,03;536,83;179,51;494,74;524,84;77,86;0,17
1135;0,00;0,00;0,00;0,00;49,00;0,00;70,98;80,00;30,91;180,02;537,31;179,54;495,30;526,33;77,86;0,17
1140;0,00;0,00;0,00;0,00;49,01;0,00;71,00;80,00;30,91;180,02;537,29;179,58;496,35;526,58;77,86;0,17
1145;0,00;0,00;0,00;0,00;49,00;0,00;71,00;80,00;30,91;180,01;536,91;179,60;496,82;526,33;77,86;0,17
1150;0,00;0,00;0,00;0,00;49,00;0,00;71,02;80,00;30,90;180,01;535,69;179,62;497,65;525,92;77,86;0,17
1155;0,00;0,00;0,00;0,00;48,99;0,00;71,00;80,02;30,90;180,02;534,83;179,60;497,99;524,74;77,86;0,17
1160;0,00;0,00;0,00;0,00;49,00;0,00;70,99;79,98;30,91;180,03;533,02;179,56;498,54;523,98;77,86;0,17
1165;0,00;0,00;0,00;0,00;49,00;0,00;70,98;80,00;30,91;180,03;532,02;179,54;498,78;522,41;77,86;0,17
1170;0,00;0,00;0,00;0,00;49,00;0,00;71,00;80,03;30,91;180,01;530,94;179,49;499,32;521,80;77,86;0,17
1175;0,00;0,00;0,00;0,00;48,99;0,00;71,01;80,00;30,90;180,00;531,31;179,47;499,66;521,88;77,86;0,17
1180;0,00;0,00;0,00;0,00;48,99;0,00;71,01;80,00;30,90;180,00;534,74;179,42;500,52;522,92;77,86;0,17
1185;0,00;0,00;0,00;0,00;49,00;0,00;71,00;80,02;30,90;180,00;537,40;179,41;500,97;526,88;77,86;0,17
1190;0,00;0,00;0,00;0,00;49,00;0,00;71,00;80,00;30,90;180,03;542,88;179,39;501,88;529,39;77,86;0,17
1195;0,00;0,00;0,00;0,00;49,00;0,00;71,03;80,00;30,91;180,05;545,15;179,40;502,39;533,68;77,86;0,17
1200;0,00;0,00;0,00;0,00;49,01;0,00;71,01;80,03;30,90;180,05;547,69;179,42;503,48;536,22;77,86;0,17
1205;0,00;0,00;0,00;0,00;48,99;0,00;71,00;79,98;30,91;180,02;548,24;179,43;504,05;536,86;77,86;0,17
1210;0,00;0,00;0,00;0,00;49,00;0,00;71,00;80,03;30,91;180,00;548,29;179,48;505,12;537,17;77,86;0,17
1215;0,00;0,00;0,00;0,00;48,99;0,00;71,03;80,03;30,91;179,98;547,92;179,50;505,60;536,94;77,86;0,17
1220;0,00;0,00;0,00;0,00;49,00;0,00;71,00;80,00;30,91;179,99;546,65;179,55;506,43;536,00;77,86;0,17
1225;0,00;0,00;0,00;0,00;48,99;0,00;71,00;79,98;30,91;180,01;545,83;179,56;506,79;535,33;77,86;0,17
1230;0,00;0,00;0,00;0,00;49,00;0,00;70,97;80,00;30,92;180,02;543,87;179,57;507,33;533,76;77,86;0,17
1235;0,00;0,00;0,00;0,00;49,00;0,00;71,00;79,98;30,91;180,04;542,89;179,58;507,57;532,95;77,86;0,17
1240;0,00;0,00;0,00;0,00;49,00;0,00;71,00;80,00;30,92;180,04;541,66;179,56;508,11;531,96;77,86;0,17
1245;0,00;0,00;0,00;0,00;49,00;0,00;71,00;80,00;30,93;180,04;541,93;179,55;508,46;532,22;77,86;0,17
1250;0,00;0,00;0,00;0,00;49,00;0,00;71,02;79,98;30,93;180,03;545,20;179,51;509,33;534,98;77,86;0,18
1255;0,00;0,00;0,00;0,00;49,00;0,00;71,00;79,98;30,93;180,02;547,85;179,48;509,82;537,15;77,86;0,18
1260;0,00;0,00;0,00;0,00;49,00;0,00;70,99;79,97;30,93;180,01;553,64;179,44;510,75;542,08;77,86;0,18
1265;0,00;0,00;0,00;0,00;49,00;0,00;71,00;80,00;30,93;180,00;555,82;179,42;511,27;544,10;77,86;0,18
1270;0,00;0,00;0,00;0,00;49,00;0,00;71,00;80,00;30,93;180,01;558,48;179,40;512,37;546,73;77,86;0,18
1275;0,00;0,00;0,00;0,00;49,00;0,00;71,00;80,03;30,94;180,02;559,25;179,40;512,94;547,37;77,86;0,18
1280;0,00;0,00;0,00;0,00;49,00;0,00;71,02;79,98;30,94;180,03;559,10;179,41;513,99;547,68;77,86;0,18
1285;0,00;0,00;0,00;0,00;49,00;0,00;71,00;80,03;30,95;180,04;558,13;179,43;514,47;547,44;77,86;0,18
1290;0,00;0,00;0,00;0,00;49,00;0,00;71,02;80,02;30,95;180,03;557,33;179,46;515,29;546,44;77,86;0,18
1295;0,00;0,00;0,00;0,00;49,00;0,00;70,98;79,98;30,95;180,02;555,50;179,48;515,63;545,71;77,86;0,18
1300;0,00;0,00;0,00;0,00;49,00;0,00;71,00;79,98;30,94;180,03;554,47;179,52;516,15;544,04;77,86;0,18
1305;0,00;0,00;0,00;0,00;49,00;0,00;71,00;80,02;30,95;180,03;552,60;179,54;516,38;543,21;77,86;0,18
1310;0,00;0,00;0,00;0,00;49,00;0,00;71,00;80,03;30,94;180,03;552,32;179,56;516,94;542,37;77,86;0,18
1315;0,00;0,00;0,00;0,00;49,00;0,00;71,00;80,02;30,96;180,03;554,18;179,57;517,31;542,80;77,86;0,18
1320;0,00;0,00;0,00;0,00;49,00;0,00;71,00;79,98;30,95;180,03;556,56;179,56;518,22;545,82;77,86;0,18
1325;0,00;0,00;0,00;0,00;49,00;0,00;71,00;79,98;30,95;180,02;562,24;179,56;518,70;548,15;77,86;0,18
1330;0,00;0,00;0,00;0,00;49,00;0,00;71,00;80,00;30,96;180,02;564,86;179,56;519,65;553,05;77,86;0,18
1335;0,00;0,00;0,00;0,00;48,99;0,00;70,99;80,02;30,96;180,01;568,44;179,54;520,17;554,98;77,86;0,18
1340;0,00;0,00;0,00;0,00;49,00;0,00;71,02;80,02;30,95;180,02;569,43;179,53;521,29;557,39;77,86;0,18
1345;0,00;0,00;0,00;0,00;49,00;0,00;70,98;80,03;30,96;180,03;569,94;179,52;521,83;557,92;77,86;0,18
1350;0,00;0,00;0,00;0,00;49,01;0,00;71,00;80,00;30,96;180,04;569,70;179,51;522,87;558,05;77,86;0,18
1355;0,00;0,00;0,00;0,00;49,00;0,00;71,02;80,02;30,96;180,04;568,55;179,48;523,34;557,73;77,86;0,18
1360;0,00;0,00;0,00;0,00;49,00;0,00;71,00;80,00;30,98;180,02;567,66;179,47;524,12;556,56;77,86;0,18
1365;0,00;0,00;0,00;0,00;49,00;0,00;70,98;80,00;30,98;180,00;565,69;179,45;524,44;555,81;77,86;0,18
1370;0,00;0,00;0,00;0,00;49,00;0,00;71,00;80,02;30,99;179,99;564,62;179,44;524,93;554,06;77,86;0,18
1375;0,00;0,00;0,00;0,00;49,01;0,00;71,00;79,97;30,99;180,01;562,99;179,44;525,43;553,27;77,86;0,18
1380;0,00;0,00;0,00;0,00;49,00;0,00;71,00;79,98;31,00;180,02;562,99;179,44;525,77;552,82;77,86;0,18
1385;0,00;0,00;0,00;0,00;49,00;0,00;70,98;80,00;31,00;180,04;565,71;179,46;526,65;553,58;77,86;0,18
1390;0,00;0,00;0,00;0,00;49,00;0,00;71,00;80,03;31,00;180,05;568,22;179,47;527,14;557,19;77,86;0,18
1395;0,00;0,00;0,00;0,00;49,00;0,00;70,98;80,00;31,01;180,03;573,99;179,50;528,09;559,65;77,86;0,18
1400;0,00;0,00;0,00;0,00;49,00;0,00;71,02;79,97;31,01;180,03;576,61;179,52;528,59;564,35;77,86;0,18
1405;0,00;0,00;0,00;0,00;48,99;0,00;71,00;79,97;31,02;180,03;579,64;179,54;529,70;566,13;77,86;0,18
1410;0,00;0,00;0,00;0,00;49,00;0,00;70,99;80,00;31,03;180,03;580,33;179,56;530,26;568,11;77,86;0,18
1415;0,00;0,00;0,00;0,00;49,00;0,00;70,98;80,02;31,03;180,03;580,45;179,56;531,31;568,47;77,86;0,19
1420;0,00;0,00;0,00;0,00;49,00;0,00;71,01;80,02;31,03;180,03;580,04;179,57;531,79;568,25;77,86;0,19
1425;0,00;0,00;0,00;0,00;48,99;0,00;71,00;80,03;31,04;180,03;578,55;179,56;532,58;567,79;77,86;0,19
1430;0,00;0,00;0,00;0,00;49,00;0,00;71,01;80,00;31,03;180,03;577,61;179,55;532,90;566,37;77,86;0,19
1435;0,00;0,00;0,00;0,00;49,00;0,00;71,00;80,02;31,03;180,03;575,38;179,53;533,37;565,49;77,86;0,19
1440;0,00;0,00;0,00;0,00;49,00;0,00;71,01;79,98;31,04;180,03;574,33;179,52;533,59;563,75;77,86;0,19
1445;0,00;0,00;0,00;0,00;49,01;0,00;71,00;79,98;31,04;180,02;573,42;179,50;534,17;563,04;77,86;0,19
1450;0,00;0,00;0,00;0,00;49,00;0,00;71,00;80,02;31,05;180,03;574,10;179,49;534,56;563,62;77,86;0,19
1455;0,00;0,00;0,00;0,00;49,00;0,00;71,00;80,02;31,05;180,03;578,05;179,48;535,51;567,04;77,86;0,19
1460;0,00;0,00;0,00;0,00;49,00;0,00;71,01;80,02;31,04;180,05;581,13;179,47;536,00;569,46;77,86;0,19
1465;0,00;0,00;0,00;0,00;48,99;0,00;71,01;80,00;31,05;180,05;586,57;179,48;536,96;574,24;77,86;0,19
1470;0,00;0,00;0,00;0,00;49,00;0,00;70,98;80,02;31,04;180,02;588,53;179,48;537,48;576,06;77,86;0,19
1475;0,00;0,00;0,00;0,00;49,01;0,00;71,02;80,02;31,04;180,02;590,67;179,49;538,56;578,19;77,86;0,19
1480;0,00;0,00;0,00;0,00;49,00;0,00;71,02;80,02;31,04;180,04;590,95;179,50;539,09;578,60;77,86;0,19
1485;0,00;0,00;0,00;0,00;48,99;0,00;70,98;80,02;31,05;180,04;590,41;179,52;540,08;578,40;77,86;0,19
1490;0,00;0,00;0,00;0,00;49,01;0,00;71,00;80,00;31,03;180,05;589,76;179,53;540,49;577,92;77,86;0,19
1495;0,00;0,00;0,00;0,00;49,00;0,00;71,02;79,98;31,04;180,05;587,89;179,55;541,15;576,45;77,86;0,19
1500;0,00;0,00;0,00;0,00;49,00;0,00;70,99;80,00;31,05;180,06;586,81;179,56;541,38;575,55;77,86;0,19
1505;0,00;0,00;0,00;0,00;49,00;0,00;71,02;80,00;31,05;180,04;584,61;179,56;541,80;573,77;77,86;0,19
1510;0,00;0,00;0,00;0,00;49,00;0,00;70,99;80,00;31,05;180,03;583,86;179,56;542,06;573,23;77,86;0,19
1515;0,00;0,00;0,00;0,00;49,00;0,00;71,01;79,98;31,06;180,02;584,69;179,54;542,80;573,97;77,86;0,19
1520;0,00;0,00;0,00;0,00;49,00;0,00;71,01;80,02;31,06;180,04;586,43;179,54;543,27;575,45;77,86;0,19
1525;0,00;0,00;0,00;0,00;49,00;0,00;70,99;80,02;31,06;180,04;591,79;179,52;544,25;579,92;77,86;0,19
1530;0,00;0,00;0,00;0,00;49,00;0,00;71,00;79,98;31,07;180,06;597,26;179,51;544,71;582,39;77,86;0,19
1535;0,00;0,00;0,00;0,00;49,00;0,00;71,00;80,02;31,06;180,07;599,06;179,50;545,71;586,30;77,86;0,19
1540;0,00;0,00;0,00;0,00;49,00;0,00;71,01;79,98;31,07;180,07;600,86;179,49;546,24;587,51;77,86;0,19
1545;0,00;0,00;0,00;0,00;49,00;0,00;71,01;80,02;31,07;180,05;601,03;179,48;547,30;588,53;77,86;0,19
1550;0,00;0,00;0,00;0,00;49,00;0,00;71,00;79,98;31,08;180,04;600,31;179,48;547,78;588,48;77,86;0,19
1555;0,00;0,00;0,00;0,00;49,00;0,00;71,00;80,03;31,07;180,03;599,58;179,49;548,58;587,62;77,86;0,19
1560;0,00;0,00;0,00;0,00;48,99;0,00;70,99;80,00;31,07;180,00;597,64;179,49;548,90;586,89;77,86;0,19
1565;0,00;0,00;0,00;0,00;49,00;0,00;71,01;80,00;31,08;180,00;596,41;179,50;549,37;585,09;77,86;0,19
1570;0,00;0,00;0,00;0,00;49,00;0,00;70,98;80,00;31,08;180,02;594,33;179,52;549,56;584,15;77,86;0,19
1575;0,00;0,00;0,00;0,00;49,00;0,00;71,01;80,00;31,08;180,05;593,88;179,53;550,09;583,09;77,86;0,19
1580;0,00;0,00;0,00;0,00;49,00;0,00;71,01;80,00;31,09;180,07;595,44;179,54;550,46;583,40;77,86;0,20
1585;0,00;0,00;0,00;0,00;49,01;0,00;71,00;80,02;31,09;180,07;597,69;179,55;551,39;586,27;77,86;0,20
1590;0,00;0,00;0,00;0,00;49,00;0,00;71,00;80,03;31,10;180,05;603,34;179,55;551,90;588,56;77,86;0,20
1595;0,00;0,00;0,00;0,00;49,00;0,00;71,01;79,98;31,10;180,04;606,02;179,55;552,84;593,40;77,86;0,20
1600;0,00;0,00;0,00;0,00;49,01;0,00;70,99;80,02;31,10;180,02;609,67;179,54;553,32;595,36;77,86;0,20
1605;0,00;0,00;0,00;0,00;49,01;0,00;71,00;80,02;31,10;180,01;610,61;179,53;554,37;597,73;77,86;0,20
1610;0,00;0,00;0,00;0,00;49,00;0,00;71,02;80,00;31,11;180,01;610,89;179,51;554,88;598,20;77,86;0,20
1615;0,00;0,00;0,00;0,00;49,00;0,00;71,00;80,00;31,10;180,03;610,49;179,50;555,81;598,06;77,86;0,20
1620;0,00;0,00;0,00;0,00;49,00;0,00;70,99;79,98;31,11;180,03;608,90;179,49;556,21;597,58;77,86;0,20
1625;0,00;0,00;0,00;0,00;49,00;0,00;71,02;80,00;31,11;180,05;607,86;179,49;556,81;596,04;77,86;0,20
1630;0,00;0,00;0,00;0,00;49,00;0,00;70,99;80,03;31,11;180,06;605,54;179,49;557,02;595,09;77,86;0,20
1635;0,00;0,00;0,00;0,00;48,99;0,00;71,02;80,00;31,11;180,06;604,42;179,50;557,44;593,30;77,86;0,20
1640;0,00;0,00;0,00;0,00;49,00;0,00;71,03;80,00;31,12;180,05;604,03;179,52;557,73;592,88;77,86;0,20
1645;0,00;0,00;0,00;0,00;49,01;0,00;71,00;80,00;31,12;180,03;605,09;179,53;558,52;593,98;77,86;0,20
1650;0,00;0,00;0,00;0,00;49,00;0,00;71,01;80,02;31,13;180,01;609,85;179,54;559,55;595,71;77,86;0,20
1655;0,00;0,00;0,00;0,00;49,00;0,00;71,02;80,00;31,13;180,01;612,77;179,56;560,03;600,40;77,86;0,20
1660;0,00;0,00;0,00;0,00;49,00;0,00;71,00;80,00;31,12;180,03;617,92;179,57;560,99;602,80;77,86;0,20
1665;0,00;0,00;0,00;0,00;49,00;0,00;71,00;80,03;31,13;180,05;619,49;179,57;561,51;606,36;77,86;0,20
1670;0,00;0,00;0,00;0,00;49,00;0,00;71,00;80,02;31,13;180,07;620,83;179,57;562,54;607,38;77,86;0,20
1675;0,00;0,00;0,00;0,00;49,01;0,00;71,00;80,02;31,14;180,06;620,79;179,57;563,02;608,00;77,86;0,20
1680;0,00;0,00;0,00;0,00;49,00;0,00;71,02;80,03;31,13;180,02;619,68;179,56;563,85;607,78;77,86;0,20
1685;0,00;0,00;0,00;0,00;49,00;0,00;71,00;80,00;31,13;180,01;618,79;179,55;564,17;606,61;77,86;0,20
1690;0,00;0,00;0,00;0,00;49,00;0,00;71,00;80,00;31,14;179,99;616,55;179,54;564,64;605,75;77,86;0,20
1695;0,00;0,00;0,00;0,00;49,00;0,00;71,01;80,03;31,14;180,01;615,33;179,53;564,82;603,78;77,86;0,20
1700;0,00;0,00;0,00;0,00;49,00;0,00;70,98;80,00;31,14;180,03;613,64;179,52;565,32;602,51;77,86;0,20
1705;0,00;0,00;0,00;0,00;49,00;0,00;71,02;80,00;31,15;180,08;613,84;179,51;565,68;602,70;77,86;0,20
1710;0,00;0,00;0,00;0,00;49,00;0,00;71,00;80,00;31,15;180,09;616,91;179,52;566,61;605,32;77,86;0,20
1715;0,00;0,00;0,00;0,00;49,00;0,00;70,99;80,00;31,16;180,08;619,54;179,52;567,12;607,55;77,86;0,20
1720;0,00;0,00;0,00;0,00;49,00;0,00;71,00;79,98;31,15;180,07;625,25;179,53;568,08;612,36;77,86;0,20
1725;0,00;0,00;0,00;0,00;49,00;0,00;70,98;80,03;31,15;180,01;627,69;179,54;568,55;614,42;77,86;0,20
1730;0,00;0,00;0,00;0,00;48,99;0,00;71,02;80,00;31,16;180,00;630,24;179,56;569,56;617,02;77,86;0,20
1735;0,00;0,00;0,00;0,00;49,00;0,00;71,00;79,98;31,17;180,01;630,65;179,56;570,05;617,54;77,86;0,21
1740;0,00;0,00;0,00;0,00;49,00;0,00;71,00;79,98;31,16;180,03;630,14;179,58;570,94;617,39;77,86;0,21
1745;0,00;0,00;0,00;0,00;49,00;0,00;71,00;79,98;31,16;180,06;628,50;179,58;571,32;616,88;77,86;0,21
1750;0,00;0,00;0,00;0,00;49,00;0,00;71,01;79,98;31,16;180,07;627,39;179,58;571,90;615,25;77,86;0,21
1755;0,00;0,00;0,00;0,00;49,00;0,00;71,01;80,02;31,16;180,06;624,84;179,57;572,11;614,24;77,86;0,21
1760;0,00;0,00;0,00;0,00;49,00;0,00;71,02;79,98;31,17;180,05;623,81;179,56;572,53;612,43;77,86;0,21
1765;0,00;0,00;0,00;0,00;49,00;0,00;71,02;80,00;31,17;180,01;623,68;179,55;572,83;612,08;77,86;0,21
1770;0,00;0,00;0,00;0,00;49,00;0,00;71,01;80,00;31,16;180,01;624,93;179,54;573,65;613,47;77,86;0,21
1775;0,00;0,00;0,00;0,00;49,00;0,00;71,00;80,00;31,16;180,03;629,96;179,54;574,17;615,28;77,86;0,21
1780;0,00;0,00;0,00;0,00;49,00;0,00;71,02;80,03;31,16;180,05;632,89;179,53;575,22;620,07;77,86;0,21
1785;0,00;0,00;0,00;0,00;49,00;0,00;71,00;80,02;31,17;180,07;637,72;179,54;575,71;622,42;77,86;0,21
1790;0,00;0,00;0,00;0,00;49,00;0,00;71,01;80,00;31,18;180,07;639,19;179,55;576,74;625,81;77,86;0,21
1795;0,00;0,00;0,00;0,00;49,00;0,00;71,00;79,98;31,18;180,05;640,31;179,57;577,26;626,69;77,86;0,21
1800;0,00;0,00;0,00;0,00;49,00;0,00;71,01;80,02;31,18;180,04;640,12;179,58;578,24;627,08;77,86;0,21
1805;0,00;0,00;0,00;0,00;49,00;0,00;70,99;80,02;31,19;180,03;638,79;179,61;578,66;626,75;77,86;0,21
1810;0,00;0,00;0,00;0,00;49,00;0,00;71,00;80,00;31,18;180,02;637,77;179,62;579,32;625,33;77,86;0,21
1815;0,00;0,00;0,00;0,00;49,00;0,00;71,00;80,02;31,19;180,03;635,23;179,64;579,56;624,36;77,86;0,21
1820;0,00;0,00;0,00;0,00;49,00;0,00;70,99;80,00;31,21;180,04;634,02;179,64;579,96;622,33;77,86;0,21
1825;0,00;0,00;0,00;0,00;49,00;0,00;70,98;80,00;31,21;180,07;633,04;179,64;580,23;621,70;77,86;0,21
1830;0,00;0,00;0,00;0,00;49,00;0,00;71,03;79,98;31,21;180,06;633,83;179,63;581,00;622,31;77,86;0,21
1835;0,00;0,00;0,00;0,00;49,00;0,00;71,01;80,00;31,22;180,07;637,95;179,62;581,51;623,75;77,86;0,21
1840;0,00;0,00;0,00;0,00;49,00;0,00;70,98;80,00;31,23;180,06;640,82;179,60;582,62;628,22;77,86;0,21
1845;0,00;0,00;0,00;0,00;49,00;0,00;71,01;80,00;31,24;180,04;646,32;179,58;583,61;630,67;77,86;0,21
1850;0,00;0,00;0,00;0,00;49,01;0,00;71,00;80,02;31,25;180,03;648,09;179,57;584,13;634,54;77,86;0,21
1855;0,00;0,00;0,00;0,00;49,00;0,00;71,03;80,02;31,24;180,03;649,69;179,55;585,16;635,68;77,86;0,21
1860;0,00;0,00;0,00;0,00;49,00;0,00;71,00;79,97;31,24;180,02;649,69;179,54;585,64;636,43;77,86;0,22
1865;0,00;0,00;0,00;0,00;48,99;0,00;71,01;80,02;31,24;180,03;648,52;179,54;586,44;636,21;77,86;0,22
1870;0,00;0,00;0,00;0,00;49,01;0,00;70,99;80,03;31,25;180,02;647,55;179,55;586,74;634,93;77,86;0,22
1875;0,00;0,00;0,00;0,00;49,00;0,00;70,99;80,02;31,25;180,03;645,11;179,58;587,15;633,98;77,86;0,22
1880;0,00;0,00;0,00;0,00;49,00;0,00;71,00;80,00;31,26;180,04;643,84;179,59;587,34;631,92;77,86;0,22
1885;0,00;0,00;0,00;0,00;49,00;0,00;71,00;80,02;31,25;180,04;642,47;179,61;587,93;631,17;77,86;0,22
1890;0,00;0,00;0,00;0,00;49,01;0,00;71,00;80,02;31,25;180,04;642,99;179,63;588,33;631,39;77,86;0,22
1895;0,00;0,00;0,00;0,00;49,00;0,00;70,98;80,00;31,24;180,04;646,66;179,64;589,41;634,55;77,86;0,22
1900;0,00;0,00;0,00;0,00;48,99;0,00;70,99;80,00;31,24;180,05;649,66;179,65;589,99;636,89;77,86;0,22
1905;0,00;0,00;0,00;0,00;49,00;0,00;71,03;80,00;31,25;180,05;655,10;179,65;591,01;641,67;77,86;0,22
1910;0,00;0,00;0,00;0,00;49,00;0,00;71,01;80,00;31,24;180,06;657,06;179,64;591,52;643,48;77,86;0,22
1915;0,00;0,00;0,00;0,00;49,00;0,00;71,00;80,02;31,24;180,05;658,97;179,62;592,53;645,42;77,86;0,22
1920;0,00;0,00;0,00;0,00;49,00;0,00;71,00;80,00;31,25;180,02;659,02;179,61;593,01;645,63;77,86;0,22
1925;0,00;0,00;0,00;0,00;49,00;0,00;71,00;80,02;31,24;180,02;657,96;179,60;593,81;644,96;77,86;0,22
1930;0,00;0,00;0,00;0,00;48,99;0,00;71,00;80,02;31,25;180,02;657,01;179,59;594,12;644,21;77,86;0,22
1935;0,00;0,00;0,00;0,00;49,00;0,00;71,00;80,00;31,25;180,04;654,35;179,57;594,53;643,16;77,86;0,22
1940;0,00;0,00;0,00;0,00;49,00;0,00;71,00;79,98;31,25;180,06;653,08;179,57;594,72;641,08;77,86;0,22
1945;0,00;0,00;0,00;0,00;49,00;0,00;71,04;80,00;31,26;180,06;651,84;179,57;595,34;640,20;77,86;0,22
1950;0,00;0,00;0,00;0,00;49,00;0,00;71,00;79,98;31,27;180,06;652,49;179,57;595,77;640,77;77,86;0,22
1955;0,00;0,00;0,00;0,00;49,00;0,00;70,97;80,00;31,26;180,06;656,34;179,59;596,86;644,09;77,86;0,22
1960;0,00;0,00;0,00;0,00;49,00;0,00;71,00;80,00;31,27;180,06;659,14;179,60;597,47;646,45;77,86;0,22
1965;0,00;0,00;0,00;0,00;49,00;0,00;71,00;80,00;31,26;180,06;664,62;179,63;598,46;651,03;77,86;0,22
1970;0,00;0,00;0,00;0,00;48,99;0,00;71,02;80,00;31,26;180,05;666,42;179,64;598,97;652,73;77,86;0,22
1975;0,00;0,00;0,00;0,00;49,00;0,00;71,00;80,00;31,27;180,03;668,02;179,65;599,97;654,44;77,86;0,22
1980;0,00;0,00;0,00;0,00;49,00;0,00;71,00;80,00;31,28;180,02;667,96;179,66;600,44;654,55;77,86;0,23
1985;0,00;0,00;0,00;0,00;49,00;0,00;71,00;80,00;31,28;180,03;666,70;179,67;601,17;653,66;77,86;0,23
1990;0,00;0,00;0,00;0,00;49,00;0,00;71,00;79,97;31,28;180,04;665,66;179,67;601,44;652,86;77,86;0,23
1995;0,00;0,00;0,00;0,00;48,99;0,00;71,03;80,00;31,28;180,04;663,01;179,66;601,77;650,73;77,86;0,23
2000;0,00;0,00;0,00;0,00;49,00;0,00;71,01;80,00;31,28;180,05;661,81;179,65;601,98;649,80;77,86;0,23
2005;0,00;0,00;0,00;0,00;49,00;0,00;71,00;80,00;31,28;180,05;661,07;179,64;602,66;649,32;77,86;0,23
2010;0,00;0,00;0,00;0,00;49,00;0,00;71,01;80,00;31,28;180,04;663,93;179,63;603,13;650,14;77,86;0,23
2015;0,00;0,00;0,00;0,00;49,00;0,00;71,02;80,00;31,28;180,04;666,45;179,60;604,30;653,85;77,86;0,23
2020;0,00;0,00;0,00;0,00;49,00;0,00;71,00;79,95;31,29;180,05;671,98;179,59;604,86;656,23;77,86;0,23
2025;0,00;0,00;0,00;0,00;49,00;0,00;70,98;79,98;31,28;180,05;674,20;179,59;605,86;660,57;77,86;0,23
2030;0,00;0,00;0,00;0,00;49,01;0,00;71,00;79,98;31,28;180,07;676,66;179,59;606,34;662,03;77,86;0,23
2035;0,00;0,00;0,00;0,00;49,00;0,00;71,02;80,02;31,28;180,07;676,90;179,59;607,30;663,29;77,86;0,23
2040;0,00;0,00;0,00;0,00;49,00;0,00;70,99;79,98;31,28;180,03;676,05;179,60;607,73;663,21;77,86;0,23
2045;0,00;0,00;0,00;0,00;49,00;0,00;71,00;80,03;31,28;180,01;675,13;179,61;608,38;662,06;77,86;0,23
2050;0,00;0,00;0,00;0,00;49,00;0,00;71,00;80,02;31,27;180,01;672,59;179,62;608,60;661,11;77,86;0,23
2055;0,00;0,00;0,00;0,00;49,00;0,00;71,02;80,00;31,28;180,02;671,30;179,64;608,93;659,06;77,86;0,23
2060;0,00;0,00;0,00;0,00;49,00;0,00;71,01;80,00;31,28;180,06;670,00;179,65;609,19;658,31;77,86;0,23
2065;0,00;0,00;0,00;0,00;49,00;0,00;71,03;80,00;31,28;180,07;670,52;179,65;609,97;658,56;77,86;0,23
2070;0,00;0,00;0,00;0,00;49,00;0,00;70,99;79,98;31,29;180,07;674,31;179,66;610,50;659,81;77,86;0,23
2075;0,00;0,00;0,00;0,00;49,00;0,00;71,00;80,00;31,29;180,05;677,04;179,66;611,73;664,02;77,86;0,23
2080;0,00;0,00;0,00;0,00;49,00;0,00;71,00;80,02;31,29;180,04;682,28;179,66;612,28;666,39;77,86;0,23
2085;0,00;0,00;0,00;0,00;49,00;0,00;71,00;80,02;31,29;180,04;684,10;179,66;613,25;670,25;77,86;0,23
2090;0,00;0,00;0,00;0,00;49,00;0,00;71,00;80,00;31,30;180,03;685,74;179,65;613,74;671,37;77,86;0,23
2095;0,00;0,00;0,00;0,00;49,00;0,00;70,99;80,02;31,29;180,03;685,67;179,65;614,66;672,01;77,86;0,23
2100;0,00;0,00;0,00;0,00;49,00;0,00;71,00;80,02;31,29;180,05;684,33;179,63;615,34;671,70;77,86;0,23
2105;0,00;0,00;0,00;0,00;49,00;0,00;71,02;79,98;31,29;180,06;683,22;179,62;615,57;670,16;77,86;0,23
2110;0,00;0,00;0,00;0,00;49,00;0,00;71,02;79,98;31,30;180,06;680,49;179,61;615,88;669,11;77,86;0,23
2115;0,00;0,00;0,00;0,00;49,00;0,00;70,99;80,00;31,29;180,04;679,40;179,60;616,12;667,20;77,86;0,23
2120;0,00;0,00;0,00;0,00;49,00;0,00;71,00;80,02;31,30;180,03;679,19;179,59;616,88;666,83;77,86;0,23
2125;0,00;0,00;0,00;0,00;49,00;0,00;71,02;79,98;31,30;180,03;680,38;179,60;617,39;668,25;77,86;0,24
2130;0,00;0,00;0,00;0,00;48,99;0,00;70,99;80,02;31,30;180,03;685,20;179,61;618,65;669,98;77,86;0,24
2135;0,00;0,00;0,00;0,00;49,00;0,00;70,98;80,02;31,30;180,03;688,02;179,63;619,21;674,60;77,86;0,24
2140;0,00;0,00;0,00;0,00;49,00;0,00;70,99;80,02;31,30;180,04;692,62;179,66;620,22;678,66;77,86;0,24
2145;0,00;0,00;0,00;0,00;49,00;0,00;71,00;80,02;31,32;180,03;693,95;179,67;620,72;679,94;77,86;0,24
2150;0,00;0,00;0,00;0,00;49,00;0,00;71,01;79,98;31,31;180,02;694,66;179,70;621,66;680,83;77,86;0,24
2155;0,00;0,00;0,00;0,00;49,00;0,00;71,00;80,03;31,30;180,02;694,24;179,71;622,04;680,59;77,87;0,24
2160;0,00;0,00;0,00;0,00;49,00;0,00;70,99;80,00;31,30;180,02;692,27;179,72;622,61;679,08;77,87;0,24
2165;0,00;0,00;0,00;0,00;49,00;0,00;71,00;80,00;31,31;180,03;690,95;179,71;622,77;678,01;77,86;0,24
2170;0,00;0,00;0,00;0,00;48,99;0,00;71,00;79,98;31,30;180,03;688,38;179,70;623,12;676,02;77,86;0,24
2175;0,00;0,00;0,00;0,00;49,01;0,00;70,98;80,02;31,30;180,04;687,71;179,68;623,46;675,58;77,86;0,24
2180;0,00;0,00;0,00;0,00;49,00;0,00;71,00;79,98;31,31;180,06;689,07;179,66;624,38;676,77;77,86;0,24
2185;0,00;0,00;0,00;0,00;49,00;0,00;70,97;80,00;31,31;180,07;691,02;179,65;625,00;678,45;77,86;0,24
2190;0,00;0,00;0,00;0,00;48,99;0,00;71,00;80,00;31,32;180,06;696,39;179,63;626,23;683,01;77,86;0,24
2195;0,00;0,00;0,00;0,00;49,00;0,00;71,00;80,02;31,32;180,01;701,14;179,63;626,75;685,26;77,86;0,24
2200;0,00;0,00;0,00;0,00;49,00;0,00;71,02;79,97;31,32;180,01;702,64;179,63;627,74;688,48;77,86;0,24
2205;0,00;0,00;0,00;0,00;49,01;0,00;71,00;80,02;31,32;180,02;703,39;179,63;628,22;689,23;77,86;0,24
2210;0,00;0,00;0,00;0,00;49,00;0,00;71,00;80,02;31,32;180,03;702,99;179,64;629,03;689,24;77,86;0,24
2215;0,00;0,00;0,00;0,00;49,00;0,00;70,97;80,03;31,33;180,06;701,11;179,66;629,35;688,66;77,86;0,24
2220;0,00;0,00;0,00;0,00;49,00;0,00;71,02;80,00;31,33;180,06;699,79;179,67;629,72;686,69;77,86;0,24
2225;0,00;0,00;0,00;0,00;49,00;0,00;71,01;80,00;31,33;180,05;697,09;179,68;629,86;685,62;77,86;0,24
2230;0,00;0,00;0,00;0,00;49,00;0,00;71,01;79,98;31,32;180,04;696,47;179,70;630,42;684,25;77,86;0,24
2235;0,00;0,00;0,00;0,00;49,00;0,00;71,00;80,00;31,32;180,03;697,72;179,72;630,84;684,45;77,86;0,24
2240;0,00;0,00;0,00;0,00;49,00;0,00;71,01;80,02;31,34;180,02;699,78;179,72;631,98;687,07;77,86;0,24
2245;0,00;0,00;0,00;0,00;48,99;0,00;71,01;79,98;31,33;180,05;705,19;179,72;632,66;689,25;77,86;0,24
2250;0,00;0,00;0,00;0,00;49,00;0,00;71,01;80,02;31,33;180,06;707,84;179,72;633,82;693,89;77,87;0,25
2255;0,00;0,00;0,00;0,00;49,00;0,00;71,00;79,98;31,33;180,07;711,37;179,72;634,30;695,79;77,86;0,25
2260;0,00;0,00;0,00;0,00;49,00;0,00;71,01;80,00;31,34;180,07;712,07;179,71;635,27;697,89;77,86;0,25
2265;0,00;0,00;0,00;0,00;49,00;0,00;70,99;80,00;31,34;180,03;711,69;179,71;635,71;698,11;77,86;0,25
2270;0,00;0,00;0,00;0,00;49,00;0,00;71,01;79,98;31,34;180,02;710,85;179,70;636,38;697,24;77,86;0,25
2275;0,00;0,00;0,00;0,00;49,00;0,00;70,99;80,00;31,34;180,02;708,35;179,68;636,59;696,33;77,86;0,25
2280;0,00;0,00;0,00;0,00;48,99;0,00;71,01;80,00;31,34;180,02;706,83;179,66;636,88;694,12;77,86;0,25
2285;0,00;0,00;0,00;0,00;49,01;0,00;71,01;80,02;31,34;180,04;705,18;179,65;637,47;693,26;77,86;0,25
2290;0,00;0,00;0,00;0,00;49,00;0,00;71,00;80,02;31,34;180,06;705,52;179,65;637,91;693,22;77,86;0,25
2295;0,00;0,00;0,00;0,00;49,00;0,00;71,00;80,00;31,34;180,08;708,94;179,64;639,10;694,34;77,87;0,25
2300;0,00;0,00;0,00;0,00;49,01;0,00;71,02;80,00;31,35;180,09;711,58;179,66;639,79;698,37;77,87;0,25
2305;0,00;0,00;0,00;0,00;49,00;0,00;70,99;79,98;31,35;180,06;716,90;179,67;640,92;700,71;77,86;0,25
2310;0,00;0,00;0,00;0,00;48,99;0,00;71,00;80,00;31,35;180,04;718,84;179,68;641,41;704,57;77,86;0,25
2315;0,00;0,00;0,00;0,00;49,00;0,00;71,00;80,03;31,35;179,99;720,57;179,70;642,34;705,78;77,86;0,25
2320;0,00;0,00;0,00;0,00;49,00;0,00;71,01;80,02;31,35;180,00;720,44;179,71;642,75;706,39;77,86;0,25
2325;0,00;0,00;0,00;0,00;49,01;0,00;71,00;80,02;31,35;180,04;718,87;179,73;643,34;705,26;77,86;0,25
2330;0,00;0,00;0,00;0,00;48,99;0,00;71,00;80,00;31,35;180,07;717,62;179,73;643,51;704,25;77,86;0,25
2335;0,00;0,00;0,00;0,00;49,00;0,00;71,03;80,02;31,35;180,09;714,79;179,74;643,84;702,10;77,86;0,25
2340;0,00;0,00;0,00;0,00;49,00;0,00;71,00;80,02;31,36;180,06;713,95;179,74;644,16;701,50;77,86;0,25
2345;0,00;0,00;0,00;0,00;49,00;0,00;71,01;80,03;31,36;180,04;714,75;179,73;645,08;702,26;77,87;0,25
2350;0,00;0,00;0,00;0,00;49,00;0,00;70,99;80,02;31,36;180,00;716,44;179,72;645,68;703,73;77,86;0,25
2355;0,00;0,00;0,00;0,00;49,00;0,00;71,00;80,02;31,36;180,00;721,55;179,72;647,07;708,08;77,86;0,25
2360;0,00;0,00;0,00;0,00;49,01;0,00;71,01;79,98;31,37;180,03;724,22;179,71;647,63;710,32;77,86;0,25
2365;0,00;0,00;0,00;0,00;49,00;0,00;71,00;80,00;31,36;180,05;728,03;179,71;648,59;713,64;77,86;0,25
2370;0,00;0,00;0,00;0,00;48,99;0,00;71,02;80,02;31,36;180,08;728,77;179,71;649,06;714,43;77,86;0,25
2375;0,00;0,00;0,00;0,00;49,00;0,00;71,02;80,00;31,36;180,09;728,43;179,71;649,83;714,42;77,86;0,26
2380;0,00;0,00;0,00;0,00;49,00;0,00;71,00;80,00;31,37;180,06;727,49;179,70;650,11;713,76;77,86;0,26
2385;0,00;0,00;0,00;0,00;49,00;0,00;70,98;80,00;31,37;180,04;724,88;179,71;650,41;711,71;77,86;0,26
2390;0,00;0,00;0,00;0,00;49,01;0,00;71,01;80,00;31,37;180,03;723,51;179,73;650,58;710,65;77,87;0,26
2395;0,00;0,00;0,00;0,00;49,00;0,00;71,01;80,02;31,37;180,03;722,19;179,75;651,27;709,75;77,86;0,26
2400;0,00;0,00;0,00;0,00;49,00;0,00;71,01;80,02;31,37;180,06;724,31;179,76;651,76;710,32;77,86;0,26
2405;0,00;0,00;0,00;0,00;49,00;0,00;71,00;79,98;31,38;180,08;726,52;179,77;653,06;713,55;77,86;0,26
2410;0,00;0,00;0,00;0,00;49,00;0,00;71,00;80,00;31,39;180,09;729,42;179,79;653,83;716,03;77,86;0,26
2415;0,00;0,00;0,00;0,00;49,00;0,00;71,02;80,00;31,38;180,08;734,59;179,79;654,94;720,27;77,86;0,26
2420;0,00;0,00;0,00;0,00;49,00;0,00;71,00;80,02;31,39;180,04;736,18;179,79;655,40;721,75;77,86;0,26
2425;0,00;0,00;0,00;0,00;49,00;0,00;71,00;80,00;31,40;180,03;737,19;179,78;656,30;722,91;77,87;0,26
2430;0,00;0,00;0,00;0,00;49,00;0,00;71,01;80,00;31,40;180,04;736,77;179,77;656,65;722,69;77,86;0,26
2435;0,00;0,00;0,00;0,00;49,00;0,00;71,00;80,00;31,40;180,05;734,71;179,74;657,10;721,08;77,87;0,26
2440;0,00;0,00;0,00;0,00;49,00;0,00;71,00;80,00;31,40;180,07;733,18;179,72;657,23;719,96;77,87;0,26
2445;0,00;0,00;0,00;0,00;49,00;0,00;71,02;80,00;31,41;180,07;730,80;179,70;657,70;718,17;77,86;0,26
2450;0,00;0,00;0,00;0,00;49,01;0,00;71,02;80,00;31,41;180,07;731,11;179,69;658,10;718,01;77,86;0,26
2455;0,00;0,00;0,00;0,00;49,00;0,00;71,02;80,00;31,41;180,06;732,56;179,68;659,19;719,85;77,86;0,26
2460;0,00;0,00;0,00;0,00;48,99;0,00;71,00;79,98;31,41;180,03;737,61;179,68;659,91;721,78;77,86;0,26
2465;0,00;0,00;0,00;0,00;49,00;0,00;71,02;80,00;31,41;180,03;740,34;179,70;661,24;726,32;77,86;0,26
2470;0,00;0,00;0,00;0,00;49,00;0,00;70,98;80,00;31,42;180,05;744,45;179,71;661,76;728,33;77,87;0,26
2475;0,00;0,00;0,00;0,00;49,01;0,00;71,02;80,00;31,42;180,06;745,31;179,74;662,71;730,80;77,87;0,26
2480;0,00;0,00;0,00;0,00;49,00;0,00;71,01;79,98;31,42;180,06;745,09;179,75;663,14;731,11;77,86;0,26
2485;0,00;0,00;0,00;0,00;49,00;0,00;71,00;79,98;31,43;180,06;744,24;179,78;663,77;730,30;77,87;0,26
2490;0,00;0,00;0,00;0,00;49,00;0,00;71,00;80,00;31,43;180,05;741,60;179,80;663,94;729,34;77,86;0,26
2495;0,00;0,00;0,00;0,00;49,00;0,00;71,00;80,03;31,43;180,04;740,08;179,81;664,22;727,12;77,86;0,26
2500;0,00;0,00;0,00;0,00;49,00;0,00;71,02;80,00;31,43;180,03;738,78;179,81;664,52;726,39;77,86;0,26
2505;0,00;0,00;0,00;0,00;49,00;0,00;71,02;80,03;31,43;180,03;739,37;179,81;665,43;726,75;77,86;0,27
2510;0,00;0,00;0,00;0,00;49,00;0,00;71,02;80,03;31,44;180,05;742,97;179,79;666,04;728,01;77,86;0,27
2515;0,00;0,00;0,00;0,00;49,00;0,00;71,00;79,97;31,44;180,06;745,84;179,77;667,51;732,18;77,86;0,27
2520;0,00;0,00;0,00;0,00;49,00;0,00;71,00;80,02;31,44;180,06;750,90;179,74;668,14;734,52;77,87;0,27
2525;0,00;0,00;0,00;0,00;48,99;0,00;71,00;80,02;31,44;180,05;752,56;179,73;669,15;738,03;77,87;0,27
2530;0,00;0,00;0,00;0,00;49,00;0,00;71,00;79,98;31,44;180,02;753,64;179,71;669,61;738,93;77,87;0,27
2535;0,00;0,00;0,00;0,00;49,00;0,00;71,00;80,02;31,44;180,02;753,21;179,71;670,37;738,95;77,87;0,27
2540;0,00;0,00;0,00;0,00;49,00;0,00;71,00;80,02;31,44;180,04;750,95;179,72;670,62;738,27;77,86;0,27
2545;0,00;0,00;0,00;0,00;49,00;0,00;71,00;80,02;31,45;180,05;749,48;179,73;670,90;736,09;77,86;0,27
2550;0,00;0,00;0,00;0,00;49,00;0,00;71,00;79,98;31,44;180,07;747,20;179,74;671,11;735,08;77,86;0,27
2555;0,00;0,00;0,00;0,00;49,00;0,00;71,00;80,03;31,44;180,06;747,15;179,76;671,90;734,50;77,87;0,27
2560;0,00;0,00;0,00;0,00;48,99;0,00;71,00;79,98;31,45;180,03;749,78;179,79;672,44;735,26;77,87;0,27
2565;0,00;0,00;0,00;0,00;49,00;0,00;70,98;80,02;31,45;180,02;752,13;179,81;673,87;738,82;77,86;0,27
2570;0,00;0,00;0,00;0,00;49,00;0,00;71,01;79,98;31,45;180,02;757,40;179,83;674,58;741,01;77,86;0,27
2575;0,00;0,00;0,00;0,00;48,99;0,00;71,03;79,98;31,45;180,04;759,49;179,84;675,67;744,99;77,87;0,27
2580;0,00;0,00;0,00;0,00;48,99;0,00;71,00;80,02;31,46;180,07;761,50;179,84;676,14;746,26;77,87;0,27
2585;0,00;0,00;0,00;0,00;49,00;0,00;71,02;79,98;31,46;180,07;761,39;179,84;676,93;746,98;77,86;0,27
2590;0,00;0,00;0,00;0,00;49,00;0,00;71,00;79,98;31,45;180,08;759,67;179,84;677,23;746,55;77,86;0,27
2595;0,00;0,00;0,00;0,00;49,00;0,00;71,01;79,98;31,46;180,06;758,17;179,83;677,56;744,53;77,86;0,27
2600;0,00;0,00;0,00;0,00;49,00;0,00;71,01;80,00;31,46;180,03;755,53;179,81;677,73;743,45;77,87;0,27
2605;0,00;0,00;0,00;0,00;49,00;0,00;71,00;80,02;31,47;180,02;755,11;179,80;678,42;742,38;77,87;0,27
2610;0,00;0,00;0,00;0,00;49,00;0,00;71,00;80,02;31,46;180,02;756,82;179,77;678,93;742,81;77,87;0,27
2615;0,00;0,00;0,00;0,00;49,00;0,00;71,02;80,02;31,47;180,04;759,03;179,76;680,27;745,75;77,87;0,27
2620;0,00;0,00;0,00;0,00;49,01;0,00;71,02;80,00;31,46;180,07;764,31;179,75;681,05;747,95;77,87;0,28
2625;0,00;0,00;0,00;0,00;49,00;0,00;71,00;79,98;31,47;180,07;766,67;179,73;682,29;752,19;77,87;0,28
2630;0,00;0,00;0,00;0,00;49,00;0,00;71,01;80,02;31,47;180,05;769,33;179,73;683,22;753,73;77,87;0,28
2635;0,00;0,00;0,00;0,00;49,00;0,00;71,00;79,98;31,47;180,04;769,54;179,74;683,61;754,97;77,86;0,28
2640;0,00;0,00;0,00;0,00;49,00;0,00;71,01;80,00;31,47;180,02;768,14;179,76;684,18;754,73;77,87;0,28
2645;0,00;0,00;0,00;0,00;49,00;0,00;71,02;80,02;31,48;180,01;766,85;179,78;684,30;753,01;77,87;0,28
2650;0,00;0,00;0,00;0,00;49,00;0,00;71,00;80,00;31,47;180,03;763,94;179,81;684,67;751,87;77,86;0,28
2655;0,00;0,00;0,00;0,00;49,00;0,00;71,01;80,03;31,48;180,05;763,20;179,83;685,04;750,38;77,86;0,28
2660;0,00;0,00;0,00;0,00;49,00;0,00;71,00;80,03;31,48;180,06;764,23;179,85;686,10;751,35;77,87;0,28
2665;0,00;0,00;0,00;0,00;49,01;0,00;70,98;80,03;31,47;180,03;765,97;179,86;686,79;752,87;77,86;0,28
2670;0,00;0,00;0,00;0,00;49,00;0,00;70,98;79,98;31,48;180,02;770,99;179,86;688,30;757,16;77,87;0,28
2675;0,00;0,00;0,00;0,00;49,00;0,00;71,00;80,02;31,48;180,02;773,69;179,85;688,90;759,25;77,87;0,28
2680;0,00;0,00;0,00;0,00;49,00;0,00;70,99;79,98;31,47;180,03;776,83;179,81;689,85;762,07;77,86;0,28
2685;0,00;0,00;0,00;0,00;49,00;0,00;71,02;80,00;31,48;180,04;777,26;179,79;690,25;762,60;77,87;0,28
2690;0,00;0,00;0,00;0,00;49,00;0,00;71,00;80,02;31,47;180,05;776,17;179,74;690,84;761,96;77,86;0,28
2695;0,00;0,00;0,00;0,00;49,00;0,00;71,03;79,98;31,48;180,03;774,93;179,73;691,00;760,98;77,87;0,28
2700;0,00;0,00;0,00;0,00;49,01;0,00;70,97;80,00;31,48;180,02;772,10;179,70;691,32;758,88;77,87;0,28
2705;0,00;0,00;0,00;0,00;49,00;0,00;71,01;80,02;31,48;180,04;771,20;179,70;691,67;758,27;77,86;0,28
2710;0,00;0,00;0,00;0,00;49,00;0,00;71,00;80,02;31,48;180,05;771,90;179,71;692,72;758,95;77,87;0,28
2715;0,00;0,00;0,00;0,00;49,00;0,00;70,98;80,03;31,47;180,07;773,50;179,72;693,41;760,40;77,87;0,28
2720;0,00;0,00;0,00;0,00;49,00;0,00;71,02;80,00;31,47;180,07;778,59;179,75;694,99;764,59;77,87;0,28
2725;0,00;0,00;0,00;0,00;49,00;0,00;71,01;80,03;31,47;180,04;781,14;179,78;695,64;766,72;77,86;0,28
2730;0,00;0,00;0,00;0,00;49,00;0,00;70,99;80,00;31,47;180,03;784,50;179,82;696,61;769,72;77,87;0,29
2735;0,00;0,00;0,00;0,00;49,00;0,00;71,02;79,98;31,48;180,02;784,88;179,86;697,02;770,32;77,86;0,29
2740;0,00;0,00;0,00;0,00;49,00;0,00;71,01;80,00;31,48;180,01;784,07;179,88;697,61;769,78;77,86;0,29
2745;0,00;0,00;0,00;0,00;48,99;0,00;71,02;80,02;31,48;180,01;781,39;179,88;697,77;768,85;77,86;0,29
2750;0,00;0,00;0,00;0,00;49,01;0,00;71,03;79,98;31,48;180,02;779,98;179,87;698,08;766,69;77,86;0,29
2755;0,00;0,00;0,00;0,00;49,00;0,00;70,99;79,98;31,48;180,06;778,88;179,86;698,44;766,05;77,87;0,29
2760;0,00;0,00;0,00;0,00;49,00;0,00;71,02;80,03;31,47;180,07;779,61;179,82;699,47;766,67;77,87;0,29
2765;0,00;0,00;0,00;0,00;49,00;0,00;71,01;80,02;31,48;180,06;783,36;179,80;700,14;768,02;77,87;0,29
2770;0,00;0,00;0,00;0,00;48,99;0,00;71,02;79,98;31,48;180,05;785,98;179,76;701,75;772,10;77,86;0,29
2775;0,00;0,00;0,00;0,00;49,00;0,00;71,00;80,05;31,48;180,03;790,82;179,74;702,43;774,31;77,86;0,29
2780;0,00;0,00;0,00;0,00;49,00;0,00;71,00;80,02;31,48;180,04;792,18;179,73;703,41;777,35;77,87;0,29
2785;0,00;0,00;0,00;0,00;49,00;0,00;70,99;80,00;31,49;180,04;792,59;179,74;703,82;777,96;77,86;0,29
2790;0,00;0,00;0,00;0,00;49,00;0,00;70,99;80,00;31,48;180,03;791,85;179,75;704,42;777,43;77,86;0,29
2795;0,00;0,00;0,00;0,00;49,00;0,00;71,00;80,03;31,48;180,04;789,08;179,78;704,56;776,49;77,86;0,29
2800;0,00;0,00;0,00;0,00;49,00;0,00;71,00;79,98;31,49;180,04;787,70;179,78;704,91;774,36;77,87;0,29
2805;0,00;0,00;0,00;0,00;49,00;0,00;71,00;80,00;31,49;180,04;786,77;179,83;705,29;773,79;77,87;0,29
2810;0,00;0,00;0,00;0,00;49,00;0,00;71,02;79,97;31,49;180,05;787,60;179,84;706,38;774,58;77,87;0,29
2815;0,00;0,00;0,00;0,00;49,00;0,00;71,02;79,98;31,50;180,05;791,47;179,87;707,08;776,01;77,87;0,29
2820;0,00;0,00;0,00;0,00;49,00;0,00;71,00;79,98;31,50;180,05;794,07;179,88;708,69;780,09;77,86;0,29
2825;0,00;0,00;0,00;0,00;49,00;0,00;71,00;80,02;31,50;180,05;798,66;179,88;709,36;782,21;77,87;0,29
2830;0,00;0,00;0,00;0,00;49,00;0,00;71,01;80,00;31,50;180,05;799,85;179,87;710,30;784,98;77,86;0,29
2835;0,00;0,00;0,00;0,00;49,00;0,00;71,00;79,97;31,49;180,04;799,96;179,84;711,00;785,47;77,86;0,29
2840;0,00;0,00;0,00;0,00;49,01;0,00;70,99;80,03;31,50;180,04;799,01;179,82;711,22;784,70;77,86;0,29
2845;0,00;0,00;0,00;0,00;49,00;0,00;71,02;80,00;31,51;180,03;796,11;179,78;711,35;783,62;77,87;0,30
2850;0,00;0,00;0,00;0,00;49,00;0,00;70,97;80,02;31,50;180,04;794,92;179,75;711,78;781,69;77,86;0,30
2855;0,00;0,00;0,00;0,00;49,00;0,00;70,97;80,02;31,50;180,05;794,63;179,72;712,22;781,34;77,87;0,30
2860;0,00;0,00;0,00;0,00;49,00;0,00;71,00;79,97;31,51;180,05;795,74;179,72;713,41;782,63;77,87;0,30
2865;0,00;0,00;0,00;0,00;49,00;0,00;70,98;80,00;31,51;180,04;800,13;179,72;715,00;784,28;77,86;0,30
2870;0,00;0,00;0,00;0,00;49,00;0,00;71,02;80,00;31,51;180,03;802,72;179,73;715,79;788,48;77,87;0,30
2875;0,00;0,00;0,00;0,00;49,01;0,00;71,00;79,98;31,51;180,01;806,65;179,77;716,86;790,33;77,87;0,30
2880;0,00;0,00;0,00;0,00;49,01;0,00;71,00;80,00;31,52;179,99;807,52;179,78;717,26;792,66;77,87;0,30
2885;0,00;0,00;0,00;0,00;49,00;0,00;71,00;80,03;31,51;180,01;806,99;179,83;717,87;792,86;77,87;0,30
2890;0,00;0,00;0,00;0,00;48,99;0,00;71,02;79,97;31,51;180,03;805,88;179,86;718,04;791,63;77,87;0,30
2895;0,00;0,00;0,00;0,00;49,00;0,00;71,02;80,03;31,51;180,06;802,97;179,91;718,38;790,52;77,87;0,30
2900;0,00;0,00;0,00;0,00;49,01;0,00;71,00;80,02;31,52;180,06;802,10;179,92;718,78;788,95;77,87;0,30
2905;0,00;0,00;0,00;0,00;49,02;0,00;70,99;79,98;31,52;180,04;802,77;179,95;719,89;788,95;77,87;0,30
2910;0,00;0,00;0,00;0,00;49,00;0,00;71,01;80,00;31,52;180,03;804,31;179,95;720,61;791,03;77,86;0,30
2915;0,00;0,00;0,00;0,00;49,00;0,00;71,00;79,98;31,53;180,00;809,02;179,94;722,29;792,86;77,86;0,30
2920;0,00;0,00;0,00;0,00;49,00;0,00;71,01;80,02;31,54;180,00;811,64;179,92;722,99;797,10;77,86;0,30
2925;0,00;0,00;0,00;0,00;49,00;0,00;71,00;79,98;31,53;180,01;814,74;179,88;723,96;798,74;77,86;0,30
2930;0,00;0,00;0,00;0,00;49,00;0,00;71,01;80,00;31,53;180,02;815,11;179,85;724,34;800,26;77,87;0,30
2935;0,00;0,00;0,00;0,00;49,01;0,00;71,00;80,02;31,54;180,06;813,76;179,78;724,80;800,07;77,86;0,30
2940;0,00;0,00;0,00;0,00;48,99;0,00;71,00;80,02;31,54;180,06;812,38;179,76;724,91;798,35;77,87;0,30
2945;0,00;0,00;0,00;0,00;49,00;0,00;71,01;79,98;31,54;180,05;809,83;179,73;725,43;796,55;77,86;0,30
2950;0,00;0,00;0,00;0,00;49,00;0,00;71,00;80,00;31,54;180,04;809,43;179,72;725,91;796,34;77,87;0,30
2955;0,00;0,00;0,00;0,00;49,00;0,00;71,00;80,00;31,54;180,04;811,23;179,73;727,17;797,96;77,87;0,30
2960;0,00;0,00;0,00;0,00;49,00;0,00;71,00;79,97;31,55;180,04;813,19;179,74;727,97;799,69;77,86;0,31
2965;0,00;0,00;0,00;0,00;49,00;0,00;71,00;80,02;31,55;180,03;818,02;179,79;729,55;803,72;77,86;0,31
2970;0,00;0,00;0,00;0,00;49,00;0,00;71,00;79,97;31,55;180,03;820,16;179,81;730,09;805,38;77,86;0,31
2975;0,00;0,00;0,00;0,00;49,00;0,00;70,99;80,02;31,56;180,04;821,88;179,87;730,87;807,03;77,87;0,31
2980;0,00;0,00;0,00;0,00;49,00;0,00;71,03;80,00;31,55;180,03;821,62;179,90;731,15;806,93;77,86;0,31
2985;0,00;0,00;0,00;0,00;49,00;0,00;70,99;80,02;31,56;180,04;819,38;179,94;731,40;805,21;77,86;0,31
2990;0,00;0,00;0,00;0,00;49,00;0,00;71,00;80,02;31,56;180,04;817,69;179,95;731,45;804,02;77,87;0,31
2995;0,00;0,00;0,00;0,00;49,00;0,00;71,01;80,02;31,56;180,06;815,48;179,95;732,02;802,44;77,87;0,31
3000;0,00;0,00;0,00;0,00;49,00;0,00;71,02;80,00;31,56;180,05;815,53;179,93;732,51;802,55;77,87;0,31
3005;0,00;0,00;0,00;0,00;49,00;0,00;71,02;80,02;31,57;180,04;818,11;179,90;733,79;804,81;77,86;0,31
3010;0,00;0,00;0,00;0,00;49,00;0,00;71,00;80,02;31,56;180,02;820,33;179,88;734,59;806,70;77,86;0,31
3015;0,00;0,00;0,00;0,00;49,00;0,00;71,00;80,00;31,56;180,01;824,97;179,83;735,83;810,39;77,87;0,31
3020;0,00;0,00;0,00;0,00;49,00;0,00;70,99;79,98;31,57;180,03;827,02;179,81;736,21;811,63;77,87;0,31
3025;0,00;0,00;0,00;0,00;49,00;0,00;71,00;80,00;31,57;180,03;826,89;179,77;736,75;812,27;77,87;0,31
3030;0,00;0,00;0,00;0,00;49,00;0,00;71,00;79,97;31,56;180,05;824,74;179,76;736,89;811,71;77,86;0,31
3035;0,00;0,00;0,00;0,00;49,00;0,00;71,00;80,00;31,56;180,05;823,15;179,75;736,94;809,49;77,87;0,31
3040;0,00;0,00;0,00;0,00;49,00;0,00;71,02;80,02;31,56;180,04;820,69;179,75;737,05;808,37;77,87;0,31
3045;0,00;0,00;0,00;0,00;49,00;0,00;71,01;80,02;31,56;180,03;820,50;179,77;737,75;807,65;77,86;0,31
3050;0,00;0,00;0,00;0,00;49,00;0,00;70,98;80,02;31,58;180,01;822,72;179,78;738,27;808,28;77,86;0,31
3055;0,00;0,00;0,00;0,00;49,01;0,00;71,03;80,00;31,58;180,01;824,98;179,82;739,71;811,47;77,86;0,31
3060;0,00;0,00;0,00;0,00;49,00;0,00;71,00;80,02;31,58;180,02;829,41;179,85;740,41;813,39;77,86;0,31
3065;0,00;0,00;0,00;0,00;49,00;0,00;70,98;80,00;31,59;180,04;830,97;179,90;741,24;816,31;77,87;0,31
3070;0,00;0,00;0,00;0,00;49,00;0,00;70,98;80,00;31,59;180,05;831,47;179,91;741,53;816,96;77,87;0,31
3075;0,00;0,00;0,00;0,00;49,00;0,00;70,99;80,03;31,59;180,06;830,69;179,94;741,82;816,39;77,87;0,31
3080;0,00;0,00;0,00;0,00;49,00;0,00;71,03;79,98;31,59;180,04;827,67;179,95;741,83;815,37;77,87;0,31
3085;0,00;0,00;0,00;0,00;49,00;0,00;71,00;80,02;31,59;180,03;826,16;179,94;741,83;812,98;77,87;0,31
3090;0,00;0,00;0,00;0,00;49,01;0,00;71,00;80,02;31,60;180,01;824,85;179,93;742,06;812,25;77,87;0,31
3095;0,00;0,00;0,00;0,00;49,00;0,00;71,00;80,02;31,60;180,02;825,43;179,90;742,93;812,67;77,87;0,31
3100;0,00;0,00;0,00;0,00;49,00;0,00;71,00;80,03;31,59;180,05;828,98;179,88;743,52;813,90;77,86;0,31
3105;0,00;0,00;0,00;0,00;49,00;0,00;71,00;79,98;31,59;180,05;831,28;179,84;744,91;817,51;77,87;0,32
3110;0,00;0,00;0,00;0,00;49,00;0,00;71,01;80,02;31,60;180,06;834,83;179,80;745,38;819,17;77,86;0,32
3115;0,00;0,00;0,00;0,00;49,00;0,00;71,01;80,03;31,60;180,05;835,54;179,78;745,95;821,06;77,86;0,32
3120;0,00;0,00;0,00;0,00;49,00;0,00;71,00;79,98;31,60;180,01;834,67;179,76;746,11;821,08;77,87;0,32
3125;0,00;0,00;0,00;0,00;49,00;0,00;71,02;80,02;31,61;180,00;833,38;179,76;746,16;819,51;77,87;0,32
3130;0,00;0,00;0,00;0,00;49,00;0,00;71,00;79,98;31,60;180,01;830,18;179,77;746,07;818,26;77,87;0,32
3135;0,00;0,00;0,00;0,00;49,00;0,00;71,00;79,98;31,60;180,03;828,99;179,77;746,25;816,27;77,87;0,32
3140;0,00;0,00;0,00;0,00;49,00;0,00;71,01;80,00;31,61;180,03;829,19;179,81;746,58;816,05;77,87;0,32
3145;0,00;0,00;0,00;0,00;49,00;0,00;70,99;80,02;31,60;180,04;830,51;179,83;747,60;817,71;77,86;0,32
3150;0,00;0,00;0,00;0,00;49,00;0,00;71,00;80,05;31,61;180,05;834,90;179,88;748,27;819,39;77,87;0,32
3155;0,00;0,00;0,00;0,00;48,99;0,00;71,00;79,98;31,61;180,03;836,90;179,91;749,35;822,85;77,86;0,32
3160;0,00;0,00;0,00;0,00;49,00;0,00;71,01;80,00;31,60;180,00;838,98;179,95;749,64;824,07;77,87;0,32
3165;0,00;0,00;0,00;0,00;49,00;0,00;71,00;80,02;31,61;180,00;838,83;179,96;749,98;824,63;77,87;0,32
3170;0,00;0,00;0,00;0,00;48,99;0,00;71,01;80,02;31,60;180,02;836,71;179,96;749,94;824,03;77,86;0,32
3175;0,00;0,00;0,00;0,00;48,99;0,00;70,98;79,98;31,60;180,04;834,96;179,95;749,82;821,62;77,86;0,32
3180;0,00;0,00;0,00;0,00;48,99;0,00;71,00;80,03;31,60;180,06;832,28;179,91;749,82;820,47;77,87;0,32
3185;0,00;0,00;0,00;0,00;49,00;0,00;71,01;80,02;31,61;180,06;832,06;179,89;750,32;819,58;77,87;0,32
3190;0,00;0,00;0,00;0,00;49,00;0,00;71,01;79,98;31,61;180,03;834,25;179,87;750,77;820,14;77,86;0,32
3195;0,00;0,00;0,00;0,00;48,99;0,00;71,02;80,00;31,61;180,02;836,44;179,82;752,05;823,25;77,87;0,32
3200;0,00;0,00;0,00;0,00;49,00;0,00;71,00;79,98;31,60;180,03;840,46;179,82;752,61;825,02;77,86;0,32
3205;0,00;0,00;0,00;0,00;49,00;0,00;70,98;80,02;31,60;180,02;841,64;179,80;753,21;827,51;77,87;0,32
3210;0,00;0,00;0,00;0,00;49,00;0,00;70,99;80,02;31,60;180,02;841,67;179,80;753,36;827,89;77,86;0,32
3215;0,00;0,00;0,00;0,00;49,00;0,00;71,00;79,97;31,59;180,01;840,69;179,80;753,42;826,90;77,86;0,32
3220;0,00;0,00;0,00;0,00;49,00;0,00;70,99;80,00;31,61;180,02;837,58;179,83;753,30;825,72;77,86;0,32
3225;0,00;0,00;0,00;0,00;49,00;0,00;71,03;80,02;31,60;180,03;835,95;179,85;753,16;823,31;77,87;0,32
3230;0,00;0,00;0,00;0,00;49,00;0,00;71,00;80,02;31,61;180,05;834,98;179,88;753,36;822,67;77,87;0,32
3235;0,00;0,00;0,00;0,00;49,00;0,00;70,99;80,02;31,60;180,06;835,76;179,90;754,13;823,36;77,86;0,32
3240;0,00;0,00;0,00;0,00;49,00;0,00;71,02;79,97;31,61;180,03;839,53;179,94;754,70;824,70;77,86;0,32
3245;0,00;0,00;0,00;0,00;49,00;0,00;70,98;79,98;31,61;180,02;841,69;179,95;755,85;828,14;77,87;0,32
3250;0,00;0,00;0,00;0,00;49,00;0,00;71,02;80,05;31,62;180,01;844,50;179,97;756,16;829,55;77,87;0,32
3255;0,00;0,00;0,00;0,00;48,99;0,00;70,98;80,02;31,62;180,01;844,80;179,97;756,49;830,79;77,87;0,32
3260;0,00;0,00;0,00;0,00;49,00;0,00;70,99;79,98;31,62;180,04;843,25;179,95;756,54;830,47;77,87;0,32
3265;0,00;0,00;0,00;0,00;49,00;0,00;70,98;79,98;31,60;180,05;841,61;179,94;756,31;828,34;77,87;0,32
3270;0,00;0,00;0,00;0,00;49,01;0,00;70,99;80,02;31,61;180,06;838,44;179,91;756,17;827,01;77,86;0,32
3275;0,00;0,00;0,00;0,00;49,00;0,00;71,00;80,02;31,62;180,05;837,59;179,88;756,35;825,35;77,87;0,32
3280;0,00;0,00;0,00;0,00;49,00;0,00;71,00;80,05;31,61;180,05;838,41;179,85;757,09;825,40;77,87;0,32
3285;0,00;0,00;0,00;0,00;49,00;0,00;71,00;80,02;31,61;180,04;840,15;179,84;757,67;827,54;77,86;0,32
3290;0,00;0,00;0,00;0,00;49,00;0,00;71,01;80,00;31,61;180,03;844,36;179,82;758,73;829,26;77,86;0,32
3295;0,00;0,00;0,00;0,00;49,00;0,00;70,99;79,98;31,62;180,03;846,01;179,82;759,01;832,26;77,86;0,32
3300;0,00;0,00;0,00;0,00;49,01;0,00;71,00;79,98;31,62;180,04;847,13;179,83;759,29;833,08;77,87;0,32
3305;0,00;0,00;0,00;0,00;49,00;0,00;71,02;80,03;31,62;180,05;846,57;179,84;759,30;832,91;77,86;0,32
3310;0,00;0,00;0,00;0,00;49,01;0,00;71,02;80,00;31,62;180,05;843,88;179,86;759,02;832,00;77,86;0,32
3315;0,00;0,00;0,00;0,00;49,01;0,00;70,99;80,03;31,63;180,06;842,15;179,89;758,85;829,41;77,87;0,32
3320;0,00;0,00;0,00;0,00;49,01;0,00;71,02;80,02;31,62;180,05;839,89;179,91;759,02;827,79;77,87;0,32
3325;0,00;0,00;0,00;0,00;49,00;0,00;71,02;80,02;31,63;180,04;839,95;179,93;759,32;827,88;77,87;0,32
3330;0,00;0,00;0,00;0,00;49,00;0,00;71,00;79,98;31,63;180,02;842,54;179,95;760,30;830,05;77,87;0,32
3335;0,00;0,00;0,00;0,00;49,00;0,00;71,00;79,98;31,64;180,02;844,63;179,96;760,88;831,79;77,86;0,33
3340;0,00;0,00;0,00;0,00;49,00;0,00;71,02;80,00;31,64;180,02;848,34;179,95;761,54;834,65;77,87;0,33
3345;0,00;0,00;0,00;0,00;48,99;0,00;71,00;80,02;31,64;180,05;849,13;179,94;761,67;835,37;77,87;0,33
3350;0,00;0,00;0,00;0,00;49,00;0,00;71,00;79,98;31,63;180,05;848,52;179,93;761,73;835,00;77,87;0,33
3355;0,00;0,00;0,00;0,00;49,00;0,00;71,01;80,00;31,63;180,03;847,32;179,92;761,60;834,02;77,87;0,33
3360;0,00;0,00;0,00;0,00;49,00;0,00;70,99;80,00;31,64;180,02;843,92;179,91;761,23;831,43;77,87;0,33
3365;0,00;0,00;0,00;0,00;49,00;0,00;71,00;79,97;31,64;180,04;842,56;179,91;761,22;830,41;77,87;0,33
3370;0,00;0,00;0,00;0,00;49,00;0,00;70,98;80,00;31,65;180,05;842,02;179,90;761,70;830,08;77,87;0,33
3375;0,00;0,00;0,00;0,00;48,99;0,00;71,02;80,00;31,65;180,06;844,71;179,90;762,14;830,97;77,87;0,33
3380;0,00;0,00;0,00;0,00;49,00;0,00;70,99;79,98;31,65;180,06;846,98;179,89;763,25;834,14;77,87;0,33
3385;0,00;0,00;0,00;0,00;49,00;0,00;70,98;80,00;31,65;180,05;850,41;179,89;763,63;835,69;77,87;0,33
3390;0,00;0,00;0,00;0,00;49,00;0,00;71,02;80,00;31,65;180,04;851,12;179,89;763,95;837,49;77,87;0,33
3395;0,00;0,00;0,00;0,00;49,00;0,00;71,00;79,98;31,66;180,02;850,27;179,90;764,00;837,51;77,87;0,33
3400;0,00;0,00;0,00;0,00;49,00;0,00;71,00;80,00;31,65;180,02;848,99;179,91;763,80;835,93;77,87;0,33
3405;0,00;0,00;0,00;0,00;49,00;0,00;71,00;79,98;31,65;180,04;845,65;179,91;763,57;834,55;77,87;0,33
3410;0,00;0,00;0,00;0,00;49,00;0,00;71,00;80,00;31,66;180,05;844,21;179,93;763,39;832,25;77,87;0,33
3415;0,00;0,00;0,00;0,00;49,01;0,00;71,00;80,00;31,64;180,07;843,89;179,93;763,55;831,82;77,87;0,33
3420;0,00;0,00;0,00;0,00;49,00;0,00;71,00;79,98;31,66;180,07;844,98;179,94;764,32;833,02;77,87;0,33
3425;0,00;0,00;0,00;0,00;49,00;0,00;71,03;79,98;31,65;180,04;849,04;179,95;764,88;834,58;77,86;0,33
3430;0,00;0,00;0,00;0,00;49,00;0,00;71,03;80,02;31,66;180,03;850,93;179,94;765,71;837,75;77,87;0,33
3435;0,00;0,00;0,00;0,00;49,00;0,00;71,02;80,00;31,66;180,01;852,82;179,94;765,88;838,82;77,87;0,33
3440;0,00;0,00;0,00;0,00;49,00;0,00;71,02;80,00;31,67;180,01;852,58;179,93;765,98;839,21;77,87;0,33
3445;0,00;0,00;0,00;0,00;49,00;0,00;70,98;80,02;31,67;180,04;850,34;179,93;765,90;838,55;77,87;0,33
3450;0,00;0,00;0,00;0,00;49,00;0,00;71,01;80,00;31,67;180,06;848,69;179,93;765,48;836,09;77,87;0,33
3455;0,00;0,00;0,00;0,00;49,00;0,00;71,03;80,00;31,67;180,06;845,69;179,92;765,30;834,80;77,87;0,33
3460;0,00;0,00;0,00;0,00;48,98;0,00;70,99;80,02;31,67;180,05;845,25;179,92;765,51;833,58;77,87;0,33
3465;0,00;0,00;0,00;0,00;49,00;0,00;71,00;80,00;31,67;180,05;846,92;179,92;765,83;833,95;77,87;0,33
3470;0,00;0,00;0,00;0,00;49,00;0,00;70,99;80,00;31,68;180,05;848,79;179,92;766,85;836,56;77,86;0,33
3475;0,00;0,00;0,00;0,00;49,00;0,00;71,00;79,98;31,68;180,06;852,77;179,92;767,30;838,21;77,87;0,33
3480;0,00;0,00;0,00;0,00;49,00;0,00;70,99;80,02;31,69;180,06;853,89;179,93;767,70;840,54;77,87;0,33
3485;0,00;0,00;0,00;0,00;49,00;0,00;70,99;79,98;31,69;180,05;853,89;179,93;767,75;840,90;77,87;0,33
3490;0,00;0,00;0,00;0,00;48,99;0,00;70,98;80,02;31,69;180,04;852,93;179,94;767,63;839,87;77,87;0,33
3495;0,00;0,00;0,00;0,00;49,00;0,00;70,99;80,02;31,69;180,04;849,67;179,95;767,17;838,69;77,87;0,33
3500;0,00;0,00;0,00;0,00;49,00;0,00;71,00;79,98;31,69;180,04;848,06;179,95;767,03;836,09;77,87;0,33
3505;0,00;0,00;0,00;0,00;49,01;0,00;71,00;80,02;31,69;180,04;846,69;179,95;767,28;835,31;77,87;0,33
3510;0,00;0,00;0,00;0,00;49,00;0,00;71,02;80,00;31,69;180,05;847,33;179,95;767,62;835,68;77,87;0,33
3515;0,00;0,00;0,00;0,00;49,00;0,00;71,00;80,02;31,70;180,06;850,71;179,94;768,63;836,89;77,87;0,33
3520;0,00;0,00;0,00;0,00;49,00;0,00;71,00;80,00;31,70;180,05;852,77;179,94;769,05;840,08;77,87;0,33
3525;0,00;0,00;0,00;0,00;49,00;0,00;70,99;80,00;31,69;180,04;855,43;179,93;769,39;841,39;77,87;0,33
3530;0,00;0,00;0,00;0,00;49,00;0,00;71,00;80,00;31,70;180,02;855,65;179,92;769,42;842,43;77,87;0,33
3535;0,00;0,00;0,00;0,00;49,00;0,00;70,99;80,02;31,70;180,03;854,05;179,92;769,24;841,20;77,87;0,33
3540;0,00;0,00;0,00;0,00;49,00;0,00;71,02;80,00;31,71;180,04;852,53;179,91;769,00;839,94;77,87;0,33
3545;0,00;0,00;0,00;0,00;49,00;0,00;71,00;80,02;31,72;180,05;849,18;179,92;768,57;837,33;77,87;0,33
3550;0,00;0,00;0,00;0,00;49,00;0,00;71,00;80,00;31,72;180,06;848,09;179,92;768,63;836,61;77,87;0,33
3555;0,00;0,00;0,00;0,00;49,01;0,00;71,00;80,00;31,73;180,07;848,65;179,92;769,20;837,14;77,87;0,33
3560;0,00;0,00;0,00;0,00;48,99;0,00;71,02;80,02;31,72;180,07;850,14;179,93;769,68;838,41;77,87;0,33
3565;0,00;0,00;0,00;0,00;49,00;0,00;70,99;79,98;31,72;180,06;854,27;179,94;770,56;841,56;77,86;0,33
3570;0,00;0,00;0,00;0,00;49,00;0,00;71,00;80,00;31,72;180,05;855,81;179,94;770,74;842,80;77,87;0,33
3575;0,00;0,00;0,00;0,00;49,00;0,00;71,02;79,98;31,73;180,05;856,74;179,95;770,85;843,65;77,87;0,33
3580;0,00;0,00;0,00;0,00;49,00;0,00;70,98;79,97;31,72;180,04;856,08;179,95;770,77;843,21;77,87;0,33
3585;0,00;0,00;0,00;0,00;49,00;0,00;70,98;80,03;31,73;180,04;853,34;179,95;770,33;840,97;77,87;0,33
3590;0,00;0,00;0,00;0,00;49,00;0,00;71,03;80,00;31,73;180,04;850,07;179,94;770,07;839,59;77,87;0,33
3595;0,00;0,00;0,00;0,00;49,00;0,00;71,00;79,98;31,73;180,04;849,18;179,94;770,03;837,79;77,86;0,33
3600;0,00;0,00;0,00;0,00;49,00;0,00;71,01;80,00;31,72;180,04;850,01;179,93;770,25;837,80;77,87;0,33
3605;0,00;0,00;0,00;0,00;49,00;0,00;71,00;80,00;31,73;180,06;851,61;179,92;771,12;839,91;77,87;0,33
3610;0,00;0,00;0,00;0,00;49,00;0,00;71,00;80,03;31,72;180,07;855,76;179,92;771,62;841,55;77,87;0,33
3615;0,00;0,00;0,00;0,00;49,00;0,00;70,98;80,00;31,72;180,09;857,19;179,93;772,12;844,27;77,87;0,33
3620;0,00;0,00;0,00;0,00;48,99;0,00;71,00;80,02;31,73;180,05;857,86;179,93;772,20;844,88;77,87;0,33
3625;0,00;0,00;0,00;0,00;49,00;0,00;71,01;79,98;31,73;180,04;857,16;179,95;772,11;844,36;77,87;0,33
3630;0,00;0,00;0,00;0,00;49,01;0,00;71,00;80,02;31,73;180,04;854,18;179,95;771,91;843,31;77,87;0,33
3635;0,00;0,00;0,00;0,00;49,00;0,00;70,98;79,97;31,72;180,04;852,30;179,96;771,34;840,50;77,87;0,33
3640;0,00;0,00;0,00;0,00;49,00;0,00;71,01;80,00;31,72;180,05;850,11;179,98;771,25;839,42;77,87;0,33
3645;0,00;0,00;0,00;0,00;48,99;0,00;71,00;80,00;31,73;180,06;850,22;179,99;771,59;839,03;77,87;0,33
3650;0,00;0,00;0,00;0,00;49,00;0,00;71,00;80,03;31,73;180,07;853,04;179,99;771,98;839,89;77,87;0,33
3655;0,00;0,00;0,00;0,00;49,00;0,00;71,00;80,00;31,73;180,06;855,11;179,99;772,95;842,95;77,87;0,33
3660;0,00;0,00;0,00;0,00;49,00;0,00;71,00;80,00;31,74;180,06;858,36;179,98;773,22;844,41;77,87;0,33
3665;0,00;0,00;0,00;0,00;49,00;0,00;71,00;79,97;31,75;180,05;858,88;179,97;773,38;845,97;77,87;0,33
3670;0,00;0,00;0,00;0,00;49,00;0,00;70,97;80,00;31,75;180,04;857,83;179,96;773,36;845,85;77,87;0,33
3675;0,00;0,00;0,00;0,00;49,00;0,00;71,00;79,98;31,74;180,04;856,50;179,94;773,02;844,08;77,87;0,33
3680;0,00;0,00;0,00;0,00;49,00;0,00;71,00;79,98;31,75;180,05;852,98;179,93;772,72;842,70;77,87;0,33
3685;0,00;0,00;0,00;0,00;49,00;0,00;71,03;80,02;31,74;180,05;851,66;179,91;772,40;840,36;77,87;0,33
3690;0,00;0,00;0,00;0,00;49,00;0,00;70,99;80,03;31,75;180,05;851,05;179,90;772,55;839,94;77,87;0,33
3695;0,00;0,00;0,00;0,00;49,00;0,00;71,00;80,02;31,75;180,06;852,72;179,88;773,26;841,37;77,87;0,33
3700;0,00;0,00;0,00;0,00;49,00;0,00;71,00;80,00;31,74;180,05;856,60;179,88;773,76;842,87;77,87;0,33
3705;0,00;0,00;0,00;0,00;49,00;0,00;70,99;79,98;31,75;180,05;858,40;179,89;774,34;845,80;77,86;0,33
3710;0,00;0,00;0,00;0,00;49,00;0,00;71,00;80,00;31,75;180,07;859,67;179,90;774,41;846,64;77,87;0,33
3715;0,00;0,00;0,00;0,00;49,00;0,00;71,00;80,02;31,75;180,06;859,23;179,93;774,35;846,55;77,87;0,33
3720;0,00;0,00;0,00;0,00;49,00;0,00;71,01;80,00;31,74;180,04;856,87;179,95;773,97;845,81;77,87;0,33
3725;0,00;0,00;0,00;0,00;49,00;0,00;71,00;80,02;31,74;180,03;855,15;179,97;773,65;843,34;77,87;0,33
3730;0,00;0,00;0,00;0,00;49,01;0,00;71,00;79,97;31,74;180,01;852,31;179,99;773,38;842,05;77,87;0,33
3735;0,00;0,00;0,00;0,00;49,00;0,00;71,01;80,03;31,73;180,02;851,90;179,99;773,52;840,88;77,87;0,33
3740;0,00;0,00;0,00;0,00;49,01;0,00;70,99;80,02;31,73;180,05;853,77;179,99;774,26;841,30;77,87;0,33
3745;0,00;0,00;0,00;0,00;49,00;0,00;71,03;80,02;31,73;180,09;855,67;179,99;774,73;843,97;77,87;0,33
3750;0,00;0,00;0,00;0,00;49,00;0,00;71,02;80,02;31,72;180,10;859,26;179,98;775,27;845,52;77,87;0,33
3755;0,00;0,00;0,00;0,00;49,00;0,00;71,02;80,02;31,72;180,08;860,27;179,97;775,34;847,57;77,86;0,33
3760;0,00;0,00;0,00;0,00;49,00;0,00;71,02;80,02;31,71;180,04;859,90;179,93;775,25;847,75;77,87;0,33
3765;0,00;0,00;0,00;0,00;49,00;0,00;70,99;80,00;31,72;180,01;858,81;179,91;775,08;846,46;77,87;0,33
3770;0,00;0,00;0,00;0,00;49,00;0,00;71,01;80,03;31,72;180,00;855,44;179,89;774,49;845,17;77,87;0,33
3775;0,00;0,00;0,00;0,00;49,01;0,00;71,02;79,97;31,72;180,02;853,86;179,88;774,30;842,58;77,87;0,33
3780;0,00;0,00;0,00;0,00;49,00;0,00;71,00;79,98;31,72;180,06;852,67;179,87;774,51;841,84;77,87;0,33
3785;0,00;0,00;0,00;0,00;49,00;0,00;71,03;80,00;31,71;180,05;853,45;179,87;774,84;842,38;77,87;0,33
3790;0,00;0,00;0,00;0,00;49,00;0,00;70,99;80,03;31,72;180,05;856,93;179,88;775,78;843,68;77,87;0,33
3795;0,00;0,00;0,00;0,00;49,00;0,00;71,01;80,02;31,72;180,05;858,85;179,90;776,08;846,73;77,87;0,33
3800;0,00;0,00;0,00;0,00;49,00;0,00;71,00;80,00;31,72;180,05;861,07;179,94;776,26;847,85;77,86;0,33
3805;0,00;0,00;0,00;0,00;49,00;0,00;71,01;80,00;31,72;180,05;861,02;179,96;776,23;848,48;77,87;0,33
3810;0,00;0,00;0,00;0,00;49,00;0,00;71,00;79,98;31,73;180,05;859,11;180,00;775,92;846,89;77,87;0,33
3815;0,00;0,00;0,00;0,00;49,00;0,00;71,01;79,98;31,73;180,04;857,37;180,02;775,61;845,60;77,87;0,33
3820;0,00;0,00;0,00;0,00;49,00;0,00;70,99;80,02;31,73;180,04;854,18;180,03;775,18;843,07;77,87;0,33
3825;0,00;0,00;0,00;0,00;49,00;0,00;71,00;80,00;31,74;180,03;853,37;180,03;775,24;842,50;77,87;0,33
3830;0,00;0,00;0,00;0,00;49,01;0,00;71,00;80,03;31,74;180,03;854,40;180,00;775,82;843,40;77,87;0,33
3835;0,00;0,00;0,00;0,00;49,00;0,00;70,98;80,02;31,75;180,06;856,08;179,99;776,30;844,78;77,87;0,33
3840;0,00;0,00;0,00;0,00;49,00;0,00;71,02;79,98;31,74;180,07;859,95;179,95;777,01;847,80;77,87;0,33
3845;0,00;0,00;0,00;0,00;49,00;0,00;71,00;80,00;31,74;180,08;861,25;179,93;777,11;848,83;77,86;0,33
3850;0,00;0,00;0,00;0,00;48,99;0,00;71,00;79,98;31,74;180,07;861,62;179,90;777,09;849,20;77,87;0,33
3855;0,00;0,00;0,00;0,00;48,99;0,00;70,99;80,02;31,75;180,04;860,79;179,89;776,96;848,53;77,87;0,33
3860;0,00;0,00;0,00;0,00;49,00;0,00;71,01;80,02;31,75;180,02;857,68;179,88;776,40;846,04;77,87;0,33
3865;0,00;0,00;0,00;0,00;49,00;0,00;71,03;79,97;31,76;180,02;855,96;179,89;776,13;844,63;77,87;0,33
3870;0,00;0,00;0,00;0,00;49,00;0,00;70,98;79,98;31,75;180,03;853,92;179,91;776,13;843,18;77,87;0,33
3875;0,00;0,00;0,00;0,00;49,00;0,00;71,00;79,98;31,76;180,06;854,20;179,92;776,37;843,43;77,87;0,33
3880;0,00;0,00;0,00;0,00;49,00;0,00;71,03;80,00;31,75;180,07;857,12;179,96;777,23;845,88;77,87;0,33
3885;0,00;0,00;0,00;0,00;49,00;0,00;71,00;80,00;31,76;180,09;859,26;179,98;777,63;847,44;77,87;0,33
3890;0,00;0,00;0,00;0,00;49,00;0,00;71,01;80,00;31,75;180,08;862,03;180,01;777,91;849,66;77,86;0,33
3895;0,00;0,00;0,00;0,00;49,00;0,00;70,99;80,00;31,76;180,05;862,02;180,02;777,91;849,98;77,87;0,34
3900;0,00;0,00;0,00;0,00;49,00;0,00;70,99;80,02;31,75;180,02;861,08;180,03;777,69;848,94;77,87;0,34
3905;0,00;0,00;0,00;0,00;49,00;0,00;71,01;80,00;31,76;179,99;857,82;180,03;777,42;847,75;77,87;0,34
3910;0,00;0,00;0,00;0,00;48,99;0,00;70,98;80,00;31,76;179,99;856,15;180,01;776,82;845,02;77,87;0,33
3915;0,00;0,00;0,00;0,00;49,00;0,00;71,00;80,00;31,76;180,03;854,42;179,99;776,75;844,10;77,87;0,33
3920;0,00;0,00;0,00;0,00;48,99;0,00;70,97;80,03;31,77;180,07;854,89;179,95;777,14;844,18;77,87;0,33
3925;0,00;0,00;0,00;0,00;49,00;0,00;71,00;80,00;31,76;180,08;858,08;179,93;777,55;845,25;77,87;0,33
3930;0,00;0,00;0,00;0,00;49,00;0,00;71,00;80,02;31,77;180,08;860,07;179,88;778,37;848,32;77,87;0,34
3935;0,00;0,00;0,00;0,00;48,99;0,00;70,99;80,00;31,77;180,04;862,69;179,87;778,54;849,57;77,87;0,34
3940;0,00;0,00;0,00;0,00;49,00;0,00;71,00;80,03;31,77;180,02;862,86;179,84;778,57;850,57;77,86;0,34
3945;0,00;0,00;0,00;0,00;48,99;0,00;71,00;80,03;31,78;180,01;861,27;179,84;778,48;850,17;77,87;0,34
3950;0,00;0,00;0,00;0,00;49,00;0,00;71,02;79,98;31,78;180,02;859,64;179,85;778,00;847,99;77,87;0,34
3955;0,00;0,00;0,00;0,00;49,00;0,00;70,98;79,97;31,78;180,04;856,33;179,86;777,67;846,59;77,87;0,33
3960;0,00;0,00;0,00;0,00;49,00;0,00;71,03;80,02;31,78;180,05;855,27;179,89;777,43;844,60;77,87;0,33
3965;0,00;0,00;0,00;0,00;49,00;0,00;71,01;80,03;31,79;180,05;855,71;179,92;777,59;844,46;77,87;0,33
3970;0,00;0,00;0,00;0,00;49,00;0,00;71,02;80,02;31,79;180,05;857,16;179,96;778,34;846,32;77,87;0,34
3975;0,00;0,00;0,00;0,00;49,00;0,00;71,00;80,00;31,79;180,03;861,14;179,99;778,77;847,80;77,87;0,34
3980;0,00;0,00;0,00;0,00;49,00;0,00;71,02;79,98;31,79;180,03;862,54;180,03;779,18;850,42;77,86;0,34
3985;0,00;0,00;0,00;0,00;49,00;0,00;71,01;80,02;31,79;180,02;863,21;180,04;779,21;851,01;77,86;0,34
3990;0,00;0,00;0,00;0,00;49,00;0,00;70,99;79,98;31,79;180,02;862,54;180,04;779,05;850,49;77,86;0,34
3995;0,00;0,00;0,00;0,00;49,00;0,00;71,02;80,02;31,80;180,02;859,63;180,01;778,84;849,48;77,87;0,34
4000;0,00;0,00;0,00;0,00;49,00;0,00;71,02;79,98;31,80;180,01;857,89;179,99;778,19;846,77;77,86;0,34
4005;0,00;0,00;0,00;0,00;48,99;0,00;71,00;80,00;31,79;180,01;855,57;179,94;778,02;845,64;77,87;0,34
4010;0,00;0,00;0,00;0,00;49,00;0,00;71,00;80,00;31,80;180,03;855,60;179,91;778,27;845,09;77,87;0,34
4015;0,00;0,00;0,00;0,00;49,00;0,00;71,00;79,98;31,81;180,04;858,18;179,87;778,61;845,86;77,87;0,34
4020;0,00;0,00;0,00;0,00;49,00;0,00;71,01;80,02;31,81;180,05;860,14;179,85;779,45;848,79;77,87;0,34
4025;0,00;0,00;0,00;0,00;49,00;0,00;71,01;80,05;31,80;180,04;863,23;179,82;779,68;850,16;77,87;0,34
4030;0,00;0,00;0,00;0,00;49,00;0,00;71,00;80,02;31,81;180,02;863,71;179,82;779,77;851,57;77,86;0,34
4035;0,00;0,00;0,00;0,00;49,00;0,00;70,99;80,03;31,81;180,00;862,63;179,83;779,55;851,42;77,87;0,34
4040;0,00;0,00;0,00;0,00;49,00;0,00;71,00;79,98;31,82;180,00;861,32;179,85;779,30;849,66;77,87;0,34
4045;0,00;0,00;0,00;0,00;49,00;0,00;71,01;79,98;31,81;180,01;857,80;179,90;778,66;848,28;77,87;0,34
4050;0,00;0,00;0,00;0,00;49,00;0,00;71,00;80,02;31,82;180,03;856,46;179,94;778,53;845,85;77,86;0,34
4055;0,00;0,00;0,00;0,00;49,00;0,00;70,97;80,00;31,82;180,05;856,05;179,99;778,83;845,40;77,87;0,34
4060;0,00;0,00;0,00;0,00;48,99;0,00;71,00;80,02;31,82;180,05;857,13;180,02;779,20;846,59;77,86;0,34
4065;0,00;0,00;0,00;0,00;49,00;0,00;71,00;80,03;31,83;180,03;861,02;180,06;780,01;848,02;77,87;0,34
4070;0,00;0,00;0,00;0,00;49,00;0,00;71,01;80,00;31,83;180,02;862,70;180,06;780,20;850,91;77,87;0,34
4075;0,00;0,00;0,00;0,00;49,00;0,00;71,00;80,00;31,82;180,02;864,13;180,05;780,26;851,77;77,87;0,34
4080;0,00;0,00;0,00;0,00;49,00;0,00;71,01;79,98;31,83;180,01;863,74;180,04;780,18;851,78;77,86;0,34
4085;0,00;0,00;0,00;0,00;49,00;0,00;71,00;80,02;31,83;180,03;861,23;180,00;779,72;850,96;77,86;0,34
4090;0,00;0,00;0,00;0,00;48,98;0,00;71,00;79,97;31,83;180,03;859,49;179,97;779,37;848,35;77,87;0,34
4095;0,00;0,00;0,00;0,00;49,00;0,00;71,00;80,00;31,83;180,03;856,63;179,91;779,03;847,03;77,87;0,34
4100;0,00;0,00;0,00;0,00;49,00;0,00;71,02;79,98;31,83;180,02;856,18;179,88;779,13;845,84;77,87;0,34
4105;0,00;0,00;0,00;0,00;49,00;0,00;70,98;80,02;31,84;180,04;857,98;179,84;779,81;846,27;77,87;0,34
4110;0,00;0,00;0,00;0,00;49,00;0,00;71,01;80,02;31,83;180,05;859,87;179,83;780,26;848,91;77,87;0,34
4115;0,00;0,00;0,00;0,00;49,01;0,00;70,98;79,98;31,84;180,04;863,49;179,82;780,71;850,44;77,87;0,34
4120;0,00;0,00;0,00;0,00;49,00;0,00;71,00;80,00;31,85;180,04;864,35;179,83;780,74;852,34;77,86;0,34
4125;0,00;0,00;0,00;0,00;49,00;0,00;71,02;80,00;31,84;180,03;863,85;179,86;780,62;852,04;77,87;0,34
4130;0,00;0,00;0,00;0,00;49,00;0,00;71,01;79,98;31,85;180,03;862,72;179,89;780,41;851,12;77,87;0,34
4135;0,00;0,00;0,00;0,00;49,00;0,00;71,00;79,98;31,85;180,03;859,47;179,93;779,75;848,39;77,87;0,34
4140;0,00;0,00;0,00;0,00;49,00;0,00;71,00;80,02;31,84;180,03;857,77;179,96;779,53;847,17;77,87;0,34
4145;0,00;0,00;0,00;0,00;49,00;0,00;70,99;80,02;31,84;180,04;856,56;180,00;779,64;846,30;77,87;0,34
4150;0,00;0,00;0,00;0,00;49,00;0,00;70,99;80,00;31,85;180,05;857,25;180,01;779,95;846,93;77,87;0,34
4155;0,00;0,00;0,00;0,00;49,00;0,00;70,99;80,02;31,86;180,05;860,81;180,04;780,82;849,73;77,87;0,34
4160;0,00;0,00;0,00;0,00;49,01;0,00;71,03;79,98;31,85;180,04;862,70;180,03;781,07;851,17;77,87;0,34
4165;0,00;0,00;0,00;0,00;49,00;0,00;71,00;80,02;31,84;180,03;864,78;180,01;781,18;852,82;77,87;0,34
4170;0,00;0,00;0,00;0,00;49,00;0,00;70,98;79,95;31,86;180,03;864,68;180,00;781,14;852,81;77,87;0,34
4175;0,00;0,00;0,00;0,00;49,00;0,00;71,01;80,02;31,85;180,03;862,71;179,95;780,78;851,22;77,87;0,34
4180;0,00;0,00;0,00;0,00;49,00;0,00;71,03;80,02;31,86;180,03;861,12;179,93;780,43;849,84;77,87;0,34
4185;0,00;0,00;0,00;0,00;49,01;0,00;71,00;79,98;31,86;180,03;857,79;179,87;779,92;847,32;77,87;0,34
4190;0,00;0,00;0,00;0,00;49,00;0,00;71,00;80,02;31,86;180,04;856,96;179,86;779,94;846,72;77,87;0,34
4195;0,00;0,00;0,00;0,00;49,01;0,00;70,99;80,00;31,86;180,04;857,87;179,82;780,47;847,55;77,87;0,34
4200;0,00;0,00;0,00;0,00;49,00;0,00;71,01;79,98;31,87;180,04;859,63;179,82;780,92;848,91;77,87;0,34
4205;0,00;0,00;0,00;0,00;48,99;0,00;71,00;79,98;31,88;180,04;863,40;179,83;781,52;851,83;77,87;0,34
4210;0,00;0,00;0,00;0,00;49,00;0,00;70,99;80,03;31,88;180,04;864,61;179,85;781,60;852,83;77,87;0,34
4215;0,00;0,00;0,00;0,00;49,00;0,00;71,01;80,00;31,87;180,04;864,85;179,89;781,53;853,07;77,86;0,34
4220;0,00;0,00;0,00;0,00;49,00;0,00;71,00;80,00;31,87;180,03;862,65;179,92;781,38;852,37;77,87;0,34
4225;0,00;0,00;0,00;0,00;49,00;0,00;70,99;80,00;31,87;180,03;861,00;179,98;780,78;849,89;77,87;0,34
4230;0,00;0,00;0,00;0,00;49,00;0,00;71,02;80,02;31,87;180,03;857,82;180,00;780,47;848,52;77,87;0,34
4235;0,00;0,00;0,00;0,00;49,00;0,00;71,00;80,05;31,87;180,02;857,19;180,04;780,40;847,04;77,87;0,34
4240;0,00;0,00;0,00;0,00;49,00;0,00;71,00;80,00;31,86;180,03;858,66;180,05;780,64;847,30;77,87;0,34
4245;0,00;0,00;0,00;0,00;49,00;0,00;71,01;79,98;31,86;180,04;860,46;180,04;781,46;849,71;77,87;0,34
4250;0,00;0,00;0,00;0,00;49,01;0,00;71,00;80,00;31,87;180,05;864,09;180,03;781,80;851,28;77,87;0,34
4255;0,00;0,00;0,00;0,00;49,00;0,00;71,00;79,95;31,87;180,05;865,11;180,00;781,99;853,34;77,87;0,34
4260;0,00;0,00;0,00;0,00;49,00;0,00;71,01;80,00;31,86;180,06;864,95;179,97;781,97;853,60;77,87;0,34
4265;0,00;0,00;0,00;0,00;49,00;0,00;71,03;80,00;31,87;180,04;863,95;179,93;781,71;852,45;77,87;0,34
4270;0,00;0,00;0,00;0,00;49,01;0,00;71,00;79,98;31,87;180,02;860,81;179,92;781,43;851,23;77,87;0,34
4275;0,00;0,00;0,00;0,00;49,01;0,00;71,00;80,00;31,87;180,02;859,01;179,88;780,78;848,55;77,87;0,34
4280;0,00;0,00;0,00;0,00;49,00;0,00;71,02;79,98;31,88;180,03;857,38;179,88;780,68;847,63;77,87;0,34
4285;0,00;0,00;0,00;0,00;49,00;0,00;71,01;79,98;31,88;180,04;857,84;179,88;781,05;847,74;77,87;0,34
4290;0,00;0,00;0,00;0,00;49,00;0,00;71,02;79,98;31,88;180,06;861,15;179,89;781,45;848,85;77,87;0,34
4295;0,00;0,00;0,00;0,00;49,00;0,00;71,00;80,00;31,87;180,06;863,11;179,91;782,20;851,85;77,87;0,34
4300;0,00;0,00;0,00;0,00;49,00;0,00;71,00;80,02;31,88;180,05;865,51;179,95;782,33;853,05;77,87;0,34
4305;0,00;0,00;0,00;0,00;49,00;0,00;71,02;80,02;31,88;180,05;865,61;179,97;782,32;853,91;77,87;0,34
4310;0,00;0,00;0,00;0,00;49,00;0,00;71,02;80,00;31,88;180,03;863,91;180,01;782,22;853,46;77,87;0,34
4315;0,00;0,00;0,00;0,00;49,00;0,00;71,00;80,00;31,88;180,02;862,41;180,03;781,72;851,30;77,87;0,34
4320;0,00;0,00;0,00;0,00;48,99;0,00;71,02;80,02;31,89;180,02;859,08;180,05;781,38;849,90;77,87;0,34
4325;0,00;0,00;0,00;0,00;49,00;0,00;70,97;80,02;31,90;180,03;857,88;180,05;781,09;847,80;77,87;0,34
4330;0,00;0,00;0,00;0,00;49,00;0,00;70,99;80,02;31,89;180,04;858,43;180,05;781,24;847,70;77,87;0,34
4335;0,00;0,00;0,00;0,00;49,00;0,00;71,01;80,00;31,90;180,03;859,91;180,04;781,95;849,60;77,87;0,34
4340;0,00;0,00;0,00;0,00;49,00;0,00;71,02;80,02;31,90;180,03;863,84;180,02;782,37;851,10;77,87;0,34
4345;0,00;0,00;0,00;0,00;49,01;0,00;71,00;80,00;31,89;180,02;865,17;180,02;782,68;853,56;77,87;0,34
4350;0,00;0,00;0,00;0,00;48,99;0,00;71,00;80,00;31,89;180,02;865,70;179,98;782,69;854,11;77,87;0,34
4355;0,00;0,00;0,00;0,00;49,00;0,00;71,02;80,00;31,90;180,03;864,98;179,96;782,49;853,49;77,87;0,34
4360;0,00;0,00;0,00;0,00;49,00;0,00;71,03;80,00;31,91;180,03;862,05;179,94;782,25;852,46;77,87;0,34
4365;0,00;0,00;0,00;0,00;49,00;0,00;70,98;80,02;31,91;180,04;860,32;179,92;781,57;849,76;77,87;0,34
4370;0,00;0,00;0,00;0,00;49,00;0,00;71,01;80,02;31,92;180,04;857,98;179,89;781,38;848,61;77,87;0,34
4375;0,00;0,00;0,00;0,00;49,00;0,00;71,02;79,97;31,90;180,03;857,98;179,89;781,54;848,01;77,87;0,34
4380;0,00;0,00;0,00;0,00;49,00;0,00;71,00;80,00;31,91;180,04;860,55;179,90;782,32;848,78;77,87;0,34
4385;0,00;0,00;0,00;0,00;49,00;0,00;71,02;80,02;31,91;180,04;862,52;179,91;782,71;851,67;77,87;0,34
4390;0,00;0,00;0,00;0,00;49,00;0,00;71,01;80,02;31,91;180,05;865,58;179,94;782,98;853,06;77,87;0,34
4395;0,00;0,00;0,00;0,00;49,00;0,00;71,03;80,02;31,92;180,05;866,13;179,95;782,99;854,49;77,87;0,34
4400;0,00;0,00;0,00;0,00;49,00;0,00;70,99;79,98;31,92;180,02;865,07;179,99;782,78;854,36;77,87;0,34
4405;0,00;0,00;0,00;0,00;49,00;0,00;70,97;80,02;31,91;180,01;863,78;180,01;782,53;852,62;77,87;0,34
4410;0,00;0,00;0,00;0,00;49,00;0,00;71,00;80,00;31,91;180,01;860,29;180,04;781,82;851,23;77,87;0,34
4415;0,00;0,00;0,00;0,00;49,01;0,00;71,03;80,00;31,91;180,02;858,85;180,05;781,65;848,70;77,87;0,34
4420;0,00;0,00;0,00;0,00;49,00;0,00;71,00;80,02;31,91;180,04;858,17;180,05;781,85;848,15;77,87;0,34
4425;0,00;0,00;0,00;0,00;49,00;0,00;71,00;80,02;31,92;180,05;859,26;180,04;782,21;849,16;77,87;0,34
4430;0,00;0,00;0,00;0,00;49,00;0,00;71,00;80,02;31,92;180,05;862,97;180,01;783,02;852,10;77,87;0,34
4435;0,00;0,00;0,00;0,00;48,99;0,00;71,00;80,00;31,93;180,03;864,74;179,99;783,20;853,45;77,87;0,34
4440;0,00;0,00;0,00;0,00;49,00;0,00;71,00;80,00;31,93;180,01;866,32;179,94;783,26;854,75;77,87;0,34
4445;0,00;0,00;0,00;0,00;49,01;0,00;71,00;80,03;31,93;180,01;865,99;179,92;783,18;854,54;77,87;0,34
4450;0,00;0,00;0,00;0,00;49,00;0,00;71,02;80,00;31,93;180,02;863,73;179,88;782,75;852,67;77,87;0,34
4455;0,00;0,00;0,00;0,00;49,00;0,00;71,02;80,00;31,93;180,04;862,05;179,87;782,40;851,29;77,87;0,34
4460;0,00;0,00;0,00;0,00;49,00;0,00;71,01;79,97;31,92;180,04;858,91;179,87;781,93;848,91;77,87;0,34
4465;0,00;0,00;0,00;0,00;49,00;0,00;71,03;80,03;31,93;180,04;858,31;179,88;781,98;848,44;77,87;0,34
4470;0,00;0,00;0,00;0,00;49,01;0,00;71,00;80,00;31,93;180,03;859,70;179,90;782,56;849,60;77,87;0,34
4475;0,00;0,00;0,00;0,00;49,01;0,00;71,00;80,03;31,93;180,03;863,43;179,93;783,00;851,02;77,87;0,34
4480;0,00;0,00;0,00;0,00;49,00;0,00;71,00;79,98;31,93;180,04;865,09;179,98;783,49;853,82;77,87;0,34
4485;0,00;0,00;0,00;0,00;49,01;0,00;70,99;79,98;31,93;180,04;866,47;180,01;783,53;854,67;77,87;0,34
4490;0,00;0,00;0,00;0,00;48,99;0,00;71,00;80,00;31,94;180,04;866,06;180,06;783,44;854,66;77,87;0,34
4495;0,00;0,00;0,00;0,00;49,00;0,00;70,98;80,00;31,94;180,03;863,70;180,08;783,26;853,87;77,87;0,34
4500;0,00;0,00;0,00;0,00;49,00;0,00;71,00;80,00;31,94;180,02;861,87;180,09;782,61;851,27;77,87;0,34
4505;0,00;0,00;0,00;0,00;49,01;0,00;71,00;79,98;31,95;179,98;858,91;180,09;782,30;849,93;77,87;0,34
4510;0,00;0,00;0,00;0,00;49,00;0,00;71,00;79,98;31,95;179,98;858,36;180,05;782,22;848,56;77,87;0,34
4515;0,00;0,00;0,00;0,00;49,00;0,00;71,01;80,00;31,96;180,03;860,02;180,03;782,45;848,88;77,87;0,34
4520;0,00;0,00;0,00;0,00;48,98;0,00;71,00;80,00;31,95;180,05;861,86;179,97;783,26;851,40;77,87;0,34
4525;0,00;0,00;0,00;0,00;49,00;0,00;71,00;80,02;31,97;180,06;865,47;179,94;783,60;852,92;77,87;0,34
4530;0,00;0,00;0,00;0,00;49,00;0,00;71,00;79,97;31,96;180,06;866,46;179,88;783,79;855,01;77,87;0,34
4535;0,00;0,00;0,00;0,00;49,00;0,00;71,00;80,02;31,97;180,03;866,23;179,85;783,77;855,25;77,87;0,34
4540;0,00;0,00;0,00;0,00;49,00;0,00;71,02;80,02;31,96;180,01;865,22;179,84;783,50;854,10;77,86;0,34
4545;0,00;0,00;0,00;0,00;48,99;0,00;70,99;80,00;31,96;180,00;862,06;179,85;783,21;852,88;77,87;0,34
4550;0,00;0,00;0,00;0,00;49,00;0,00;71,00;80,00;31,96;180,02;860,39;179,87;782,53;850,12;77,87;0,34
4555;0,00;0,00;0,00;0,00;49,00;0,00;70,99;79,98;31,96;180,06;858,54;179,92;782,41;849,15;77,87;0,34
4560;0,00;0,00;0,00;0,00;49,00;0,00;71,00;80,00;31,97;180,07;858,96;179,95;782,73;849,16;77,87;0,34
4565;0,00;0,00;0,00;0,00;49,00;0,00;70,99;80,00;31,97;180,08;862,09;180,01;783,10;850,22;77,87;0,34
4570;0,00;0,00;0,00;0,00;49,00;0,00;71,01;80,00;31,98;180,07;864,03;180,05;783,82;853,18;77,87;0,34
4575;0,00;0,00;0,00;0,00;49,00;0,00;71,02;79,98;31,97;180,02;866,54;180,09;783,94;854,39;77,87;0,34
4580;0,00;0,00;0,00;0,00;48,99;0,00;71,00;80,02;31,98;180,01;866,67;180,11;783,94;855,29;77,87;0,34
4585;0,00;0,00;0,00;0,00;49,01;0,00;71,01;80,02;31,97;180,00;865,09;180,12;783,62;854,87;77,87;0,34
4590;0,00;0,00;0,00;0,00;49,00;0,00;70,98;80,02;31,98;180,02;863,50;180,11;783,31;852,74;77,87;0,34
4595;0,00;0,00;0,00;0,00;49,01;0,00;71,01;80,00;31,97;180,06;860,18;180,08;782,68;851,35;77,87;0,34
4600;0,00;0,00;0,00;0,00;48,99;0,00;71,02;80,02;31,99;180,06;859,06;180,05;782,60;849,21;77,87;0,34
4605;0,00;0,00;0,00;0,00;49,00;0,00;70,98;79,97;31,98;180,06;859,34;179,98;782,98;849,03;77,87;0,34
4610;0,00;0,00;0,00;0,00;49,00;0,00;71,01;79,98;31,99;180,05;860,77;179,95;783,40;850,72;77,87;0,34
4615;0,00;0,00;0,00;0,00;49,01;0,00;71,00;80,02;31,98;180,04;864,56;179,88;784,06;852,24;77,87;0,34
4620;0,00;0,00;0,00;0,00;49,00;0,00;70,98;79,97;31,99;180,03;866,07;179,86;784,15;854,79;77,87;0,34
4625;0,00;0,00;0,00;0,00;49,00;0,00;71,00;79,98;31,98;180,01;866,73;179,84;784,12;855,39;77,87;0,34
4630;0,00;0,00;0,00;0,00;49,00;0,00;70,99;80,00;31,98;180,01;866,07;179,84;784,00;854,89;77,87;0,34
4635;0,00;0,00;0,00;0,00;49,00;0,00;70,99;80,00;31,99;180,01;863,25;179,86;783,45;853,92;77,87;0,34
4640;0,00;0,00;0,00;0,00;49,00;0,00;71,01;80,02;31,99;180,03;861,53;179,89;783,09;851,22;77,87;0,34
4645;0,00;0,00;0,00;0,00;49,00;0,00;71,00;80,02;31,99;180,03;859,05;179,94;782,84;849,32;77,87;0,34
4650;0,00;0,00;0,00;0,00;49,00;0,00;71,02;79,98;32,01;180,01;858,93;179,97;782,99;849,28;77,87;0,34
4655;0,00;0,00;0,00;0,00;49,00;0,00;71,00;80,00;31,99;180,01;861,37;180,04;783,70;851,24;77,87;0,34
4660;0,00;0,00;0,00;0,00;49,00;0,00;71,00;80,02;32,00;180,00;863,32;180,07;784,08;852,76;77,87;0,34
4665;0,00;0,00;0,00;0,00;49,00;0,00;71,01;80,00;32,01;180,01;866,39;180,12;784,37;855,16;77,87;0,34
4670;0,00;0,00;0,00;0,00;49,00;0,00;71,01;79,95;31,99;180,03;866,97;180,13;784,38;855,65;77,87;0,34
4675;0,00;0,00;0,00;0,00;49,00;0,00;71,02;80,03;32,00;180,04;866,01;180,13;784,18;854,96;77,87;0,34
4680;0,00;0,00;0,00;0,00;49,00;0,00;71,01;80,02;31,99;180,04;864,76;180,12;783,94;853,92;77,87;0,34
4685;0,00;0,00;0,00;0,00;49,00;0,00;71,03;80,03;32,00;180,03;861,43;180,08;783,23;851,16;77,87;0,34
4690;0,00;0,00;0,00;0,00;49,00;0,00;70,98;80,02;32,00;180,01;859,93;180,04;783,03;850,02;77,87;0,34
4695;0,00;0,00;0,00;0,00;49,01;0,00;71,00;80,00;31,99;180,01;859,08;179,96;783,21;849,47;77,87;0,34
4700;0,00;0,00;0,00;0,00;49,00;0,00;71,01;80,00;31,99;180,02;860,04;179,93;783,54;850,28;77,87;0,34
4705;0,00;0,00;0,00;0,00;49,01;0,00;70,98;79,98;32,00;180,02;863,79;179,87;784,31;853,17;77,87;0,34
4710;0,00;0,00;0,00;0,00;49,00;0,00;71,00;80,02;32,00;180,05;866,69;179,84;784,51;854,51;77,87;0,34
4715;0,00;0,00;0,00;0,00;49,00;0,00;71,02;80,00;31,98;180,04;867,14;179,83;784,56;855,86;77,87;0,34
4720;0,00;0,00;0,00;0,00;48,99;0,00;70,98;80,02;31,98;180,02;866,06;179,83;784,50;855,71;77,87;0,34
4725;0,00;0,00;0,00;0,00;49,00;0,00;70,98;80,00;31,99;180,01;864,76;179,87;784,09;853,94;77,87;0,34
4730;0,00;0,00;0,00;0,00;49,00;0,00;70,99;80,00;31,99;180,00;861,28;179,91;783,73;852,53;77,87;0,34
4735;0,00;0,00;0,00;0,00;49,00;0,00;71,02;80,00;31,99;179,99;859,86;179,98;783,21;850,04;77,87;0,34
4740;0,00;0,00;0,00;0,00;49,00;0,00;70,99;79,97;31,98;180,02;859,31;180,02;783,24;849,53;77,87;0,34
4745;0,00;0,00;0,00;0,00;49,00;0,00;71,00;80,00;31,99;180,04;860,38;180,10;783,78;850,63;77,87;0,34
4750;0,00;0,00;0,00;0,00;49,00;0,00;71,01;80,00;31,98;180,04;864,09;180,13;784,20;852,03;77,87;0,34
4755;0,00;0,00;0,00;0,00;49,00;0,00;71,02;80,03;31,98;180,05;865,75;180,16;784,69;854,78;77,87;0,34
4760;0,00;0,00;0,00;0,00;49,00;0,00;71,01;79,98;31,97;180,00;867,17;180,15;784,72;855,65;77,87;0,34
4765;0,00;0,00;0,00;0,00;49,00;0,00;70,99;80,00;31,98;179,99;866,79;180,14;784,62;855,69;77,87;0,34
4770;0,00;0,00;0,00;0,00;49,00;0,00;71,02;80,00;31,98;179,97;864,48;180,07;784,45;854,93;77,87;0,34
4775;0,00;0,00;0,00;0,00;49,00;0,00;71,00;79,97;31,98;179,99;862,83;180,03;783,81;852,39;77,87;0,34
4780;0,00;0,00;0,00;0,00;49,00;0,00;71,00;79,98;31,99;180,03;859,73;179,94;783,50;851,05;77,87;0,34
4785;0,00;0,00;0,00;0,00;49,00;0,00;71,00;80,00;31,98;180,05;859,18;179,90;783,41;849,65;77,87;0,34
4790;0,00;0,00;0,00;0,00;49,00;0,00;71,00;79,98;31,98;180,06;860,69;179,82;783,62;849,94;77,87;0,34
4795;0,00;0,00;0,00;0,00;49,00;0,00;71,00;80,00;31,99;180,05;862,49;179,81;784,41;852,39;77,87;0,34
4800;0,00;0,00;0,00;0,00;48,99;0,00;71,00;79,97;32,00;180,03;866,18;179,79;784,86;853,90;77,87;0,34
4805;0,00;0,00;0,00;0,00;48,99;0,00;71,00;80,02;32,00;180,01;867,13;179,80;784,91;855,95;77,87;0,34
4810;0,00;0,00;0,00;0,00;49,00;0,00;70,98;80,02;31,99;179,99;866,91;179,86;784,80;856,18;77,87;0,34
4815;0,00;0,00;0,00;0,00;49,00;0,00;70,98;80,00;32,00;179,99;865,93;179,90;784,62;855,02;77,87;0,34
4820;0,00;0,00;0,00;0,00;49,00;0,00;71,00;80,03;32,00;180,00;862,70;180,00;783,95;853,82;77,87;0,34
4825;0,00;0,00;0,00;0,00;49,00;0,00;71,00;80,03;32,01;180,02;861,02;180,05;783,65;851,08;77,87;0,34
4830;0,00;0,00;0,00;0,00;49,00;0,00;71,00;80,00;32,01;180,03;859,24;180,13;783,59;850,12;77,87;0,34
4835;0,00;0,00;0,00;0,00;49,00;0,00;70,98;79,98;32,02;180,05;859,62;180,16;783,82;850,12;77,87;0,34
4840;0,00;0,00;0,00;0,00;49,00;0,00;71,00;79,98;32,02;180,06;862,84;180,19;784,62;852,66;77,87;0,34
4845;0,00;0,00;0,00;0,00;48,99;0,00;71,03;79,98;32,02;180,03;864,78;180,18;784,90;854,14;77,87;0,34
4850;0,00;0,00;0,00;0,00;49,00;0,00;71,00;80,00;32,02;180,01;867,19;180,14;785,04;856,06;77,87;0,34
4855;0,00;0,00;0,00;0,00;49,01;0,00;71,02;80,03;32,03;179,98;867,34;180,11;785,01;856,20;77,87;0,34
4860;0,00;0,00;0,00;0,00;48,99;0,00;71,01;80,00;32,03;179,98;865,70;180,02;784,70;854,93;77,87;0,34
4865;0,00;0,00;0,00;0,00;49,00;0,00;71,00;79,98;32,03;180,02;864,24;179,98;784,39;853,69;77,87;0,34
4870;0,00;0,00;0,00;0,00;49,00;0,00;70,97;80,00;32,03;180,05;860,93;179,88;783,76;851,02;77,87;0,34
4875;0,00;0,00;0,00;0,00;49,00;0,00;71,00;80,00;32,03;180,08;859,71;179,85;783,66;850,16;77,87;0,34
4880;0,00;0,00;0,00;0,00;49,00;0,00;70,99;80,00;32,04;180,07;859,94;179,80;784,01;850,42;77,87;0,34
4885;0,00;0,00;0,00;0,00;49,01;0,00;71,00;80,00;32,04;180,02;861,31;179,80;784,40;851,56;77,87;0,34
4890;0,00;0,00;0,00;0,00;49,00;0,00;70,98;79,98;32,04;180,00;865,10;179,82;785,07;854,48;77,87;0,34
4895;0,00;0,00;0,00;0,00;49,00;0,00;71,00;79,98;32,04;179,98;867,36;179,86;785,17;855,61;77,87;0,34
4900;0,00;0,00;0,00;0,00;49,00;0,00;71,01;79,98;32,03;179,99;867,37;179,94;785,15;856,29;77,87;0,34
4905;0,00;0,00;0,00;0,00;49,00;0,00;71,00;79,98;32,04;180,04;865,52;179,99;785,03;855,79;77,87;0,34
4910;0,00;0,00;0,00;0,00;49,00;0,00;71,00;80,02;32,05;180,05;863,99;180,10;784,48;853,55;77,87;0,34
4915;0,00;0,00;0,00;0,00;48,99;0,00;71,00;80,00;32,05;180,06;860,70;180,14;784,12;852,12;77,87;0,34
4920;0,00;0,00;0,00;0,00;49,00;0,00;70,99;80,02;32,05;180,04;859,62;180,21;783,82;850,15;77,87;0,34
4925;0,00;0,00;0,00;0,00;49,00;0,00;71,00;80,05;32,05;180,00;860,22;180,24;783,95;850,07;77,87;0,34
4930;0,00;0,00;0,00;0,00;49,00;0,00;71,01;80,00;32,04;179,99;861,75;180,23;784,66;851,98;77,87;0,34
4935;0,00;0,00;0,00;0,00;49,00;0,00;71,00;80,00;32,04;180,00;865,65;180,21;785,03;853,48;77,87;0,34
4940;0,00;0,00;0,00;0,00;49,00;0,00;70,99;79,98;32,05;180,01;866,94;180,14;785,32;855,95;77,87;0,34
4945;0,00;0,00;0,00;0,00;49,00;0,00;71,01;79,98;32,03;180,04;867,40;180,09;785,32;856,45;77,87;0,34
4950;0,00;0,00;0,00;0,00;49,00;0,00;70,99;79,98;32,04;180,05;866,60;179,98;785,12;855,75;77,87;0,34
4955;0,00;0,00;0,00;0,00;49,00;0,00;71,00;80,00;32,05;180,05;863,77;179,94;784,88;854,74;77,87;0,34
4960;0,00;0,00;0,00;0,00;49,00;0,00;70,98;79,98;32,05;180,05;862,04;179,86;784,17;851,99;77,87;0,34
4965;0,00;0,00;0,00;0,00;49,00;0,00;71,00;79,98;32,05;180,02;859,57;179,83;783,94;850,80;77,87;0,34
4970;0,00;0,00;0,00;0,00;49,00;0,00;71,00;79,95;32,06;180,01;859,57;179,82;784,08;850,20;77,87;0,34
4975;0,00;0,00;0,00;0,00;48,99;0,00;71,00;80,00;32,05;180,00;862,07;179,83;784,40;850,96;77,87;0,34
4980;0,00;0,00;0,00;0,00;49,00;0,00;71,01;80,02;32,06;180,01;864,03;179,88;785,18;853,83;77,87;0,34
4985;0,00;0,00;0,00;0,00;49,00;0,00;71,00;80,03;32,05;180,06;867,16;179,97;785,36;855,19;77,87;0,34
4990;0,00;0,00;0,00;0,00;48,99;0,00;71,00;80,00;32,06;180,07;867,65;180,02;785,43;856,60;77,87;0,34
4995;0,00;0,00;0,00;0,00;49,01;0,00;71,00;80,00;32,06;180,06;866,55;180,12;785,36;856,46;77,87;0,34
5000;0,00;0,00;0,00;0,00;48,99;0,00;71,02;79,98;32,07;180,04;865,26;180,16;784,95;854,72;77,87;0,34
5005;0,00;0,00;0,00;0,00;49,01;0,00;71,02;79,97;32,08;180,01;861,90;180,20;784,60;853,31;77,87;0,34
5010;0,00;0,00;0,00;0,00;49,01;0,00;71,01;79,98;32,07;180,00;860,45;180,21;784,05;850,81;77,87;0,34
5015;0,00;0,00;0,00;0,00;49,00;0,00;70,99;80,00;32,08;180,01;859,69;180,19;784,05;850,23;77,87;0,34
5020;0,00;0,00;0,00;0,00;49,00;0,00;71,02;80,02;32,09;180,03;860,66;180,17;784,55;851,21;77,87;0,34
5025;0,00;0,00;0,00;0,00;49,00;0,00;71,00;80,02;32,09;180,05;864,48;180,09;784,98;852,59;77,87;0,34
5030;0,00;0,00;0,00;0,00;49,00;0,00;70,99;79,98;32,08;180,06;866,19;180,06;785,49;855,44;77,87;0,34
5035;0,00;0,00;0,00;0,00;49,00;0,00;71,02;79,98;32,08;180,04;867,70;179,97;785,53;856,34;77,87;0,34
5040;0,00;0,00;0,00;0,00;49,01;0,00;71,01;80,02;32,08;180,03;867,35;179,93;785,43;856,46;77,87;0,34
5045;0,00;0,00;0,00;0,00;49,01;0,00;71,00;80,02;32,09;180,02;865,10;179,87;785,27;855,74;77,87;0,34
5050;0,00;0,00;0,00;0,00;49,00;0,00;71,00;80,03;32,10;180,02;863,47;179,85;784,64;853,23;77,87;0,34
5055;0,00;0,00;0,00;0,00;49,00;0,00;71,01;80,00;32,10;180,04;860,38;179,84;784,15;851,86;77,87;0,34
5060;0,00;0,00;0,00;0,00;48,99;0,00;71,00;80,02;32,09;180,05;859,64;179,86;784,17;850,32;77,87;0,34
5065;0,00;0,00;0,00;0,00;49,00;0,00;71,00;80,00;32,09;180,05;860,97;179,90;784,73;850,55;77,87;0,34
5070;0,00;0,00;0,00;0,00;49,00;0,00;71,02;80,00;32,10;180,06;862,74;179,93;785,15;852,90;77,87;0,34
5075;0,00;0,00;0,00;0,00;49,00;0,00;71,00;80,02;32,10;180,03;866,46;180,01;785,61;854,41;77,87;0,34
5080;0,00;0,00;0,00;0,00;48,99;0,00;71,00;79,97;32,10;180,01;867,47;180,05;785,65;856,52;77,87;0,34
5085;0,00;0,00;0,00;0,00;49,00;0,00;71,00;80,03;32,12;180,00;867,33;180,14;785,55;856,79;77,87;0,34
5090;0,00;0,00;0,00;0,00;49,01;0,00;71,00;80,00;32,11;180,00;866,36;180,17;785,37;855,69;77,87;0,34
5095;0,00;0,00;0,00;0,00;49,00;0,00;71,00;80,03;32,11;180,02;863,29;180,21;784,71;854,51;77,87;0,34
5100;0,00;0,00;0,00;0,00;49,00;0,00;71,01;80,00;32,12;180,03;861,60;180,22;784,39;851,77;77,87;0,34
5105;0,00;0,00;0,00;0,00;49,00;0,00;71,00;80,03;32,12;180,04;859,64;180,19;784,29;850,76;77,87;0,34
5110;0,00;0,00;0,00;0,00;48,99;0,00;70,99;80,00;32,13;180,04;859,98;180,17;784,51;850,69;77,87;0,34
5115;0,00;0,00;0,00;0,00;49,00;0,00;71,00;80,02;32,13;180,02;863,16;180,09;785,29;851,71;77,87;0,34
5120;0,00;0,00;0,00;0,00;49,00;0,00;71,01;80,03;32,12;180,02;865,11;180,05;785,60;854,69;77,87;0,34
5125;0,00;0,00;0,00;0,00;49,00;0,00;71,02;80,02;32,12;180,03;867,63;179,96;785,76;856,70;77,87;0,34
5130;0,00;0,00;0,00;0,00;49,00;0,00;71,01;80,02;32,13;180,03;867,85;179,92;785,74;856,91;77,87;0,34
5135;0,00;0,00;0,00;0,00;48,99;0,00;71,00;79,97;32,12;180,04;866,33;179,87;785,46;855,72;77,87;0,34
5140;0,00;0,00;0,00;0,00;49,00;0,00;71,02;80,02;32,13;180,04;864,91;179,85;785,17;854,52;77,87;0,34
5145;0,00;0,00;0,00;0,00;49,00;0,00;71,00;80,02;32,12;180,03;861,42;179,85;784,49;851,73;77,87;0,34
5150;0,00;0,00;0,00;0,00;49,00;0,00;71,00;80,00;32,13;180,02;860,18;179,88;784,35;850,78;77,87;0,34
5155;0,00;0,00;0,00;0,00;49,00;0,00;71,01;80,00;32,13;180,03;860,11;179,94;784,65;850,84;77,87;0,34
5160;0,00;0,00;0,00;0,00;49,00;0,00;71,00;80,00;32,12;180,04;861,39;179,98;785,02;851,92;77,87;0,34
5165;0,00;0,00;0,00;0,00;49,00;0,00;71,00;80,00;32,11;180,06;865,29;180,08;785,69;854,84;77,87;0,34
5170;0,00;0,00;0,00;0,00;49,00;0,00;70,98;79,98;32,12;180,06;866,78;180,12;785,80;856,02;77,87;0,34
5175;0,00;0,00;0,00;0,00;49,00;0,00;70,98;79,97;32,11;180,06;867,74;180,20;785,79;856,85;77,87;0,34
5180;0,00;0,00;0,00;0,00;49,01;0,00;70,98;80,00;32,11;180,02;866,16;180,23;785,67;856,45;77,87;0,34
5185;0,00;0,00;0,00;0,00;49,00;0,00;70,99;80,00;32,11;180,01;864,60;180,24;785,18;854,32;77,87;0,34
5190;0,00;0,00;0,00;0,00;49,00;0,00;71,00;80,00;32,11;180,00;861,31;180,23;784,82;852,91;77,87;0,34
5195;0,00;0,00;0,00;0,00;49,00;0,00;71,00;80,02;32,11;180,00;860,16;180,19;784,44;850,80;77,87;0,34
5200;0,00;0,00;0,00;0,00;49,00;0,00;71,00;80,00;32,11;180,02;860,40;180,16;784,54;850,58;77,87;0,34
5205;0,00;0,00;0,00;0,00;49,00;0,00;70,99;80,03;32,11;180,03;861,80;180,08;785,19;852,23;77,87;0,34
5210;0,00;0,00;0,00;0,00;49,00;0,00;71,00;80,00;32,12;180,03;865,55;180,03;785,58;853,74;77,87;0,34
5215;0,00;0,00;0,00;0,00;49,00;0,00;71,00;79,98;32,11;180,03;867,02;179,94;785,89;856,24;77,87;0,34
5220;0,00;0,00;0,00;0,00;49,01;0,00;71,00;79,98;32,12;180,01;867,64;179,91;785,89;856,81;77,87;0,34
5225;0,00;0,00;0,00;0,00;49,00;0,00;70,99;80,02;32,12;180,01;866,98;179,88;785,70;856,29;77,87;0,34
5230;0,00;0,00;0,00;0,00;48,99;0,00;71,00;80,00;32,11;180,01;864,20;179,87;785,48;855,31;77,87;0,34
5235;0,00;0,00;0,00;0,00;49,00;0,00;71,02;80,02;32,11;180,01;862,51;179,89;784,80;852,65;77,87;0,34
5240;0,00;0,00;0,00;0,00;49,01;0,00;70,99;79,98;32,11;180,02;860,01;179,92;784,56;851,44;77,87;0,34
5245;0,00;0,00;0,00;0,00;49,01;0,00;71,01;79,98;32,11;180,04;859,96;179,98;784,67;850,74;77,87;0,34
5250;0,00;0,00;0,00;0,00;49,00;0,00;71,01;79,98;32,12;180,04;862,38;180,02;784,98;851,48;77,87;0,34
5255;0,00;0,00;0,00;0,00;49,00;0,00;71,00;80,00;32,11;180,04;864,61;180,12;785,77;854,42;77,87;0,34
5260;0,00;0,00;0,00;0,00;49,00;0,00;71,00;80,02;32,12;180,02;867,42;180,15;785,93;855,72;77,87;0,34
5265;0,00;0,00;0,00;0,00;49,00;0,00;71,00;79,98;32,12;180,01;867,81;180,21;785,95;856,97;77,87;0,34
5270;0,00;0,00;0,00;0,00;49,00;0,00;70,98;80,00;32,12;179,99;866,59;180,23;785,87;856,74;77,87;0,34
5275;0,00;0,00;0,00;0,00;49,00;0,00;70,97;80,03;32,13;179,99;865,27;180,24;785,44;854,90;77,87;0,34
5280;0,00;0,00;0,00;0,00;49,00;0,00;71,00;80,00;32,14;180,00;861,85;180,22;785,07;853,53;77,87;0,34
5285;0,00;0,00;0,00;0,00;49,00;0,00;71,00;79,98;32,13;180,01;860,53;180,16;784,57;851,09;77,87;0,34
5290;0,00;0,00;0,00;0,00;49,00;0,00;71,02;79,98;32,13;180,02;859,87;180,12;784,63;850,69;77,87;0,34
5295;0,00;0,00;0,00;0,00;48,99;0,00;71,00;80,02;32,14;180,04;861,84;180,01;784,91;851,16;77,87;0,34
5300;0,00;0,00;0,00;0,00;49,00;0,00;71,00;80,00;32,13;180,02;864,02;179,96;785,77;854,10;77,87;0,34
5305;0,00;0,00;0,00;0,00;49,01;0,00;71,00;79,98;32,14;180,01;866,08;179,91;785,97;855,55;77,87;0,34
5310;0,00;0,00;0,00;0,00;49,00;0,00;71,02;80,02;32,14;179,99;867,83;179,85;786,03;856,60;77,87;0,34
5315;0,00;0,00;0,00;0,00;48,99;0,00;71,02;80,00;32,14;179,99;867,51;179,84;785,95;856,81;77,87;0,34
5320;0,00;0,00;0,00;0,00;49,01;0,00;71,00;79,98;32,14;180,02;865,31;179,86;785,52;856,10;77,87;0,34
5325;0,00;0,00;0,00;0,00;49,00;0,00;70,99;79,98;32,14;180,04;863,70;179,89;785,16;853,63;77,87;0,34
5330;0,00;0,00;0,00;0,00;49,00;0,00;71,02;80,00;32,14;180,06;860,54;179,97;784,64;851,22;77,87;0,34
5335;0,00;0,00;0,00;0,00;49,00;0,00;71,00;80,02;32,14;180,06;859,89;180,02;784,67;850,74;77,87;0,34
5340;0,00;0,00;0,00;0,00;49,00;0,00;70,99;80,00;32,15;180,05;861,22;180,12;785,21;851,87;77,87;0,34
5345;0,00;0,00;0,00;0,00;48,99;0,00;71,00;80,00;32,14;180,03;862,95;180,16;785,62;853,26;77,87;0,34
5350;0,00;0,00;0,00;0,00;49,00;0,00;71,00;79,98;32,15;180,02;866,66;180,23;786,08;856,06;77,87;0,34
5355;0,00;0,00;0,00;0,00;49,00;0,00;71,01;80,00;32,14;180,01;867,66;180,25;786,12;856,86;77,87;0,34
5360;0,00;0,00;0,00;0,00;49,00;0,00;71,00;80,00;32,15;180,01;867,50;180,26;786,02;856,85;77,87;0,34
5365;0,00;0,00;0,00;0,00;49,00;0,00;71,02;80,00;32,15;180,03;866,54;180,24;785,83;856,07;77,87;0,34
5370;0,00;0,00;0,00;0,00;49,00;0,00;71,00;80,00;32,16;180,04;863,49;180,17;785,18;853,52;77,87;0,34
5375;0,00;0,00;0,00;0,00;48,99;0,00;71,00;80,00;32,16;180,05;861,81;180,12;784,86;852,17;77,87;0,34
5380;0,00;0,00;0,00;0,00;49,01;0,00;71,00;80,02;32,15;180,05;859,85;180,02;784,74;850,74;77,87;0,34
5385;0,00;0,00;0,00;0,00;49,00;0,00;71,01;80,02;32,17;180,02;860,19;179,98;784,96;851,03;77,87;0,34
5390;0,00;0,00;0,00;0,00;48,99;0,00;70,98;79,98;32,16;180,00;863,22;179,91;785,73;853,46;77,87;0,34
5395;0,00;0,00;0,00;0,00;49,01;0,00;71,02;80,02;32,17;180,00;866,77;179,88;786,03;854,97;77,87;0,34
5400;0,00;0,00;0,00;0,00;49,00;0,00;71,02;79,97;32,17;180,01;867,74;179,87;786,18;856,97;77,87;0,34
5405;0,00;0,00;0,00;0,00;49,00;0,00;70,98;80,00;32,17;180,04;867,51;179,88;786,16;857,21;77,87;0,34
5410;0,00;0,00;0,00;0,00;48,99;0,00;71,02;80,00;32,16;180,04;866,52;179,92;785,89;856,08;77,87;0,34
5415;0,00;0,00;0,00;0,00;49,00;0,00;70,98;80,00;32,17;180,04;863,44;179,96;785,60;854,91;77,87;0,34
5420;0,00;0,00;0,00;0,00;49,00;0,00;71,00;80,00;32,17;180,03;861,78;180,03;784,93;852,18;77,87;0,34
5425;0,00;0,00;0,00;0,00;49,01;0,00;71,02;80,03;32,17;180,01;859,93;180,12;784,78;851,20;77,87;0,34
5430;0,00;0,00;0,00;0,00;49,00;0,00;71,00;79,98;32,17;180,00;860,33;180,15;785,07;851,17;77,87;0,34
5435;0,00;0,00;0,00;0,00;49,00;0,00;71,00;80,02;32,18;180,00;863,39;180,21;785,42;852,18;77,87;0,34
5440;0,00;0,00;0,00;0,00;49,00;0,00;70,99;80,02;32,19;180,00;865,30;180,22;786,10;855,09;77,87;0,34
5445;0,00;0,00;0,00;0,00;49,00;0,00;70,97;79,98;32,19;180,03;867,73;180,23;786,22;856,28;77,87;0,34
5450;0,00;0,00;0,00;0,00;49,00;0,00;71,00;80,03;32,18;180,04;867,91;180,21;786,21;857,17;77,87;0,34
5455;0,00;0,00;0,00;0,00;49,00;0,00;71,00;79,98;32,20;180,04;866,38;180,15;786,11;856,80;77,87;0,34
5460;0,00;0,00;0,00;0,00;49,00;0,00;71,00;80,00;32,20;180,03;864,95;180,11;785,62;854,78;77,87;0,34
5465;0,00;0,00;0,00;0,00;49,00;0,00;71,03;80,03;32,18;180,01;861,52;180,02;785,25;853,35;77,87;0,34
5470;0,00;0,00;0,00;0,00;49,00;0,00;71,00;80,02;32,18;180,00;860,32;179,97;784,82;851,11;77,87;0,34
5475;0,00;0,00;0,00;0,00;49,00;0,00;71,02;80,03;32,18;180,02;860,38;179,90;785,14;850,83;77,87;0,34
5480;0,00;0,00;0,00;0,00;49,00;0,00;71,00;79,97;32,19;180,03;861,80;179,87;785,52;852,40;77,87;0,34
5485;0,00;0,00;0,00;0,00;49,00;0,00;71,00;79,97;32,20;180,04;865,60;179,85;786,18;853,88;77,87;0,34
5490;0,00;0,00;0,00;0,00;49,00;0,00;70,98;80,00;32,19;180,04;867,06;179,85;786,28;856,48;77,87;0,34
5495;0,00;0,00;0,00;0,00;49,00;0,00;71,00;80,00;32,20;180,03;867,94;179,89;786,25;857,15;77,87;0,34
5500;0,00;0,00;0,00;0,00;48,99;0,00;70,99;80,00;32,21;180,02;867,36;179,92;786,14;856,81;77,87;0,34
5505;0,00;0,00;0,00;0,00;49,00;0,00;71,02;80,00;32,21;180,01;864,81;180,01;785,63;855,92;77,87;0,34
5510;0,00;0,00;0,00;0,00;49,00;0,00;71,00;80,02;32,20;180,00;863,10;180,05;785,26;853,27;77,87;0,34
5515;0,00;0,00;0,00;0,00;49,01;0,00;71,00;79,97;32,20;180,01;860,31;180,15;784,87;851,11;77,87;0,34
5520;0,00;0,00;0,00;0,00;49,00;0,00;71,00;79,98;32,20;180,04;859,92;180,18;784,95;850,88;77,87;0,34
5525;0,00;0,00;0,00;0,00;49,00;0,00;70,98;80,02;32,20;180,05;861,87;180,22;785,59;852,51;77,87;0,34
5530;0,00;0,00;0,00;0,00;49,00;0,00;71,02;80,03;32,22;180,05;863,76;180,24;785,99;853,97;77,87;0,34
5535;0,00;0,00;0,00;0,00;49,00;0,00;71,00;79,97;32,21;180,05;867,13;180,21;786,34;856,56;77,87;0,34
5540;0,00;0,00;0,00;0,00;49,01;0,00;71,00;79,98;32,21;180,02;867,92;180,19;786,35;857,22;77,87;0,34
5545;0,00;0,00;0,00;0,00;49,00;0,00;71,00;80,00;32,22;180,02;867,37;180,11;786,20;856,83;77,87;0,34
5550;0,00;0,00;0,00;0,00;48,99;0,00;71,00;79,98;32,23;180,00;866,27;180,07;785,98;855,90;77,87;0,34
5555;0,00;0,00;0,00;0,00;48,99;0,00;71,02;80,00;32,23;179,99;863,11;180,00;785,31;853,27;77,87;0,34
5560;0,00;0,00;0,00;0,00;49,00;0,00;71,00;80,00;32,21;179,99;860,28;179,96;785,04;851,99;77,87;0,34
5565;0,00;0,00;0,00;0,00;49,00;0,00;71,00;79,98;32,22;180,00;859,97;179,91;785,04;850,95;77,87;0,34
5570;0,00;0,00;0,00;0,00;49,01;0,00;71,01;79,98;32,23;180,03;861,99;179,90;785,28;851,46;77,87;0,34
5575;0,00;0,00;0,00;0,00;49,00;0,00;71,00;80,03;32,23;180,05;863,86;179,89;786,05;854,11;77,87;0,34
5580;0,00;0,00;0,00;0,00;49,00;0,00;71,01;80,02;32,24;180,05;867,28;179,91;786,30;855,55;77,87;0,34
5585;0,00;0,00;0,00;0,00;49,00;0,00;71,00;79,95;32,24;180,02;867,99;179,96;786,41;857,29;77,87;0,34
5590;0,00;0,00;0,00;0,00;49,00;0,00;71,00;79,98;32,24;179,97;867,39;180,00;786,37;857,34;77,87;0,34
5595;0,00;0,00;0,00;0,00;49,00;0,00;71,01;80,00;32,25;179,96;866,29;180,07;786,04;855,94;77,87;0,34
5600;0,00;0,00;0,00;0,00;49,00;0,00;71,00;80,00;32,25;179,98;862,99;180,11;785,73;854,67;77,87;0,34
5605;0,00;0,00;0,00;0,00;49,00;0,00;71,02;79,98;32,25;180,00;861,38;180,17;785,08;851,99;77,87;0,34
5610;0,00;0,00;0,00;0,00;49,00;0,00;71,02;80,02;32,25;180,03;859,96;180,19;784,99;851,15;77,87;0,34
5615;0,00;0,00;0,00;0,00;49,00;0,00;70,99;79,98;32,24;180,03;860,62;180,21;785,35;851,48;77,87;0,34
5620;0,00;0,00;0,00;0,00;49,00;0,00;70,99;80,00;32,25;180,03;864,00;180,19;785,73;852,66;77,87;0,34
5625;0,00;0,00;0,00;0,00;49,00;0,00;71,02;79,97;32,24;180,02;865,86;180,16;786,34;855,59;77,87;0,34
5630;0,00;0,00;0,00;0,00;48,99;0,00;71,02;80,02;32,26;180,01;867,99;180,10;786,43;856,73;77,87;0,34
5635;0,00;0,00;0,00;0,00;49,00;0,00;71,00;79,98;32,25;180,01;867,95;180,07;786,40;857,32;77,87;0,34
5640;0,00;0,00;0,00;0,00;49,00;0,00;71,00;80,02;32,25;180,00;866,15;179,99;786,27;856,81;77,87;0,34
5645;0,00;0,00;0,00;0,00;49,00;0,00;71,00;80,00;32,25;180,01;864,65;179,96;785,72;854,57;77,87;0,34
5650;0,00;0,00;0,00;0,00;49,01;0,00;71,00;79,98;32,25;180,02;861,29;179,92;785,37;853,17;77,87;0,34
5655;0,00;0,00;0,00;0,00;49,00;0,00;71,00;79,98;32,24;180,02;860,26;179,91;785,02;851,18;77,87;0,34
5660;0,00;0,00;0,00;0,00;49,01;0,00;71,00;80,00;32,24;180,05;860,70;179,91;785,40;851,04;77,87;0,34
5665;0,00;0,00;0,00;0,00;49,00;0,00;70,97;80,00;32,24;180,05;862,18;179,93;785,81;852,84;77,87;0,34
5670;0,00;0,00;0,00;0,00;49,00;0,00;71,00;80,02;32,24;180,05;866,06;179,99;786,41;854,36;77,87;0,34
5675;0,00;0,00;0,00;0,00;49,00;0,00;71,00;80,00;32,24;180,04;867,38;180,02;786,48;856,81;77,87;0,34
5680;0,00;0,00;0,00;0,00;49,00;0,00;70,99;80,03;32,24;180,02;867,94;180,10;786,43;857,35;77,87;0,34
5685;0,00;0,00;0,00;0,00;49,00;0,00;71,01;80,02;32,24;180,02;867,19;180,13;786,31;856,78;77,87;0,34
5690;0,00;0,00;0,00;0,00;48,99;0,00;71,00;80,02;32,24;180,02;864,46;180,18;785,73;855,80;77,87;0,34
5695;0,00;0,00;0,00;0,00;49,00;0,00;71,00;79,98;32,24;180,02;862,78;180,20;785,38;853,07;77,87;0,34
5700;0,00;0,00;0,00;0,00;48,99;0,00;71,00;80,00;32,24;180,02;860,22;180,19;785,08;851,89;77,87;0,34
5705;0,00;0,00;0,00;0,00;48,99;0,00;71,01;80,03;32,26;180,02;860,12;180,18;785,21;851,14;77,87;0,34
5710;0,00;0,00;0,00;0,00;49,00;0,00;71,01;79,98;32,25;180,04;862,45;180,13;785,92;851,84;77,87;0,34
5715;0,00;0,00;0,00;0,00;49,00;0,00;70,98;80,02;32,25;180,04;864,38;180,10;786,28;854,57;77,87;0,34
5720;0,00;0,00;0,00;0,00;49,01;0,00;71,01;80,02;32,25;180,04;867,50;180,03;786,52;856,92;77,87;0,34
5725;0,00;0,00;0,00;0,00;48,99;0,00;71,00;80,02;32,25;180,03;868,01;180,00;786,51;857,38;77,87;0,34
5730;0,00;0,00;0,00;0,00;48,99;0,00;71,00;80,02;32,26;180,02;867,07;179,95;786,30;856,65;77,87;0,34
5735;0,00;0,00;0,00;0,00;49,00;0,00;71,02;80,02;32,26;179,99;865,75;179,94;786,06;855,62;77,87;0,34
5740;0,00;0,00;0,00;0,00;49,00;0,00;71,00;80,02;32,26;179,99;862,49;179,93;785,37;852,93;77,87;0,34
5745;0,00;0,00;0,00;0,00;49,00;0,00;71,01;80,02;32,24;180,02;861,04;179,93;785,16;851,77;77,87;0,34
5750;0,00;0,00;0,00;0,00;49,00;0,00;71,01;80,00;32,24;180,03;860,26;179,97;785,33;851,27;77,87;0,34
5755;0,00;0,00;0,00;0,00;49,00;0,00;70,98;80,02;32,25;180,05;861,22;179,98;785,65;852,08;77,87;0,34
5760;0,00;0,00;0,00;0,00;48,99;0,00;71,00;80,02;32,25;180,05;864,79;180,04;786,39;854,93;77,87;0,34
5765;0,00;0,00;0,00;0,00;49,00;0,00;71,00;80,00;32,26;180,04;866,59;180,08;786,54;856,20;77,87;0,34
5770;0,00;0,00;0,00;0,00;49,00;0,00;71,00;80,02;32,26;180,03;868,00;180,13;786,56;857,39;77,87;0,34
5775;0,00;0,00;0,00;0,00;49,00;0,00;71,00;80,02;32,25;179,99;867,68;180,15;786,48;857,16;77,87;0,34
5780;0,00;0,00;0,00;0,00;49,00;0,00;71,02;80,00;32,25;179,98;865,39;180,17;786,04;855,32;77,87;0,34
5785;0,00;0,00;0,00;0,00;49,00;0,00;71,00;80,00;32,26;179,99;863,77;180,17;785,68;853,96;77,87;0,34
5790;0,00;0,00;0,00;0,00;49,00;0,00;71,00;80,00;32,25;180,01;860,67;180,14;785,18;851,57;77,87;0,34
5795;0,00;0,00;0,00;0,00;49,00;0,00;70,99;80,02;32,26;180,05;860,08;180,12;785,22;851,13;77,87;0,34
5800;0,00;0,00;0,00;0,00;49,00;0,00;70,97;80,00;32,27;180,07;861,52;180,07;785,77;852,35;77,87;0,34
5805;0,00;0,00;0,00;0,00;49,00;0,00;71,02;80,02;32,26;180,05;865,34;180,04;786,18;853,76;77,87;0,34
5810;0,00;0,00;0,00;0,00;49,00;0,00;71,01;80,02;32,25;180,04;866,90;179,98;786,58;856,46;77,87;0,34
5815;0,00;0,00;0,00;0,00;49,00;0,00;70,97;80,02;32,26;180,01;868,03;179,96;786,61;857,23;77,87;0,34
5820;0,00;0,00;0,00;0,00;49,00;0,00;71,00;79,98;32,28;180,01;867,59;179,94;786,49;857,12;77,87;0,34
5825;0,00;0,00;0,00;0,00;49,00;0,00;70,98;80,00;32,28;180,00;865,13;179,94;786,30;856,31;77,87;0,34
5830;0,00;0,00;0,00;0,00;49,00;0,00;70,98;80,03;32,28;180,01;863,46;179,95;785,65;853,76;77,87;0,34
5835;0,00;0,00;0,00;0,00;48,99;0,00;71,01;80,02;32,28;180,04;860,61;179,97;785,35;852,45;77,87;0,34
5840;0,00;0,00;0,00;0,00;48,99;0,00;71,00;80,02;32,28;180,05;860,06;180,02;785,26;851,13;77,87;0,34
5845;0,00;0,00;0,00;0,00;49,00;0,00;71,00;80,02;32,28;180,06;861,77;180,05;785,48;851,51;77,87;0,34
5850;0,00;0,00;0,00;0,00;49,00;0,00;71,01;80,00;32,28;180,05;863,60;180,11;786,25;854,01;77,87;0,34
5855;0,00;0,00;0,00;0,00;49,00;0,00;71,00;80,02;32,29;180,01;867,05;180,13;786,52;855,48;77,87;0,34
5860;0,00;0,00;0,00;0,00;49,00;0,00;71,01;80,02;32,31;180,00;867,97;180,18;786,67;857,38;77,87;0,34
5865;0,00;0,00;0,00;0,00;49,00;0,00;70,98;79,98;32,29;180,00;867,58;180,19;786,64;857,53;77,87;0,34
5870;0,00;0,00;0,00;0,00;49,00;0,00;71,01;80,02;32,29;180,01;866,56;180,18;786,35;856,29;77,87;0,34
5875;0,00;0,00;0,00;0,00;49,00;0,00;70,97;80,00;32,30;180,04;863,48;180,14;786,05;855,09;77,87;0,34
5880;0,00;0,00;0,00;0,00;49,00;0,00;71,02;80,00;32,30;180,06;861,70;180,12;785,38;852,37;77,87;0,34
5885;0,00;0,00;0,00;0,00;49,01;0,00;71,00;80,03;32,31;180,06;860,02;180,05;785,24;851,43;77,87;0,34
5890;0,00;0,00;0,00;0,00;49,00;0,00;71,00;80,00;32,31;180,04;860,45;180,02;785,53;851,52;77,87;0,34
5895;0,00;0,00;0,00;0,00;49,00;0,00;71,00;80,00;32,31;180,00;863,60;179,97;785,91;852,60;77,87;0,34
5900;0,00;0,00;0,00;0,00;49,00;0,00;70,99;80,00;32,31;180,00;865,65;179,95;786,58;855,53;77,87;0,34
5905;0,00;0,00;0,00;0,00;49,00;0,00;71,00;80,00;32,31;180,03;867,95;179,94;786,69;856,70;77,87;0,34
5910;0,00;0,00;0,00;0,00;49,00;0,00;71,02;79,98;32,31;180,05;868,06;179,94;786,66;857,51;77,87;0,34
5915;0,00;0,00;0,00;0,00;49,00;0,00;70,98;80,00;32,31;180,06;866,39;179,96;786,34;857,10;77,87;0,34
5920;0,00;0,00;0,00;0,00;49,00;0,00;71,00;80,00;32,31;180,05;864,95;179,99;786,05;855,00;77,87;0,34
5925;0,00;0,00;0,00;0,00;49,00;0,00;71,01;80,03;32,32;180,05;861,69;180,05;785,40;853,61;77,87;0,34
5930;0,00;0,00;0,00;0,00;49,01;0,00;71,00;80,03;32,32;180,03;860,52;180,08;785,28;851,47;77,87;0,34
5935;0,00;0,00;0,00;0,00;49,00;0,00;71,02;80,00;32,32;180,00;860,68;180,13;785,61;851,22;77,87;0,34
5940;0,00;0,00;0,00;0,00;49,00;0,00;70,98;80,00;32,31;180,00;862,06;180,15;786,00;852,80;77,87;0,34
5945;0,00;0,00;0,00;0,00;49,00;0,00;71,01;80,03;32,31;180,00;865,77;180,17;786,61;854,25;77,87;0,34
5950;0,00;0,00;0,00;0,00;49,00;0,00;71,00;79,98;32,32;180,02;867,17;180,17;786,69;856,78;77,87;0,34
5955;0,00;0,00;0,00;0,00;49,00;0,00;71,00;79,98;32,32;180,06;867,93;180,13;786,65;857,42;77,87;0,34
5960;0,00;0,00;0,00;0,00;49,00;0,00;71,00;80,00;32,33;180,07;867,30;180,11;786,52;856,92;77,87;0,34
5965;0,00;0,00;0,00;0,00;48,99;0,00;71,02;80,00;32,33;180,07;864,72;180,06;786,00;854,72;77,87;0,34
5970;0,00;0,00;0,00;0,00;49,00;0,00;71,03;80,03;32,34;180,04;862,91;180,03;785,63;853,39;77,87;0,34
5975;0,00;0,00;0,00;0,00;49,00;0,00;71,00;80,03;32,34;180,02;860,36;179,98;785,29;851,39;77,87;0,34
5980;0,00;0,00;0,00;0,00;49,00;0,00;71,00;79,97;32,33;180,01;860,15;179,96;785,41;851,26;77,87;0,34
5985;0,00;0,00;0,00;0,00;49,00;0,00;71,03;80,00;32,33;180,02;862,44;179,94;786,10;853,11;77,87;0,34
5990;0,00;0,00;0,00;0,00;48,99;0,00;71,01;79,98;32,34;180,04;864,36;179,94;786,46;854,60;77,87;0,34
5995;0,00;0,00;0,00;0,00;49,00;0,00;71,00;79,97;32,34;180,05;867,45;179,97;786,73;857,00;77,87;0,34
6000;0,00;0,00;0,00;0,00;48,99;0,00;71,00;80,03;32,35;180,05;868,05;179,98;786,74;857,51;77,87;0,34
6005;0,00;0,00;0,00;0,00;49,00;0,00;70,97;80,02;32,35;180,05;867,20;180,03;786,54;856,89;77,87;0,34
6010;0,00;0,00;0,00;0,00;49,01;0,00;71,02;79,98;32,35;180,02;866,01;180,05;786,31;855,90;77,87;0,34
6015;0,00;0,00;0,00;0,00;49,01;0,00;71,00;79,98;32,35;180,02;862,77;180,10;785,60;853,21;77,87;0,34
6020;0,00;0,00;0,00;0,00;49,01;0,00;71,01;80,00;32,36;180,02;860,23;180,12;785,36;852,01;77,87;0,34
6025;0,00;0,00;0,00;0,00;49,00;0,00;71,01;80,02;32,35;180,02;860,14;180,15;785,45;851,25;77,87;0,34
6030;0,00;0,00;0,00;0,00;49,00;0,00;71,00;80,00;32,35;180,04;862,52;180,16;785,74;851,95;77,87;0,34
6035;0,00;0,00;0,00;0,00;49,00;0,00;71,00;80,00;32,35;180,04;864,46;180,16;786,52;854,80;77,87;0,34
6040;0,00;0,00;0,00;0,00;49,00;0,00;71,00;80,00;32,37;180,04;867,63;180,15;786,71;856,16;77,87;0,34
6045;0,00;0,00;0,00;0,00;49,00;0,00;70,98;80,02;32,36;180,03;868,18;180,13;786,80;857,63;77,87;0,34
6050;0,00;0,00;0,00;0,00;48,99;0,00;70,99;80,00;32,36;180,04;867,31;180,11;786,75;857,55;77,87;0,34
6055;0,00;0,00;0,00;0,00;49,00;0,00;71,00;80,03;32,36;180,03;866,12;180,05;786,38;855,97;77,87;0,34
6060;0,00;0,00;0,00;0,00;49,00;0,00;71,02;80,00;32,38;180,02;862,76;180,02;786,05;854,66;77,87;0,34
6065;0,00;0,00;0,00;0,00;49,00;0,00;70,99;80,00;32,37;180,03;861,22;179,97;785,44;852,03;77,87;0,34
6070;0,00;0,00;0,00;0,00;49,00;0,00;71,00;80,00;32,38;180,04;860,07;179,93;785,37;851,28;77,87;0,34
6075;0,00;0,00;0,00;0,00;49,00;0,00;71,03;80,02;32,37;180,05;860,91;179,93;785,78;851,93;77,87;0,34
6080;0,00;0,00;0,00;0,00;49,00;0,00;71,00;80,00;32,37;180,06;864,47;179,94;786,20;853,21;77,87;0,34
6085;0,00;0,00;0,00;0,00;48,99;0,00;71,00;79,98;32,37;180,07;866,30;179,96;786,77;856,14;77,87;0,34
6090;0,00;0,00;0,00;0,00;49,01;0,00;71,00;79,97;32,38;180,03;868,22;180,00;786,84;857,17;77,87;0,34
6095;0,00;0,00;0,00;0,00;49,00;0,00;70,99;80,02;32,38;180,01;868,07;180,03;786,80;857,61;77,87;0,34
6100;0,00;0,00;0,00;0,00;49,00;0,00;71,00;80,02;32,39;179,99;866,14;180,09;786,68;857,03;77,87;0,34
6105;0,00;0,00;0,00;0,00;49,00;0,00;71,00;79,98;32,39;180,01;864,61;180,12;786,12;854,72;77,87;0,34
6110;0,00;0,00;0,00;0,00;49,00;0,00;71,00;80,00;32,39;180,05;861,27;180,15;785,49;853,32;77,87;0,34
6115;0,00;0,00;0,00;0,00;49,01;0,00;71,01;79,98;32,39;180,06;860,32;180,16;785,43;851,40;77,87;0,34
6120;0,00;0,00;0,00;0,00;49,01;0,00;70,98;79,98;32,39;180,10;860,94;180,15;785,85;851,34;77,87;0,34
6125;0,00;0,00;0,00;0,00;49,00;0,00;71,00;79,98;32,41;180,08;862,48;180,14;786,25;853,21;77,87;0,34
6130;0,00;0,00;0,00;0,00;49,01;0,00;71,03;80,00;32,40;180,04;866,34;180,10;786,80;854,76;77,87;0,34
6135;0,00;0,00;0,00;0,00;49,00;0,00;71,02;80,00;32,41;180,01;867,58;180,07;786,88;857,13;77,87;0,34
6140;0,00;0,00;0,00;0,00;49,00;0,00;70,99;80,02;32,40;180,00;867,99;180,02;786,81;857,62;77,87;0,34
6145;0,00;0,00;0,00;0,00;49,00;0,00;70,99;80,03;32,40;180,02;867,26;180,00;786,68;856,94;77,87;0,34
6150;0,00;0,00;0,00;0,00;49,00;0,00;71,00;80,00;32,39;180,06;864,42;179,97;786,11;855,93;77,87;0,34
6155;0,00;0,00;0,00;0,00;49,00;0,00;71,02;79,97;32,40;180,10;862,74;179,96;785,75;853,24;77,87;0,34
6160;0,00;0,00;0,00;0,00;49,00;0,00;70,98;80,03;32,40;180,09;860,32;179,95;785,45;851,40;77,87;0,34
6165;0,00;0,00;0,00;0,00;49,00;0,00;71,00;80,00;32,40;180,05;860,23;179,96;785,60;851,40;77,87;0,34
6170;0,00;0,00;0,00;0,00;49,00;0,00;71,00;80,05;32,40;180,02;862,74;179,97;786,31;853,41;77,87;0,34
6175;0,00;0,00;0,00;0,00;49,00;0,00;71,01;80,03;32,40;179,98;864,66;179,99;786,65;854,90;77,87;0,34
6180;0,00;0,00;0,00;0,00;49,00;0,00;70,99;79,98;32,39;179,98;867,58;180,02;786,87;857,19;77,87;0,34
6185;0,00;0,00;0,00;0,00;49,01;0,00;71,00;80,02;32,40;180,02;868,07;180,04;786,86;857,58;77,87;0,34
6190;0,00;0,00;0,00;0,00;48,98;0,00;71,01;80,02;32,39;180,06;867,01;180,08;786,62;856,76;77,87;0,34
6195;0,00;0,00;0,00;0,00;49,01;0,00;71,00;80,00;32,40;180,09;865,77;180,10;786,38;855,70;77,87;0,34
6200;0,00;0,00;0,00;0,00;49,00;0,00;70,98;79,97;32,40;180,08;862,53;180,13;785,69;853,03;77,87;0,34
6205;0,00;0,00;0,00;0,00;49,00;0,00;71,00;80,00;32,39;180,05;861,02;180,14;785,48;851,93;77,87;0,34
6210;0,00;0,00;0,00;0,00;49,00;0,00;71,02;80,02;32,39;180,03;860,31;180,12;785,64;851,48;77,87;0,34
6215;0,00;0,00;0,00;0,00;49,00;0,00;70,99;80,00;32,39;180,02;861,27;180,11;785,97;852,31;77,87;0,34
6220;0,00;0,00;0,00;0,00;49,00;0,00;71,00;80,02;32,39;180,03;865,03;180,08;786,70;855,20;77,87;0,34
6225;0,00;0,00;0,00;0,00;49,00;0,00;71,00;79,98;32,41;180,04;867,74;180,06;786,84;856,47;77,87;0,34
6230;0,00;0,00;0,00;0,00;49,00;0,00;71,01;80,00;32,40;180,04;868,10;180,01;786,86;857,62;77,87;0,34
6235;0,00;0,00;0,00;0,00;49,00;0,00;71,02;80,02;32,40;180,05;866,85;179,98;786,77;857,37;77,87;0,34
6240;0,00;0,00;0,00;0,00;49,00;0,00;71,01;79,97;32,39;180,04;865,53;179,93;786,35;855,52;77,87;0,34
6245;0,00;0,00;0,00;0,00;49,00;0,00;71,00;80,00;32,40;180,04;862,27;179,91;785,99;854,22;77,87;0,34
6250;0,00;0,00;0,00;0,00;49,00;0,00;71,02;80,02;32,41;180,04;860,91;179,90;785,48;851,85;77,87;0,34
6255;0,00;0,00;0,00;0,00;49,00;0,00;71,00;80,00;32,41;180,04;860,43;179,90;785,50;851,36;77,87;0,34
6260;0,00;0,00;0,00;0,00;49,00;0,00;71,01;80,00;32,40;180,05;861,53;179,93;786,05;852,53;77,87;0,34
6265;0,00;0,00;0,00;0,00;49,00;0,00;71,00;80,00;32,39;180,05;865,19;179,95;786,44;853,91;77,87;0,34
6270;0,00;0,00;0,00;0,00;49,00;0,00;71,00;80,00;32,40;180,05;866,88;180,01;786,85;856,59;77,87;0,34
6275;0,00;0,00;0,00;0,00;49,00;0,00;71,00;80,00;32,40;180,05;868,03;180,04;786,87;857,37;77,87;0,34
6280;0,00;0,00;0,00;0,00;49,01;0,00;71,00;80,00;32,40;180,05;867,61;180,10;786,75;857,26;77,87;0,34
6285;0,00;0,00;0,00;0,00;49,00;0,00;71,01;79,98;32,39;180,05;865,20;180,14;786,57;856,47;77,87;0,34
6290;0,00;0,00;0,00;0,00;49,00;0,00;71,00;79,98;32,39;180,05;863,56;180,16;785,93;853,94;77,87;0,34
6295;0,00;0,00;0,00;0,00;49,00;0,00;71,02;80,00;32,39;180,04;860,69;180,17;785,61;852,63;77,87;0,34
6300;0,00;0,00;0,00;0,00;49,00;0,00;70,98;80,00;32,40;180,04;860,14;180,16;785,52;851,32;77,87;0,34
6305;0,00;0,00;0,00;0,00;49,00;0,00;71,03;80,00;32,38;180,05;861,78;180,12;785,73;851,67;77,87;0,34
6310;0,00;0,00;0,00;0,00;49,01;0,00;71,00;80,00;32,38;180,06;863,61;180,09;786,48;854,11;77,87;0,34
6315;0,00;0,00;0,00;0,00;49,00;0,00;71,00;80,02;32,39;180,07;867,01;180,02;786,75;855,61;77,87;0,34
6320;0,00;0,00;0,00;0,00;49,00;0,00;71,00;79,98;32,38;180,06;867,93;179,99;786,87;857,49;77,87;0,34
6325;0,00;0,00;0,00;0,00;49,00;0,00;71,00;80,00;32,38;180,04;867,56;179,91;786,83;857,63;77,87;0,34
6330;0,00;0,00;0,00;0,00;49,00;0,00;70,98;79,98;32,38;180,04;866,55;179,88;786,52;856,40;77,87;0,34
6335;0,00;0,00;0,00;0,00;49,01;0,00;71,00;80,00;32,39;180,02;863,36;179,85;785,86;855,19;77,87;0,34
6340;0,00;0,00;0,00;0,00;48,99;0,00;71,01;79,98;32,39;180,02;861,75;179,84;785,55;852,51;77,87;0,34
6345;0,00;0,00;0,00;0,00;49,00;0,00;71,02;79,98;32,39;180,03;860,07;179,87;785,49;851,59;77,87;0,34
6350;0,00;0,00;0,00;0,00;49,00;0,00;71,00;80,00;32,38;180,04;860,49;179,89;785,73;851,68;77,87;0,34
6355;0,00;0,00;0,00;0,00;49,00;0,00;71,02;80,00;32,39;180,06;863,76;179,96;786,51;852,77;77,87;0,34
6360;0,00;0,00;0,00;0,00;49,00;0,00;71,01;80,00;32,38;180,06;865,67;180,00;786,78;855,69;77,87;0,34
6365;0,00;0,00;0,00;0,00;49,00;0,00;71,00;80,02;32,39;180,06;868,02;180,09;786,91;856,87;77,87;0,34
6370;0,00;0,00;0,00;0,00;49,00;0,00;71,00;80,02;32,40;180,05;868,17;180,13;786,88;857,71;77,87;0,34
6375;0,00;0,00;0,00;0,00;49,00;0,00;71,00;80,00;32,42;180,03;866,57;180,18;786,59;857,32;77,87;0,34
6380;0,00;0,00;0,00;0,00;48,99;0,00;71,02;79,98;32,42;180,00;865,15;180,19;786,29;855,27;77,87;0,34
6385;0,00;0,00;0,00;0,00;49,00;0,00;71,02;80,02;32,42;180,00;861,72;180,18;785,62;852,52;77,87;0,34
6390;0,00;0,00;0,00;0,00;49,00;0,00;71,02;80,02;32,40;180,03;860,52;180,17;785,48;851,60;77,87;0,34
6395;0,00;0,00;0,00;0,00;49,00;0,00;71,02;80,05;32,40;180,04;860,52;180,11;785,79;851,71;77,87;0,34
6400;0,00;0,00;0,00;0,00;49,00;0,00;71,00;79,98;32,40;180,05;861,95;180,07;786,17;852,82;77,87;0,34
6405;0,00;0,00;0,00;0,00;48,99;0,00;71,00;80,05;32,40;180,04;865,68;179,98;786,79;855,72;77,87;0,34
6410;0,00;0,00;0,00;0,00;49,00;0,00;71,01;80,02;32,40;180,02;867,13;179,94;786,88;856,86;77,87;0,34
6415;0,00;0,00;0,00;0,00;49,00;0,00;71,02;80,00;32,41;180,01;868,00;179,89;786,87;857,61;77,87;0,34
6420;0,00;0,00;0,00;0,00;49,00;0,00;71,00;79,98;32,40;180,01;867,43;179,86;786,76;857,18;77,87;0,34
6425;0,00;0,00;0,00;0,00;48,99;0,00;70,98;79,98;32,39;180,01;864,93;179,86;786,24;855,07;77,87;0,34
6430;0,00;0,00;0,00;0,00;49,00;0,00;70,98;80,02;32,42;180,05;863,27;179,87;785,90;853,70;77,87;0,34
6435;0,00;0,00;0,00;0,00;49,00;0,00;71,02;80,05;32,40;180,05;860,47;179,91;785,51;851,59;77,87;0,34
6440;0,00;0,00;0,00;0,00;48,99;0,00;70,98;80,00;32,41;180,04;860,15;179,95;785,60;851,38;77,87;0,34
6445;0,00;0,00;0,00;0,00;49,00;0,00;71,03;79,97;32,41;180,02;862,12;180,03;786,26;853,03;77,87;0,34
6450;0,00;0,00;0,00;0,00;49,00;0,00;71,02;80,00;32,42;179,99;864,15;180,07;786,63;854,53;77,87;0,34
6455;0,00;0,00;0,00;0,00;49,01;0,00;70,99;80,00;32,43;179,98;867,30;180,14;786,92;857,00;77,87;0,34
6460;0,00;0,00;0,00;0,00;48,99;0,00;71,01;80,05;32,42;180,01;867,98;180,16;786,93;857,56;77,87;0,34
6465;0,00;0,00;0,00;0,00;49,01;0,00;71,00;79,97;32,42;180,03;867,25;180,17;786,75;857,02;77,87;0,34
6470;0,00;0,00;0,00;0,00;49,00;0,00;71,00;79,98;32,43;180,06;864,63;180,16;786,53;856,07;77,87;0,34
6475;0,00;0,00;0,00;0,00;49,00;0,00;71,00;79,98;32,44;180,05;862,97;180,12;785,85;853,47;77,87;0,34
6480;0,00;0,00;0,00;0,00;49,00;0,00;70,99;80,03;32,45;180,05;860,35;180,09;785,58;852,26;77,87;0,34
6485;0,00;0,00;0,00;0,00;49,00;0,00;71,00;80,03;32,45;180,03;860,19;180,01;785,66;851,42;77,87;0,34
6490;0,00;0,00;0,00;0,00;49,00;0,00;70,99;79,98;32,45;180,00;862,42;179,97;785,95;852,07;77,87;0,34
6495;0,00;0,00;0,00;0,00;49,00;0,00;71,00;80,00;32,46;179,99;864,45;179,90;786,69;854,81;77,87;0,34
6500;0,00;0,00;0,00;0,00;48,99;0,00;71,00;80,00;32,45;180,01;867,43;179,87;786,86;856,15;77,87;0,34
6505;0,00;0,00;0,00;0,00;49,00;0,00;70,98;80,03;32,46;180,03;867,99;179,84;786,92;857,57;77,87;0,34
6510;0,00;0,00;0,00;0,00;49,00;0,00;70,99;80,00;32,46;180,06;867,05;179,84;786,85;857,46;77,87;0,34
6515;0,00;0,00;0,00;0,00;49,00;0,00;71,00;79,98;32,45;180,05;865,84;179,87;786,48;855,82;77,87;0,34
6520;0,00;0,00;0,00;0,00;49,01;0,00;70,97;80,02;32,47;180,02;862,52;179,91;786,13;854,49;77,87;0,34
6525;0,00;0,00;0,00;0,00;49,00;0,00;70,98;79,98;32,47;180,01;861,08;179,98;785,55;852,02;77,87;0,34
6530;0,00;0,00;0,00;0,00;49,00;0,00;71,00;79,97;32,47;180,01;860,24;180,02;785,53;851,42;77,87;0,34
6535;0,00;0,00;0,00;0,00;49,00;0,00;71,01;80,00;32,46;180,01;861,15;180,10;786,01;852,24;77,87;0,34
6540;0,00;0,00;0,00;0,00;49,00;0,00;71,00;80,02;32,47;180,03;864,66;180,16;786,40;853,55;77,87;0,34
6545;0,00;0,00;0,00;0,00;49,00;0,00;71,00;80,02;32,46;180,03;866,48;180,19;786,88;856,31;77,87;0,34
6550;0,00;0,00;0,00;0,00;49,02;0,00;70,99;79,98;32,48;180,02;867,98;180,20;786,92;857,21;77,87;0,34
6555;0,00;0,00;0,00;0,00;49,00;0,00;71,00;80,00;32,49;180,01;867,72;180,19;786,82;857,40;77,87;0,34
6560;0,00;0,00;0,00;0,00;49,01;0,00;71,01;80,02;32,48;179,99;865,64;180,16;786,66;856,72;77,87;0,34
6565;0,00;0,00;0,00;0,00;49,00;0,00;71,01;80,02;32,49;179,99;863,96;180,12;786,06;854,33;77,87;0,34
6570;0,00;0,00;0,00;0,00;48,99;0,00;71,00;80,00;32,48;180,02;860,93;180,04;785,72;852,99;77,87;0,34
6575;0,00;0,00;0,00;0,00;49,00;0,00;71,00;80,02;32,49;180,02;860,19;180,01;785,53;851,39;77,87;0,34
6580;0,00;0,00;0,00;0,00;48,99;0,00;71,03;80,00;32,50;180,03;861,30;179,94;786,05;851,54;77,87;0,34
6585;0,00;0,00;0,00;0,00;49,01;0,00;70,99;80,02;32,49;180,03;863,13;179,91;786,45;853,79;77,87;0,34
6590;0,00;0,00;0,00;0,00;49,00;0,00;70,99;80,02;32,51;180,00;866,67;179,88;786,90;855,24;77,87;0,34
6595;0,00;0,00;0,00;0,00;48,99;0,00;71,02;80,03;32,51;180,00;867,70;179,88;786,93;857,34;77,87;0,34
6600;0,00;0,00;0,00;0,00;49,00;0,00;71,00;80,00;32,51;180,01;867,63;179,90;786,82;857,62;77,87;0,34
6605;0,00;0,00;0,00;0,00;49,00;0,00;71,00;79,98;32,51;180,02;866,72;179,93;786,65;856,61;77,87;0,34
6610;0,00;0,00;0,00;0,00;49,00;0,00;71,01;79,98;32,51;180,04;863,79;179,99;786,02;855,50;77,87;0,34
6615;0,00;0,00;0,00;0,00;48,99;0,00;71,02;79,98;32,52;180,04;862,17;180,03;785,70;852,83;77,87;0,34
6620;0,00;0,00;0,00;0,00;49,00;0,00;71,00;79,98;32,52;180,02;860,16;180,10;785,58;851,39;77,87;0,34
6625;0,00;0,00;0,00;0,00;49,00;0,00;70,99;79,98;32,51;180,00;860,45;180,14;785,78;851,66;77,87;0,34
6630;0,00;0,00;0,00;0,00;49,00;0,00;71,02;80,00;32,53;180,00;863,38;180,18;786,53;854,01;77,87;0,34
6635;0,00;0,00;0,00;0,00;49,00;0,00;71,00;80,00;32,52;180,01;865,25;180,19;786,81;855,46;77,87;0,34
6640;0,00;0,00;0,00;0,00;49,00;0,00;71,02;80,02;32,53;180,02;867,78;180,18;786,97;857,42;77,87;0,34
6645;0,00;0,00;0,00;0,00;49,00;0,00;70,98;80,00;32,53;180,05;868,02;180,16;786,94;857,65;77,87;0,34
6650;0,00;0,00;0,00;0,00;49,00;0,00;71,01;80,02;32,53;180,05;866,63;180,11;786,66;856,56;77,87;0,34
6655;0,00;0,00;0,00;0,00;49,01;0,00;71,01;79,98;32,53;180,04;865,28;180,08;786,38;855,41;77,87;0,34
6660;0,00;0,00;0,00;0,00;49,01;0,00;71,02;80,02;32,53;180,02;861,99;180,00;785,70;852,73;77,87;0,34
6665;0,00;0,00;0,00;0,00;49,00;0,00;71,02;80,00;32,52;180,00;860,08;179,97;785,54;851,73;77,87;0,34
6670;0,00;0,00;0,00;0,00;49,00;0,00;71,00;79,98;32,53;180,01;860,44;179,91;785,81;851,66;77,87;0,34
6675;0,00;0,00;0,00;0,00;48,99;0,00;70,99;80,02;32,52;180,02;863,44;179,88;786,16;852,67;77,87;0,34
6680;0,00;0,00;0,00;0,00;49,00;0,00;71,03;80,00;32,51;180,04;865,36;179,87;786,84;855,55;77,87;0,34
6685;0,00;0,00;0,00;0,00;49,00;0,00;71,00;80,02;32,52;180,05;867,87;179,89;786,94;856,74;77,87;0,34
6690;0,00;0,00;0,00;0,00;49,00;0,00;71,02;80,00;32,50;180,05;868,03;179,93;786,94;857,66;77,87;0,34
6695;0,00;0,00;0,00;0,00;49,00;0,00;71,00;79,98;32,51;180,03;866,57;179,96;786,84;857,30;77,87;0,34
6700;0,00;0,00;0,00;0,00;49,00;0,00;71,01;80,00;32,51;180,01;865,19;180,03;786,37;855,30;77,87;0,34
6705;0,00;0,00;0,00;0,00;49,00;0,00;71,01;80,03;32,51;179,99;861,81;180,10;786,01;853,94;77,87;0,34
6710;0,00;0,00;0,00;0,00;49,00;0,00;71,02;80,00;32,50;179,98;860,58;180,12;785,55;851,70;77,87;0,34
6715;0,00;0,00;0,00;0,00;49,01;0,00;71,00;79,98;32,51;179,99;860,50;180,17;785,62;851,37;77,87;0,34
6720;0,00;0,00;0,00;0,00;49,01;0,00;71,01;79,97;32,50;179,99;861,74;180,18;786,23;852,78;77,87;0,34
6725;0,00;0,00;0,00;0,00;49,00;0,00;71,02;80,00;32,51;180,00;865,58;180,18;786,62;854,24;77,87;0,34
6730;0,00;0,00;0,00;0,00;49,00;0,00;71,01;80,00;32,50;180,02;867,05;180,16;786,96;856,82;77,87;0,34
6735;0,00;0,00;0,00;0,00;49,00;0,00;71,02;80,00;32,50;180,05;867,95;180,11;786,98;857,51;77,87;0,34
6740;0,00;0,00;0,00;0,00;49,01;0,00;71,00;80,00;32,49;180,05;867,39;180,08;786,83;857,18;77,87;0,34
6745;0,00;0,00;0,00;0,00;49,00;0,00;71,00;79,98;32,49;180,04;864,91;180,00;786,63;856,31;77,87;0,34
6750;0,00;0,00;0,00;0,00;49,00;0,00;71,02;80,00;32,50;180,03;863,13;179,96;785,97;853,70;77,87;0,34
6755;0,00;0,00;0,00;0,00;49,00;0,00;71,00;79,98;32,51;180,00;860,49;179,92;785,69;852,47;77,87;0,34
6760;0,00;0,00;0,00;0,00;49,00;0,00;71,00;80,02;32,50;179,99;860,17;179,90;785,69;851,44;77,87;0,34
6765;0,00;0,00;0,00;0,00;49,00;0,00;71,03;79,98;32,51;180,01;862,11;179,89;785,95;851,95;77,87;0,34
6770;0,00;0,00;0,00;0,00;49,00;0,00;71,00;79,97;32,51;180,02;864,14;179,90;786,71;854,59;77,87;0,34
6775;0,00;0,00;0,00;0,00;48,99;0,00;71,02;79,98;32,50;180,04;867,26;179,95;786,93;855,97;77,87;0,34
6780;0,00;0,00;0,00;0,00;49,00;0,00;70,99;79,98;32,51;180,05;867,96;179,98;787,01;857,58;77,87;0,34
6785;0,00;0,00;0,00;0,00;48,99;0,00;71,01;80,02;32,51;180,03;867,21;180,04;786,82;857,57;77,87;0,34
6790;0,00;0,00;0,00;0,00;49,00;0,00;71,00;79,98;32,52;180,03;866,09;180,09;786,60;856,09;77,87;0,34
6795;0,00;0,00;0,00;0,00;49,00;0,00;71,00;80,00;32,51;180,00;862,82;180,15;785,92;854,82;77,87;0,34
6800;0,00;0,00;0,00;0,00;49,00;0,00;71,00;79,98;32,52;179,99;861,30;180,17;785,65;852,24;77,87;0,34
6805;0,00;0,00;0,00;0,00;49,01;0,00;71,00;80,02;32,52;180,00;860,10;180,19;785,70;851,49;77,87;0,34
6810;0,00;0,00;0,00;0,00;48,99;0,00;71,01;80,00;32,53;180,02;860,80;180,18;785,99;852,02;77,87;0,34
6815;0,00;0,00;0,00;0,00;49,00;0,00;71,00;80,00;32,53;180,04;864,36;180,13;786,77;853,26;77,87;0,34
6820;0,00;0,00;0,00;0,00;49,00;0,00;71,00;80,02;32,52;180,04;866,17;180,09;786,97;856,15;77,87;0,34
6825;0,00;0,00;0,00;0,00;49,00;0,00;71,00;79,98;32,53;180,04;868,07;180,02;787,05;857,71;77,87;0,34
6830;0,00;0,00;0,00;0,00;48,99;0,00;71,01;80,00;32,53;180,02;867,99;179,98;787,00;857,67;77,87;0,34
6835;0,00;0,00;0,00;0,00;48,99;0,00;71,02;80,02;32,53;180,02;866,08;179,92;786,65;856,15;77,87;0,34
6840;0,00;0,00;0,00;0,00;48,99;0,00;71,00;80,00;32,54;180,02;864,56;179,91;786,32;854,86;77,87;0,34
6845;0,00;0,00;0,00;0,00;49,00;0,00;71,00;80,00;32,54;180,02;861,36;179,88;785,69;852,26;77,87;0,34
6850;0,00;0,00;0,00;0,00;49,00;0,00;70,99;80,00;32,54;180,03;860,26;179,89;785,62;851,51;77,87;0,34
6855;0,00;0,00;0,00;0,00;49,00;0,00;70,98;80,02;32,54;180,03;860,84;179,92;786,05;852,06;77,87;0,34
6860;0,00;0,00;0,00;0,00;49,00;0,00;71,02;79,98;32,54;180,03;862,37;179,95;786,43;853,30;77,87;0,34
6865;0,00;0,00;0,00;0,00;48,98;0,00;70,97;80,00;32,55;180,03;866,24;180,02;787,00;856,20;77,87;0,34
6870;0,00;0,00;0,00;0,00;48,99;0,00;70,99;80,02;32,54;180,04;867,53;180,06;787,08;857,24;77,87;0,34
6875;0,00;0,00;0,00;0,00;49,00;0,00;71,00;80,02;32,54;180,04;868,02;180,13;787,04;857,70;77,87;0,34
6880;0,00;0,00;0,00;0,00;49,00;0,00;71,00;79,98;32,56;180,03;867,27;180,17;786,91;857,13;77,87;0,34
6885;0,00;0,00;0,00;0,00;49,00;0,00;71,02;80,00;32,56;180,03;864,57;180,21;786,35;854,85;77,87;0,34
6890;0,00;0,00;0,00;0,00;48,98;0,00;71,00;80,05;32,56;180,00;862,88;180,22;785,98;853,46;77,87;0,34
6895;0,00;0,00;0,00;0,00;49,00;0,00;71,00;80,00;32,56;180,01;860,26;180,21;785,66;851,48;77,87;0,34
6900;0,00;0,00;0,00;0,00;49,00;0,00;71,00;80,00;32,56;180,01;860,14;180,19;785,81;851,45;77,87;0,34
6905;0,00;0,00;0,00;0,00;49,00;0,00;70,99;79,98;32,56;180,02;862,83;180,12;786,58;852,30;77,87;0,34
6910;0,00;0,00;0,00;0,00;49,01;0,00;71,01;79,98;32,58;180,04;864,77;180,07;786,90;855,14;77,87;0,34
6915;0,00;0,00;0,00;0,00;49,00;0,00;71,00;79,98;32,58;180,04;867,67;179,98;787,13;856,46;77,87;0,34
6920;0,00;0,00;0,00;0,00;49,00;0,00;71,02;80,00;32,59;180,03;868,15;179,94;787,13;857,79;77,87;0,34
6925;0,00;0,00;0,00;0,00;49,00;0,00;70,98;80,02;32,58;180,02;867,09;179,88;786,92;857,63;77,87;0,34
6930;0,00;0,00;0,00;0,00;49,00;0,00;71,01;79,98;32,59;180,01;865,85;179,85;786,67;855,94;77,87;0,34
6935;0,00;0,00;0,00;0,00;49,00;0,00;71,03;80,00;32,58;180,01;862,61;179,85;785,97;853,23;77,87;0,34
6940;0,00;0,00;0,00;0,00;49,00;0,00;71,00;80,00;32,58;180,02;861,03;179,87;785,75;852,08;77,87;0,34
6945;0,00;0,00;0,00;0,00;49,00;0,00;71,00;80,00;32,58;180,02;860,21;179,92;785,90;851,53;77,87;0,34
6950;0,00;0,00;0,00;0,00;49,00;0,00;71,00;80,03;32,59;180,03;861,12;179,96;786,22;852,32;77,87;0,34
6955;0,00;0,00;0,00;0,00;49,00;0,00;71,00;80,02;32,59;180,03;864,71;180,05;786,95;855,16;77,87;0,34
6960;0,00;0,00;0,00;0,00;49,00;0,00;71,00;79,97;32,59;180,03;866,57;180,09;787,12;856,45;77,87;0,34
6965;0,00;0,00;0,00;0,00;49,00;0,00;71,01;79,98;32,59;180,01;868,16;180,17;787,17;857,81;77,87;0,34
6970;0,00;0,00;0,00;0,00;49,00;0,00;71,02;80,02;32,59;180,01;867,15;180,20;787,11;857,68;77,87;0,34
6975;0,00;0,00;0,00;0,00;49,00;0,00;71,00;80,00;32,60;180,00;865,93;180,23;786,72;855,97;77,87;0,34
6980;0,00;0,00;0,00;0,00;49,00;0,00;70,98;80,00;32,60;180,01;864,26;180,23;786,37;854,65;77,87;0,34
6985;0,00;0,00;0,00;0,00;49,00;0,00;71,01;79,98;32,61;180,02;861,10;180,18;785,77;852,11;77,87;0,34
6990;0,00;0,00;0,00;0,00;49,00;0,00;71,02;80,02;32,61;180,03;860,18;180,15;785,74;851,48;77,87;0,34
6995;0,00;0,00;0,00;0,00;49,01;0,00;71,00;80,00;32,60;180,03;861,06;180,06;786,23;852,30;77,87;0,34
7000;0,00;0,00;0,00;0,00;48,99;0,00;71,00;80,02;32,61;180,03;864,75;180,01;786,62;853,56;77,87;0,34
7005;0,00;0,00;0,00;0,00;49,01;0,00;71,02;80,03;32,60;180,02;866,48;179,93;787,13;856,41;77,87;0,34
7010;0,00;0,00;0,00;0,00;49,00;0,00;71,01;80,02;32,62;180,00;868,15;179,89;787,18;857,37;77,87;0,34
7015;0,00;0,00;0,00;0,00;48,99;0,00;71,00;80,02;32,62;179,99;867,96;179,84;787,11;857,68;77,87;0,34
7020;0,00;0,00;0,00;0,00;49,00;0,00;71,00;79,98;32,63;179,98;865,90;179,83;786,97;857,04;77,87;0,34
7025;0,00;0,00;0,00;0,00;48,99;0,00;71,03;79,98;32,63;179,98;864,36;179,85;786,39;854,67;77,87;0,34
7030;0,00;0,00;0,00;0,00;49,00;0,00;71,01;79,98;32,63;180,02;861,05;179,88;786,02;853,30;77,87;0,34
7035;0,00;0,00;0,00;0,00;48,99;0,00;71,00;79,95;32,65;180,04;860,19;179,96;785,75;851,48;77,87;0,34
7040;0,00;0,00;0,00;0,00;49,00;0,00;70,99;80,00;32,63;180,04;861,06;180,00;785,90;851,51;77,87;0,34
7045;0,00;0,00;0,00;0,00;48,99;0,00;71,00;80,02;32,64;180,03;862,83;180,09;786,64;853,63;77,87;0,34
7050;0,00;0,00;0,00;0,00;49,00;0,00;71,02;80,03;32,64;179,99;866,55;180,17;786,98;855,11;77,87;0,34
7055;0,00;0,00;0,00;0,00;49,00;0,00;71,02;80,02;32,64;179,98;867,74;180,21;787,21;857,46;77,87;0,34
7060;0,00;0,00;0,00;0,00;49,00;0,00;71,01;79,97;32,64;179,97;868,05;180,23;787,21;857,89;77,87;0,34
7065;0,00;0,00;0,00;0,00;49,01;0,00;71,00;79,98;32,65;179,99;867,21;180,22;787,01;857,13;77,87;0,34
7070;0,00;0,00;0,00;0,00;49,00;0,00;71,00;79,98;32,64;180,04;864,43;180,18;786,77;856,10;77,87;0,34
7075;0,00;0,00;0,00;0,00;49,00;0,00;70,99;80,03;32,64;180,06;862,73;180,14;786,08;853,37;77,87;0,34
7080;0,00;0,00;0,00;0,00;48,99;0,00;71,00;80,00;32,64;180,07;860,24;180,05;785,82;852,21;77,87;0,34
7085;0,00;0,00;0,00;0,00;49,01;0,00;71,00;79,98;32,65;180,06;860,20;180,00;785,93;851,53;77,87;0,34
7090;0,00;0,00;0,00;0,00;49,00;0,00;71,01;79,98;32,65;180,01;862,64;179,92;786,64;852,25;77,87;0,34
7095;0,00;0,00;0,00;0,00;49,00;0,00;71,00;80,00;32,65;179,99;864,60;179,88;786,98;855,04;77,87;0,34
7100;0,00;0,00;0,00;0,00;49,00;0,00;70,99;79,97;32,66;179,97;867,65;179,84;787,20;856,39;77,87;0,34
7105;0,00;0,00;0,00;0,00;49,00;0,00;71,00;80,02;32,66;179,97;868,14;179,84;787,19;857,80;77,87;0,34
7110;0,00;0,00;0,00;0,00;49,00;0,00;71,00;79,98;32,65;180,00;867,18;179,86;787,00;857,68;77,87;0,34
7115;0,00;0,00;0,00;0,00;49,00;0,00;71,01;79,98;32,65;180,02;865,98;179,88;786,75;856,06;77,87;0,34
7120;0,00;0,00;0,00;0,00;49,01;0,00;71,00;79,98;32,65;180,05;862,63;179,96;786,06;854,75;77,87;0,34
7125;0,00;0,00;0,00;0,00;49,00;0,00;71,02;80,00;32,65;180,06;861,20;180,00;785,82;852,24;77,87;0,34
7130;0,00;0,00;0,00;0,00;48,99;0,00;70,99;80,00;32,67;180,05;860,29;180,08;785,96;851,62;77,87;0,34
7135;0,00;0,00;0,00;0,00;48,99;0,00;71,00;79,97;32,66;180,02;861,16;180,11;786,28;852,37;77,87;0,34
7140;0,00;0,00;0,00;0,00;49,01;0,00;71,02;80,02;32,67;180,01;864,78;180,16;787,00;855,13;77,87;0,34
7145;0,00;0,00;0,00;0,00;49,00;0,00;71,00;80,00;32,66;180,00;866,48;180,17;787,16;856,44;77,87;0,34
7150;0,00;0,00;0,00;0,00;49,02;0,00;71,01;79,98;32,67;180,01;868,07;180,16;787,19;857,76;77,87;0,34
7155;0,00;0,00;0,00;0,00;48,99;0,00;70,98;80,00;32,66;180,04;867,80;180,14;787,11;857,58;77,87;0,34
7160;0,00;0,00;0,00;0,00;49,00;0,00;71,00;80,03;32,67;180,05;865,74;180,09;786,71;855,87;77,87;0,34
7165;0,00;0,00;0,00;0,00;48,99;0,00;71,00;80,02;32,67;180,04;864,17;180,06;786,35;854,49;77,87;0,34
7170;0,00;0,00;0,00;0,00;49,00;0,00;71,01;79,98;32,66;180,02;860,99;179,99;785,79;852,08;77,87;0,34
7175;0,00;0,00;0,00;0,00;49,01;0,00;71,00;79,97;32,67;179,99;860,23;179,96;785,79;851,53;77,87;0,34
7180;0,00;0,00;0,00;0,00;48,99;0,00;71,01;80,00;32,65;179,98;861,29;179,90;786,31;852,51;77,87;0,34
7185;0,00;0,00;0,00;0,00;48,99;0,00;71,00;79,98;32,67;179,99;863,11;179,88;786,71;853,88;77,87;0,34
7190;0,00;0,00;0,00;0,00;49,01;0,00;71,00;80,03;32,65;180,00;866,67;179,86;787,16;856,61;77,87;0,34
7195;0,00;0,00;0,00;0,00;49,00;0,00;71,00;79,98;32,66;180,02;867,72;179,87;787,20;857,46;77,87;0,34
7200;0,00;0,00;0,00;0,00;49,01;0,00;71,02;80,00;32,65;180,02;867,71;179,92;787,10;857,53;77,87;0,34
7205;0,00;0,00;0,00;0,00;49,00;0,00;71,00;80,05;32,65;180,02;866,82;179,94;786,94;856,81;77,87;0,34
7210;0,00;0,00;0,00;0,00;49,00;0,00;71,01;80,05;32,64;180,02;863,92;180,02;786,32;854,35;77,87;0,34
7215;0,00;0,00;0,00;0,00;49,01;0,00;71,00;80,00;32,64;180,03;860,87;180,05;786,00;853,01;77,87;0,34
7220;0,00;0,00;0,00;0,00;49,00;0,00;70,99;80,00;32,66;180,03;860,22;180,12;785,84;851,54;77,87;0,34
7225;0,00;0,00;0,00;0,00;49,01;0,00;70,99;80,02;32,64;180,02;861,55;180,15;786,05;851,77;77,87;0,34
7230;0,00;0,00;0,00;0,00;49,00;0,00;71,01;79,98;32,65;180,02;863,42;180,17;786,80;854,08;77,87;0,34
7235;0,00;0,00;0,00;0,00;49,00;0,00;71,00;79,97;32,63;180,02;866,86;180,17;787,09;855,54;77,87;0,34
7240;0,00;0,00;0,00;0,00;49,01;0,00;71,00;80,02;32,64;180,03;867,79;180,13;787,22;857,52;77,87;0,34
7245;0,00;0,00;0,00;0,00;49,02;0,00;71,00;80,00;32,64;180,03;867,57;180,10;787,19;857,75;77,87;0,34
7250;0,00;0,00;0,00;0,00;49,00;0,00;71,03;79,98;32,64;180,03;866,61;180,04;786,91;856,65;77,87;0,34
7255;0,00;0,00;0,00;0,00;49,00;0,00;71,03;79,98;32,64;180,04;863,65;180,00;786,63;855,51;77,87;0,34
7260;0,00;0,00;0,00;0,00;49,00;0,00;71,01;80,00;32,65;180,05;862,03;179,92;785,95;852,84;77,87;0,34
7265;0,00;0,00;0,00;0,00;48,99;0,00;71,02;80,02;32,65;180,05;860,16;179,87;785,79;851,88;77,87;0,34
7270;0,00;0,00;0,00;0,00;49,00;0,00;71,02;79,98;32,66;180,05;860,51;179,85;786,06;851,81;77,87;0,34
7275;0,00;0,00;0,00;0,00;49,00;0,00;71,00;79,98;32,65;180,04;863,53;179,85;786,44;852,83;77,87;0,34
7280;0,00;0,00;0,00;0,00;49,00;0,00;71,01;80,00;32,66;180,01;865,56;179,87;787,09;855,71;77,87;0,34
7285;0,00;0,00;0,00;0,00;49,00;0,00;71,00;79,98;32,66;179,99;867,88;179,92;787,18;856,88;77,87;0,34
7290;0,00;0,00;0,00;0,00;48,99;0,00;71,02;80,03;32,66;179,99;868,03;179,96;787,18;857,75;77,87;0,34
7295;0,00;0,00;0,00;0,00;49,00;0,00;70,99;80,00;32,67;180,01;866,48;180,03;787,08;857,36;77,87;0,34
7300;0,00;0,00;0,00;0,00;49,00;0,00;71,00;80,02;32,67;180,03;865,09;180,07;786,59;855,35;77,87;0,34
7305;0,00;0,00;0,00;0,00;49,00;0,00;71,01;80,05;32,68;180,07;861,84;180,12;786,22;853,97;77,87;0,34
7310;0,00;0,00;0,00;0,00;49,01;0,00;71,02;80,00;32,67;180,07;860,61;180,14;785,78;851,78;77,87;0,34
7315;0,00;0,00;0,00;0,00;49,00;0,00;71,02;80,03;32,67;180,06;860,57;180,14;785,85;851,47;77,87;0,34
7320;0,00;0,00;0,00;0,00;49,00;0,00;70,99;80,02;32,68;180,04;861,86;180,14;786,46;852,95;77,87;0,34
7325;0,00;0,00;0,00;0,00;49,00;0,00;70,99;80,00;32,68;179,99;865,63;180,09;786,85;854,42;77,87;0,34
7330;0,00;0,00;0,00;0,00;49,00;0,00;70,98;80,05;32,68;179,99;867,20;180,07;787,22;857,01;77,87;0,34
7335;0,00;0,00;0,00;0,00;49,00;0,00;71,00;80,02;32,68;180,00;868,09;180,00;787,20;857,69;77,87;0,34
7340;0,00;0,00;0,00;0,00;48,98;0,00;71,02;80,00;32,69;180,01;867,57;179,97;787,09;857,42;77,87;0,34
7345;0,00;0,00;0,00;0,00;49,01;0,00;71,00;80,03;32,69;180,03;865,04;179,90;786,61;856,57;77,87;0,34
7350;0,00;0,00;0,00;0,00;49,00;0,00;71,00;79,97;32,69;180,04;863,37;179,87;786,25;853,97;77,87;0,34
7355;0,00;0,00;0,00;0,00;49,00;0,00;71,00;80,05;32,70;180,05;860,56;179,85;785,80;852,69;77,87;0,34
7360;0,00;0,00;0,00;0,00;49,01;0,00;71,00;80,00;32,70;180,04;860,10;179,84;785,87;851,46;77,87;0,34
7365;0,00;0,00;0,00;0,00;49,00;0,00;71,00;79,98;32,69;180,03;861,93;179,86;786,50;851,87;77,87;0,34
7370;0,00;0,00;0,00;0,00;48,99;0,00;70,98;79,98;32,69;180,02;863,78;179,88;786,89;854,41;77,87;0,34
7375;0,00;0,00;0,00;0,00;49,00;0,00;71,00;80,02;32,71;180,00;867,17;179,95;787,24;857,02;77,87;0,34
7380;0,00;0,00;0,00;0,00;49,00;0,00;71,00;80,02;32,70;179,99;868,00;179,98;787,27;857,72;77,87;0,34
7385;0,00;0,00;0,00;0,00;49,00;0,00;71,01;80,02;32,70;179,99;867,57;180,06;787,14;857,44;77,87;0,34
7390;0,00;0,00;0,00;0,00;49,00;0,00;71,00;80,02;32,71;180,00;866,54;180,09;786,94;856,62;77,87;0,34
7395;0,00;0,00;0,00;0,00;49,00;0,00;71,00;80,00;32,70;180,01;863,49;180,14;786,29;854,03;77,87;0,34
7400;0,00;0,00;0,00;0,00;49,00;0,00;71,00;80,02;32,70;180,03;861,88;180,15;785,98;852,71;77,87;0,34
7405;0,00;0,00;0,00;0,00;49,01;0,00;70,99;80,02;32,70;180,03;860,16;180,15;785,92;851,53;77,87;0,34
7410;0,00;0,00;0,00;0,00;49,00;0,00;70,99;80,03;32,71;180,03;860,63;180,14;786,18;851,96;77,87;0,34
7415;0,00;0,00;0,00;0,00;49,00;0,00;71,00;80,02;32,70;180,01;863,76;180,09;786,92;854,49;77,87;0,34
7420;0,00;0,00;0,00;0,00;49,00;0,00;71,00;80,03;32,70;179,99;865,75;180,05;787,16;855,85;77,87;0,34
7425;0,00;0,00;0,00;0,00;49,00;0,00;71,00;80,00;32,70;179,98;867,90;179,98;787,26;857,62;77,87;0,34
7430;0,00;0,00;0,00;0,00;49,00;0,00;70,99;80,02;32,71;179,98;867,40;179,94;787,21;857,72;77,87;0,34
7435;0,00;0,00;0,00;0,00;49,00;0,00;71,02;80,02;32,71;179,99;866,36;179,86;786,90;856,42;77,87;0,34
7440;0,00;0,00;0,00;0,00;49,00;0,00;71,00;80,00;32,72;180,03;863,30;179,84;786,60;855,22;77,87;0,34
7445;0,00;0,00;0,00;0,00;49,00;0,00;70,99;80,02;32,72;180,03;861,73;179,82;785,94;852,60;77,87;0,34
7450;0,00;0,00;0,00;0,00;49,00;0,00;71,00;80,02;32,72;180,03;860,16;179,81;785,83;851,78;77,87;0,34
7455;0,00;0,00;0,00;0,00;49,00;0,00;70,99;80,02;32,72;180,02;860,71;179,85;786,18;851,99;77,87;0,34
7460;0,00;0,00;0,00;0,00;49,01;0,00;71,00;79,98;32,73;180,00;863,92;179,88;786,56;853,10;77,87;0,34
7465;0,00;0,00;0,00;0,00;48,99;0,00;71,02;80,00;32,73;180,00;865,73;179,96;787,15;855,93;77,87;0,34
7470;0,00;0,00;0,00;0,00;48,99;0,00;71,03;79,95;32,72;180,00;867,88;180,05;787,23;857,02;77,87;0,34
7475;0,00;0,00;0,00;0,00;48,99;0,00;71,01;80,05;32,74;180,01;867,88;180,09;787,18;857,66;77,87;0,34
7480;0,00;0,00;0,00;0,00;49,00;0,00;71,01;79,97;32,74;180,02;866,20;180,14;787,07;857,19;77,87;0,34
7485;0,00;0,00;0,00;0,00;49,01;0,00;70,98;80,03;32,73;180,01;864,64;180,15;786,55;855,02;77,87;0,34
7490;0,00;0,00;0,00;0,00;49,00;0,00;70,98;80,02;32,74;180,00;861,45;180,15;786,19;853,66;77,87;0,34
7495;0,00;0,00;0,00;0,00;49,00;0,00;70,99;80,02;32,75;180,00;860,42;180,12;785,83;851,69;77,87;0,34
7500;0,00;0,00;0,00;0,00;48,99;0,00;71,00;80,02;32,74;180,00;860,89;180,06;785,95;851,55;77,87;0,34
7505;0,00;0,00;0,00;0,00;48,99;0,00;71,00;79,98;32,74;180,01;862,37;180,03;786,63;853,34;77,87;0,34
7510;0,00;0,00;0,00;0,00;49,00;0,00;71,00;80,02;32,75;180,02;866,04;179,95;787,01;854,84;77,87;0,34
7515;0,00;0,00;0,00;0,00;49,00;0,00;71,01;80,02;32,75;180,03;867,39;179,92;787,24;857,19;77,87;0,34
7520;0,00;0,00;0,00;0,00;49,00;0,00;71,00;79,97;32,76;180,04;867,83;179,87;787,24;857,68;77,87;0,34
7525;0,00;0,00;0,00;0,00;49,00;0,00;71,01;80,03;32,76;180,03;867,06;179,85;787,03;857,04;77,87;0,34
7530;0,00;0,00;0,00;0,00;49,00;0,00;71,00;79,98;32,77;180,03;864,37;179,84;786,80;856,05;77,87;0,34
7535;0,00;0,00;0,00;0,00;49,00;0,00;71,00;80,00;32,78;180,02;862,72;179,86;786,12;853,41;77,87;0,34
7540;0,00;0,00;0,00;0,00;49,00;0,00;71,00;80,02;32,76;180,01;860,29;179,90;785,82;852,26;77,87;0,34
7545;0,00;0,00;0,00;0,00;49,00;0,00;71,01;80,00;32,78;180,01;860,17;179,93;785,96;851,56;77,87;0,34
7550;0,00;0,00;0,00;0,00;49,00;0,00;70,99;80,02;32,77;180,01;862,58;180,00;786,66;852,26;77,87;0,34
7555;0,00;0,00;0,00;0,00;49,00;0,00;71,00;80,02;32,77;180,02;864,51;180,04;787,02;855,02;77,87;0,34
7560;0,00;0,00;0,00;0,00;49,00;0,00;71,02;79,98;32,76;180,01;867,55;180,11;787,24;856,35;77,87;0,34
7565;0,00;0,00;0,00;0,00;49,00;0,00;71,03;80,03;32,75;180,02;868,03;180,13;787,23;857,75;77,87;0,34
7570;0,00;0,00;0,00;0,00;49,01;0,00;71,00;79,98;32,76;180,02;867,09;180,14;787,02;857,64;77,87;0,34
7575;0,00;0,00;0,00;0,00;49,00;0,00;70,99;79,98;32,76;180,03;865,79;180,14;786,77;855,99;77,87;0,34
7580;0,00;0,00;0,00;0,00;49,00;0,00;70,98;80,03;32,78;180,03;862,58;180,11;786,08;854,67;77,87;0,34
7585;0,00;0,00;0,00;0,00;49,00;0,00;71,00;80,02;32,76;180,02;861,12;180,08;785,85;852,18;77,87;0,34
7590;0,00;0,00;0,00;0,00;49,00;0,00;71,00;80,02;32,76;179,99;860,15;180,01;785,96;851,55;77,87;0,34
7595;0,00;0,00;0,00;0,00;49,00;0,00;71,00;80,02;32,76;179,98;861,07;179,97;786,28;852,29;77,87;0,34
7600;0,00;0,00;0,00;0,00;49,00;0,00;71,00;80,03;32,76;179,99;864,62;179,91;787,02;855,09;77,87;0,34
7605;0,00;0,00;0,00;0,00;49,00;0,00;71,01;79,98;32,76;180,03;866,36;179,88;787,18;856,41;77,87;0,34
7610;0,00;0,00;0,00;0,00;49,00;0,00;71,02;79,98;32,75;180,05;868,04;179,86;787,23;857,77;77,87;0,34
7615;0,00;0,00;0,00;0,00;49,00;0,00;71,02;79,98;32,76;180,07;867,82;179,85;787,17;857,63;77,87;0,34
7620;0,00;0,00;0,00;0,00;49,00;0,00;71,02;79,98;32,75;180,05;865,81;179,87;786,78;855,97;77,87;0,34
7625;0,00;0,00;0,00;0,00;49,00;0,00;71,00;80,02;32,77;180,00;864,27;179,89;786,44;854,66;77,87;0,34
7630;0,00;0,00;0,00;0,00;48,99;0,00;71,01;80,02;32,77;179,98;861,06;179,95;785,85;852,19;77,87;0,34
7635;0,00;0,00;0,00;0,00;49,00;0,00;71,00;79,98;32,77;179,97;860,20;179,99;785,82;851,55;77,87;0,34
7640;0,00;0,00;0,00;0,00;49,00;0,00;70,98;80,02;32,77;179,98;861,07;180,06;786,30;852,34;77,87;0,34
7645;0,00;0,00;0,00;0,00;49,00;0,00;71,01;80,02;32,77;180,03;864,61;180,09;786,71;853,65;77,87;0,34
7650;0,00;0,00;0,00;0,00;49,00;0,00;70,99;79,97;32,77;180,04;866,33;180,14;787,20;856,39;77,87;0,34
7655;0,00;0,00;0,00;0,00;49,00;0,00;71,02;80,02;32,77;180,05;868,00;180,15;787,24;857,34;77,87;0,34
7660;0,00;0,00;0,00;0,00;48,99;0,00;70,99;80,02;32,78;180,03;867,76;180,15;787,16;857,58;77,87;0,34
7665;0,00;0,00;0,00;0,00;49,00;0,00;71,02;80,03;32,77;180,00;865,65;180,13;787,01;856,94;77,87;0,34
7670;0,00;0,00;0,00;0,00;49,00;0,00;71,00;80,00;32,77;179,99;864,10;180,08;786,41;854,59;77,87;0,34
7675;0,00;0,00;0,00;0,00;49,00;0,00;70,98;80,00;32,79;180,01;861,03;180,05;786,08;853,25;77,87;0,34
7680;0,00;0,00;0,00;0,00;49,00;0,00;71,01;79,98;32,78;180,01;860,21;179,98;785,84;851,54;77,87;0,34
7685;0,00;0,00;0,00;0,00;48,99;0,00;71,00;79,98;32,77;180,03;861,21;179,95;786,00;851,63;77,87;0,34
7690;0,00;0,00;0,00;0,00;49,01;0,00;71,01;80,02;32,77;180,04;862,86;179,89;786,75;853,80;77,87;0,34
7695;0,00;0,00;0,00;0,00;49,00;0,00;71,00;79,98;32,78;180,03;866,58;179,87;787,08;855,33;77,87;0,34
7700;0,00;0,00;0,00;0,00;49,00;0,00;71,00;80,00;32,76;180,02;867,66;179,86;787,27;857,46;77,87;0,34
7705;0,00;0,00;0,00;0,00;48,99;0,00;70,99;80,03;32,78;180,01;867,74;179,86;787,26;857,80;77,87;0,34
7710;0,00;0,00;0,00;0,00;48,99;0,00;70,99;80,00;32,78;180,02;866,89;179,90;787,04;856,93;77,87;0,34
7715;0,00;0,00;0,00;0,00;49,00;0,00;71,00;80,02;32,76;180,04;864,06;179,96;786,79;855,87;77,87;0,34
7720;0,00;0,00;0,00;0,00;48,99;0,00;71,00;80,05;32,78;180,04;862,37;179,99;786,08;853,18;77,87;0,34
7725;0,00;0,00;0,00;0,00;49,01;0,00;71,02;79,98;32,77;180,05;860,15;180,05;785,87;852,08;77,87;0,34
7730;0,00;0,00;0,00;0,00;49,00;0,00;71,02;79,98;32,77;180,06;860,24;180,09;786,06;851,63;77,87;0,34
7735;0,00;0,00;0,00;0,00;49,00;0,00;70,98;80,00;32,77;180,05;862,93;180,13;786,39;852,46;77,87;0,34
7740;0,00;0,00;0,00;0,00;49,00;0,00;70,99;80,02;32,78;180,05;864,86;180,15;787,11;855,30;77,87;0,34
7745;0,00;0,00;0,00;0,00;49,00;0,00;71,00;80,00;32,78;180,02;867,70;180,14;787,27;856,57;77,87;0,34
7750;0,00;0,00;0,00;0,00;49,00;0,00;71,00;80,00;32,78;180,02;868,06;180,13;787,29;857,82;77,87;0,34
7755;0,00;0,00;0,00;0,00;49,00;0,00;71,02;80,00;32,80;180,00;866,94;180,08;787,22;857,61;77,87;0,34
7760;0,00;0,00;0,00;0,00;49,00;0,00;70,99;80,00;32,78;180,00;865,58;180,04;786,82;855,85;77,87;0,34
7765;0,00;0,00;0,00;0,00;49,01;0,00;70,99;80,02;32,78;180,01;862,32;179,97;786,11;854,52;77,87;0,34
7770;0,00;0,00;0,00;0,00;49,00;0,00;71,00;79,98;32,79;180,01;860,92;179,94;785,90;852,06;77,87;0,34
7775;0,00;0,00;0,00;0,00;49,00;0,00;71,02;80,02;32,79;180,04;860,21;179,88;786,08;851,51;77,87;0,34
7780;0,00;0,00;0,00;0,00;49,01;0,00;71,00;80,02;32,79;180,03;861,18;179,87;786,40;852,47;77,87;0,34
7785;0,00;0,00;0,00;0,00;48,99;0,00;71,00;80,03;32,80;180,01;864,91;179,87;787,12;853,83;77,87;0,34
7790;0,00;0,00;0,00;0,00;49,00;0,00;70,97;80,00;32,80;180,02;866,55;179,88;787,26;856,56;77,87;0,34
7795;0,00;0,00;0,00;0,00;49,00;0,00;71,00;80,02;32,80;180,02;867,98;179,93;787,28;857,42;77,87;0,34
7800;0,00;0,00;0,00;0,00;49,02;0,00;71,00;80,00;32,78;180,03;867,65;179,97;787,19;857,52;77,87;0,34
7805;0,00;0,00;0,00;0,00;49,00;0,00;71,00;80,02;32,79;180,03;865,50;180,04;786,75;856,82;77,87;0,34
7810;0,00;0,00;0,00;0,00;49,00;0,00;70,98;80,00;32,78;180,01;863,94;180,06;786,40;854,43;77,87;0,34
7815;0,00;0,00;0,00;0,00;49,00;0,00;71,00;80,03;32,80;180,01;860,82;180,13;785,88;852,02;77,87;0,34
7820;0,00;0,00;0,00;0,00;49,00;0,00;71,02;80,00;32,79;180,01;860,13;180,14;785,90;851,51;77,87;0,34
7825;0,00;0,00;0,00;0,00;49,00;0,00;71,02;80,02;32,80;180,02;861,34;180,16;786,43;852,58;77,87;0,34
7830;0,00;0,00;0,00;0,00;49,00;0,00;71,02;79,98;32,80;180,03;863,06;180,15;786,82;853,93;77,87;0,34
7835;0,00;0,00;0,00;0,00;49,00;0,00;71,03;80,02;32,80;180,03;866,73;180,13;787,27;856,67;77,87;0,34
7840;0,00;0,00;0,00;0,00;49,00;0,00;70,98;79,97;32,80;180,02;867,74;180,11;787,30;857,51;77,87;0,34
7845;0,00;0,00;0,00;0,00;49,00;0,00;71,01;80,00;32,81;180,01;867,71;180,05;787,21;857,56;77,87;0,34
7850;0,00;0,00;0,00;0,00;49,00;0,00;71,00;79,98;32,81;180,01;866,83;180,02;787,04;856,84;77,87;0,34
7855;0,00;0,00;0,00;0,00;49,00;0,00;70,98;80,00;32,81;180,02;863,85;179,96;786,43;854,42;77,87;0,34
7860;0,00;0,00;0,00;0,00;49,00;0,00;71,01;79,98;32,81;180,04;860,84;179,93;786,09;853,07;77,87;0,34
7865;0,00;0,00;0,00;0,00;48,99;0,00;71,01;80,02;32,81;180,04;860,15;179,89;785,92;851,54;77,87;0,34
7870;0,00;0,00;0,00;0,00;49,00;0,00;71,00;79,98;32,81;180,04;861,49;179,88;786,12;851,76;77,87;0,34
7875;0,00;0,00;0,00;0,00;49,00;0,00;71,02;80,02;32,82;180,04;863,23;179,89;786,88;854,08;77,87;0,34
7880;0,00;0,00;0,00;0,00;49,00;0,00;71,00;79,98;32,81;180,03;866,73;179,90;787,17;855,53;77,87;0,34
7885;0,00;0,00;0,00;0,00;49,00;0,00;70,97;80,00;32,81;180,03;867,75;179,95;787,31;857,51;77,87;0,34
7890;0,00;0,00;0,00;0,00;49,00;0,00;70,98;80,03;32,81;180,02;867,57;179,98;787,28;857,76;77,87;0,34
7895;0,00;0,00;0,00;0,00;49,00;0,00;70,99;80,02;32,80;180,02;866,64;180,04;787,02;856,70;77,87;0,34
7900;0,00;0,00;0,00;0,00;49,00;0,00;70,98;80,00;32,81;180,05;863,72;180,07;786,73;855,57;77,87;0,34
7905;0,00;0,00;0,00;0,00;49,02;0,00;71,00;80,00;32,81;180,06;861,99;180,12;786,06;852,92;77,87;0,34
7910;0,00;0,00;0,00;0,00;48,99;0,00;70,98;80,00;32,81;180,05;860,14;180,12;785,90;851,95;77,87;0,34
7915;0,00;0,00;0,00;0,00;49,00;0,00;71,01;80,00;32,82;180,03;860,43;180,12;786,15;851,82;77,87;0,34
7920;0,00;0,00;0,00;0,00;48,98;0,00;71,01;80,00;32,83;180,00;863,35;180,10;786,52;852,81;77,87;0,34
7925;0,00;0,00;0,00;0,00;49,00;0,00;70,99;80,00;32,82;179,99;865,25;180,08;787,19;855,61;77,87;0,34
7930;0,00;0,00;0,00;0,00;49,01;0,00;70,99;80,02;32,82;180,02;867,80;180,04;787,30;856,84;77,87;0,34
7935;0,00;0,00;0,00;0,00;48,99;0,00;70,98;79,98;32,84;180,03;867,99;180,01;787,29;857,77;77,87;0,34
7940;0,00;0,00;0,00;0,00;49,00;0,00;71,01;80,02;32,83;180,06;866,60;179,96;787,19;857,45;77,87;0,34
7945;0,00;0,00;0,00;0,00;49,00;0,00;71,00;80,02;32,82;180,05;865,26;179,94;786,73;855,48;77,87;0,34
7950;0,00;0,00;0,00;0,00;49,00;0,00;71,02;80,02;32,84;180,03;861,93;179,91;786,37;854,13;77,87;0,34
7955;0,00;0,00;0,00;0,00;49,00;0,00;70,99;79,98;32,83;180,02;860,65;179,89;785,90;851,88;77,87;0,34
7960;0,00;0,00;0,00;0,00;49,00;0,00;71,00;80,00;32,83;180,03;860,49;179,89;785,95;851,52;77,87;0,34
7965;0,00;0,00;0,00;0,00;49,00;0,00;71,02;80,03;32,84;180,04;861,75;179,91;786,56;852,88;77,87;0,34
7970;0,00;0,00;0,00;0,00;49,00;0,00;71,01;80,02;32,83;180,03;865,44;179,94;787,20;854,30;77,87;0,34
7975;0,00;0,00;0,00;0,00;49,00;0,00;70,98;80,02;32,83;180,03;866,93;179,96;787,30;856,89;77,87;0,34
7980;0,00;0,00;0,00;0,00;49,01;0,00;71,00;79,97;32,83;180,05;867,96;180,02;787,28;857,59;77,87;0,34
7985;0,00;0,00;0,00;0,00;49,00;0,00;71,00;79,98;32,83;180,06;867,45;180,05;787,18;857,40;77,87;0,34
7990;0,00;0,00;0,00;0,00;49,00;0,00;71,02;80,02;32,83;180,06;865,08;180,10;786,71;856,58;77,87;0,34
7995;0,00;0,00;0,00;0,00;49,00;0,00;71,00;80,02;32,83;180,03;863,46;180,12;786,35;854,07;77,87;0,34
8000;0,00;0,00;0,00;0,00;49,00;0,00;71,00;80,00;32,83;180,02;860,62;180,15;785,90;851,86;77,87;0,34
8005;0,00;0,00;0,00;0,00;49,00;0,00;71,00;79,98;32,84;180,02;860,09;180,15;785,96;851,51;77,87;0,34
8010;0,00;0,00;0,00;0,00;49,00;0,00;71,00;80,02;32,84;180,02;861,79;180,13;786,57;852,92;77,87;0,34
8015;0,00;0,00;0,00;0,00;49,00;0,00;71,00;80,00;32,86;180,03;863,59;180,11;786,96;854,33;77,87;0,34
8020;0,00;0,00;0,00;0,00;49,00;0,00;71,00;79,98;32,85;180,03;866,97;180,06;787,31;856,92;77,87;0,34
8025;0,00;0,00;0,00;0,00;49,00;0,00;71,00;80,02;32,85;180,02;867,86;180,03;787,33;857,63;77,87;0,34
8030;0,00;0,00;0,00;0,00;48,99;0,00;71,00;79,98;32,85;180,02;867,47;179,96;787,19;857,38;77,87;0,34
8035;0,00;0,00;0,00;0,00;49,00;0,00;71,00;79,98;32,86;180,02;866,47;179,93;787,00;856,58;77,87;0,34
8040;0,00;0,00;0,00;0,00;49,01;0,00;71,00;80,03;32,85;180,03;863,34;179,89;786,32;853,99;77,87;0,34
8045;0,00;0,00;0,00;0,00;49,00;0,00;70,98;80,02;32,87;180,04;861,72;179,89;786,01;852,69;77,87;0,34
8050;0,00;0,00;0,00;0,00;49,00;0,00;71,02;80,03;32,88;180,04;860,05;179,90;785,96;851,48;77,87;0,34
8055;0,00;0,00;0,00;0,00;49,00;0,00;70,98;80,00;32,85;180,04;860,53;179,92;786,21;851,91;77,87;0,34
8060;0,00;0,00;0,00;0,00;49,00;0,00;71,00;79,97;32,88;180,03;863,69;179,97;786,99;854,44;77,87;0,34
8065;0,00;0,00;0,00;0,00;48,99;0,00;70,98;80,02;32,87;180,01;865,58;180,00;787,23;855,86;77,87;0,34
8070;0,00;0,00;0,00;0,00;49,00;0,00;70,99;79,98;32,88;180,01;867,89;180,07;787,33;857,66;77,87;0,34
8075;0,00;0,00;0,00;0,00;48,99;0,00;70,99;80,00;32,87;180,01;867,42;180,11;787,29;857,77;77,87;0,34
8080;0,00;0,00;0,00;0,00;49,00;0,00;70,99;80,02;32,88;180,02;866,39;180,16;786,98;856,46;77,87;0,34
8085;0,00;0,00;0,00;0,00;48,99;0,00;71,00;80,02;32,87;180,04;863,24;180,18;786,67;855,27;77,87;0,34
8090;0,00;0,00;0,00;0,00;49,01;0,00;71,00;79,98;32,88;180,05;861,66;180,18;786,02;852,65;77,87;0,34
8095;0,00;0,00;0,00;0,00;49,01;0,00;71,00;80,00;32,88;180,04;860,10;180,18;785,89;851,76;77,87;0,34
8100;0,00;0,00;0,00;0,00;49,01;0,00;71,01;79,98;32,88;180,04;860,63;180,14;786,24;852,00;77,87;0,34
8105;0,00;0,00;0,00;0,00;49,00;0,00;71,02;79,98;32,88;180,02;863,83;180,11;786,64;853,12;77,87;0,34
8110;0,00;0,00;0,00;0,00;49,00;0,00;71,00;79,98;32,88;180,01;865,70;180,04;787,24;855,99;77,87;0,34
8115;0,00;0,00;0,00;0,00;48,99;0,00;71,00;80,00;32,89;180,00;867,90;180,00;787,32;857,08;77,87;0,34
8120;0,00;0,00;0,00;0,00;49,00;0,00;71,00;80,02;32,89;180,00;867,92;179,94;787,29;857,74;77,87;0,34
8125;0,00;0,00;0,00;0,00;48,99;0,00;71,00;80,02;32,88;180,01;866,27;179,91;787,16;857,29;77,87;0,34
8130;0,00;0,00;0,00;0,00;49,00;0,00;71,01;79,98;32,88;180,03;864,84;179,89;786,65;855,16;77,87;0,34
8135;0,00;0,00;0,00;0,00;49,01;0,00;71,01;80,00;32,87;180,04;861,54;179,88;786,30;853,79;77,87;0,34
8140;0,00;0,00;0,00;0,00;49,00;0,00;70,99;79,98;32,87;180,04;860,44;179,91;785,91;851,74;77,87;0,34
8145;0,00;0,00;0,00;0,00;49,00;0,00;71,03;79,97;32,87;180,03;860,71;179,97;786,02;851,56;77,87;0,34
8150;0,00;0,00;0,00;0,00;49,00;0,00;71,00;80,02;32,88;180,01;862,24;179,99;786,69;853,25;77,87;0,34
8155;0,00;0,00;0,00;0,00;49,00;0,00;71,00;79,98;32,88;180,00;865,88;180,08;787,05;854,69;77,87;0,34
8160;0,00;0,00;0,00;0,00;49,02;0,00;70,99;80,00;32,86;180,00;867,19;180,11;787,31;857,09;77,87;0,34
8165;0,00;0,00;0,00;0,00;49,00;0,00;71,03;80,00;32,87;180,02;867,77;180,17;787,31;857,63;77,87;0,34
8170;0,00;0,00;0,00;0,00;49,00;0,00;71,00;80,00;32,87;180,03;867,10;180,20;787,11;857,11;77,87;0,34
8175;0,00;0,00;0,00;0,00;48,99;0,00;70,98;80,02;32,88;180,05;864,51;180,21;786,89;856,17;77,87;0,34
8180;0,00;0,00;0,00;0,00;49,00;0,00;71,00;80,02;32,88;180,05;862,86;180,20;786,23;853,57;77,87;0,34
8185;0,00;0,00;0,00;0,00;49,00;0,00;70,98;79,98;32,88;180,04;860,30;180,15;785,89;852,40;77,87;0,34
8190;0,00;0,00;0,00;0,00;49,00;0,00;71,00;79,98;32,87;180,03;860,14;180,12;786,04;851,57;77,87;0,34
8195;0,00;0,00;0,00;0,00;49,00;0,00;71,02;80,00;32,89;180,01;862,35;180,04;786,73;852,19;77,87;0,34
8200;0,00;0,00;0,00;0,00;48,99;0,00;70,99;79,98;32,88;180,01;864,23;179,99;787,08;854,90;77,87;0,34
8205;0,00;0,00;0,00;0,00;49,00;0,00;71,02;80,00;32,89;180,01;867,33;179,92;787,31;856,22;77,87;0,34
8210;0,00;0,00;0,00;0,00;49,00;0,00;70,99;80,00;32,88;180,01;867,86;179,89;787,29;857,66;77,87;0,34
8215;0,00;0,00;0,00;0,00;49,00;0,00;70,99;79,97;32,90;180,02;867,01;179,86;787,08;857,56;77,87;0,34
8220;0,00;0,00;0,00;0,00;49,00;0,00;71,00;79,98;32,88;180,02;865,75;179,85;786,85;855,99;77,87;0,34
8225;0,00;0,00;0,00;0,00;48,99;0,00;71,00;79,98;32,87;180,02;862,61;179,87;786,17;854,72;77,87;0,34
8230;0,00;0,00;0,00;0,00;49,00;0,00;71,02;80,02;32,90;180,02;861,16;179,89;785,94;852,25;77,87;0,34
8235;0,00;0,00;0,00;0,00;49,00;0,00;71,00;79,98;32,90;180,03;860,20;179,97;786,05;851,62;77,87;0,34
8240;0,00;0,00;0,00;0,00;49,00;0,00;71,03;80,03;32,87;180,02;861,07;180,01;786,37;852,35;77,87;0,34
8245;0,00;0,00;0,00;0,00;49,00;0,00;71,00;79,98;32,88;180,03;864,54;180,09;787,10;855,06;77,87;0,34
8250;0,00;0,00;0,00;0,00;49,00;0,00;71,00;80,00;32,89;180,04;866,23;180,13;787,25;856,36;77,87;0,34
8255;0,00;0,00;0,00;0,00;49,01;0,00;71,00;80,00;32,88;180,04;867,89;180,19;787,29;857,69;77,87;0,34
8260;0,00;0,00;0,00;0,00;49,00;0,00;71,00;80,02;32,88;180,04;867,66;180,20;787,21;857,55;77,87;0,34
8265;0,00;0,00;0,00;0,00;49,00;0,00;71,00;79,98;32,88;180,03;865,67;180,20;786,82;855,90;77,87;0,34
8270;0,00;0,00;0,00;0,00;49,00;0,00;71,00;79,98;32,88;180,03;864,13;180,18;786,47;854,58;77,87;0,34
8275;0,00;0,00;0,00;0,00;49,00;0,00;70,98;80,03;32,89;180,03;860,95;180,12;785,90;852,11;77,87;0,34
8280;0,00;0,00;0,00;0,00;49,00;0,00;71,03;80,02;32,88;180,02;860,12;180,08;785,89;851,52;77,87;0,34
8285;0,00;0,00;0,00;0,00;49,00;0,00;71,02;80,00;32,88;180,03;861,16;180,00;786,41;852,41;77,87;0,34
8290;0,00;0,00;0,00;0,00;49,01;0,00;71,00;80,00;32,88;180,02;862,83;179,95;786,82;853,73;77,87;0,34
8295;0,00;0,00;0,00;0,00;49,00;0,00;71,00;79,98;32,88;180,02;866,43;179,88;787,28;856,50;77,87;0,34
8300;0,00;0,00;0,00;0,00;49,00;0,00;71,00;80,05;32,88;180,01;867,96;179,86;787,33;857,40;77,87;0,34
8305;0,00;0,00;0,00;0,00;49,00;0,00;71,00;80,03;32,89;180,01;867,68;179,84;787,24;857,58;77,87;0,34
8310;0,00;0,00;0,00;0,00;49,00;0,00;71,00;80,00;32,89;180,02;865,60;179,85;787,09;856,92;77,87;0,34
8315;0,00;0,00;0,00;0,00;49,01;0,00;71,02;79,98;32,89;180,02;864,06;179,90;786,49;854,51;77,87;0,34
8320;0,00;0,00;0,00;0,00;49,00;0,00;70,98;80,00;32,89;180,02;860,89;179,93;786,15;853,15;77,87;0,34
8325;0,00;0,00;0,00;0,00;49,00;0,00;71,00;80,03;32,89;180,04;860,12;180,01;785,94;851,53;77,87;0,34
8330;0,00;0,00;0,00;0,00;49,00;0,00;70,98;80,05;32,91;180,03;861,19;180,07;786,13;851,67;77,87;0,34
8335;0,00;0,00;0,00;0,00;49,00;0,00;71,00;80,00;32,89;180,03;862,99;180,16;786,88;853,85;77,87;0,34
8340;0,00;0,00;0,00;0,00;49,00;0,00;71,00;79,98;32,90;180,00;866,52;180,19;787,18;855,31;77,87;0,34
8345;0,00;0,00;0,00;0,00;49,00;0,00;71,00;80,02;32,90;179,99;867,55;180,22;787,36;857,41;77,87;0,34
8350;0,00;0,00;0,00;0,00;49,00;0,00;71,00;80,02;32,91;179,99;867,61;180,23;787,34;857,72;77,87;0,34
8355;0,00;0,00;0,00;0,00;49,00;0,00;70,99;80,00;32,90;180,00;866,69;180,20;787,09;856,80;77,87;0,34
8360;0,00;0,00;0,00;0,00;49,00;0,00;71,00;80,00;32,91;180,02;863,86;180,17;786,83;855,72;77,87;0,34
8365;0,00;0,00;0,00;0,00;49,01;0,00;71,00;80,00;32,90;180,02;862,20;180,08;786,14;853,04;77,87;0,34
8370;0,00;0,00;0,00;0,00;49,00;0,00;71,01;80,02;32,91;180,04;860,08;179,99;785,95;852,02;77,87;0,34
8375;0,00;0,00;0,00;0,00;49,00;0,00;71,01;80,00;32,90;180,03;860,27;179,94;786,17;851,69;77,87;0,34
8380;0,00;0,00;0,00;0,00;49,00;0,00;71,00;80,02;32,91;180,00;863,07;179,87;786,51;852,59;77,87;0,34
8385;0,00;0,00;0,00;0,00;49,01;0,00;71,01;80,02;32,90;180,00;864,97;179,84;787,21;855,41;77,87;0,34
8390;0,00;0,00;0,00;0,00;49,00;0,00;71,01;79,97;32,92;180,02;867,66;179,83;787,34;856,65;77,87;0,34
8395;0,00;0,00;0,00;0,00;49,00;0,00;71,00;79,98;32,90;180,03;867,94;179,84;787,36;857,76;77,87;0,34
8400;0,00;0,00;0,00;0,00;49,00;0,00;71,02;80,00;32,91;180,03;866,70;179,89;787,10;857,50;77,87;0,34
8405;0,00;0,00;0,00;0,00;49,00;0,00;71,00;80,02;32,91;180,01;865,42;179,93;786,84;855,69;77,87;0,34
8410;0,00;0,00;0,00;0,00;49,00;0,00;71,02;79,98;32,91;179,99;862,20;180,03;786,14;854,40;77,87;0,34
8415;0,00;0,00;0,00;0,00;49,00;0,00;71,00;80,02;32,91;179,98;860,73;180,08;785,94;851,97;77,87;0,34
8420;0,00;0,00;0,00;0,00;49,00;0,00;71,00;79,98;32,90;180,00;860,24;180,16;786,17;851,49;77,87;0,34
8425;0,00;0,00;0,00;0,00;49,00;0,00;71,02;80,02;32,90;180,01;861,30;180,19;786,51;852,60;77,87;0,34
8430;0,00;0,00;0,00;0,00;49,00;0,00;71,01;80,00;32,89;180,02;865,06;180,22;787,20;853,96;77,87;0,34
8435;0,00;0,00;0,00;0,00;49,00;0,00;71,01;80,03;32,90;180,01;866,64;180,22;787,33;856,65;77,87;0,34
8440;0,00;0,00;0,00;0,00;49,00;0,00;71,00;80,00;32,90;180,02;867,93;180,19;787,34;857,75;77,87;0,34
8445;0,00;0,00;0,00;0,00;49,00;0,00;70,99;79,98;32,89;180,00;867,58;180,15;787,25;857,49;77,87;0,34
8450;0,00;0,00;0,00;0,00;49,00;0,00;71,00;80,02;32,90;179,98;865,33;180,06;786,81;855,67;77,87;0,34
8455;0,00;0,00;0,00;0,00;49,00;0,00;71,02;80,00;32,91;179,98;863,74;180,02;786,45;854,33;77,87;0,34
8460;0,00;0,00;0,00;0,00;49,00;0,00;71,02;79,97;32,90;179,98;860,64;179,92;785,93;851,93;77,87;0,34
8465;0,00;0,00;0,00;0,00;49,00;0,00;71,00;79,97;32,91;180,02;860,01;179,88;785,95;851,46;77,87;0,34
8470;0,00;0,00;0,00;0,00;49,00;0,00;70,99;80,02;32,91;180,03;861,34;179,82;786,51;852,61;77,87;0,34
8475;0,00;0,00;0,00;0,00;49,00;0,00;71,00;80,00;32,90;180,04;863,08;179,81;786,92;854,00;77,87;0,34
8480;0,00;0,00;0,00;0,00;49,00;0,00;71,01;80,00;32,90;180,03;866,73;179,81;787,34;856,71;77,87;0,34
8485;0,00;0,00;0,00;0,00;48,98;0,00;71,00;80,00;32,93;180,00;867,72;179,84;787,37;857,55;77,87;0,34
8490;0,00;0,00;0,00;0,00;49,00;0,00;71,00;80,00;32,93;180,00;867,60;179,92;787,28;857,54;77,87;0,34
8495;0,00;0,00;0,00;0,00;49,00;0,00;71,01;80,00;32,92;179,99;866,69;179,96;787,11;856,81;77,87;0,34
8500;0,00;0,00;0,00;0,00;49,00;0,00;71,00;80,02;32,93;179,99;863,78;180,07;786,48;854,34;77,87;0,34
8505;0,00;0,00;0,00;0,00;49,00;0,00;70,99;80,00;32,95;180,02;862,12;180,11;786,13;853,01;77,87;0,34
8510;0,00;0,00;0,00;0,00;49,00;0,00;71,01;80,02;32,94;180,02;860,03;180,19;785,96;851,46;77,87;0,34
8515;0,00;0,00;0,00;0,00;49,00;0,00;71,00;80,00;32,94;180,01;860,21;180,21;786,15;851,66;77,87;0,34
8520;0,00;0,00;0,00;0,00;49,01;0,00;70,98;80,00;32,94;180,01;863,01;180,23;786,92;853,93;77,87;0,34
8525;0,00;0,00;0,00;0,00;49,00;0,00;71,00;79,98;32,95;180,01;865,10;180,22;787,23;855,46;77,87;0,34
8530;0,00;0,00;0,00;0,00;49,00;0,00;70,99;79,98;32,95;180,00;867,70;180,17;787,38;857,55;77,87;0,34
8535;0,00;0,00;0,00;0,00;49,00;0,00;70,98;80,00;32,96;179,99;867,67;180,14;787,37;857,82;77,87;0,34
8540;0,00;0,00;0,00;0,00;49,00;0,00;71,00;80,02;32,96;179,98;866,71;180,04;787,11;856,83;77,87;0,34
8545;0,00;0,00;0,00;0,00;49,01;0,00;71,00;79,97;32,95;179,98;863,81;179,98;786,85;855,73;77,87;0,34
8550;0,00;0,00;0,00;0,00;48,99;0,00;71,01;80,00;32,96;179,98;862,18;179,89;786,17;853,05;77,87;0,34
8555;0,00;0,00;0,00;0,00;49,00;0,00;71,00;80,00;32,95;180,00;860,11;179,85;785,97;852,02;77,87;0,34
8560;0,00;0,00;0,00;0,00;48,99;0,00;71,00;80,00;32,97;180,02;860,31;179,81;786,20;851,73;77,87;0,34
8565;0,00;0,00;0,00;0,00;49,00;0,00;71,00;80,00;32,96;180,05;863,13;179,80;786,54;852,65;77,87;0,34
8570;0,00;0,00;0,00;0,00;49,00;0,00;71,02;79,98;32,98;180,05;865,02;179,83;787,22;855,43;77,87;0,34
8575;0,00;0,00;0,00;0,00;49,00;0,00;71,00;80,00;32,96;180,03;867,62;179,87;787,34;856,68;77,87;0,34
8580;0,00;0,00;0,00;0,00;49,00;0,00;71,00;80,02;32,98;180,01;867,86;179,96;787,32;857,69;77,87;0,34
8585;0,00;0,00;0,00;0,00;49,00;0,00;71,00;79,97;32,97;179,97;866,55;180,06;787,23;857,40;77,87;0,34
8590;0,00;0,00;0,00;0,00;48,99;0,00;71,02;80,02;32,97;179,97;865,24;180,11;786,76;855,55;77,87;0,34
8595;0,00;0,00;0,00;0,00;49,00;0,00;71,00;79,98;32,98;180,00;861,92;180,19;786,41;854,22;77,87;0,34
8600;0,00;0,00;0,00;0,00;49,01;0,00;71,01;79,98;32,98;180,02;860,65;180,22;785,92;851,93;77,87;0,34
8605;0,00;0,00;0,00;0,00;49,00;0,00;71,00;80,00;32,98;180,04;860,35;180,24;785,97;851,50;77,87;0,34
8610;0,00;0,00;0,00;0,00;49,01;0,00;71,03;80,00;32,98;180,04;861,49;180,23;786,56;852,77;77,87;0,34
8615;0,00;0,00;0,00;0,00;49,01;0,00;71,00;80,00;32,98;180,02;865,27;180,18;786,97;854,18;77,87;0,34
8620;0,00;0,00;0,00;0,00;49,00;0,00;70,98;80,00;32,98;180,00;866,80;180,16;787,36;856,81;77,87;0,34
8625;0,00;0,00;0,00;0,00;49,00;0,00;71,00;80,02;32,99;179,98;867,93;180,05;787,39;857,55;77,87;0,34
8630;0,00;0,00;0,00;0,00;49,00;0,00;71,00;80,00;32,99;179,97;867,48;180,00;787,27;857,44;77,87;0,34
8635;0,00;0,00;0,00;0,00;49,00;0,00;71,00;80,00;33,00;179,98;865,19;179,91;786,80;856,66;77,87;0,34
8640;0,00;0,00;0,00;0,00;49,00;0,00;71,01;80,02;32,99;179,99;863,57;179,87;786,45;854,17;77,87;0,34
8645;0,00;0,00;0,00;0,00;49,00;0,00;71,01;80,00;32,98;180,03;860,57;179,82;785,95;852,86;77,87;0,34
8650;0,00;0,00;0,00;0,00;49,01;0,00;71,00;79,97;32,99;180,03;860,02;179,81;786,00;851,47;77,87;0,34
8655;0,00;0,00;0,00;0,00;49,00;0,00;70,99;80,02;33,00;180,02;861,53;179,83;786,61;851,78;77,87;0,34
8660;0,00;0,00;0,00;0,00;49,00;0,00;71,00;80,00;32,98;180,00;863,29;179,86;787,01;854,18;77,87;0,34
8665;0,00;0,00;0,00;0,00;49,00;0,00;71,00;79,98;33,00;179,99;866,86;179,95;787,38;855,63;77,87;0,34
8670;0,00;0,00;0,00;0,00;49,01;0,00;71,02;79,98;33,01;179,98;867,74;180,00;787,40;857,56;77,87;0,34
8675;0,00;0,00;0,00;0,00;49,00;0,00;71,00;80,00;33,00;179,98;867,48;180,10;787,28;857,75;77,87;0,34
8680;0,00;0,00;0,00;0,00;48,99;0,00;70,98;80,02;33,01;180,00;866,53;180,14;787,08;856,61;77,87;0,34
8685;0,00;0,00;0,00;0,00;49,00;0,00;71,00;80,02;33,01;180,01;863,47;180,22;786,44;854,10;77,87;0,34
8690;0,00;0,00;0,00;0,00;49,00;0,00;71,02;80,03;33,00;180,00;861,85;180,22;786,13;852,81;77,87;0,34
8695;0,00;0,00;0,00;0,00;49,01;0,00;71,00;80,00;33,00;180,01;860,06;180,23;786,03;851,51;77,87;0,34
8700;0,00;0,00;0,00;0,00;49,01;0,00;71,00;80,00;33,00;180,02;860,44;180,22;786,25;851,84;77,87;0,34
8705;0,00;0,00;0,00;0,00;49,00;0,00;71,01;80,00;33,00;180,02;863,46;180,15;787,00;854,23;77,87;0,34
8710;0,00;0,00;0,00;0,00;48,99;0,00;70,99;79,98;33,00;180,01;865,33;180,11;787,26;855,69;77,87;0,34
8715;0,00;0,00;0,00;0,00;49,00;0,00;71,01;80,02;33,01;180,00;867,66;180,02;787,38;857,52;77,87;0,34
8720;0,00;0,00;0,00;0,00;49,00;0,00;71,00;80,02;32,99;179,98;867,81;179,98;787,34;857,67;77,87;0,34
8725;0,00;0,00;0,00;0,00;49,01;0,00;70,99;80,02;33,00;179,99;866,33;179,90;787,03;856,50;77,87;0,34
8730;0,00;0,00;0,00;0,00;49,00;0,00;71,00;80,02;33,00;179,99;863,34;179,88;786,76;855,34;77,87;0,34
8735;0,00;0,00;0,00;0,00;49,00;0,00;71,00;79,98;32,98;180,00;861,77;179,85;786,09;852,74;77,87;0,34
8740;0,00;0,00;0,00;0,00;49,00;0,00;71,00;79,97;32,98;180,02;860,05;179,85;785,96;851,83;77,87;0,34
8745;0,00;0,00;0,00;0,00;49,00;0,00;70,99;80,00;32,98;180,01;860,50;179,88;786,28;851,90;77,87;0,34
8750;0,00;0,00;0,00;0,00;49,01;0,00;71,00;80,02;32,99;180,00;863,59;179,91;786,66;852,95;77,87;0,34
8755;0,00;0,00;0,00;0,00;49,00;0,00;71,00;80,00;32,98;180,00;865,44;179,99;787,30;855,78;77,87;0,34
8760;0,00;0,00;0,00;0,00;49,00;0,00;71,01;80,00;32,98;180,00;867,77;180,04;787,39;856,92;77,87;0,34
8765;0,00;0,00;0,00;0,00;49,00;0,00;71,02;80,03;32,98;180,01;867,86;180,12;787,36;857,71;77,87;0,34
8770;0,00;0,00;0,00;0,00;49,00;0,00;71,01;79,98;32,97;180,00;866,33;180,15;787,25;857,32;77,87;0,34
8775;0,00;0,00;0,00;0,00;49,00;0,00;71,00;80,02;32,97;179,99;864,95;180,20;786,77;855,31;77,87;0,34
8780;0,00;0,00;0,00;0,00;49,00;0,00;71,00;79,98;32,99;179,98;861,60;180,20;786,39;853,93;77,87;0,34
8785;0,00;0,00;0,00;0,00;49,00;0,00;71,00;80,00;32,99;179,99;860,44;180,19;785,96;851,77;77,87;0,34
8790;0,00;0,00;0,00;0,00;49,00;0,00;71,00;80,03;32,99;180,01;860,45;180,13;786,03;851,47;77,87;0,34
8795;0,00;0,00;0,00;0,00;49,00;0,00;70,98;79,98;33,01;180,03;861,74;180,11;786,68;852,97;77,87;0,34
8800;0,00;0,00;0,00;0,00;49,00;0,00;71,03;80,02;32,99;180,07;865,58;180,01;787,07;854,42;77,87;0,34
8805;0,00;0,00;0,00;0,00;49,00;0,00;71,00;79,98;33,00;180,06;867,01;179,97;787,40;856,97;77,87;0,34
8810;0,00;0,00;0,00;0,00;48,99;0,00;71,01;80,00;33,00;180,01;867,90;179,90;787,42;857,63;77,87;0,34
8815;0,00;0,00;0,00;0,00;49,00;0,00;71,01;79,98;33,01;179,98;867,38;179,88;787,27;857,35;77,87;0,34
8820;0,00;0,00;0,00;0,00;49,00;0,00;71,01;79,98;33,01;179,96;864,88;179,84;786,79;856,52;77,87;0,34
8825;0,00;0,00;0,00;0,00;49,00;0,00;70,99;80,00;33,01;179,97;863,25;179,84;786,43;853,99;77,87;0,34
8830;0,00;0,00;0,00;0,00;49,00;0,00;70,99;80,03;33,01;180,01;860,48;179,87;786,00;852,70;77,87;0,34
8835;0,00;0,00;0,00;0,00;48,99;0,00;71,01;79,97;33,03;180,03;860,05;179,90;786,08;851,53;77,87;0,34
8840;0,00;0,00;0,00;0,00;49,00;0,00;71,00;80,00;33,01;180,06;861,91;179,99;786,72;851,94;77,87;0,34
8845;0,00;0,00;0,00;0,00;49,00;0,00;71,02;80,02;33,02;180,05;863,76;180,03;787,10;854,48;77,87;0,34
8850;0,00;0,00;0,00;0,00;49,00;0,00;71,01;80,00;33,02;180,01;866,98;180,11;787,42;855,84;77,87;0,34
8855;0,00;0,00;0,00;0,00;49,00;0,00;71,00;80,00;33,03;179,97;867,75;180,15;787,43;857,60;77,87;0,34
8860;0,00;0,00;0,00;0,00;49,00;0,00;71,00;80,02;33,02;179,96;867,26;180,21;787,29;857,26;77,87;0,34
8865;0,00;0,00;0,00;0,00;49,00;0,00;70,99;80,00;33,01;179,99;866,22;180,21;787,08;856,40;77,87;0,34
8870;0,00;0,00;0,00;0,00;49,00;0,00;71,03;80,00;33,00;180,01;863,17;180,20;786,39;853,84;77,87;0,34
8875;0,00;0,00;0,00;0,00;49,00;0,00;71,00;80,00;33,01;180,03;861,58;180,18;786,10;852,57;77,87;0,34
8880;0,00;0,00;0,00;0,00;49,00;0,00;71,00;80,00;33,01;180,03;860,03;180,11;786,09;851,50;77,87;0,34
8885;0,00;0,00;0,00;0,00;48,99;0,00;70,99;80,02;33,02;180,00;860,58;180,07;786,37;852,00;77,87;0,34
8890;0,00;0,00;0,00;0,00;49,00;0,00;70,99;80,02;33,02;179,98;863,76;179,98;787,13;854,57;77,87;0,34
8895;0,00;0,00;0,00;0,00;49,00;0,00;70,98;79,98;33,00;179,98;865,75;179,94;787,35;856,00;77,87;0,34
8900;0,00;0,00;0,00;0,00;49,00;0,00;71,00;80,00;33,03;179,99;867,83;179,88;787,44;857,67;77,87;0,34
8905;0,00;0,00;0,00;0,00;49,00;0,00;70,99;80,00;33,02;180,02;867,86;179,86;787,41;857,73;77,87;0,34
8910;0,00;0,00;0,00;0,00;49,00;0,00;70,99;80,00;33,03;180,02;866,26;179,85;787,10;856,41;77,87;0,34
8915;0,00;0,00;0,00;0,00;49,00;0,00;71,02;80,00;33,03;180,00;863,07;179,87;786,80;855,19;77,87;0,34
8920;0,00;0,00;0,00;0,00;49,00;0,00;71,00;79,97;33,05;179,98;861,49;179,93;786,12;852,56;77,87;0,34
8925;0,00;0,00;0,00;0,00;49,00;0,00;70,98;80,00;33,03;179,98;859,98;179,96;786,01;851,71;77,87;0,34
8930;0,00;0,00;0,00;0,00;49,00;0,00;71,00;80,02;33,04;179,98;860,50;180,06;786,38;851,96;77,87;0,34
8935;0,00;0,00;0,00;0,00;49,00;0,00;71,01;80,00;33,02;179,99;863,83;180,10;786,77;853,10;77,87;0,34
8940;0,00;0,00;0,00;0,00;49,00;0,00;71,00;80,02;33,01;180,00;865,66;180,19;787,36;855,92;77,87;0,34
8945;0,00;0,00;0,00;0,00;49,00;0,00;70,98;80,00;33,02;180,03;867,74;180,22;787,43;857,00;77,87;0,34
8950;0,00;0,00;0,00;0,00;48,99;0,00;70,99;80,02;33,01;180,02;867,75;180,24;787,38;857,64;77,87;0,34
8955;0,00;0,00;0,00;0,00;49,00;0,00;70,99;80,02;33,03;180,01;866,07;180,24;787,26;857,18;77,87;0,34
8960;0,00;0,00;0,00;0,00;49,00;0,00;71,03;80,02;33,03;180,01;864,64;180,19;786,73;855,03;77,87;0,34
8965;0,00;0,00;0,00;0,00;49,00;0,00;70,98;80,02;33,03;180,00;861,37;180,16;786,37;853,68;77,87;0,34
8970;0,00;0,00;0,00;0,00;49,00;0,00;71,00;80,00;33,04;179,98;860,32;180,05;786,00;851,69;77,87;0,34
8975;0,00;0,00;0,00;0,00;49,00;0,00;70,99;80,00;33,03;179,97;860,75;180,00;786,12;851,54;77,87;0,34
8980;0,00;0,00;0,00;0,00;49,00;0,00;71,00;80,00;33,02;179,98;862,23;179,91;786,81;853,32;77,87;0,34
8985;0,00;0,00;0,00;0,00;49,00;0,00;71,01;80,00;33,03;179,98;865,88;179,87;787,17;854,77;77,87;0,34
8990;0,00;0,00;0,00;0,00;49,00;0,00;71,00;79,98;33,03;179,99;867,23;179,83;787,41;857,15;77,87;0,34
8995;0,00;0,00;0,00;0,00;48,99;0,00;71,00;80,03;33,04;180,02;867,69;179,84;787,40;857,64;77,87;0,34
9000;0,00;0,00;0,00;0,00;49,00;0,00;71,00;79,98;33,04;180,01;867,00;179,86;787,19;857,03;77,87;0,34
9005;0,00;0,00;0,00;0,00;49,00;0,00;71,00;80,02;33,05;180,01;864,27;179,94;786,97;856,07;77,87;0,34
9010;0,00;0,00;0,00;0,00;48,99;0,00;71,00;80,02;33,03;179,99;862,65;179,98;786,27;853,47;77,87;0,34
9015;0,00;0,00;0,00;0,00;48,99;0,00;71,00;80,00;33,04;179,98;860,20;180,08;786,03;852,32;77,87;0,34
9020;0,00;0,00;0,00;0,00;49,00;0,00;71,00;80,03;33,05;179,99;860,12;180,13;786,13;851,60;77,87;0,34
9025;0,00;0,00;0,00;0,00;49,01;0,00;71,03;80,03;33,07;180,00;862,48;180,21;786,44;852,28;77,87;0,34
9030;0,00;0,00;0,00;0,00;49,00;0,00;71,00;80,02;33,06;180,01;864,37;180,24;787,19;855,00;77,87;0,34
9035;0,00;0,00;0,00;0,00;49,00;0,00;71,02;80,00;33,06;180,01;867,39;180,26;787,36;856,32;77,87;0,34
9040;0,00;0,00;0,00;0,00;49,00;0,00;71,00;80,02;33,06;180,00;867,88;180,25;787,39;857,71;77,87;0,34
9045;0,00;0,00;0,00;0,00;49,00;0,00;71,00;80,00;33,07;179,99;866,96;180,20;787,33;857,60;77,87;0,34
9050;0,00;0,00;0,00;0,00;49,00;0,00;71,00;80,00;33,07;179,98;865,79;180,16;786,95;856,01;77,87;0,34
9055;0,00;0,00;0,00;0,00;49,00;0,00;70,98;80,00;33,08;179,97;862,50;180,06;786,24;854,72;77,87;0,34
9060;0,00;0,00;0,00;0,00;49,00;0,00;71,00;79,98;33,08;179,97;861,04;180,00;786,02;852,23;77,87;0,34
9065;0,00;0,00;0,00;0,00;49,00;0,00;70,98;79,98;33,08;180,00;860,09;179,90;786,14;851,58;77,87;0,34
9070;0,00;0,00;0,00;0,00;49,00;0,00;71,00;80,03;33,09;180,02;861,01;179,86;786,47;852,33;77,87;0,34
9075;0,00;0,00;0,00;0,00;49,00;0,00;71,02;79,98;33,08;180,05;864,52;179,80;787,20;853,58;77,87;0,34
9080;0,00;0,00;0,00;0,00;49,00;0,00;71,00;79,97;33,08;180,05;866,23;179,80;787,37;856,36;77,87;0,34
9085;0,00;0,00;0,00;0,00;49,00;0,00;70,99;80,00;33,08;180,01;867,87;179,84;787,40;857,29;77,87;0,34
9090;0,00;0,00;0,00;0,00;48,99;0,00;71,00;80,02;33,08;180,00;867,69;179,87;787,33;857,58;77,87;0,34
9095;0,00;0,00;0,00;0,00;49,00;0,00;71,02;80,00;33,09;179,96;865,66;179,96;786,95;855,96;77,87;0,34
9100;0,00;0,00;0,00;0,00;49,00;0,00;71,00;80,02;33,08;179,97;864,13;180,02;786,61;854,68;77,87;0,34
9105;0,00;0,00;0,00;0,00;49,00;0,00;71,02;80,00;33,09;179,97;861,04;180,12;786,02;852,19;77,87;0,34
9110;0,00;0,00;0,00;0,00;49,00;0,00;71,02;80,03;33,10;180,01;860,14;180,17;785,99;851,55;77,87;0,34
9115;0,00;0,00;0,00;0,00;48,99;0,00;71,02;80,02;33,09;180,02;861,02;180,24;786,48;852,31;77,87;0,34
9120;0,00;0,00;0,00;0,00;49,00;0,00;70,97;80,03;33,08;180,02;862,62;180,26;786,89;853,60;77,87;0,34
9125;0,00;0,00;0,00;0,00;49,01;0,00;71,00;80,00;33,08;180,00;866,26;180,26;787,40;856,40;77,87;0,34
9130;0,00;0,00;0,00;0,00;49,00;0,00;71,00;80,02;33,08;179,98;867,44;180,24;787,45;857,34;77,87;0,34
9135;0,00;0,00;0,00;0,00;49,00;0,00;71,02;80,00;33,08;179,97;867,73;180,16;787,37;857,66;77,87;0,34
9140;0,00;0,00;0,00;0,00;49,00;0,00;71,00;80,03;33,08;179,97;865,77;180,11;787,22;857,06;77,87;0,34
9145;0,00;0,00;0,00;0,00;49,00;0,00;71,02;79,97;33,08;179,98;864,24;180,00;786,64;854,75;77,87;0,34
9150;0,00;0,00;0,00;0,00;49,00;0,00;71,00;80,02;33,09;180,03;861,11;179,95;786,28;853,40;77,87;0,34
9155;0,00;0,00;0,00;0,00;49,01;0,00;71,00;79,97;33,08;180,03;860,17;179,85;786,01;851,58;77,87;0,34
9160;0,00;0,00;0,00;0,00;49,00;0,00;70,98;80,03;33,07;180,04;860,95;179,82;786,17;851,58;77,87;0,34
9165;0,00;0,00;0,00;0,00;49,00;0,00;71,00;80,00;33,07;180,03;862,54;179,79;786,89;853,57;77,87;0,34
9170;0,00;0,00;0,00;0,00;49,00;0,00;70,99;79,98;33,08;179,99;866,16;179,79;787,23;855,05;77,87;0,34
9175;0,00;0,00;0,00;0,00;49,01;0,00;71,00;80,02;33,08;179,98;867,35;179,85;787,44;857,29;77,87;0,34
9180;0,00;0,00;0,00;0,00;49,01;0,00;70,98;79,98;33,09;179,98;867,64;179,94;787,43;857,70;77,87;0,34
9185;0,00;0,00;0,00;0,00;48,99;0,00;71,00;80,02;33,10;179,99;866,88;180,00;787,22;856,96;77,87;0,34
9190;0,00;0,00;0,00;0,00;49,00;0,00;70,98;80,02;33,08;180,00;864,18;180,11;786,97;855,94;77,87;0,34
9195;0,00;0,00;0,00;0,00;49,01;0,00;71,01;80,00;33,11;180,02;862,52;180,16;786,30;853,32;77,87;0,34
9200;0,00;0,00;0,00;0,00;49,00;0,00;71,00;80,00;33,09;180,03;860,16;180,24;786,07;852,21;77,87;0,34
9205;0,00;0,00;0,00;0,00;49,00;0,00;71,03;80,02;33,09;180,03;860,15;180,26;786,21;851,63;77,87;0,34
9210;0,00;0,00;0,00;0,00;49,00;0,00;71,01;79,98;33,09;180,01;862,77;180,27;786,55;852,41;77,87;0,34
9215;0,00;0,00;0,00;0,00;49,00;0,00;71,00;80,03;33,09;180,00;864,68;180,25;787,29;855,16;77,87;0,34
9220;0,00;0,00;0,00;0,00;48,99;0,00;71,01;80,02;33,11;179,98;867,46;180,18;787,43;856,45;77,87;0,34
9225;0,00;0,00;0,00;0,00;49,00;0,00;71,01;80,00;33,11;179,98;867,89;180,13;787,44;857,74;77,87;0,34
9230;0,00;0,00;0,00;0,00;49,01;0,00;71,00;80,00;33,10;179,98;866,80;180,02;787,37;857,55;77,87;0,34
9235;0,00;0,00;0,00;0,00;49,00;0,00;71,00;79,98;33,12;180,00;865,56;179,96;786,97;855,86;77,87;0,34
9240;0,00;0,00;0,00;0,00;49,00;0,00;71,01;80,02;33,09;180,02;862,38;179,87;786,28;854,59;77,87;0,34
9245;0,00;0,00;0,00;0,00;49,00;0,00;71,02;79,98;33,11;180,03;860,98;179,84;786,06;852,17;77,87;0,34
9250;0,00;0,00;0,00;0,00;49,00;0,00;70,98;80,00;33,10;180,00;860,19;179,79;786,22;851,57;77,87;0,34
9255;0,00;0,00;0,00;0,00;49,00;0,00;71,01;80,02;33,09;179,99;861,15;179,80;786,57;852,49;77,87;0,34
9260;0,00;0,00;0,00;0,00;48,99;0,00;70,98;80,00;33,08;179,97;864,71;179,85;787,29;853,81;77,87;0,34
9265;0,00;0,00;0,00;0,00;49,00;0,00;70,98;80,02;33,11;179,97;866,49;179,90;787,43;856,56;77,87;0,34
9270;0,00;0,00;0,00;0,00;49,01;0,00;71,02;80,00;33,10;180,00;867,95;180,01;787,48;857,44;77,87;0,34
9275;0,00;0,00;0,00;0,00;49,00;0,00;70,98;79,97;33,09;180,01;867,69;180,06;787,40;857,61;77,87;0,34
9280;0,00;0,00;0,00;0,00;49,01;0,00;70,99;80,00;33,08;180,00;865,55;180,18;786,99;856,96;77,87;0,34
9285;0,00;0,00;0,00;0,00;48,99;0,00;71,01;80,00;33,08;180,00;863,99;180,22;786,63;854,55;77,87;0,34
9290;0,00;0,00;0,00;0,00;49,00;0,00;71,02;80,02;33,07;179,99;860,89;180,27;786,08;852,13;77,87;0,34
9295;0,00;0,00;0,00;0,00;49,00;0,00;71,01;80,00;33,08;179,98;860,07;180,28;786,06;851,53;77,87;0,34
9300;0,00;0,00;0,00;0,00;49,01;0,00;71,00;79,98;33,09;179,97;861,11;180,24;786,56;852,40;77,87;0,34
9305;0,00;0,00;0,00;0,00;49,01;0,00;70,99;80,00;33,09;179,99;862,77;180,20;786,98;853,73;77,87;0,34
9310;0,00;0,00;0,00;0,00;49,00;0,00;71,00;80,02;33,10;180,00;866,40;180,10;787,46;856,52;77,87;0,34
9315;0,00;0,00;0,00;0,00;48,99;0,00;71,00;79,98;33,10;180,00;867,53;180,04;787,50;857,44;77,87;0,34
9320;0,00;0,00;0,00;0,00;49,01;0,00;71,00;80,00;33,10;180,00;867,73;179,93;787,41;857,66;77,87;0,34
9325;0,00;0,00;0,00;0,00;49,00;0,00;71,00;80,00;33,11;180,01;866,93;179,88;787,27;857,03;77,87;0,34
9330;0,00;0,00;0,00;0,00;49,00;0,00;71,00;80,02;33,10;180,01;864,17;179,81;786,69;854,69;77,87;0,34
9335;0,00;0,00;0,00;0,00;49,00;0,00;71,00;80,02;33,12;180,02;861,02;179,81;786,33;853,32;77,87;0,34
9340;0,00;0,00;0,00;0,00;49,01;0,00;70,98;80,02;33,11;180,03;860,13;179,81;786,05;851,55;77,87;0,34
9345;0,00;0,00;0,00;0,00;49,01;0,00;70,98;80,03;33,12;180,01;860,97;179,84;786,22;851,58;77,87;0,34
9350;0,00;0,00;0,00;0,00;49,00;0,00;71,00;80,00;33,10;180,01;862,59;179,93;786,95;853,60;77,87;0,34
9355;0,00;0,00;0,00;0,00;48,99;0,00;71,00;79,98;33,10;179,98;866,25;179,98;787,28;855,08;77,87;0,34
9360;0,00;0,00;0,00;0,00;49,00;0,00;70,99;80,00;33,12;179,98;867,45;180,08;787,51;857,39;77,87;0,34
9365;0,00;0,00;0,00;0,00;48,99;0,00;71,03;80,00;33,10;179,97;867,78;180,13;787,50;857,81;77,87;0,34
9370;0,00;0,00;0,00;0,00;48,99;0,00;71,00;80,00;33,12;179,98;867,03;180,22;787,30;857,09;77,87;0,34
9375;0,00;0,00;0,00;0,00;49,01;0,00;71,00;79,97;33,11;180,00;864,20;180,25;787,06;856,08;77,87;0,34
9380;0,00;0,00;0,00;0,00;49,02;0,00;70,97;80,00;33,10;180,01;862,55;180,27;786,35;853,40;77,87;0,34
9385;0,00;0,00;0,00;0,00;49,00;0,00;71,00;80,02;33,10;180,03;860,13;180,22;786,11;852,25;77,87;0,34
9390;0,00;0,00;0,00;0,00;49,00;0,00;71,00;80,02;33,11;180,02;860,04;180,18;786,22;851,55;77,87;0,34
9395;0,00;0,00;0,00;0,00;49,01;0,00;70,99;80,00;33,11;180,00;862,54;180,08;786,54;852,26;77,87;0,34
9400;0,00;0,00;0,00;0,00;49,02;0,00;71,00;80,02;33,10;179,99;864,44;180,02;787,28;855,05;77,87;0,34
9405;0,00;0,00;0,00;0,00;49,00;0,00;71,02;79,98;33,11;179,98;867,44;179,91;787,47;856,37;77,87;0,34
9410;0,00;0,00;0,00;0,00;48,99;0,00;71,01;80,02;33,10;179,98;867,91;179,86;787,50;857,76;77,87;0,34
9415;0,00;0,00;0,00;0,00;49,00;0,00;71,00;80,00;33,10;180,02;866,97;179,80;787,42;857,63;77,87;0,34
9420;0,00;0,00;0,00;0,00;49,00;0,00;71,03;80,02;33,10;180,03;865,68;179,79;787,04;856,01;77,87;0,34
9425;0,00;0,00;0,00;0,00;49,01;0,00;71,00;80,02;33,09;180,01;862,51;179,81;786,70;854,72;77,87;0,34
9430;0,00;0,00;0,00;0,00;49,00;0,00;70,98;80,00;33,09;180,01;861,03;179,84;786,11;852,21;77,87;0,34
9435;0,00;0,00;0,00;0,00;49,01;0,00;71,00;80,05;33,09;180,00;860,08;179,93;786,07;851,58;77,87;0,34
9440;0,00;0,00;0,00;0,00;49,00;0,00;71,02;79,98;33,09;180,00;861,00;179,97;786,55;852,33;77,87;0,34
9445;0,00;0,00;0,00;0,00;49,01;0,00;71,00;80,00;33,10;180,00;864,51;180,09;787,29;853,62;77,87;0,34
9450;0,00;0,00;0,00;0,00;49,00;0,00;71,00;80,00;33,11;180,01;866,23;180,15;787,46;856,37;77,87;0,34
9455;0,00;0,00;0,00;0,00;49,01;0,00;71,01;80,02;33,09;180,02;867,88;180,23;787,50;857,31;77,87;0,34
9460;0,00;0,00;0,00;0,00;49,02;0,00;71,00;80,00;33,11;180,02;867,70;180,25;787,42;857,61;77,87;0,34
9465;0,00;0,00;0,00;0,00;49,00;0,00;70,97;80,00;33,11;180,01;865,68;180,26;787,04;857,01;77,87;0,34
9470;0,00;0,00;0,00;0,00;49,00;0,00;71,00;80,00;33,11;180,01;864,16;180,25;786,72;854,73;77,87;0,34
9475;0,00;0,00;0,00;0,00;49,01;0,00;71,00;79,98;33,10;179,99;861,10;180,16;786,15;852,27;77,87;0,34
9480;0,00;0,00;0,00;0,00;49,00;0,00;71,00;79,98;33,11;179,97;860,20;180,11;786,11;851,63;77,87;0,34
9485;0,00;0,00;0,00;0,00;49,01;0,00;71,00;80,02;33,10;179,97;861,06;179,99;786,60;852,40;77,87;0,34
9490;0,00;0,00;0,00;0,00;49,00;0,00;70,98;80,02;33,11;180,01;862,64;179,94;787,02;853,66;77,87;0,34
9495;0,00;0,00;0,00;0,00;48,99;0,00;71,00;79,98;33,12;180,02;866,24;179,82;787,50;856,41;77,87;0,34
9500;0,00;0,00;0,00;0,00;49,01;0,00;71,00;80,02;33,12;180,02;867,38;179,78;787,53;857,33;77,87;0,34
9505;0,00;0,00;0,00;0,00;49,00;0,00;71,00;80,00;33,11;180,01;867,62;179,75;787,45;857,56;77,87;0,34
9510;0,00;0,00;0,00;0,00;49,00;0,00;70,98;79,97;33,11;179,98;866,83;179,75;787,29;856,96;77,87;0,34
9515;0,00;0,00;0,00;0,00;49,00;0,00;70,98;80,05;33,12;179,98;864,09;179,80;786,70;854,67;77,87;0,34
9520;0,00;0,00;0,00;0,00;49,01;0,00;71,00;80,00;33,12;179,99;862,46;179,84;786,35;853,30;77,87;0,34
9525;0,00;0,00;0,00;0,00;49,01;0,00;71,02;80,02;33,12;180,00;860,13;179,96;786,10;851,60;77,87;0,34
9530;0,00;0,00;0,00;0,00;49,01;0,00;71,01;80,02;33,14;180,01;861,10;180,02;786,29;851,68;77,87;0,34
9535;0,00;0,00;0,00;0,00;49,00;0,00;71,00;80,00;33,13;180,01;862,72;180,14;787,02;853,76;77,87;0,34
9540;0,00;0,00;0,00;0,00;49,00;0,00;71,00;79,98;33,14;179,99;866,35;180,19;787,32;855,19;77,87;0,34
9545;0,00;0,00;0,00;0,00;49,00;0,00;70,98;80,00;33,15;179,99;867,40;180,24;787,49;857,30;77,87;0,34
9550;0,00;0,00;0,00;0,00;49,00;0,00;71,00;80,00;33,16;179,99;867,49;180,26;787,46;857,64;77,87;0,34
9555;0,00;0,00;0,00;0,00;49,00;0,00;71,00;80,03;33,14;179,99;866,59;180,23;787,21;856,78;77,87;0,34
9560;0,00;0,00;0,00;0,00;49,00;0,00;71,02;80,00;33,15;180,00;863,80;180,20;786,95;855,73;77,87;0,34
9565;0,00;0,00;0,00;0,00;49,00;0,00;71,02;80,00;33,16;180,00;862,16;180,11;786,27;853,10;77,87;0,34
9570;0,00;0,00;0,00;0,00;48,99;0,00;71,00;80,00;33,17;180,00;860,08;180,05;786,07;852,03;77,87;0,34
9575;0,00;0,00;0,00;0,00;49,00;0,00;71,00;80,02;33,16;180,01;860,23;179,94;786,28;851,70;77,87;0,34
9580;0,00;0,00;0,00;0,00;49,00;0,00;71,00;79,98;33,15;180,03;862,97;179,88;786,63;852,58;77,87;0,34
9585;0,00;0,00;0,00;0,00;49,00;0,00;70,98;80,00;33,15;180,04;864,88;179,81;787,34;855,38;77,87;0,34
9590;0,00;0,00;0,00;0,00;49,00;0,00;71,00;80,02;33,16;180,04;867,57;179,78;787,46;856,62;77,87;0,34
9595;0,00;0,00;0,00;0,00;49,00;0,00;71,01;79,98;33,16;180,03;867,86;179,77;787,47;857,72;77,87;0,34
9600;0,00;0,00;0,00;0,00;49,00;0,00;70,98;79,97;33,16;179,97;866,64;179,82;787,38;857,46;77,87;0,34
9605;0,00;0,00;0,00;0,00;49,00;0,00;71,02;80,00;33,17;179,96;865,37;179,86;786,96;855,68;77,87;0,34
9610;0,00;0,00;0,00;0,00;49,00;0,00;71,03;80,00;33,18;179,95;862,04;179,96;786,59;854,32;77,87;0,34
9615;0,00;0,00;0,00;0,00;49,00;0,00;71,00;79,98;33,18;179,96;860,71;180,02;786,07;851,98;77,87;0,34
9620;0,00;0,00;0,00;0,00;49,01;0,00;70,99;80,02;33,19;180,01;860,21;180,13;786,11;851,51;77,87;0,34
9625;0,00;0,00;0,00;0,00;49,00;0,00;71,01;80,00;33,18;180,03;861,37;180,17;786,66;852,65;77,87;0,34
9630;0,00;0,00;0,00;0,00;49,01;0,00;71,00;80,00;33,17;180,04;864,99;180,24;787,05;854,01;77,87;0,34
9635;0,00;0,00;0,00;0,00;49,00;0,00;71,00;80,00;33,17;180,02;866,55;180,26;787,47;856,62;77,87;0,34
9640;0,00;0,00;0,00;0,00;48,99;0,00;71,02;80,00;33,19;179,98;867,82;180,25;787,46;857,42;77,87;0,34
9645;0,00;0,00;0,00;0,00;49,00;0,00;71,00;80,02;33,18;179,98;867,43;180,22;787,36;857,42;77,87;0,34
9650;0,00;0,00;0,00;0,00;49,00;0,00;71,02;80,02;33,18;179,98;865,23;180,13;786,92;856,68;77,87;0,34
9655;0,00;0,00;0,00;0,00;49,01;0,00;71,00;80,00;33,18;179,98;863,66;180,08;786,57;854,25;77,87;0,34
9660;0,00;0,00;0,00;0,00;49,00;0,00;70,98;80,02;33,18;180,00;860,60;179,96;786,07;852,95;77,87;0,34
9665;0,00;0,00;0,00;0,00;49,00;0,00;71,01;80,00;33,17;180,01;860,00;179,90;786,10;851,49;77,87;0,34
9670;0,00;0,00;0,00;0,00;49,00;0,00;71,00;80,00;33,17;180,00;861,37;179,81;786,68;851,74;77,87;0,34
9675;0,00;0,00;0,00;0,00;49,00;0,00;71,00;79,98;33,17;180,00;863,11;179,79;787,07;854,06;77,87;0,34
9680;0,00;0,00;0,00;0,00;49,00;0,00;71,00;79,98;33,18;179,99;866,66;179,78;787,47;856,70;77,87;0,34
9685;0,00;0,00;0,00;0,00;49,00;0,00;70,98;80,02;33,19;179,98;867,59;179,79;787,49;857,47;77,87;0,34
9690;0,00;0,00;0,00;0,00;48,99;0,00;71,00;80,02;33,16;179,99;867,46;179,85;787,38;857,42;77,87;0,34
9695;0,00;0,00;0,00;0,00;48,99;0,00;71,02;79,98;33,16;180,00;866,56;179,90;787,20;856,68;77,87;0,34
9700;0,00;0,00;0,00;0,00;48,99;0,00;71,00;80,00;33,16;180,00;863,54;180,01;786,57;854,22;77,87;0,34
9705;0,00;0,00;0,00;0,00;49,00;0,00;71,00;80,03;33,17;179,98;861,92;180,06;786,24;852,90;77,87;0,34
9710;0,00;0,00;0,00;0,00;49,00;0,00;71,00;80,00;33,17;179,97;859,97;180,16;786,09;851,46;77,87;0,34
9715;0,00;0,00;0,00;0,00;49,00;0,00;71,03;80,02;33,20;179,98;860,20;180,19;786,31;851,73;77,87;0,34
9720;0,00;0,00;0,00;0,00;49,00;0,00;71,00;80,02;33,19;179,98;863,19;180,23;787,10;854,08;77,87;0,34
9725;0,00;0,00;0,00;0,00;49,01;0,00;71,01;80,02;33,17;180,00;865,10;180,23;787,36;855,52;77,87;0,34
9730;0,00;0,00;0,00;0,00;49,00;0,00;71,00;80,02;33,18;180,00;867,67;180,19;787,50;857,53;77,87;0,34
9735;0,00;0,00;0,00;0,00;48,99;0,00;71,00;80,02;33,18;180,02;867,89;180,16;787,47;857,76;77,87;0,34
9740;0,00;0,00;0,00;0,00;49,00;0,00;71,00;80,02;33,17;180,02;866,56;180,06;787,21;856,73;77,87;0,34
9745;0,00;0,00;0,00;0,00;49,00;0,00;71,00;79,98;33,17;180,02;863,64;180,00;786,94;855,61;77,87;0,34
9750;0,00;0,00;0,00;0,00;49,00;0,00;70,98;79,98;33,19;180,00;862,01;179,90;786,25;852,95;77,87;0,34
9755;0,00;0,00;0,00;0,00;49,00;0,00;70,98;80,02;33,17;180,01;859,96;179,86;786,06;851,92;77,87;0,34
9760;0,00;0,00;0,00;0,00;49,00;0,00;71,00;80,02;33,17;180,01;860,20;179,81;786,31;851,69;77,87;0,34
9765;0,00;0,00;0,00;0,00;49,00;0,00;71,02;80,00;33,17;180,02;863,18;179,80;786,68;852,66;77,87;0,34
9770;0,00;0,00;0,00;0,00;49,00;0,00;71,00;79,98;33,19;180,02;865,09;179,83;787,36;855,49;77,87;0,34
9775;0,00;0,00;0,00;0,00;49,00;0,00;71,00;80,02;33,20;180,02;867,59;179,85;787,47;856,70;77,87;0,34
9780;0,00;0,00;0,00;0,00;49,00;0,00;70,98;80,02;33,19;180,00;867,84;179,94;787,47;857,71;77,87;0,34
9785;0,00;0,00;0,00;0,00;49,00;0,00;70,98;79,98;33,18;180,00;866,49;179,99;787,38;857,42;77,87;0,34
9790;0,00;0,00;0,00;0,00;49,00;0,00;71,00;80,02;33,20;180,00;865,18;180,09;786,94;855,56;77,87;0,34
9795;0,00;0,00;0,00;0,00;49,00;0,00;70,99;80,00;33,17;180,00;861,95;180,17;786,57;854,23;77,87;0,34
9800;0,00;0,00;0,00;0,00;49,00;0,00;71,01;79,98;33,18;180,00;860,66;180,20;786,07;851,95;77,87;0,34
9805;0,00;0,00;0,00;0,00;49,00;0,00;71,00;80,00;33,19;180,02;860,25;180,23;786,09;851,49;77,87;0,34
9810;0,00;0,00;0,00;0,00;49,00;0,00;71,00;80,00;33,20;180,03;861,38;180,22;786,68;852,69;77,87;0,34
9815;0,00;0,00;0,00;0,00;48,99;0,00;71,00;79,98;33,19;180,03;865,03;180,17;787,09;854,07;77,87;0,34
9820;0,00;0,00;0,00;0,00;49,00;0,00;71,01;79,98;33,18;180,02;866,59;180,14;787,49;856,70;77,87;0,34
9825;0,00;0,00;0,00;0,00;49,00;0,00;71,02;79,98;33,18;180,00;867,84;180,05;787,51;857,48;77,87;0,34
9830;0,00;0,00;0,00;0,00;49,00;0,00;71,00;80,02;33,18;179,98;867,45;180,00;787,39;857,43;77,87;0,34
9835;0,00;0,00;0,00;0,00;49,00;0,00;70,98;80,03;33,19;179,98;865,23;179,90;786,95;856,69;77,87;0,34
9840;0,00;0,00;0,00;0,00;49,00;0,00;71,00;80,00;33,18;179,98;863,65;179,86;786,59;854,29;77,87;0,34
9845;0,00;0,00;0,00;0,00;49,00;0,00;71,00;80,02;33,17;180,01;860,68;179,82;786,09;852,97;77,87;0,34
9850;0,00;0,00;0,00;0,00;49,00;0,00;71,00;79,98;33,17;180,03;859,98;179,81;786,12;851,49;77,87;0,34
9855;0,00;0,00;0,00;0,00;48,99;0,00;71,00;80,02;33,18;180,04;861,36;179,84;786,69;851,72;77,87;0,34
9860;0,00;0,00;0,00;0,00;48,99;0,00;71,00;80,03;33,17;180,05;863,08;179,88;787,09;854,00;77,87;0,34
9865;0,00;0,00;0,00;0,00;48,99;0,00;71,00;80,00;33,17;180,02;866,64;179,98;787,49;855,46;77,87;0,34
9870;0,00;0,00;0,00;0,00;49,00;0,00;71,00;79,98;33,16;179,99;867,58;180,03;787,51;857,47;77,87;0,34
9875;0,00;0,00;0,00;0,00;49,00;0,00;71,01;80,00;33,16;179,95;867,44;180,13;787,40;857,42;77,87;0,34
9880;0,00;0,00;0,00;0,00;49,01;0,00;71,00;79,97;33,17;179,94;866,55;180,17;787,23;856,67;77,87;0,34
9885;0,00;0,00;0,00;0,00;49,00;0,00;71,00;80,02;33,18;179,98;863,54;180,24;786,58;854,20;77,87;0,34
9890;0,00;0,00;0,00;0,00;49,00;0,00;71,02;80,00;33,19;180,03;861,93;180,25;786,26;852,90;77,87;0,34
9895;0,00;0,00;0,00;0,00;49,00;0,00;71,00;79,97;33,19;180,04;859,98;180,24;786,13;851,48;77,87;0,34
9900;0,00;0,00;0,00;0,00;49,01;0,00;71,01;80,00;33,18;180,04;860,27;180,23;786,36;851,74;77,87;0,34
9905;0,00;0,00;0,00;0,00;49,00;0,00;70,99;80,00;33,18;180,03;863,18;180,15;787,13;854,09;77,87;0,34
9910;0,00;0,00;0,00;0,00;48,99;0,00;71,02;79,98;33,20;180,00;865,09;180,10;787,41;855,58;77,87;0,34
9915;0,00;0,00;0,00;0,00;49,01;0,00;70,98;80,02;33,18;179,98;867,65;179,99;787,53;857,52;77,87;0,34
9920;0,00;0,00;0,00;0,00;49,00;0,00;71,03;79,97;33,19;179,97;867,86;179,94;787,51;857,74;77,87;0,34
9925;0,00;0,00;0,00;0,00;49,00;0,00;71,00;80,00;33,17;180,00;866,52;179,85;787,23;856,66;77,87;0,34
9930;0,00;0,00;0,00;0,00;48,99;0,00;71,00;80,02;33,19;180,04;865,09;179,82;786,95;855,52;77,87;0,34
9935;0,00;0,00;0,00;0,00;49,00;0,00;71,00;80,00;33,19;180,06;861,87;179,80;786,27;852,88;77,87;0,34
9940;0,00;0,00;0,00;0,00;49,00;0,00;71,00;80,02;33,19;180,06;860,58;179,81;786,11;851,90;77,87;0,34
9945;0,00;0,00;0,00;0,00;49,00;0,00;71,00;80,00;33,19;180,05;860,25;179,88;786,38;851,76;77,87;0,34
9950;0,00;0,00;0,00;0,00;49,00;0,00;71,02;80,00;33,19;180,00;863,26;179,92;786,75;852,72;77,87;0,34
9955;0,00;0,00;0,00;0,00;49,00;0,00;71,00;79,97;33,18;179,99;865,17;180,04;787,42;855,57;77,87;0,34
9960;0,00;0,00;0,00;0,00;49,00;0,00;71,00;80,02;33,20;180,00;867,62;180,09;787,53;856,77;77,87;0,34
9965;0,00;0,00;0,00;0,00;49,00;0,00;71,00;79,98;33,20;180,02;867,86;180,19;787,52;857,74;77,87;0,34
9970;0,00;0,00;0,00;0,00;49,00;0,00;70,98;80,02;33,20;180,02;866,48;180,23;787,42;857,43;77,87;0,34
9975;0,00;0,00;0,00;0,00;49,00;0,00;71,00;79,97;33,20;180,01;865,16;180,26;786,96;855,54;77,87;0,34
9980;0,00;0,00;0,00;0,00;48,99;0,00;71,00;80,00;33,20;180,01;861,95;180,27;786,60;854,20;77,87;0,34
9985;0,00;0,00;0,00;0,00;48,99;0,00;70,98;80,02;33,20;180,00;860,55;180,22;786,11;851,91;77,87;0,34
9990;0,00;0,00;0,00;0,00;49,00;0,00;71,00;80,02;33,22;179,99;860,27;180,18;786,15;851,48;77,87;0,34
9995;0,00;0,00;0,00;0,00;49,00;0,00;70,98;80,02;33,23;180,00;861,42;180,08;786,75;852,77;77,87;0,34
10000;0,00;0,00;0,00;0,00;49,00;0,00;71,02;79,97;33,20;180,03;865,23;180,02;787,16;854,13;77,87;0,34
10005;0,00;0,00;0,00;0,00;49,00;0,00;71,00;80,02;33,20;180,04;866,75;179,91;787,54;856,83;77,87;0,34
10010;0,00;0,00;0,00;0,00;49,00;0,00;71,00;80,00;33,20;180,04;867,88;179,86;787,56;857,57;77,87;0,34
10015;0,00;0,00;0,00;0,00;49,00;0,00;70,99;80,00;33,20;180,03;867,43;179,81;787,43;857,42;77,87;0,34
10020;0,00;0,00;0,00;0,00;49,00;0,00;71,00;79,98;33,21;180,00;865,15;179,80;787,25;856,62;77,87;0,34
10025;0,00;0,00;0,00;0,00;49,00;0,00;70,98;80,00;33,19;179,99;863,42;179,83;786,58;854,12;77,87;0,34
10030;0,00;0,00;0,00;0,00;49,00;0,00;70,97;80,02;33,22;180,00;860,55;179,90;786,27;852,82;77,87;0,34
10035;0,00;0,00;0,00;0,00;49,00;0,00;71,00;80,00;33,22;180,01;859,99;179,95;786,18;851,51;77,87;0,34
10040;0,00;0,00;0,00;0,00;48,99;0,00;71,00;79,98;33,24;180,05;861,50;180,08;786,41;851,83;77,87;0,34
10045;0,00;0,00;0,00;0,00;48,99;0,00;70,98;79,98;33,23;180,06;863,42;180,13;787,19;854,25;77,87;0,34
10050;0,00;0,00;0,00;0,00;49,01;0,00;71,00;80,03;33,22;180,05;866,77;180,24;787,44;855,68;77,87;0,34
10055;0,00;0,00;0,00;0,00;49,00;0,00;71,00;80,02;33,23;180,03;867,64;180,28;787,55;857,54;77,87;0,34
10060;0,00;0,00;0,00;0,00;49,00;0,00;71,00;79,98;33,24;179,99;867,33;180,30;787,51;857,71;77,87;0,34
10065;0,00;0,00;0,00;0,00;49,00;0,00;71,00;80,02;33,24;179,99;866,35;180,29;787,23;856,55;77,87;0,34
10070;0,00;0,00;0,00;0,00;49,01;0,00;70,98;80,00;33,24;179,99;863,38;180,24;786,56;855,40;77,87;0,34
10075;0,00;0,00;0,00;0,00;49,00;0,00;70,98;79,98;33,25;180,00;861,80;180,18;786,25;852,78;77,87;0,34
10080;0,00;0,00;0,00;0,00;48,99;0,00;70,98;80,02;33,24;180,03;859,99;180,07;786,15;851,86;77,87;0,34
10085;0,00;0,00;0,00;0,00;49,00;0,00;71,03;80,00;33,23;180,03;860,36;180,00;786,38;851,82;77,87;0,34
10090;0,00;0,00;0,00;0,00;49,00;0,00;71,00;79,98;33,24;180,01;863,38;179,88;787,16;852,83;77,87;0,34
10095;0,00;0,00;0,00;0,00;49,00;0,00;71,00;80,03;33,24;179,99;865,28;179,84;787,43;855,67;77,87;0,34
10100;0,00;0,00;0,00;0,00;49,00;0,00;71,00;80,02;33,25;179,98;867,65;179,79;787,54;857,55;77,87;0,34
10105;0,00;0,00;0,00;0,00;49,00;0,00;71,03;80,00;33,27;179,99;867,84;179,78;787,50;857,73;77,87;0,34
10110;0,00;0,00;0,00;0,00;49,00;0,00;71,02;80,02;33,25;180,01;866,39;179,81;787,21;856,59;77,87;0,34
10115;0,00;0,00;0,00;0,00;49,01;0,00;71,00;79,98;33,25;180,04;865,04;179,84;786,92;855,43;77,87;0,34
10120;0,00;0,00;0,00;0,00;49,00;0,00;70,99;80,00;33,25;180,04;861,85;179,94;786,25;852,83;77,87;0,34
10125;0,00;0,00;0,00;0,00;49,00;0,00;70,99;80,02;33,25;180,02;860,52;180,00;786,10;851,87;77,87;0,34
10130;0,00;0,00;0,00;0,00;48,99;0,00;70,99;80,00;33,25;180,00;860,37;180,12;786,40;851,85;77,87;0,34
10135;0,00;0,00;0,00;0,00;49,01;0,00;70,98;80,03;33,27;179,99;861,59;180,18;786,78;852,87;77,87;0,34
10140;0,00;0,00;0,00;0,00;48,99;0,00;71,01;79,98;33,25;179,99;865,25;180,26;787,44;855,70;77,87;0,34
10145;0,00;0,00;0,00;0,00;49,01;0,00;71,01;80,00;33,24;180,00;866,75;180,28;787,54;856,85;77,87;0,34
10150;0,00;0,00;0,00;0,00;49,00;0,00;71,02;79,98;33,26;180,01;867,83;180,29;787,52;857,72;77,87;0,34
10155;0,00;0,00;0,00;0,00;49,00;0,00;71,02;79,98;33,26;180,04;866,41;180,27;787,41;857,38;77,87;0,34
10160;0,00;0,00;0,00;0,00;49,00;0,00;71,00;80,00;33,25;180,05;865,06;180,19;786,94;855,45;77,87;0,34
10165;0,00;0,00;0,00;0,00;49,00;0,00;71,00;80,02;33,25;180,03;861,73;180,14;786,59;854,11;77,87;0,34
10170;0,00;0,00;0,00;0,00;49,00;0,00;71,03;80,00;33,26;180,01;860,50;180,01;786,12;851,87;77,87;0,34
10175;0,00;0,00;0,00;0,00;49,00;0,00;71,00;79,98;33,23;179,99;860,38;179,95;786,19;851,51;77,87;0,34
10180;0,00;0,00;0,00;0,00;49,00;0,00;71,02;80,02;33,24;179,99;861,59;179,85;786,79;852,87;77,87;0,34
10185;0,00;0,00;0,00;0,00;49,01;0,00;71,02;80,03;33,25;180,01;865,25;179,81;787,19;854,29;77,87;0,34
10190;0,00;0,00;0,00;0,00;49,00;0,00;71,03;79,97;33,25;180,03;866,83;179,78;787,53;856,85;77,87;0,34
10195;0,00;0,00;0,00;0,00;49,00;0,00;71,00;80,02;33,25;180,04;867,79;179,82;787,54;857,54;77,87;0,34
10200;0,00;0,00;0,00;0,00;49,00;0,00;71,01;80,00;33,26;180,03;867,32;179,86;787,39;857,32;77,87;0,34
10205;0,00;0,00;0,00;0,00;49,00;0,00;71,00;79,98;33,25;180,02;864,88;179,96;787,20;856,51;77,87;0,34
10210;0,00;0,00;0,00;0,00;48,99;0,00;71,01;80,02;33,26;180,02;863,28;180,02;786,54;854,02;77,87;0,34
10215;0,00;0,00;0,00;0,00;49,00;0,00;70,99;79,97;33,26;180,01;860,52;180,14;786,24;852,72;77,87;0,34
10220;0,00;0,00;0,00;0,00;49,00;0,00;70,98;80,00;33,25;180,01;860,04;180,19;786,18;851,54;77,87;0,34
10225;0,00;0,00;0,00;0,00;49,00;0,00;71,00;80,02;33,26;180,02;861,77;180,25;786,43;851,93;77,87;0,34
10230;0,00;0,00;0,00;0,00;48,99;0,00;71,00;80,00;33,27;180,02;863,59;180,28;787,21;854,41;77,87;0,34
10235;0,00;0,00;0,00;0,00;49,00;0,00;71,02;79,97;33,27;180,03;866,85;180,26;787,46;855,81;77,87;0,34
10240;0,00;0,00;0,00;0,00;49,00;0,00;71,00;80,00;33,29;180,03;867,67;180,25;787,53;857,54;77,87;0,34
10245;0,00;0,00;0,00;0,00;49,00;0,00;71,02;79,98;33,27;180,05;867,18;180,16;787,37;857,64;77,87;0,34
10250;0,00;0,00;0,00;0,00;49,00;0,00;71,02;80,00;33,27;180,05;866,17;180,11;787,17;856,37;77,87;0,34
10255;0,00;0,00;0,00;0,00;49,01;0,00;71,00;80,02;33,28;180,01;863,15;180,00;786,52;855,18;77,87;0,34
10260;0,00;0,00;0,00;0,00;49,00;0,00;71,02;80,02;33,28;179,99;861,50;179,93;786,23;852,61;77,87;0,34
10265;0,00;0,00;0,00;0,00;49,00;0,00;71,00;80,00;33,28;179,99;860,02;179,84;786,21;851,76;77,87;0,34
10270;0,00;0,00;0,00;0,00;49,00;0,00;71,00;80,00;33,28;180,00;860,54;179,81;786,48;852,03;77,87;0,34
10275;0,00;0,00;0,00;0,00;49,00;0,00;71,00;80,02;33,28;180,04;863,85;179,79;787,24;853,08;77,87;0,34
10280;0,00;0,00;0,00;0,00;49,00;0,00;71,02;80,00;33,25;180,04;865,64;179,81;787,47;855,93;77,87;0,34
10285;0,00;0,00;0,00;0,00;49,00;0,00;70,98;80,03;33,26;180,04;867,70;179,88;787,54;857,59;77,87;0,34
10290;0,00;0,00;0,00;0,00;49,00;0,00;70,99;80,02;33,25;180,01;867,73;179,93;787,49;857,65;77,87;0,34
10295;0,00;0,00;0,00;0,00;49,00;0,00;71,00;80,00;33,25;180,00;866,04;180,06;787,16;856,32;77,87;0,34
10300;0,00;0,00;0,00;0,00;49,00;0,00;71,00;80,03;33,26;179,97;864,62;180,12;786,85;855,12;77,87;0,34
10305;0,00;0,00;0,00;0,00;48,99;0,00;71,01;80,00;33,25;179,99;861,43;180,23;786,19;852,51;77,87;0,34
10310;0,00;0,00;0,00;0,00;49,01;0,00;70,99;80,00;33,27;180,03;860,31;180,27;786,10;851,70;77,87;0,34
10315;0,00;0,00;0,00;0,00;49,00;0,00;71,00;79,98;33,23;180,05;860,51;180,30;786,50;852,00;77,87;0,34
10320;0,00;0,00;0,00;0,00;49,00;0,00;71,00;80,00;33,26;180,05;862,00;180,30;786,89;853,15;77,87;0,34
10325;0,00;0,00;0,00;0,00;49,01;0,00;71,02;80,02;33,26;180,04;865,68;180,25;787,48;856,00;77,87;0,34
10330;0,00;0,00;0,00;0,00;49,01;0,00;71,00;80,02;33,26;180,00;867,05;180,20;787,56;857,08;77,87;0,34
10335;0,00;0,00;0,00;0,00;49,01;0,00;70,99;80,00;33,26;180,00;867,80;180,08;787,52;857,72;77,87;0,34
10340;0,00;0,00;0,00;0,00;49,00;0,00;71,02;80,00;33,28;180,01;866,15;180,02;787,40;857,26;77,87;0,34
10345;0,00;0,00;0,00;0,00;49,00;0,00;71,01;80,00;33,28;180,01;864,73;179,91;786,88;855,16;77,87;0,34
10350;0,00;0,00;0,00;0,00;49,00;0,00;71,02;80,00;33,26;180,03;861,40;179,86;786,50;853,80;77,87;0,34
10355;0,00;0,00;0,00;0,00;49,00;0,00;71,00;80,00;33,27;180,04;860,28;179,79;786,10;851,70;77,87;0,34
10360;0,00;0,00;0,00;0,00;49,00;0,00;71,00;79,98;33,26;180,03;860,47;179,78;786,19;851,46;77,87;0,34
10365;0,00;0,00;0,00;0,00;49,01;0,00;71,01;80,02;33,26;180,03;861,82;179,81;786,86;853,07;77,87;0,34
10370;0,00;0,00;0,00;0,00;49,00;0,00;71,00;79,97;33,27;180,03;865,55;179,84;787,25;854,54;77,87;0,34
10375;0,00;0,00;0,00;0,00;49,00;0,00;71,00;80,02;33,28;180,02;867,05;179,95;787,54;857,03;77,87;0,34
10380;0,00;0,00;0,00;0,00;49,00;0,00;71,01;80,02;33,29;180,01;867,82;180,01;787,55;857,65;77,87;0,34
10385;0,00;0,00;0,00;0,00;49,01;0,00;71,00;80,00;33,26;180,00;867,26;180,13;787,39;857,28;77,87;0,34
10390;0,00;0,00;0,00;0,00;49,01;0,00;71,01;79,98;33,25;180,01;864,71;180,19;787,18;856,37;77,87;0,34
10395;0,00;0,00;0,00;0,00;49,00;0,00;71,00;80,05;33,28;180,02;863,07;180,27;786,50;853,80;77,87;0,34
10400;0,00;0,00;0,00;0,00;49,01;0,00;71,00;80,00;33,25;180,02;860,31;180,30;786,22;852,57;77,87;0,34
10405;0,00;0,00;0,00;0,00;49,00;0,00;71,01;80,02;33,27;180,02;859,98;180,28;786,20;851,51;77,87;0,34
10410;0,00;0,00;0,00;0,00;49,01;0,00;71,02;80,00;33,26;180,03;861,91;180,23;786,47;851,99;77,87;0,34
10415;0,00;0,00;0,00;0,00;49,00;0,00;71,00;80,02;33,26;180,02;863,75;180,18;787,26;854,56;77,87;0,34
10420;0,00;0,00;0,00;0,00;48,99;0,00;71,00;80,03;33,26;180,01;866,99;180,07;787,48;855,95;77,87;0,34
10425;0,00;0,00;0,00;0,00;49,00;0,00;71,02;80,00;33,25;180,00;867,78;180,00;787,57;857,65;77,87;0,34
10430;0,00;0,00;0,00;0,00;49,00;0,00;71,00;80,02;33,27;180,01;867,24;179,90;787,52;857,72;77,87;0,34
10435;0,00;0,00;0,00;0,00;49,00;0,00;71,00;80,00;33,27;180,01;866,21;179,85;787,19;856,40;77,87;0,34
10440;0,00;0,00;0,00;0,00;49,01;0,00;71,00;80,00;33,25;180,01;863,04;179,80;786,89;855,19;77,87;0,34
10445;0,00;0,00;0,00;0,00;49,00;0,00;71,00;80,00;33,26;180,02;861,47;179,79;786,23;852,58;77,87;0,34
10450;0,00;0,00;0,00;0,00;48,99;0,00;71,02;79,98;33,25;180,00;859,97;179,82;786,22;851,74;77,87;0,34
10455;0,00;0,00;0,00;0,00;49,00;0,00;71,00;80,02;33,26;180,00;860,49;179,86;786,51;851,99;77,87;0,34
10460;0,00;0,00;0,00;0,00;49,00;0,00;70,98;80,00;33,25;179,98;863,83;179,96;787,28;853,15;77,87;0,34
10465;0,00;0,00;0,00;0,00;49,00;0,00;71,02;79,97;33,26;179,98;865,64;180,02;787,49;855,98;77,87;0,34
10470;0,00;0,00;0,00;0,00;49,00;0,00;70,99;80,02;33,27;180,00;867,71;180,13;787,55;857,01;77,87;0,34
10475;0,00;0,00;0,00;0,00;49,00;0,00;71,00;79,98;33,26;180,00;867,71;180,18;787,49;857,64;77,87;0,34
10480;0,00;0,00;0,00;0,00;49,00;0,00;71,00;80,02;33,26;180,01;866,03;180,26;787,15;857,17;77,87;0,34
10485;0,00;0,00;0,00;0,00;49,00;0,00;70,99;80,02;33,28;180,01;864,49;180,28;786,84;855,06;77,87;0,34
10490;0,00;0,00;0,00;0,00;49,00;0,00;71,00;79,98;33,28;179,99;861,34;180,27;786,21;853,66;77,87;0,34
10495;0,00;0,00;0,00;0,00;49,01;0,00;71,00;79,97;33,28;179,98;860,29;180,24;786,12;851,68;77,87;0,34
10500;0,00;0,00;0,00;0,00;49,00;0,00;70,99;79,97;33,27;179,99;860,70;180,15;786,55;851,54;77,87;0,34
10505;0,00;0,00;0,00;0,00;49,00;0,00;71,00;80,00;33,28;180,00;862,16;180,10;786,95;853,28;77,87;0,34
10510;0,00;0,00;0,00;0,00;49,00;0,00;71,02;80,00;33,28;180,04;865,79;179,98;787,50;854,77;77,87;0,34
10515;0,00;0,00;0,00;0,00;49,01;0,00;71,00;80,00;33,28;180,05;867,07;179,92;787,55;857,07;77,87;0,34
10520;0,00;0,00;0,00;0,00;49,00;0,00;71,02;79,98;33,28;180,05;867,61;179,83;787,47;857,56;77,87;0,34
10525;0,00;0,00;0,00;0,00;48,99;0,00;71,00;80,00;33,30;180,02;866,94;179,80;787,34;857,04;77,87;0,34
10530;0,00;0,00;0,00;0,00;49,00;0,00;70,97;80,02;33,30;180,00;864,36;179,78;786,79;854,87;77,87;0,34
10535;0,00;0,00;0,00;0,00;49,00;0,00;71,00;80,00;33,29;179,98;862,74;179,79;786,44;853,53;77,87;0,34
10540;0,00;0,00;0,00;0,00;48,99;0,00;71,02;80,00;33,29;179,99;860,20;179,86;786,11;851,63;77,87;0,34
10545;0,00;0,00;0,00;0,00;48,99;0,00;71,00;80,00;33,29;179,99;860,03;179,91;786,26;851,55;77,87;0,34
10550;0,00;0,00;0,00;0,00;49,00;0,00;71,00;80,00;33,31;180,00;862,24;180,03;786,97;853,44;77,87;0,34
10555;0,00;0,00;0,00;0,00;49,00;0,00;71,00;80,00;33,29;180,05;864,26;180,10;787,34;854,89;77,87;0,34
10560;0,00;0,00;0,00;0,00;48,99;0,00;70,99;79,97;33,31;180,05;867,20;180,21;787,55;857,17;77,87;0,34
10565;0,00;0,00;0,00;0,00;49,00;0,00;70,97;80,00;33,30;180,01;867,74;180,25;787,53;857,63;77,87;0,34
10570;0,00;0,00;0,00;0,00;48,99;0,00;71,00;79,98;33,28;179,99;866,85;180,30;787,32;856,98;77,87;0,34
10575;0,00;0,00;0,00;0,00;49,00;0,00;70,98;79,98;33,30;179,96;864,19;180,30;787,09;856,00;77,87;0,34
10580;0,00;0,00;0,00;0,00;49,00;0,00;71,00;80,02;33,29;179,98;862,56;180,25;786,42;853,41;77,87;0,34
10585;0,00;0,00;0,00;0,00;49,00;0,00;71,02;80,00;33,30;180,01;860,16;180,20;786,19;852,28;77,87;0,34
10590;0,00;0,00;0,00;0,00;49,00;0,00;71,02;80,02;33,29;180,03;860,11;180,09;786,30;851,62;77,87;0,34
10595;0,00;0,00;0,00;0,00;49,00;0,00;71,02;80,03;33,31;180,05;862,48;180,03;786,62;852,33;77,87;0,34
10600;0,00;0,00;0,00;0,00;49,00;0,00;71,00;80,02;33,28;180,04;864,36;179,90;787,36;855,01;77,87;0,34
10605;0,00;0,00;0,00;0,00;49,00;0,00;71,00;80,00;33,31;180,02;867,28;179,85;787,51;856,33;77,87;0,34
10610;0,00;0,00;0,00;0,00;49,00;0,00;71,00;80,00;33,29;180,01;867,72;179,79;787,53;857,61;77,87;0,34
10615;0,00;0,00;0,00;0,00;49,00;0,00;70,98;80,02;33,32;179,98;866,76;179,78;787,45;857,48;77,87;0,34
10620;0,00;0,00;0,00;0,00;49,00;0,00;71,00;80,02;33,32;179,96;865,58;179,80;787,06;855,87;77,87;0,34
10625;0,00;0,00;0,00;0,00;49,00;0,00;71,00;80,00;33,30;179,98;862,32;179,87;786,71;854,60;77,87;0,34
10630;0,00;0,00;0,00;0,00;49,00;0,00;71,00;80,00;33,32;180,00;860,89;179,92;786,14;852,14;77,87;0,34
10635;0,00;0,00;0,00;0,00;49,00;0,00;71,02;80,02;33,31;180,02;860,03;180,04;786,12;851,53;77,87;0,34
10640;0,00;0,00;0,00;0,00;49,00;0,00;71,00;80,02;33,32;180,02;861,01;180,09;786,63;852,37;77,87;0,34
10645;0,00;0,00;0,00;0,00;48,99;0,00;71,02;80,00;33,34;180,01;864,56;180,20;787,03;853,64;77,87;0,34
10650;0,00;0,00;0,00;0,00;49,00;0,00;70,99;80,02;33,31;179,99;866,23;180,23;787,50;856,38;77,87;0,34
10655;0,00;0,00;0,00;0,00;49,00;0,00;70,98;79,98;33,33;179,99;867,78;180,28;787,54;857,28;77,87;0,34
10660;0,00;0,00;0,00;0,00;49,00;0,00;71,00;80,00;33,32;180,00;867,55;180,28;787,44;857,50;77,87;0,34
10665;0,00;0,00;0,00;0,00;49,00;0,00;71,00;80,02;33,31;180,04;865,47;180,24;787,03;856,86;77,87;0,34
10670;0,00;0,00;0,00;0,00;49,00;0,00;71,00;80,02;33,32;180,05;863,95;180,21;786,69;854,55;77,87;0,34
10675;0,00;0,00;0,00;0,00;49,00;0,00;71,01;80,00;33,34;180,04;860,92;180,10;786,13;853,21;77,87;0,34
10680;0,00;0,00;0,00;0,00;49,01;0,00;71,01;80,00;33,33;180,03;860,06;180,04;786,13;851,54;77,87;0,34
10685;0,00;0,00;0,00;0,00;49,00;0,00;71,01;80,00;33,33;180,00;861,11;179,94;786,67;851,66;77,87;0,34
10690;0,00;0,00;0,00;0,00;49,01;0,00;71,03;80,02;33,32;179,98;862,74;179,88;787,07;853,78;77,87;0,34
10695;0,00;0,00;0,00;0,00;48,99;0,00;70,99;80,02;33,32;179,99;866,37;179,81;787,53;855,23;77,87;0,34
10700;0,00;0,00;0,00;0,00;49,00;0,00;71,00;79,98;33,33;180,00;867,42;179,80;787,56;857,31;77,87;0,34
10705;0,00;0,00;0,00;0,00;49,01;0,00;71,00;79,98;33,34;180,03;867,49;179,80;787,45;857,47;77,87;0,34
10710;0,00;0,00;0,00;0,00;49,00;0,00;71,00;80,02;33,34;180,05;866,67;179,83;787,28;856,81;77,87;0,34
10715;0,00;0,00;0,00;0,00;49,00;0,00;71,00;80,02;33,34;180,05;863,90;179,92;786,68;854,46;77,87;0,34
10720;0,00;0,00;0,00;0,00;49,00;0,00;71,00;79,97;33,34;180,03;862,15;179,97;786,32;853,12;77,87;0,34
10725;0,00;0,00;0,00;0,00;49,00;0,00;71,03;80,00;33,33;180,02;860,01;180,09;786,12;851,51;77,87;0,34
10730;0,00;0,00;0,00;0,00;49,01;0,00;71,02;80,00;33,34;179,98;860,10;180,15;786,31;851,64;77,87;0,34
10735;0,00;0,00;0,00;0,00;49,01;0,00;70,98;79,98;33,34;179,98;862,88;180,25;787,08;853,79;77,87;0,34
10740;0,00;0,00;0,00;0,00;49,00;0,00;71,02;80,00;33,33;180,01;864,80;180,28;787,39;855,26;77,87;0,34
10745;0,00;0,00;0,00;0,00;49,01;0,00;71,01;80,00;33,34;180,03;867,48;180,30;787,55;857,41;77,87;0,34
10750;0,00;0,00;0,00;0,00;49,00;0,00;71,02;79,97;33,35;180,05;867,85;180,29;787,54;857,73;77,87;0,34
10755;0,00;0,00;0,00;0,00;49,00;0,00;71,00;80,00;33,34;180,03;866,68;180,22;787,29;856,83;77,87;0,34
10760;0,00;0,00;0,00;0,00;49,00;0,00;71,00;80,02;33,35;180,03;865,42;180,18;787,04;855,77;77,87;0,34
10765;0,00;0,00;0,00;0,00;49,00;0,00;70,98;79,98;33,34;180,01;862,22;180,06;786,35;853,12;77,87;0,34
10770;0,00;0,00;0,00;0,00;49,01;0,00;71,01;79,97;33,32;180,01;859,99;180,00;786,12;852,04;77,87;0,34
10775;0,00;0,00;0,00;0,00;49,00;0,00;71,00;80,02;33,33;180,02;860,09;179,87;786,31;851,61;77,87;0,34
10780;0,00;0,00;0,00;0,00;49,00;0,00;71,02;79,98;33,32;180,05;862,77;179,82;786,67;852,46;77,87;0,34
10785;0,00;0,00;0,00;0,00;49,00;0,00;71,00;80,00;33,31;180,06;864,69;179,76;787,40;855,26;77,87;0,34
10790;0,00;0,00;0,00;0,00;49,00;0,00;71,00;80,03;33,31;180,05;867,50;179,76;787,53;856,53;77,87;0,34
10795;0,00;0,00;0,00;0,00;48,99;0,00;70,99;80,00;33,31;180,03;867,85;179,79;787,54;857,73;77,87;0,34
10800;0,00;0,00;0,00;0,00;49,00;0,00;70,99;79,97;33,30;180,00;866,73;179,84;787,47;857,52;77,87;0,34
10805;0,00;0,00;0,00;0,00;49,01;0,00;71,00;80,00;33,31;179,99;865,38;179,94;787,05;855,80;77,87;0,34
10810;0,00;0,00;0,00;0,00;49,00;0,00;70,99;80,00;33,31;179,99;862,20;180,01;786,69;854,45;77,87;0,34
10815;0,00;0,00;0,00;0,00;49,00;0,00;71,00;80,02;33,32;180,00;860,82;180,15;786,16;852,07;77,87;0,34
10820;0,00;0,00;0,00;0,00;48,99;0,00;71,01;80,00;33,30;180,03;860,21;180,20;786,18;851,55;77,87;0,34
10825;0,00;0,00;0,00;0,00;49,01;0,00;71,00;79,98;33,31;180,04;861,25;180,29;786,74;852,58;77,87;0,34
10830;0,00;0,00;0,00;0,00;49,00;0,00;71,00;80,00;33,31;180,05;864,83;180,32;787,15;853,94;77,87;0,34
10835;0,00;0,00;0,00;0,00;49,01;0,00;71,01;80,02;33,31;180,04;866,44;180,31;787,58;856,60;77,87;0,34
10840;0,00;0,00;0,00;0,00;49,00;0,00;71,00;80,03;33,31;180,03;867,83;180,24;787,61;857,42;77,87;0,34
10845;0,00;0,00;0,00;0,00;49,00;0,00;71,00;80,02;33,32;180,03;867,50;180,19;787,49;857,49;77,87;0,34
10850;0,00;0,00;0,00;0,00;48,99;0,00;71,01;79,98;33,31;180,03;865,38;180,07;787,33;856,79;77,87;0,34
10855;0,00;0,00;0,00;0,00;49,00;0,00;71,00;80,00;33,30;180,04;863,69;180,00;786,71;854,39;77,87;0,34
10860;0,00;0,00;0,00;0,00;49,00;0,00;71,02;80,00;33,30;180,05;860,70;179,88;786,37;853,05;77,87;0,34
10865;0,00;0,00;0,00;0,00;48,99;0,00;71,00;80,00;33,30;180,04;859,99;179,84;786,21;851,51;77,87;0,34
10870;0,00;0,00;0,00;0,00;49,00;0,00;71,00;80,00;33,31;180,02;861,30;179,79;786,44;851,71;77,87;0,34
10875;0,00;0,00;0,00;0,00;49,00;0,00;70,98;79,98;33,31;180,00;863,04;179,79;787,21;854,04;77,87;0,34
10880;0,00;0,00;0,00;0,00;49,00;0,00;71,00;80,00;33,32;179,99;866,63;179,84;787,50;855,48;77,87;0,34
10885;0,00;0,00;0,00;0,00;49,00;0,00;70,98;80,00;33,32;180,00;867,59;179,87;787,66;857,50;77,87;0,34
10890;0,00;0,00;0,00;0,00;49,00;0,00;70,99;80,00;33,32;180,05;867,50;179,99;787,54;857,76;77,87;0,34
10895;0,00;0,00;0,00;0,00;49,00;0,00;71,00;79,98;33,30;180,07;866,62;180,05;787,37;856,77;77,87;0,34
10900;0,00;0,00;0,00;0,00;49,00;0,00;71,01;79,95;33,32;180,08;863,65;180,17;786,75;855,67;77,87;0,34
10905;0,00;0,00;0,00;0,00;49,00;0,00;71,00;79,98;33,33;180,06;861,99;180,21;786,40;853,02;77,87;0,34
10910;0,00;0,00;0,00;0,00;49,00;0,00;71,01;80,02;33,32;180,02;860,00;180,28;786,25;851,99;77,87;0,34
10915;0,00;0,00;0,00;0,00;49,00;0,00;71,01;80,02;33,31;180,00;860,25;180,30;786,47;851,76;77,87;0,34
10920;0,00;0,00;0,00;0,00;49,00;0,00;71,00;80,00;33,32;180,00;863,14;180,28;787,26;852,71;77,87;0,34
10925;0,00;0,00;0,00;0,00;49,00;0,00;71,00;79,97;33,33;180,02;865,04;180,25;787,53;855,54;77,87;0,34
10930;0,00;0,00;0,00;0,00;48,99;0,00;70,99;79,98;33,31;180,04;867,62;180,16;787,66;856,74;77,87;0,34
10935;0,00;0,00;0,00;0,00;49,00;0,00;71,00;79,97;33,32;180,06;867,85;180,10;787,63;857,74;77,87;0,34
10940;0,00;0,00;0,00;0,00;49,01;0,00;71,00;79,98;33,33;180,05;866,54;179,99;787,35;857,46;77,87;0,34
10945;0,00;0,00;0,00;0,00;49,01;0,00;71,02;79,98;33,33;180,05;865,23;179,92;787,08;855,60;77,87;0,34
10950;0,00;0,00;0,00;0,00;49,00;0,00;71,02;80,02;33,35;180,02;861,92;179,83;786,40;852,96;77,87;0,34
10955;0,00;0,00;0,00;0,00;49,01;0,00;71,02;80,02;33,37;180,01;860,64;179,81;786,23;851,98;77,87;0,34
10960;0,00;0,00;0,00;0,00;49,00;0,00;71,00;80,00;33,34;180,01;860,33;179,79;786,51;851,57;77,87;0,34
10965;0,00;0,00;0,00;0,00;49,00;0,00;71,01;79,98;33,35;180,02;861,59;179,81;786,91;852,90;77,87;0,34
10970;0,00;0,00;0,00;0,00;49,00;0,00;71,01;80,02;33,34;180,02;865,34;179,88;787,54;854,27;77,87;0,34
10975;0,00;0,00;0,00;0,00;49,01;0,00;71,00;80,03;33,34;180,02;866,77;179,93;787,63;856,83;77,87;0,34
10980;0,00;0,00;0,00;0,00;49,00;0,00;71,01;80,02;33,33;180,02;867,69;180,05;787,59;857,50;77,87;0,34
10985;0,00;0,00;0,00;0,00;49,00;0,00;71,00;80,02;33,35;180,02;867,17;180,11;787,47;857,22;77,87;0,34
10990;0,00;0,00;0,00;0,00;49,00;0,00;71,01;79,98;33,34;180,03;864,79;180,21;786,95;855,24;77,87;0,34
10995;0,00;0,00;0,00;0,00;49,00;0,00;71,00;80,03;33,36;180,05;863,19;180,26;786,58;853,89;77,87;0,34
11000;0,00;0,00;0,00;0,00;49,00;0,00;71,00;80,02;33,36;180,05;860,41;180,33;786,17;851,83;77,87;0,34
11005;0,00;0,00;0,00;0,00;49,00;0,00;70,98;80,02;33,36;180,01;860,03;180,34;786,26;851,56;77,87;0,34
11010;0,00;0,00;0,00;0,00;49,00;0,00;71,00;80,03;33,38;180,01;861,84;180,34;786,92;853,09;77,87;0,34
11015;0,00;0,00;0,00;0,00;49,00;0,00;70,99;80,02;33,38;179,99;863,66;180,33;787,29;854,50;77,87;0,34
11020;0,00;0,00;0,00;0,00;49,01;0,00;70,99;80,00;33,38;179,99;866,91;180,27;787,56;856,98;77,87;0,34
11025;0,00;0,00;0,00;0,00;49,00;0,00;71,02;80,00;33,39;180,00;867,71;180,24;787,55;857,60;77,87;0,34
11030;0,00;0,00;0,00;0,00;49,00;0,00;71,00;80,00;33,41;180,01;867,20;180,16;787,35;857,25;77,87;0,34
11035;0,00;0,00;0,00;0,00;49,00;0,00;71,01;80,02;33,40;180,05;866,17;180,14;787,14;856,40;77,87;0,34
11040;0,00;0,00;0,00;0,00;49,00;0,00;71,02;80,03;33,40;180,05;863,01;180,08;786,44;853,81;77,87;0,34
11045;0,00;0,00;0,00;0,00;49,00;0,00;71,01;80,00;33,40;180,04;861,48;180,05;786,14;852,57;77,87;0,34
11050;0,00;0,00;0,00;0,00;49,00;0,00;71,00;79,98;33,38;180,02;859,99;180,02;786,14;851,54;77,87;0,34
11055;0,00;0,00;0,00;0,00;49,00;0,00;71,00;80,05;33,42;179,98;861,99;180,02;786,42;852,03;77,87;0,34
11060;0,00;0,00;0,00;0,00;49,00;0,00;71,02;80,02;33,41;179,97;863,82;180,04;787,18;854,64;77,87;0,34
11065;0,00;0,00;0,00;0,00;49,00;0,00;71,00;79,97;33,41;179,99;867,04;180,05;787,38;855,99;77,87;0,34
11070;0,00;0,00;0,00;0,00;49,00;0,00;71,00;80,02;33,41;180,00;867,69;180,10;787,44;857,59;77,87;0,34
11075;0,00;0,00;0,00;0,00;49,00;0,00;71,02;79,98;33,40;180,04;867,04;180,12;787,36;857,59;77,87;0,34
11080;0,00;0,00;0,00;0,00;49,00;0,00;71,01;80,00;33,40;180,05;865,87;180,18;787,01;856,17;77,87;0,34
11085;0,00;0,00;0,00;0,00;49,00;0,00;70,98;80,02;33,38;180,03;862,81;180,20;786,71;854,95;77,87;0,34
11090;0,00;0,00;0,00;0,00;49,00;0,00;71,00;80,02;33,39;180,00;861,28;180,24;786,08;852,42;77,87;0,34
11095;0,00;0,00;0,00;0,00;49,00;0,00;71,00;80,00;33,36;179,94;860,05;180,25;786,02;851,68;77,87;0,34
11100;0,00;0,00;0,00;0,00;49,00;0,00;71,02;80,02;33,37;179,95;860,69;180,25;786,43;852,11;77,87;0,34
11105;0,00;0,00;0,00;0,00;49,00;0,00;71,00;79,98;33,38;179,97;863,66;180,22;787,12;854,35;77,87;0,34
11110;0,00;0,00;0,00;0,00;49,01;0,00;70,99;80,03;33,37;180,01;866,61;180,19;787,35;855,62;77,87;0,34
11115;0,00;0,00;0,00;0,00;49,00;0,00;71,02;80,02;33,36;180,03;867,48;180,17;787,47;857,38;77,87;0,34
11120;0,00;0,00;0,00;0,00;49,00;0,00;71,00;80,00;33,35;180,04;867,56;180,11;787,38;857,54;77,87;0,34
11125;0,00;0,00;0,00;0,00;49,00;0,00;70,98;79,98;33,36;180,01;865,83;180,06;787,25;857,02;77,87;0,34
11130;0,00;0,00;0,00;0,00;49,00;0,00;70,99;80,02;33,34;179,96;864,61;180,04;786,77;855,10;77,87;0,34
11135;0,00;0,00;0,00;0,00;49,00;0,00;71,00;80,03;33,34;179,95;861,64;180,01;786,16;852,78;77,87;0,34
11140;0,00;0,00;0,00;0,00;49,00;0,00;70,98;80,00;33,35;179,96;859,97;179,99;786,04;851,90;77,87;0,34
11145;0,00;0,00;0,00;0,00;48,99;0,00;71,00;79,98;33,35;179,99;860,96;180,00;786,22;851,63;77,87;0,34
11150;0,00;0,00;0,00;0,00;49,00;0,00;71,03;79,98;33,34;180,00;862,48;180,01;786,91;853,44;77,87;0,34
11155;0,00;0,00;0,00;0,00;49,00;0,00;71,00;80,00;33,33;180,03;865,74;180,05;787,40;855,98;77,87;0,34
11160;0,00;0,00;0,00;0,00;49,00;0,00;71,00;79,98;33,33;180,03;867,70;180,07;787,48;856,97;77,87;0,34
11165;0,00;0,00;0,00;0,00;49,00;0,00;71,02;80,02;33,33;180,02;867,83;180,12;787,45;857,74;77,87;0,34
11170;0,00;0,00;0,00;0,00;49,00;0,00;70,98;80,00;33,33;179,97;866,66;180,17;787,23;856,85;77,87;0,34
11175;0,00;0,00;0,00;0,00;49,00;0,00;70,99;80,03;33,32;179,94;864,23;180,22;787,00;855,93;77,87;0,34
11180;0,00;0,00;0,00;0,00;49,00;0,00;71,00;80,02;33,32;179,95;862,69;180,24;786,38;853,58;77,87;0,34
11185;0,00;0,00;0,00;0,00;49,01;0,00;70,97;80,02;33,31;179,96;860,30;180,25;786,06;851,75;77,87;0,34
11190;0,00;0,00;0,00;0,00;49,01;0,00;70,98;79,98;33,31;180,00;860,32;180,24;786,36;851,51;77,87;0,34
11195;0,00;0,00;0,00;0,00;49,01;0,00;71,01;79,98;33,33;180,01;861,41;180,23;786,72;852,73;77,87;0,34
11200;0,00;0,00;0,00;0,00;49,00;0,00;71,02;80,00;33,31;180,00;865,05;180,18;787,39;855,57;77,87;0,34
11205;0,00;0,00;0,00;0,00;49,00;0,00;71,00;79,98;33,30;179,99;866,70;180,16;787,49;856,74;77,87;0,34
11210;0,00;0,00;0,00;0,00;49,01;0,00;71,00;80,05;33,30;179,98;867,81;180,10;787,47;857,72;77,87;0,34
11215;0,00;0,00;0,00;0,00;49,00;0,00;71,00;79,97;33,31;179,98;867,40;180,07;787,38;857,41;77,87;0,34
11220;0,00;0,00;0,00;0,00;49,01;0,00;70,98;80,00;33,30;179,98;865,06;180,03;786,90;855,49;77,87;0,34
11225;0,00;0,00;0,00;0,00;48,99;0,00;71,00;80,03;33,31;179,99;863,47;180,02;786,53;854,16;77,87;0,34
11230;0,00;0,00;0,00;0,00;49,00;0,00;71,00;80,00;33,31;179,98;860,57;180,01;786,07;851,92;77,87;0,34
11235;0,00;0,00;0,00;0,00;49,01;0,00;70,99;80,00;33,32;179,98;860,22;180,01;786,12;851,52;77,87;0,34
11240;0,00;0,00;0,00;0,00;49,00;0,00;71,01;80,02;33,30;179,98;861,18;180,03;786,64;852,47;77,87;0,34
11245;0,00;0,00;0,00;0,00;49,01;0,00;71,00;79,98;33,29;180,00;864,34;180,06;787,29;854,93;77,87;0,34
11250;0,00;0,00;0,00;0,00;49,00;0,00;71,02;80,00;33,29;180,01;867,12;180,11;787,46;856,14;77,87;0,34
11255;0,00;0,00;0,00;0,00;49,00;0,00;70,98;80,02;33,33;180,00;867,70;180,13;787,53;857,60;77,87;0,34
11260;0,00;0,00;0,00;0,00;49,00;0,00;71,00;80,00;33,31;179,98;867,36;180,17;787,39;857,39;77,87;0,34
11265;0,00;0,00;0,00;0,00;49,01;0,00;71,02;80,00;33,29;179,94;865,31;180,20;787,00;856,74;77,87;0,34
11270;0,00;0,00;0,00;0,00;49,00;0,00;71,00;79,98;33,31;179,94;864,00;180,20;786,69;854,61;77,87;0,34
11275;0,00;0,00;0,00;0,00;49,00;0,00;70,99;80,02;33,30;179,96;861,12;180,21;786,14;852,36;77,87;0,34
11280;0,00;0,00;0,00;0,00;49,00;0,00;71,00;80,02;33,29;179,99;859,97;180,20;786,19;851,52;77,87;0,34
11285;0,00;0,00;0,00;0,00;49,00;0,00;71,00;80,02;33,30;180,02;861,62;180,18;786,44;851,91;77,87;0,34
11290;0,00;0,00;0,00;0,00;48,99;0,00;71,00;79,98;33,32;180,04;863,27;180,15;787,14;854,06;77,87;0,34
11295;0,00;0,00;0,00;0,00;49,01;0,00;71,00;80,00;33,30;180,03;866,35;180,12;787,52;856,46;77,87;0,34
11300;0,00;0,00;0,00;0,00;49,00;0,00;71,00;80,00;33,29;179,97;867,78;180,08;787,55;857,26;77,87;0,34
11305;0,00;0,00;0,00;0,00;49,00;0,00;71,02;79,97;33,30;179,95;867,67;180,06;787,49;857,63;77,87;0,34
11310;0,00;0,00;0,00;0,00;49,00;0,00;71,00;79,97;33,29;179,93;866,12;180,04;787,18;856,43;77,87;0,34
11315;0,00;0,00;0,00;0,00;49,00;0,00;71,02;80,00;33,31;179,94;863,48;180,02;786,91;855,37;77,87;0,34
11320;0,00;0,00;0,00;0,00;49,00;0,00;71,00;80,02;33,28;179,99;861,98;180,02;786,30;853,04;77,87;0,34
11325;0,00;0,00;0,00;0,00;48,99;0,00;71,00;79,98;33,28;180,02;859,99;180,03;786,15;851,52;77,87;0,34
11330;0,00;0,00;0,00;0,00;49,00;0,00;70,99;80,02;33,30;180,04;860,19;180,04;786,36;851,72;77,87;0,34
11335;0,00;0,00;0,00;0,00;49,00;0,00;70,98;80,02;33,31;180,04;862,97;180,09;787,13;853,99;77,87;0,34
11340;0,00;0,00;0,00;0,00;49,01;0,00;71,00;79,97;33,30;179,97;864,86;180,10;787,41;855,42;77,87;0,34
11345;0,00;0,00;0,00;0,00;49,00;0,00;71,00;80,00;33,29;179,94;867,55;180,14;787,59;857,46;77,87;0,34
11350;0,00;0,00;0,00;0,00;49,01;0,00;71,01;80,00;33,29;179,92;867,84;180,15;787,56;857,74;77,87;0,34
11355;0,00;0,00;0,00;0,00;49,00;0,00;71,00;79,97;33,28;179,92;866,71;180,18;787,34;856,92;77,87;0,34
11360;0,00;0,00;0,00;0,00;49,01;0,00;71,02;79,98;33,29;179,98;864,30;180,18;786,81;854,87;77,87;0,34
11365;0,00;0,00;0,00;0,00;49,01;0,00;71,01;80,03;33,29;180,03;862,67;180,17;786,44;853,51;77,87;0,34
11370;0,00;0,00;0,00;0,00;49,00;0,00;71,00;80,02;33,31;180,05;860,15;180,16;786,11;851,61;77,87;0,34
11375;0,00;0,00;0,00;0,00;49,00;0,00;70,99;80,00;33,28;180,04;859,97;180,14;786,27;851,54;77,87;0,34
11380;0,00;0,00;0,00;0,00;49,00;0,00;71,00;80,00;33,28;180,01;862,26;180,11;786,98;853,41;77,87;0,34
11385;0,00;0,00;0,00;0,00;49,00;0,00;70,99;80,00;33,28;179,95;864,20;180,10;787,36;854,87;77,87;0,34
11390;0,00;0,00;0,00;0,00;49,01;0,00;71,00;80,02;33,30;179,93;867,23;180,08;787,59;857,23;77,87;0,34
11395;0,00;0,00;0,00;0,00;49,00;0,00;71,01;80,02;33,29;179,93;867,85;180,07;787,59;857,74;77,87;0,34
11400;0,00;0,00;0,00;0,00;49,00;0,00;71,00;80,02;33,29;179,95;867,05;180,06;787,39;857,13;77,87;0,34
11405;0,00;0,00;0,00;0,00;49,00;0,00;71,03;80,00;33,28;180,00;865,92;180,06;787,16;856,17;77,87;0,34
11410;0,00;0,00;0,00;0,00;49,00;0,00;71,00;79,98;33,28;180,00;862,70;180,07;786,48;853,51;77,87;0,34
11415;0,00;0,00;0,00;0,00;49,00;0,00;71,00;80,00;33,27;180,00;861,18;180,07;786,22;852,34;77,87;0,34
11420;0,00;0,00;0,00;0,00;49,00;0,00;71,00;80,00;33,29;180,00;860,01;180,09;786,31;851,57;77,87;0,34
11425;0,00;0,00;0,00;0,00;49,00;0,00;71,01;80,00;33,31;179,98;860,79;180,10;786,63;852,21;77,87;0,34
11430;0,00;0,00;0,00;0,00;49,00;0,00;71,00;79,98;33,30;179,97;864,18;180,13;787,38;854,91;77,87;0,34
11435;0,00;0,00;0,00;0,00;49,00;0,00;71,00;79,98;33,31;179,96;866,05;180,14;787,56;856,23;77,87;0,34
11440;0,00;0,00;0,00;0,00;49,00;0,00;71,00;80,00;33,30;179,97;867,76;180,17;787,58;857,67;77,87;0,34
11445;0,00;0,00;0,00;0,00;49,00;0,00;71,00;80,02;33,30;179,99;866,91;180,18;787,51;857,59;77,87;0,34
11450;0,00;0,00;0,00;0,00;49,00;0,00;70,98;80,00;33,30;180,00;865,66;180,19;787,12;856,02;77,87;0,34
11455;0,00;0,00;0,00;0,00;49,00;0,00;71,00;79,98;33,31;180,02;862,53;180,19;786,79;854,76;77,87;0,34
11460;0,00;0,00;0,00;0,00;49,00;0,00;71,00;80,00;33,31;180,01;861,09;180,17;786,21;852,26;77,87;0,34
11465;0,00;0,00;0,00;0,00;49,00;0,00;71,00;79,98;33,31;179,98;860,11;180,16;786,18;851,63;77,87;0,34
11470;0,00;0,00;0,00;0,00;49,00;0,00;71,00;80,02;33,32;179,97;860,95;180,12;786,68;852,38;77,87;0,34
11475;0,00;0,00;0,00;0,00;49,00;0,00;70,99;80,00;33,31;179,96;864,54;180,10;787,10;853,64;77,87;0,34
11480;0,00;0,00;0,00;0,00;49,00;0,00;71,00;80,00;33,31;179,97;866,19;180,07;787,56;856,34;77,87;0,34
11485;0,00;0,00;0,00;0,00;49,00;0,00;71,00;80,02;33,32;180,02;867,70;180,06;787,59;857,26;77,87;0,34
11490;0,00;0,00;0,00;0,00;49,00;0,00;71,01;80,03;33,34;180,03;867,43;180,05;787,48;857,45;77,87;0,34
11495;0,00;0,00;0,00;0,00;49,00;0,00;71,00;80,02;33,31;180,02;865,40;180,05;787,33;856,80;77,87;0,34
11500;0,00;0,00;0,00;0,00;49,00;0,00;71,00;79,98;33,30;180,00;863,88;180,06;786,73;854,50;77,87;0,34
11505;0,00;0,00;0,00;0,00;49,00;0,00;71,01;80,00;33,33;179,97;860,78;180,07;786,40;853,17;77,87;0,34
11510;0,00;0,00;0,00;0,00;49,00;0,00;71,00;80,02;33,34;179,95;860,06;180,10;786,19;851,57;77,87;0,34
11515;0,00;0,00;0,00;0,00;49,00;0,00;71,01;79,97;33,32;179,97;861,16;180,12;786,38;851,70;77,87;0,34
11520;0,00;0,00;0,00;0,00;48,99;0,00;71,00;79,98;33,32;179,98;862,82;180,15;787,16;853,90;77,87;0,34
11525;0,00;0,00;0,00;0,00;49,00;0,00;71,03;80,03;33,33;180,01;866,43;180,18;787,45;855,29;77,87;0,34
11530;0,00;0,00;0,00;0,00;49,00;0,00;71,00;79,98;33,29;180,04;867,44;180,19;787,60;857,37;77,87;0,34
11535;0,00;0,00;0,00;0,00;49,01;0,00;70,98;80,00;33,32;180,03;867,45;180,20;787,57;857,67;77,87;0,34
11540;0,00;0,00;0,00;0,00;49,00;0,00;71,00;79,97;33,32;180,01;866,60;180,19;787,30;856,77;77,87;0,34
11545;0,00;0,00;0,00;0,00;49,00;0,00;70,99;80,00;33,32;179,97;863,69;180,18;787,04;855,70;77,87;0,34
11550;0,00;0,00;0,00;0,00;49,00;0,00;71,00;80,00;33,35;179,95;862,06;180,17;786,35;853,07;77,87;0,34
11555;0,00;0,00;0,00;0,00;49,00;0,00;71,00;80,05;33,35;179,97;860,01;180,14;786,17;852,04;77,87;0,34
11560;0,00;0,00;0,00;0,00;49,00;0,00;71,00;80,00;33,35;179,98;860,14;180,13;786,39;851,70;77,87;0,34
11565;0,00;0,00;0,00;0,00;48,99;0,00;71,01;79,98;33,33;180,04;862,98;180,10;786,76;852,60;77,87;0,34
11570;0,00;0,00;0,00;0,00;49,00;0,00;71,01;80,00;33,36;180,04;864,87;180,09;787,46;855,40;77,87;0,34
11575;0,00;0,00;0,00;0,00;49,00;0,00;71,00;80,00;33,37;180,03;867,48;180,07;787,61;856,62;77,87;0,34
11580;0,00;0,00;0,00;0,00;49,00;0,00;71,00;79,97;33,35;180,01;867,81;180,06;787,58;857,71;77,87;0,34
11585;0,00;0,00;0,00;0,00;49,00;0,00;71,00;80,00;33,35;179,96;866,57;180,05;787,31;857,46;77,87;0,34
11590;0,00;0,00;0,00;0,00;49,00;0,00;71,01;80,00;33,38;179,94;865,30;180,06;787,04;855,68;77,87;0,34
11595;0,00;0,00;0,00;0,00;49,00;0,00;70,99;79,98;33,37;179,94;862,12;180,08;786,35;854,35;77,87;0,34
11600;0,00;0,00;0,00;0,00;49,01;0,00;71,00;80,00;33,37;179,96;860,77;180,10;786,16;852,02;77,87;0,34
11605;0,00;0,00;0,00;0,00;49,00;0,00;71,00;80,00;33,38;180,01;860,18;180,13;786,39;851,52;77,87;0,34
11610;0,00;0,00;0,00;0,00;48,99;0,00;71,02;80,00;33,40;180,03;861,25;180,14;786,75;852,63;77,87;0,34
11615;0,00;0,00;0,00;0,00;49,00;0,00;71,00;80,03;33,38;180,06;864,98;180,17;787,43;853,96;77,87;0,34
11620;0,00;0,00;0,00;0,00;49,00;0,00;71,01;79,98;33,36;180,05;866,51;180,18;787,53;856,64;77,87;0,34
11625;0,00;0,00;0,00;0,00;49,00;0,00;71,00;79,98;33,36;179,99;867,72;180,19;787,51;857,64;77,87;0,34
11630;0,00;0,00;0,00;0,00;49,00;0,00;70,99;80,00;33,37;179,97;867,30;180,19;787,41;857,34;77,87;0,34
11635;0,00;0,00;0,00;0,00;49,01;0,00;71,00;80,03;33,37;179,94;865,07;180,17;786,94;855,49;77,87;0,34
11640;0,00;0,00;0,00;0,00;49,00;0,00;71,00;79,98;33,38;179,96;863,50;180,16;786,59;854,16;77,87;0,34
11645;0,00;0,00;0,00;0,00;49,00;0,00;71,00;80,02;33,38;179,98;860,71;180,13;786,12;852,06;77,87;0,34
11650;0,00;0,00;0,00;0,00;49,00;0,00;71,00;79,98;33,36;180,02;860,18;180,11;786,13;851,54;77,87;0,34
11655;0,00;0,00;0,00;0,00;49,01;0,00;71,01;80,02;33,36;180,03;861,22;180,07;786,68;852,56;77,87;0,34
11660;0,00;0,00;0,00;0,00;49,00;0,00;71,00;80,02;33,36;180,03;864,78;180,06;787,09;853,88;77,87;0,34
11665;0,00;0,00;0,00;0,00;48,99;0,00;71,00;80,00;33,37;180,01;866,37;180,04;787,53;856,54;77,87;0,34
11670;0,00;0,00;0,00;0,00;49,00;0,00;71,00;79,98;33,36;179,98;867,75;180,03;787,56;857,36;77,87;0,34
11675;0,00;0,00;0,00;0,00;49,01;0,00;71,00;80,00;33,36;179,96;867,41;180,04;787,45;857,42;77,87;0,34
11680;0,00;0,00;0,00;0,00;49,00;0,00;71,01;79,97;33,38;179,97;865,30;180,05;787,28;856,71;77,87;0,34
11685;0,00;0,00;0,00;0,00;48,99;0,00;70,99;80,00;33,37;179,99;863,62;180,06;786,65;854,32;77,87;0,34
11690;0,00;0,00;0,00;0,00;48,99;0,00;71,02;79,98;33,38;180,02;860,65;180,11;786,30;853,00;77,87;0,34
11695;0,00;0,00;0,00;0,00;49,00;0,00;71,01;80,02;33,38;180,03;859,95;180,13;786,14;851,47;77,87;0,34
11700;0,00;0,00;0,00;0,00;49,00;0,00;71,00;79,98;33,38;180,01;861,25;180,16;786,36;851,67;77,87;0,34
11705;0,00;0,00;0,00;0,00;49,00;0,00;71,02;80,00;33,37;180,00;862,98;180,18;787,14;853,97;77,87;0,34
11710;0,00;0,00;0,00;0,00;49,00;0,00;71,00;79,97;33,40;179,99;866,49;180,19;787,43;855,42;77,87;0,34
11715;0,00;0,00;0,00;0,00;48,99;0,00;71,00;80,02;33,41;179,99;867,55;180,19;787,58;857,46;77,87;0,34
11720;0,00;0,00;0,00;0,00;49,00;0,00;71,00;80,03;33,38;179,99;867,48;180,17;787,55;857,73;77,87;0,34
11725;0,00;0,00;0,00;0,00;49,00;0,00;71,00;79,98;33,38;180,00;866,61;180,15;787,30;856,77;77,87;0,34
11730;0,00;0,00;0,00;0,00;49,00;0,00;71,01;80,00;33,37;179,99;863,63;180,11;787,03;855,68;77,87;0,34
11735;0,00;0,00;0,00;0,00;49,00;0,00;70,98;79,98;33,38;179,99;862,00;180,08;786,35;853,05;77,87;0,34
11740;0,00;0,00;0,00;0,00;49,00;0,00;71,00;80,02;33,41;180,00;859,98;180,04;786,19;851,99;77,87;0,34
11745;0,00;0,00;0,00;0,00;48,99;0,00;71,00;80,00;33,40;180,00;860,15;180,03;786,41;851,72;77,87;0,34
11750;0,00;0,00;0,00;0,00;49,00;0,00;71,02;79,98;33,38;180,00;863,03;180,02;787,17;852,63;77,87;0,34
11755;0,00;0,00;0,00;0,00;49,00;0,00;71,01;79,98;33,38;180,00;864,90;180,02;787,45;855,45;77,87;0,34
11760;0,00;0,00;0,00;0,00;49,00;0,00;71,01;80,00;33,38;179,98;867,48;180,03;787,58;856,64;77,87;0,34
11765;0,00;0,00;0,00;0,00;48,99;0,00;71,02;80,02;33,39;179,98;867,73;180,04;787,54;857,64;77,87;0,34
11770;0,00;0,00;0,00;0,00;49,00;0,00;71,00;80,00;33,41;179,99;866,45;180,07;787,26;857,35;77,87;0,34
11775;0,00;0,00;0,00;0,00;49,00;0,00;71,00;80,02;33,39;179,99;865,05;180,08;786,97;855,51;77,87;0,34
11780;0,00;0,00;0,00;0,00;49,00;0,00;70,98;80,02;33,38;179,98;861,86;180,12;786,27;854,14;77,87;0,34
11785;0,00;0,00;0,00;0,00;49,00;0,00;71,01;80,00;33,37;179,98;860,56;180,14;786,10;851,86;77,87;0,34
11790;0,00;0,00;0,00;0,00;49,01;0,00;71,00;80,00;33,38;179,98;860,22;180,15;786,38;851,45;77,87;0,34
11795;0,00;0,00;0,00;0,00;49,00;0,00;71,00;80,00;33,39;179,98;861,37;180,15;786,75;852,71;77,87;0,34
11800;0,00;0,00;0,00;0,00;49,01;0,00;71,03;80,00;33,37;179,99;865,01;180,15;787,43;855,52;77,87;0,34
11805;0,00;0,00;0,00;0,00;49,01;0,00;71,00;80,02;33,37;180,00;866,56;180,13;787,54;856,71;77,87;0,34
11810;0,00;0,00;0,00;0,00;49,00;0,00;70,99;80,00;33,37;180,00;867,76;180,10;787,51;857,68;77,87;0,34
11815;0,00;0,00;0,00;0,00;49,00;0,00;71,00;80,02;33,37;179,98;867,35;180,09;787,42;857,38;77,87;0,34
11820;0,00;0,00;0,00;0,00;49,00;0,00;71,01;80,00;33,37;179,98;865,13;180,06;786,97;855,55;77,87;0,34
11825;0,00;0,00;0,00;0,00;49,01;0,00;71,00;79,98;33,36;179,97;863,56;180,05;786,61;854,22;77,87;0,34
11830;0,00;0,00;0,00;0,00;49,00;0,00;71,02;79,98;33,36;179,97;860,53;180,03;786,11;851,91;77,87;0,34
11835;0,00;0,00;0,00;0,00;48,99;0,00;71,00;80,02;33,38;179,99;859,95;180,03;786,15;851,49;77,87;0,34
11840;0,00;0,00;0,00;0,00;49,01;0,00;71,00;80,00;33,36;180,00;861,37;180,04;786,76;852,73;77,87;0,34
11845;0,00;0,00;0,00;0,00;49,00;0,00;71,03;80,00;33,37;180,01;863,10;180,05;787,16;854,12;77,87;0,34
11850;0,00;0,00;0,00;0,00;49,00;0,00;71,01;80,00;33,35;180,00;866,64;180,07;787,54;856,73;77,87;0,34
11855;0,00;0,00;0,00;0,00;49,00;0,00;71,00;80,00;33,38;179,98;867,77;180,09;787,56;857,48;77,87;0,34
11860;0,00;0,00;0,00;0,00;49,00;0,00;70,99;80,02;33,39;179,97;867,37;180,12;787,43;857,38;77,87;0,34
11865;0,00;0,00;0,00;0,00;49,00;0,00;71,00;80,02;33,36;179,95;865,06;180,14;787,25;856,62;77,87;0,34
11870;0,00;0,00;0,00;0,00;49,00;0,00;71,00;79,97;33,37;179,96;863,46;180,16;786,61;854,15;77,87;0,34
11875;0,00;0,00;0,00;0,00;49,00;0,00;71,03;79,97;33,38;179,98;860,53;180,17;786,28;852,84;77,87;0,34
11880;0,00;0,00;0,00;0,00;49,00;0,00;71,00;79,97;33,38;180,00;859,90;180,16;786,17;851,45;77,87;0,34
11885;0,00;0,00;0,00;0,00;48,99;0,00;70,99;80,00;33,37;180,01;861,39;180,15;786,39;851,73;77,87;0,34
11890;0,00;0,00;0,00;0,00;49,00;0,00;71,01;80,00;33,38;180,01;863,15;180,12;787,17;854,08;77,87;0,34
11895;0,00;0,00;0,00;0,00;49,01;0,00;71,00;80,00;33,37;179,98;866,56;180,10;787,45;855,51;77,87;0,34
11900;0,00;0,00;0,00;0,00;49,00;0,00;71,00;80,00;33,38;179,97;867,53;180,06;787,56;857,45;77,87;0,34
11905;0,00;0,00;0,00;0,00;49,01;0,00;71,00;80,03;33,37;179,96;867,32;180,04;787,53;857,66;77,87;0,34
11910;0,00;0,00;0,00;0,00;49,00;0,00;71,00;80,02;33,39;179,96;866,40;180,01;787,24;856,57;77,87;0,34
11915;0,00;0,00;0,00;0,00;49,00;0,00;71,02;79,98;33,38;179,98;863,36;180,00;786,97;855,44;77,87;0,34
11920;0,00;0,00;0,00;0,00;49,00;0,00;71,00;80,00;33,39;179,98;861,78;179,99;786,29;852,83;77,87;0,34
11925;0,00;0,00;0,00;0,00;49,00;0,00;70,99;79,98;33,37;180,00;859,95;180,00;786,14;851,87;77,87;0,34
11930;0,00;0,00;0,00;0,00;49,00;0,00;70,98;80,00;33,37;179,99;860,30;180,01;786,44;851,81;77,87;0,34
11935;0,00;0,00;0,00;0,00;48,99;0,00;71,02;80,02;33,37;179,99;863,28;180,04;786,82;852,83;77,87;0,34
11940;0,00;0,00;0,00;0,00;49,01;0,00;71,00;80,00;33,37;179,98;865,13;180,06;787,46;855,60;77,87;0,34
11945;0,00;0,00;0,00;0,00;48,99;0,00;71,00;80,00;33,37;179,98;867,51;180,10;787,55;856,74;77,87;0,34
11950;0,00;0,00;0,00;0,00;49,01;0,00;71,00;80,00;33,37;179,99;867,64;180,12;787,50;857,58;77,87;0,34
11955;0,00;0,00;0,00;0,00;49,01;0,00;71,02;80,02;33,37;179,98;866,19;180,14;787,38;857,21;77,87;0,34
11960;0,00;0,00;0,00;0,00;49,00;0,00;71,02;80,02;33,37;179,97;864,74;180,15;786,89;855,22;77,87;0,34
11965;0,00;0,00;0,00;0,00;48,99;0,00;71,00;80,00;33,38;179,96;861,56;180,16;786,53;853,89;77,87;0,34
11970;0,00;0,00;0,00;0,00;49,00;0,00;71,02;80,00;33,37;179,96;860,39;180,15;786,11;851,77;77,87;0,34
11975;0,00;0,00;0,00;0,00;49,00;0,00;70,99;80,00;33,38;179,97;860,41;180,13;786,20;851,48;77,87;0,34
11980;0,00;0,00;0,00;0,00;49,00;0,00;71,02;80,03;33,37;179,97;861,69;180,11;786,86;852,99;77,87;0,34
11985;0,00;0,00;0,00;0,00;49,01;0,00;71,03;80,02;33,38;179,98;865,47;180,08;787,24;854,41;77,87;0,34
11990;0,00;0,00;0,00;0,00;49,00;0,00;70,98;80,02;33,39;180,01;866,84;180,05;787,54;856,88;77,87;0,34
11995;0,00;0,00;0,00;0,00;49,00;0,00;71,01;79,95;33,39;180,03;867,63;180,02;787,49;857,50;77,87;0,34
12000;0,00;0,00;0,00;0,00;49,00;0,00;70,98;80,02;33,39;180,03;867,10;180,00;787,37;857,15;77,87;0,34
12005;0,00;0,00;0,00;0,00;49,00;0,00;71,00;79,97;33,40;179,99;864,59;179,98;786,86;856,30;77,87;0,34
12010;0,00;0,00;0,00;0,00;49,00;0,00;71,00;80,00;33,41;179,97;862,97;179,97;786,50;853,78;77,87;0,34
12015;0,00;0,00;0,00;0,00;49,00;0,00;71,00;79,98;33,41;179,96;860,31;179,97;786,12;852,55;77,87;0,34
12020;0,00;0,00;0,00;0,00;49,00;0,00;71,00;79,98;33,42;179,97;859,95;179,97;786,22;851,51;77,87;0,34
12025;0,00;0,00;0,00;0,00;49,00;0,00;71,01;80,00;33,42;180,00;861,91;180,00;786,91;851,99;77,87;0,34
12030;0,00;0,00;0,00;0,00;49,00;0,00;71,01;80,00;33,42;180,01;863,75;180,01;787,28;854,52;77,87;0,34
12035;0,00;0,00;0,00;0,00;49,00;0,00;71,01;80,00;33,43;180,03;866,87;180,05;787,57;856,93;77,87;0,34
12040;0,00;0,00;0,00;0,00;49,00;0,00;71,03;80,00;33,44;180,01;867,58;180,07;787,57;857,53;77,87;0,34
12045;0,00;0,00;0,00;0,00;49,02;0,00;70,99;80,03;33,43;180,00;867,00;180,09;787,39;857,08;77,87;0,34
12050;0,00;0,00;0,00;0,00;49,01;0,00;70,99;80,02;33,42;179,95;865,94;180,11;787,17;856,20;77,87;0,34
12055;0,00;0,00;0,00;0,00;48,99;0,00;70,99;80,00;33,44;179,95;862,78;180,11;786,49;853,60;77,87;0,34
12060;0,00;0,00;0,00;0,00;48,99;0,00;70,99;80,00;33,42;179,98;861,25;180,11;786,22;852,39;77,87;0,34
12065;0,00;0,00;0,00;0,00;49,00;0,00;71,00;80,00;33,43;180,00;859,89;180,10;786,25;851,44;77,87;0,34
12070;0,00;0,00;0,00;0,00;49,00;0,00;71,00;80,02;33,42;180,04;860,53;180,09;786,55;852,02;77,87;0,34
12075;0,00;0,00;0,00;0,00;49,00;0,00;71,00;79,98;33,42;180,04;863,84;180,05;787,34;854,65;77,87;0,34
12080;0,00;0,00;0,00;0,00;48,98;0,00;71,01;79,97;33,41;180,01;865,76;180,04;787,52;856,01;77,87;0,34
12085;0,00;0,00;0,00;0,00;49,01;0,00;71,00;80,00;33,42;179,99;867,66;180,01;787,57;857,58;77,87;0,34
12090;0,00;0,00;0,00;0,00;49,01;0,00;71,00;80,02;33,42;179,95;867,61;179,99;787,51;857,57;77,87;0,34
12095;0,00;0,00;0,00;0,00;49,00;0,00;71,02;80,02;33,43;179,95;865,79;179,98;787,16;856,13;77,87;0,34
12100;0,00;0,00;0,00;0,00;49,00;0,00;71,01;80,00;33,43;179,97;864,34;179,98;786,83;854,91;77,87;0,34
12105;0,00;0,00;0,00;0,00;49,00;0,00;71,00;80,03;33,43;179,98;861,21;179,98;786,22;852,34;77,87;0,34
12110;0,00;0,00;0,00;0,00;49,00;0,00;71,02;80,00;33,42;180,03;860,15;180,00;786,15;851,62;77,87;0,34
12115;0,00;0,00;0,00;0,00;49,00;0,00;71,02;80,02;33,42;180,04;860,70;180,02;786,60;852,15;77,87;0,34
12120;0,00;0,00;0,00;0,00;49,00;0,00;70,98;80,00;33,43;180,03;862,16;180,03;787,00;853,35;77,87;0,34
12125;0,00;0,00;0,00;0,00;49,00;0,00;71,02;79,98;33,44;180,01;865,87;180,07;787,53;856,08;77,87;0,34
12130;0,00;0,00;0,00;0,00;48,99;0,00;70,99;80,03;33,44;179,97;867,06;180,08;787,57;857,05;77,87;0,34
12135;0,00;0,00;0,00;0,00;49,01;0,00;71,00;80,00;33,44;179,96;867,48;180,11;787,49;857,46;77,87;0,34
12140;0,00;0,00;0,00;0,00;49,00;0,00;71,00;80,00;33,44;179,95;865,56;180,12;787,34;856,88;77,87;0,34
12145;0,00;0,00;0,00;0,00;49,00;0,00;71,00;80,03;33,45;179,97;864,08;180,13;786,78;854,66;77,87;0,34
12150;0,00;0,00;0,00;0,00;49,00;0,00;71,00;79,97;33,44;180,00;860,98;180,12;786,41;853,32;77,87;0,34
12155;0,00;0,00;0,00;0,00;49,01;0,00;71,02;79,98;33,47;180,01;860,02;180,09;786,13;851,52;77,87;0,34
12160;0,00;0,00;0,00;0,00;49,00;0,00;71,02;79,98;33,46;180,03;860,78;180,08;786,30;851,53;77,87;0,34
12165;0,00;0,00;0,00;0,00;49,01;0,00;71,00;79,97;33,47;180,02;862,34;180,04;787,04;853,45;77,87;0,34
12170;0,00;0,00;0,00;0,00;49,00;0,00;71,01;80,00;33,46;179,99;866,07;180,02;787,37;854,92;77,87;0,34
12175;0,00;0,00;0,00;0,00;48,99;0,00;71,02;80,02;33,46;179,98;867,22;179,98;787,58;857,18;77,87;0,34
12180;0,00;0,00;0,00;0,00;48,98;0,00;71,01;80,00;33,46;179,97;867,51;179,96;787,56;857,60;77,87;0,34
12185;0,00;0,00;0,00;0,00;49,00;0,00;71,01;80,00;33,46;179,98;866,77;179,93;787,33;856,88;77,87;0,34
12190;0,00;0,00;0,00;0,00;49,00;0,00;71,00;80,02;33,46;180,00;864,00;179,92;787,09;855,88;77,87;0,34
12195;0,00;0,00;0,00;0,00;49,01;0,00;71,00;79,98;33,48;180,01;862,36;179,92;786,40;853,27;77,87;0,34
12200;0,00;0,00;0,00;0,00;49,00;0,00;71,01;80,02;33,46;180,02;860,05;179,93;786,17;852,14;77,87;0,34
12205;0,00;0,00;0,00;0,00;49,00;0,00;71,00;80,00;33,46;180,01;860,03;179,97;786,33;851,56;77,87;0,34
12210;0,00;0,00;0,00;0,00;49,00;0,00;71,00;80,00;33,48;179,99;862,49;180,02;786,66;852,30;77,87;0,34
12215;0,00;0,00;0,00;0,00;49,00;0,00;71,00;80,00;33,49;179,98;864,41;180,04;787,38;855,06;77,87;0,34
12220;0,00;0,00;0,00;0,00;49,00;0,00;71,00;80,00;33,47;180,00;867,25;180,09;787,53;856,32;77,87;0,34
12225;0,00;0,00;0,00;0,00;49,00;0,00;71,00;80,00;33,49;180,00;867,64;180,10;787,53;857,56;77,87;0,34
12230;0,00;0,00;0,00;0,00;49,00;0,00;71,00;79,98;33,46;180,01;866,61;180,14;787,45;857,39;77,87;0,34
12235;0,00;0,00;0,00;0,00;49,00;0,00;70,99;80,00;33,48;180,00;865,40;180,16;787,03;855,71;77,87;0,34
12240;0,00;0,00;0,00;0,00;49,00;0,00;71,00;79,98;33,48;179,98;862,13;180,14;786,69;854,43;77,87;0,34
12245;0,00;0,00;0,00;0,00;49,00;0,00;71,00;79,98;33,49;179,98;860,77;180,12;786,14;852,05;77,87;0,34
12250;0,00;0,00;0,00;0,00;49,00;0,00;71,01;79,97;33,44;179,99;860,09;180,08;786,15;851,51;77,87;0,34
12255;0,00;0,00;0,00;0,00;49,00;0,00;70,99;80,00;33,46;180,00;861,15;180,05;786,70;852,47;77,87;0,34
12260;0,00;0,00;0,00;0,00;49,01;0,00;71,01;80,00;33,46;180,03;864,67;180,00;787,09;853,82;77,87;0,34
12265;0,00;0,00;0,00;0,00;49,01;0,00;71,00;79,98;33,45;180,04;866,24;179,97;787,51;856,44;77,87;0,34
12270;0,00;0,00;0,00;0,00;49,00;0,00;70,99;80,02;33,45;180,03;867,58;179,93;787,49;857,23;77,87;0,34
12275;0,00;0,00;0,00;0,00;49,00;0,00;71,01;80,02;33,45;180,00;867,23;179,93;787,38;857,26;77,87;0,34
12280;0,00;0,00;0,00;0,00;49,00;0,00;71,00;80,02;33,47;179,96;865,10;179,92;786,94;856,55;77,87;0,34
12285;0,00;0,00;0,00;0,00;49,01;0,00;71,00;80,02;33,46;179,95;863,54;179,92;786,59;854,16;77,87;0,34
12290;0,00;0,00;0,00;0,00;49,01;0,00;71,00;80,00;33,44;179,96;860,55;179,96;786,09;852,88;77,87;0,34
12295;0,00;0,00;0,00;0,00;49,01;0,00;71,00;80,03;33,47;179,99;859,94;179,98;786,14;851,47;77,87;0,34
12300;0,00;0,00;0,00;0,00;49,00;0,00;71,02;80,02;33,47;180,03;861,39;180,04;786,74;851,75;77,87;0,34
12305;0,00;0,00;0,00;0,00;49,01;0,00;71,01;80,00;33,47;180,04;863,13;180,06;787,15;854,04;77,87;0,34
12310;0,00;0,00;0,00;0,00;49,01;0,00;71,02;80,02;33,46;180,04;866,47;180,11;787,52;855,45;77,87;0,34
12315;0,00;0,00;0,00;0,00;49,01;0,00;71,00;80,00;33,45;180,02;867,37;180,12;787,54;857,33;77,87;0,34
12320;0,00;0,00;0,00;0,00;49,00;0,00;71,00;80,02;33,47;179,98;867,15;180,13;787,39;857,53;77,87;0,34
12325;0,00;0,00;0,00;0,00;49,00;0,00;71,00;80,00;33,44;179,99;866,22;180,12;787,21;856,42;77,87;0,34
12330;0,00;0,00;0,00;0,00;49,00;0,00;71,01;80,03;33,47;179,99;863,19;180,11;786,56;853,95;77,87;0,34
12335;0,00;0,00;0,00;0,00;49,00;0,00;71,00;80,02;33,46;179,99;861,58;180,08;786,24;852,71;77,87;0,34
12340;0,00;0,00;0,00;0,00;49,00;0,00;70,99;79,98;33,46;180,00;859,86;180,03;786,18;851,41;77,87;0,34
12345;0,00;0,00;0,00;0,00;49,00;0,00;71,00;80,00;33,47;180,02;860,22;180,01;786,44;851,74;77,87;0,34
12350;0,00;0,00;0,00;0,00;48,99;0,00;71,00;79,98;33,46;180,02;863,21;179,96;787,21;854,14;77,87;0,34
12355;0,00;0,00;0,00;0,00;49,00;0,00;71,00;80,02;33,45;180,04;865,21;179,94;787,46;855,58;77,87;0,34
12360;0,00;0,00;0,00;0,00;49,00;0,00;71,01;80,00;33,46;180,04;867,53;179,91;787,57;857,47;77,87;0,34
12365;0,00;0,00;0,00;0,00;49,00;0,00;71,02;80,02;33,45;180,00;867,70;179,91;787,53;857,62;77,87;0,34
12370;0,00;0,00;0,00;0,00;49,00;0,00;71,00;80,00;33,44;179,99;866,23;179,92;787,25;856,50;77,87;0,34
12375;0,00;0,00;0,00;0,00;49,00;0,00;71,00;80,02;33,42;179,96;863,28;179,93;786,97;855,36;77,87;0,34
12380;0,00;0,00;0,00;0,00;49,00;0,00;71,02;80,03;33,44;179,96;861,66;179,98;786,27;852,69;77,87;0,34
12385;0,00;0,00;0,00;0,00;49,00;0,00;71,00;80,00;33,44;179,99;860,33;180,01;786,12;851,75;77,87;0,34
12390;0,00;0,00;0,00;0,00;49,01;0,00;71,01;79,98;33,42;180,01;860,21;180,06;786,44;851,73;77,87;0,34
12395;0,00;0,00;0,00;0,00;49,00;0,00;71,01;79,98;33,43;180,03;863,21;180,09;786,84;852,74;77,87;0,34
12400;0,00;0,00;0,00;0,00;49,00;0,00;71,00;80,02;33,44;180,04;865,12;180,14;787,49;855,58;77,87;0,34
12405;0,00;0,00;0,00;0,00;49,00;0,00;71,00;79,98;33,44;180,01;867,57;180,16;787,59;856,75;77,87;0,34
12410;0,00;0,00;0,00;0,00;49,00;0,00;71,00;79,97;33,44;180,00;867,74;180,16;787,58;857,66;77,87;0,34
12415;0,00;0,00;0,00;0,00;49,00;0,00;71,00;80,00;33,44;179,99;866,25;180,16;787,46;857,31;77,87;0,34
12420;0,00;0,00;0,00;0,00;49,01;0,00;71,00;80,00;33,44;179,99;864,90;180,13;786,99;855,37;77,87;0,34
12425;0,00;0,00;0,00;0,00;48,99;0,00;71,00;80,00;33,44;180,01;861,68;180,10;786,62;854,02;77,87;0,34
12430;0,00;0,00;0,00;0,00;49,01;0,00;71,01;80,02;33,45;180,02;860,43;180,04;786,16;851,79;77,87;0,34
12435;0,00;0,00;0,00;0,00;49,00;0,00;71,00;80,00;33,44;180,03;860,23;180,01;786,22;851,41;77,87;0,34
12440;0,00;0,00;0,00;0,00;49,01;0,00;71,00;80,00;33,44;180,02;861,47;179,96;786,84;852,76;77,87;0,34
12445;0,00;0,00;0,00;0,00;49,00;0,00;71,00;80,00;33,45;180,01;865,13;179,94;787,24;854,17;77,87;0,34
12450;0,00;0,00;0,00;0,00;48,98;0,00;71,00;80,02;33,46;180,00;866,73;179,93;787,59;856,77;77,87;0,34
12455;0,00;0,00;0,00;0,00;49,00;0,00;71,01;80,00;33,46;179,98;867,73;179,94;787,61;857,48;77,87;0,34
12460;0,00;0,00;0,00;0,00;49,01;0,00;71,02;80,00;33,45;179,98;867,26;179,97;787,44;857,29;77,87;0,34
12465;0,00;0,00;0,00;0,00;49,01;0,00;71,00;80,03;33,47;180,00;864,86;180,01;787,24;856,50;77,87;0,34
12470;0,00;0,00;0,00;0,00;49,00;0,00;70,98;80,00;33,46;180,01;863,26;180,03;786,59;853,97;77,87;0,34
12475;0,00;0,00;0,00;0,00;49,00;0,00;71,00;79,98;33,45;180,03;860,36;180,08;786,28;852,71;77,87;0,34
12480;0,00;0,00;0,00;0,00;49,00;0,00;71,02;80,00;33,44;180,04;859,91;180,10;786,22;851,46;77,87;0,34
12486;0,00;0,00;0,00;0,00;48,99;0,00;71,01;80,00;33,45;180,01;861,58;180,14;786,48;851,84;77,87;0,34
12490;0,00;0,00;0,00;0,00;49,00;0,00;71,02;79,98;33,45;179,99;863,79;180,15;787,31;854,54;77,87;0,34
12495;0,00;0,00;0,00;0,00;49,00;0,00;70,97;80,02;33,47;179,97;866,90;180,15;787,52;855,89;77,87;0,34
12500;0,00;0,00;0,00;0,00;49,00;0,00;70,99;80,00;33,48;179,98;867,57;180,14;787,58;857,51;77,87;0,34
12505;0,00;0,00;0,00;0,00;49,00;0,00;71,00;80,02;33,46;179,99;866,92;180,12;787,52;857,52;77,87;0,34
12510;0,00;0,00;0,00;0,00;49,00;0,00;71,00;79,98;33,47;179,99;865,84;180,08;787,17;856,13;77,87;0,34
12515;0,00;0,00;0,00;0,00;49,00;0,00;71,02;80,02;33,46;180,00;862,79;180,05;786,85;854,95;77,87;0,34
12520;0,00;0,00;0,00;0,00;49,00;0,00;71,02;80,00;33,48;180,00;861,27;179,99;786,23;852,41;77,87;0,34
12525;0,00;0,00;0,00;0,00;49,00;0,00;71,00;79,98;33,45;179,98;859,93;179,96;786,14;851,63;77,87;0,34
12530;0,00;0,00;0,00;0,00;49,00;0,00;71,00;79,97;33,47;179,98;860,58;179,92;786,57;852,04;77,87;0,34
12535;0,00;0,00;0,00;0,00;49,00;0,00;70,99;80,02;33,47;179,97;863,85;179,91;786,96;853,19;77,87;0,34
12540;0,00;0,00;0,00;0,00;48,99;0,00;71,00;79,98;33,46;179,98;865,63;179,91;787,53;855,97;77,87;0,34
12545;0,00;0,00;0,00;0,00;49,00;0,00;71,00;80,02;33,46;179,99;867,62;179,94;787,59;856,99;77,87;0,34
12550;0,00;0,00;0,00;0,00;49,00;0,00;71,00;79,98;33,45;180,00;867,57;179,95;787,52;857,54;77,87;0,34
12555;0,00;0,00;0,00;0,00;49,00;0,00;71,03;79,95;33,46;180,01;865,86;180,00;787,39;857,05;77,87;0,34
12560;0,00;0,00;0,00;0,00;49,00;0,00;70,99;79,98;33,46;180,00;864,44;180,02;786,85;854,92;77,87;0,34
12565;0,00;0,00;0,00;0,00;49,00;0,00;70,98;80,00;33,45;179,98;861,14;180,07;786,48;853,56;77,87;0,34
12570;0,00;0,00;0,00;0,00;49,00;0,00;71,02;80,02;33,46;179,97;860,11;180,08;786,12;851,57;77,87;0,34
12575;0,00;0,00;0,00;0,00;49,00;0,00;71,02;80,02;33,45;179,98;860,49;180,10;786,25;851,42;77,87;0,34
12580;0,00;0,00;0,00;0,00;49,00;0,00;71,00;80,00;33,47;179,97;861,91;180,10;786,95;853,16;77,87;0,34
12585;0,00;0,00;0,00;0,00;49,00;0,00;71,03;79,98;33,47;179,99;865,73;180,08;787,55;854,63;77,87;0,34
12590;0,00;0,00;0,00;0,00;49,00;0,00;70,99;79,98;33,48;179,99;867,03;180,08;787,61;857,02;77,87;0,34
12595;0,00;0,00;0,00;0,00;49,01;0,00;71,00;80,00;33,49;179,98;867,67;180,04;787,56;857,59;77,87;0,34
12600;0,00;0,00;0,00;0,00;49,01;0,00;71,00;80,00;33,48;179,98;867,07;180,02;787,43;857,13;77,87;0,34
12605;0,00;0,00;0,00;0,00;49,00;0,00;71,00;80,02;33,48;180,00;864,47;179,99;786,91;856,24;77,87;0,34
12610;0,00;0,00;0,00;0,00;49,01;0,00;70,98;80,00;33,50;180,00;862,82;179,98;786,54;853,65;77,87;0,34
12615;0,00;0,00;0,00;0,00;49,00;0,00;71,01;80,00;33,50;180,01;860,18;179,97;786,16;852,42;77,87;0,34
12620;0,00;0,00;0,00;0,00;48,99;0,00;71,00;80,00;33,50;180,00;859,85;179,97;786,28;851,42;77,87;0,34
12625;0,00;0,00;0,00;0,00;49,00;0,00;71,01;80,00;33,51;179,97;861,89;179,99;786,96;853,09;77,87;0,34
12630;0,00;0,00;0,00;0,00;49,00;0,00;71,01;80,00;33,49;179,96;863,77;180,00;787,34;854,54;77,87;0,34
12635;0,00;0,00;0,00;0,00;49,00;0,00;71,00;80,02;33,51;179,97;866,90;180,02;787,60;856,94;77,87;0,34
12640;0,00;0,00;0,00;0,00;49,00;0,00;71,00;80,02;33,52;179,98;867,59;180,04;787,59;857,50;77,87;0,34
12645;0,00;0,00;0,00;0,00;49,00;0,00;71,00;80,02;33,52;179,98;866,96;180,06;787,40;857,06;77,87;0,34
12650;0,00;0,00;0,00;0,00;49,00;0,00;71,01;80,00;33,51;179,99;865,88;180,07;787,19;856,16;77,87;0,34
12655;0,00;0,00;0,00;0,00;49,00;0,00;70,99;80,02;33,53;180,00;862,83;180,07;786,52;853,61;77,87;0,34
12660;0,00;0,00;0,00;0,00;49,00;0,00;71,00;79,98;33,51;180,01;861,31;180,06;786,25;852,41;77,87;0,34
12665;0,00;0,00;0,00;0,00;49,00;0,00;71,00;79,97;33,54;180,02;859,96;180,05;786,29;851,50;77,87;0,34
12670;0,00;0,00;0,00;0,00;49,00;0,00;70,99;80,02;33,51;180,02;862,04;180,04;786,59;852,05;77,87;0,34
12675;0,00;0,00;0,00;0,00;49,01;0,00;71,02;79,98;33,53;180,00;863,88;180,03;787,36;854,64;77,87;0,34
12680;0,00;0,00;0,00;0,00;49,01;0,00;70,99;80,02;33,52;179,96;866,96;180,02;787,54;855,96;77,87;0,34
12685;0,00;0,00;0,00;0,00;49,00;0,00;71,01;80,02;33,52;179,96;867,52;180,02;787,57;857,44;77,87;0,34
12690;0,00;0,00;0,00;0,00;49,00;0,00;71,01;80,03;33,54;179,98;866,78;180,01;787,50;857,41;77,87;0,34
12695;0,00;0,00;0,00;0,00;48,99;0,00;71,01;80,02;33,52;179,99;865,67;180,02;787,13;855,94;77,87;0,34
12700;0,00;0,00;0,00;0,00;49,01;0,00;70,99;80,00;33,52;180,01;862,49;180,01;786,80;854,71;77,87;0,34
12705;0,00;0,00;0,00;0,00;49,00;0,00;71,00;79,98;33,52;180,01;861,05;180,02;786,20;852,24;77,87;0,34
12710;0,00;0,00;0,00;0,00;48,99;0,00;71,02;80,00;33,53;180,00;859,98;180,02;786,16;851,54;77,87;0,34
12715;0,00;0,00;0,00;0,00;48,99;0,00;71,01;80,02;33,54;179,99;860,77;180,03;786,65;852,19;77,87;0,34
12720;0,00;0,00;0,00;0,00;49,00;0,00;71,00;80,00;33,54;179,97;864,18;180,04;787,04;853,43;77,87;0,34
12725;0,00;0,00;0,00;0,00;49,02;0,00;70,99;80,00;33,53;179,98;865,98;180,05;787,55;856,15;77,87;0,34
12730;0,00;0,00;0,00;0,00;49,00;0,00;71,02;80,02;33,53;179,96;867,62;180,06;787,60;857,09;77,87;0,34
12735;0,00;0,00;0,00;0,00;49,00;0,00;71,02;80,05;33,52;179,97;867,46;180,07;787,51;857,44;77,87;0,34
12740;0,00;0,00;0,00;0,00;49,01;0,00;70,99;79,98;33,54;179,98;865,59;180,08;787,36;856,86;77,87;0,34
12745;0,00;0,00;0,00;0,00;48,99;0,00;71,00;80,00;33,53;179,99;863,98;180,09;786,77;854,58;77,87;0,34
12750;0,00;0,00;0,00;0,00;49,00;0,00;71,00;80,02;33,52;179,97;860,89;180,08;786,42;853,24;77,87;0,34
12755;0,00;0,00;0,00;0,00;49,01;0,00;71,00;79,98;33,54;179,97;859,94;180,07;786,15;851,45;77,87;0,34
12760;0,00;0,00;0,00;0,00;49,00;0,00;71,02;79,98;33,52;179,98;860,76;180,04;786,31;851,46;77,87;0,34
12765;0,00;0,00;0,00;0,00;49,00;0,00;71,00;80,00;33,53;179,99;862,34;180,02;787,06;853,48;77,87;0,34
12770;0,00;0,00;0,00;0,00;49,00;0,00;71,00;80,03;33,53;180,00;865,99;180,00;787,40;854,95;77,87;0,34
12775;0,00;0,00;0,00;0,00;49,01;0,00;70,98;80,00;33,53;180,00;867,27;179,99;787,61;857,21;77,87;0,34
12780;0,00;0,00;0,00;0,00;48,99;0,00;71,00;79,98;33,54;179,98;867,59;179,98;787,61;857,65;77,87;0,34
12785;0,00;0,00;0,00;0,00;49,00;0,00;71,02;80,02;33,54;179,96;866,87;179,97;787,41;856,99;77,87;0,34
12790;0,00;0,00;0,00;0,00;49,00;0,00;71,02;79,98;33,52;179,95;864,09;179,99;787,17;855,98;77,87;0,34
12795;0,00;0,00;0,00;0,00;49,00;0,00;70,98;79,98;33,53;179,95;862,44;179,99;786,47;853,35;77,87;0,34
12800;0,00;0,00;0,00;0,00;49,00;0,00;71,01;80,02;33,53;179,97;860,02;180,01;786,18;852,18;77,87;0,34
12805;0,00;0,00;0,00;0,00;49,00;0,00;71,00;80,02;33,52;179,99;859,89;180,01;786,33;851,45;77,87;0,34
12810;0,00;0,00;0,00;0,00;49,00;0,00;71,01;80,00;33,52;180,00;862,29;180,04;787,06;852,13;77,87;0,34
12815;0,00;0,00;0,00;0,00;49,00;0,00;71,00;80,02;33,53;179,99;864,19;180,04;787,41;854,84;77,87;0,34
12820;0,00;0,00;0,00;0,00;49,00;0,00;71,00;80,00;33,54;179,99;867,13;180,06;787,63;856,15;77,87;0,34
12825;0,00;0,00;0,00;0,00;49,00;0,00;70,99;80,00;33,52;180,00;867,69;180,06;787,61;857,59;77,87;0,34
12830;0,00;0,00;0,00;0,00;48,99;0,00;71,03;79,98;33,55;179,99;866,81;180,06;787,39;857,50;77,87;0,34
12835;0,00;0,00;0,00;0,00;48,99;0,00;71,01;79,98;33,53;179,98;865,65;180,05;787,16;855,98;77,87;0,34
12840;0,00;0,00;0,00;0,00;48,99;0,00;71,00;80,03;33,52;179,96;862,41;180,02;786,46;854,68;77,87;0,34
12845;0,00;0,00;0,00;0,00;49,00;0,00;71,00;80,03;33,54;179,95;860,95;180,01;786,22;852,18;77,87;0,34
12850;0,00;0,00;0,00;0,00;49,01;0,00;71,00;80,00;33,54;179,96;859,92;179,99;786,36;851,50;77,87;0,34
12855;0,00;0,00;0,00;0,00;49,00;0,00;70,99;80,00;33,54;179,99;860,80;180,00;786,67;852,20;77,87;0,34
12860;0,00;0,00;0,00;0,00;49,00;0,00;70,97;80,00;33,53;180,01;864,25;180,00;787,43;854,91;77,87;0,34
12865;0,00;0,00;0,00;0,00;49,00;0,00;71,00;80,02;33,53;180,01;865,95;180,01;787,58;856,23;77,87;0,34
12870;0,00;0,00;0,00;0,00;49,00;0,00;71,00;80,00;33,52;180,00;867,63;180,03;787,61;857,54;77,87;0,34
12875;0,00;0,00;0,00;0,00;49,00;0,00;71,00;80,02;33,52;179,97;867,43;180,04;787,52;857,40;77,87;0,34
12880;0,00;0,00;0,00;0,00;49,00;0,00;70,99;80,00;33,54;179,97;865,50;180,07;787,14;855,82;77,87;0,34
12885;0,00;0,00;0,00;0,00;49,00;0,00;71,00;80,02;33,53;179,97;864,01;180,08;786,81;854,54;77,87;0,34
12890;0,00;0,00;0,00;0,00;49,02;0,00;71,00;80,02;33,54;179,97;860,84;180,10;786,24;852,12;77,87;0,34
12895;0,00;0,00;0,00;0,00;49,01;0,00;71,00;80,00;33,51;179,99;860,01;180,11;786,22;851,50;77,87;0,34
12900;0,00;0,00;0,00;0,00;49,01;0,00;71,01;79,98;33,53;179,99;860,85;180,12;786,73;852,29;77,87;0,34
12905;0,00;0,00;0,00;0,00;49,00;0,00;71,02;80,02;33,53;179,99;862,43;180,11;787,15;853,57;77,87;0,34
12910;0,00;0,00;0,00;0,00;49,00;0,00;71,01;80,02;33,52;179,98;866,11;180,10;787,62;856,27;77,87;0,34
12915;0,00;0,00;0,00;0,00;49,00;0,00;70,99;80,02;33,53;179,96;867,61;180,08;787,65;857,15;77,87;0,34
12920;0,00;0,00;0,00;0,00;49,00;0,00;71,01;79,98;33,52;179,97;867,37;180,06;787,53;857,36;77,87;0,34
12925;0,00;0,00;0,00;0,00;49,01;0,00;71,00;79,98;33,52;179,98;865,29;180,03;787,37;856,72;77,87;0,34
12930;0,00;0,00;0,00;0,00;49,02;0,00;71,00;79,97;33,53;179,99;863,79;179,99;786,77;854,42;77,87;0,34
12935;0,00;0,00;0,00;0,00;49,00;0,00;71,00;80,00;33,53;180,00;860,78;179,98;786,44;853,10;77,87;0,34
12940;0,00;0,00;0,00;0,00;49,00;0,00;71,00;80,02;33,52;180,00;859,99;179,96;786,23;851,48;77,87;0,34
12945;0,00;0,00;0,00;0,00;49,00;0,00;71,00;80,02;33,51;179,99;861,05;179,95;786,43;851,59;77,87;0,34
12950;0,00;0,00;0,00;0,00;49,00;0,00;70,99;79,97;33,53;179,96;862,70;179,96;787,19;853,69;77,87;0,34
12955;0,00;0,00;0,00;0,00;49,00;0,00;71,00;79,98;33,53;179,95;866,19;179,97;787,49;855,13;77,87;0,34
12960;0,00;0,00;0,00;0,00;49,00;0,00;71,01;80,02;33,52;179,95;867,25;180,00;787,65;857,22;77,87;0,34
12965;0,00;0,00;0,00;0,00;49,00;0,00;71,01;80,00;33,53;179,98;867,33;180,02;787,61;857,55;77,87;0,34
12970;0,00;0,00;0,00;0,00;49,01;0,00;71,03;80,03;33,51;180,00;866,50;180,05;787,36;856,69;77,87;0,34
12975;0,00;0,00;0,00;0,00;49,01;0,00;71,00;80,02;33,52;180,01;863,73;180,09;787,10;855,64;77,87;0,34
12980;0,00;0,00;0,00;0,00;49,00;0,00;71,02;80,00;33,52;180,03;862,09;180,09;786,41;853,02;77,87;0,34
12985;0,00;0,00;0,00;0,00;48,99;0,00;71,02;80,00;33,53;180,01;859,94;180,10;786,22;851,98;77,87;0,34
12990;0,00;0,00;0,00;0,00;49,00;0,00;71,00;80,00;33,54;180,00;860,10;180,11;786,46;851,64;77,87;0,34
12995;0,00;0,00;0,00;0,00;49,01;0,00;71,00;80,00;33,54;179,98;862,80;180,10;786,82;852,49;77,87;0,34
13000;0,00;0,00;0,00;0,00;49,00;0,00;71,00;80,02;33,52;179,98;864,80;180,09;787,51;855,24;77,87;0,34
13005;0,00;0,00;0,00;0,00;49,00;0,00;70,98;80,00;33,53;179,96;867,29;180,06;787,61;856,43;77,87;0,34
13010;0,00;0,00;0,00;0,00;49,00;0,00;71,01;80,02;33,52;179,97;867,57;180,05;787,58;857,49;77,87;0,34
13015;0,00;0,00;0,00;0,00;49,00;0,00;71,00;79,98;33,53;180,02;866,26;180,02;787,30;857,22;77,87;0,34
13020;0,00;0,00;0,00;0,00;49,01;0,00;71,00;80,02;33,54;180,05;864,97;180,01;787,02;855,39;77,87;0,34
13025;0,00;0,00;0,00;0,00;49,01;0,00;71,01;80,00;33,53;180,05;861,83;180,00;786,37;854,09;77,87;0,34
13030;0,00;0,00;0,00;0,00;49,00;0,00;71,00;79,98;33,53;180,03;860,55;179,99;786,19;851,85;77,87;0,34
13035;0,00;0,00;0,00;0,00;49,00;0,00;70,99;80,00;33,54;179,97;860,21;180,00;786,46;851,44;77,87;0,34
13040;0,00;0,00;0,00;0,00;49,00;0,00;71,00;80,00;33,56;179,96;861,36;180,00;786,84;852,68;77,87;0,34
13045;0,00;0,00;0,00;0,00;49,00;0,00;71,00;80,02;33,56;179,97;864,97;180,01;787,53;854,03;77,87;0,34
13050;0,00;0,00;0,00;0,00;49,00;0,00;71,00;79,98;33,54;179,99;866,50;180,02;787,63;856,64;77,87;0,34
13055;0,00;0,00;0,00;0,00;49,00;0,00;71,00;80,00;33,55;180,02;867,67;180,05;787,60;857,59;77,87;0,34
13060;0,00;0,00;0,00;0,00;49,00;0,00;71,00;80,00;33,56;180,03;867,26;180,07;787,51;857,28;77,87;0,34
13065;0,00;0,00;0,00;0,00;49,00;0,00;71,00;80,00;33,57;180,03;865,02;180,09;787,05;855,41;77,87;0,34
13070;0,00;0,00;0,00;0,00;49,00;0,00;71,01;80,03;33,54;179,99;863,47;180,09;786,69;854,08;77,87;0,34
13075;0,00;0,00;0,00;0,00;48,99;0,00;71,01;80,00;33,53;179,97;860,42;180,09;786,19;851,81;77,87;0,34
13080;0,00;0,00;0,00;0,00;49,00;0,00;71,00;80,00;33,57;179,95;859,83;180,09;786,23;851,36;77,87;0,34
13085;0,00;0,00;0,00;0,00;49,00;0,00;70,99;80,03;33,57;179,97;861,24;180,07;786,83;852,57;77,87;0,34
13090;0,00;0,00;0,00;0,00;49,00;0,00;71,02;80,03;33,53;179,98;863,00;180,06;787,24;853,95;77,87;0,34
13095;0,00;0,00;0,00;0,00;48,99;0,00;71,00;79,98;33,55;180,01;866,45;180,05;787,63;856,59;77,87;0,34
13100;0,00;0,00;0,00;0,00;49,00;0,00;71,02;80,00;33,56;180,04;867,69;180,03;787,64;857,35;77,87;0,34
13105;0,00;0,00;0,00;0,00;49,00;0,00;71,00;80,00;33,57;180,04;867,30;180,01;787,51;857,33;77,87;0,34
13110;0,00;0,00;0,00;0,00;49,00;0,00;71,00;79,98;33,57;180,02;865,10;180,00;787,33;856,60;77,87;0,34
13115;0,00;0,00;0,00;0,00;49,00;0,00;71,01;80,00;33,56;180,00;863,53;179,98;786,69;854,15;77,87;0,34
13120;0,00;0,00;0,00;0,00;49,01;0,00;71,00;79,98;33,57;179,97;860,53;179,98;786,37;852,84;77,87;0,34
13125;0,00;0,00;0,00;0,00;49,01;0,00;71,00;80,00;33,57;179,97;859,93;179,98;786,26;851,45;77,87;0,34
13130;0,00;0,00;0,00;0,00;49,00;0,00;70,98;80,02;33,57;180,01;861,30;179,99;786,49;851,73;77,87;0,34
13135;0,00;0,00;0,00;0,00;48,99;0,00;71,02;80,00;33,57;180,02;863,18;180,01;787,24;854,03;77,87;0,34
13140;0,00;0,00;0,00;0,00;49,00;0,00;71,02;79,98;33,56;180,05;866,51;180,02;787,52;855,44;77,87;0,34
13145;0,00;0,00;0,00;0,00;49,01;0,00;71,00;79,98;33,56;180,04;867,40;180,06;787,63;857,33;77,87;0,34
13150;0,00;0,00;0,00;0,00;48,99;0,00;71,01;80,00;33,58;180,02;867,20;180,07;787,58;857,53;77,87;0,34
13155;0,00;0,00;0,00;0,00;49,00;0,00;71,00;80,02;33,58;180,01;866,19;180,09;787,29;856,45;77,87;0,34
13160;0,00;0,00;0,00;0,00;49,00;0,00;71,00;80,00;33,57;180,00;863,29;180,10;787,00;855,28;77,87;0,34
13165;0,00;0,00;0,00;0,00;49,00;0,00;71,01;80,02;33,58;179,99;861,58;180,10;786,34;852,69;77,87;0,34
13170;0,00;0,00;0,00;0,00;49,00;0,00;71,02;80,02;33,57;180,01;859,90;180,09;786,19;851,77;77,87;0,34
13175;0,00;0,00;0,00;0,00;49,01;0,00;71,00;80,00;33,57;180,01;860,30;180,08;786,53;851,81;77,87;0,34
13180;0,00;0,00;0,00;0,00;49,00;0,00;71,00;80,00;33,57;180,02;863,43;180,06;786,91;852,83;77,87;0,34
13185;0,00;0,00;0,00;0,00;49,00;0,00;71,00;80,00;33,58;180,03;865,28;180,04;787,56;855,66;77,87;0,34
13190;0,00;0,00;0,00;0,00;49,00;0,00;71,00;80,00;33,58;180,02;867,52;180,03;787,64;856,78;77,87;0,34
13195;0,00;0,00;0,00;0,00;49,00;0,00;71,00;80,02;33,57;180,02;867,62;180,02;787,60;857,57;77,87;0,34
13200;0,00;0,00;0,00;0,00;49,00;0,00;70,99;80,03;33,57;180,00;866,11;180,00;787,50;857,18;77,87;0,34
13205;0,00;0,00;0,00;0,00;49,00;0,00;71,00;80,02;33,59;180,00;864,74;180,00;787,00;855,20;77,87;0,34
13210;0,00;0,00;0,00;0,00;49,00;0,00;70,98;80,00;33,57;180,01;861,43;180,01;786,64;853,85;77,87;0,34
13215;0,00;0,00;0,00;0,00;49,00;0,00;71,00;80,00;33,56;180,02;860,28;180,01;786,21;851,69;77,87;0,34
13220;0,00;0,00;0,00;0,00;49,01;0,00;71,00;80,00;33,57;180,05;860,36;180,02;786,31;851,43;77,87;0,34
13225;0,00;0,00;0,00;0,00;49,01;0,00;71,00;79,98;33,58;180,04;861,65;180,02;786,97;852,96;77,87;0,34
13230;0,00;0,00;0,00;0,00;49,00;0,00;71,00;79,98;33,59;180,02;865,44;180,04;787,58;854,38;77,87;0,34
13235;0,00;0,00;0,00;0,00;49,00;0,00;71,00;80,02;33,57;180,01;866,82;180,05;787,66;856,86;77,87;0,34
13240;0,00;0,00;0,00;0,00;49,00;0,00;71,00;80,00;33,56;180,00;867,65;180,06;787,61;857,49;77,87;0,34
13245;0,00;0,00;0,00;0,00;49,01;0,00;71,01;79,98;33,57;179,99;867,13;180,07;787,49;857,16;77,87;0,34
13250;0,00;0,00;0,00;0,00;49,00;0,00;70,99;80,00;33,58;179,99;864,63;180,09;786,99;856,31;77,87;0,34
13255;0,00;0,00;0,00;0,00;49,00;0,00;70,99;80,02;33,59;180,00;863,01;180,09;786,61;853,78;77,87;0,34
13260;0,00;0,00;0,00;0,00;49,00;0,00;71,00;80,00;33,57;180,02;860,28;180,10;786,19;852,54;77,87;0,34
13265;0,00;0,00;0,00;0,00;49,00;0,00;71,03;80,02;33,57;180,03;859,85;180,10;786,29;851,41;77,87;0,34
13270;0,00;0,00;0,00;0,00;49,00;0,00;70,99;80,00;33,58;180,03;861,73;180,08;786,93;852,91;77,87;0,34
13275;0,00;0,00;0,00;0,00;49,00;0,00;71,00;79,97;33,56;180,03;863,56;180,07;787,31;854,34;77,87;0,34
13280;0,00;0,00;0,00;0,00;48,99;0,00;71,00;80,00;33,58;180,01;866,80;180,04;787,63;856,84;77,87;0,34
13285;0,00;0,00;0,00;0,00;49,00;0,00;71,01;80,00;33,60;180,00;867,56;180,03;787,64;857,48;77,87;0,34
13290;0,00;0,00;0,00;0,00;49,00;0,00;71,00;80,00;33,59;180,00;867,13;180,00;787,47;857,16;77,87;0,34
13295;0,00;0,00;0,00;0,00;49,00;0,00;71,00;80,00;33,58;180,01;866,04;179,98;787,27;856,32;77,87;0,34
13300;0,00;0,00;0,00;0,00;49,00;0,00;71,02;80,00;33,57;180,01;863,06;179,95;786,61;853,80;77,87;0,34
13305;0,00;0,00;0,00;0,00;48,99;0,00;71,00;79,98;33,58;180,02;860,32;179,95;786,33;852,56;77,87;0,34
13310;0,00;0,00;0,00;0,00;49,00;0,00;71,00;80,02;33,59;180,02;859,89;179,94;786,29;851,43;77,87;0,34
13315;0,00;0,00;0,00;0,00;49,00;0,00;71,00;79,97;33,59;180,02;861,71;179,94;786,56;851,87;77,87;0,34
13320;0,00;0,00;0,00;0,00;49,00;0,00;71,02;80,00;33,59;180,01;863,55;179,97;787,35;854,36;77,87;0,34
13325;0,00;0,00;0,00;0,00;49,00;0,00;71,00;80,00;33,59;180,00;866,77;179,99;787,57;855,75;77,87;0,34
13330;0,00;0,00;0,00;0,00;49,00;0,00;71,01;80,00;33,58;180,00;867,57;180,04;787,66;857,47;77,87;0,34
13335;0,00;0,00;0,00;0,00;48,99;0,00;71,02;80,00;33,58;179,98;867,07;180,07;787,61;857,56;77,87;0,34
13340;0,00;0,00;0,00;0,00;49,00;0,00;71,01;80,03;33,59;179,97;866,05;180,11;787,28;856,30;77,87;0,34
13345;0,00;0,00;0,00;0,00;49,00;0,00;70,99;80,00;33,58;179,99;862,93;180,12;786,99;855,11;77,87;0,34
13350;0,00;0,00;0,00;0,00;49,00;0,00;71,01;80,00;33,59;180,00;861,39;180,12;786,34;852,53;77,87;0,34
13355;0,00;0,00;0,00;0,00;49,00;0,00;71,01;80,02;33,60;180,03;859,88;180,12;786,23;851,66;77,87;0,34
13360;0,00;0,00;0,00;0,00;49,00;0,00;71,01;80,00;33,60;180,02;860,39;180,09;786,60;851,92;77,87;0,34
13365;0,00;0,00;0,00;0,00;49,00;0,00;71,01;79,98;33,58;180,01;863,68;180,07;787,00;853,03;77,87;0,34
13370;0,00;0,00;0,00;0,00;49,00;0,00;71,02;79,95;33,57;180,01;865,49;180,01;787,60;855,83;77,87;0,34
13375;0,00;0,00;0,00;0,00;49,00;0,00;70,99;80,00;33,59;179,99;867,57;179,96;787,67;856,89;77,87;0,34
13380;0,00;0,00;0,00;0,00;49,00;0,00;71,02;80,02;33,58;179,98;867,61;179,95;787,60;857,54;77,87;0,34
13385;0,00;0,00;0,00;0,00;49,01;0,00;71,01;80,03;33,58;179,99;865,95;179,92;787,48;857,09;77,87;0,34
13390;0,00;0,00;0,00;0,00;49,00;0,00;71,00;80,02;33,57;180,00;864,54;179,92;786,96;855,03;77,87;0,34
13395;0,00;0,00;0,00;0,00;49,00;0,00;71,03;80,02;33,58;180,02;861,17;179,92;786,56;853,57;77,87;0,34
13400;0,00;0,00;0,00;0,00;48,99;0,00;71,00;79,98;33,58;180,03;860,16;179,94;786,22;851,61;77,87;0,34
13405;0,00;0,00;0,00;0,00;48,99;0,00;71,01;80,00;33,55;180,02;860,59;179,96;786,37;851,49;77,87;0,34
13410;0,00;0,00;0,00;0,00;49,01;0,00;71,02;80,00;33,55;180,01;862,14;180,00;787,08;853,28;77,87;0,34
13415;0,00;0,00;0,00;0,00;49,00;0,00;71,00;80,00;33,58;179,97;865,74;180,03;787,42;854,71;77,87;0,34
13420;0,00;0,00;0,00;0,00;49,01;0,00;71,00;80,00;33,57;179,96;866,98;180,07;787,65;857,00;77,87;0,34
13425;0,00;0,00;0,00;0,00;49,01;0,00;70,99;79,98;33,57;179,99;867,45;180,10;787,63;857,49;77,87;0,34
13430;0,00;0,00;0,00;0,00;49,00;0,00;71,01;80,02;33,56;180,00;866,76;180,12;787,42;856,89;77,87;0,34
13435;0,00;0,00;0,00;0,00;49,00;0,00;70,99;79,98;33,56;180,02;864,16;180,12;787,19;855,95;77,87;0,34
13440;0,00;0,00;0,00;0,00;49,00;0,00;71,00;80,00;33,56;180,02;862,54;180,11;786,52;853,37;77,87;0,34
13445;0,00;0,00;0,00;0,00;49,00;0,00;71,01;79,98;33,57;180,00;860,09;180,08;786,28;852,23;77,87;0,34
13450;0,00;0,00;0,00;0,00;49,00;0,00;70,99;79,97;33,55;179,99;860,01;180,06;786,40;851,56;77,87;0,34
13455;0,00;0,00;0,00;0,00;49,00;0,00;71,00;80,00;33,56;179,97;862,32;180,01;787,11;852,23;77,87;0,34
13460;0,00;0,00;0,00;0,00;49,00;0,00;71,02;80,00;33,54;179,98;864,17;179,98;787,46;854,88;77,87;0,34
13465;0,00;0,00;0,00;0,00;49,01;0,00;71,02;79,98;33,55;179,99;867,08;179,93;787,64;856,14;77,87;0,34
13470;0,00;0,00;0,00;0,00;49,00;0,00;70,99;80,03;33,57;180,00;867,54;179,91;787,62;857,46;77,87;0,34
13475;0,00;0,00;0,00;0,00;49,01;0,00;71,01;80,00;33,57;180,00;866,61;179,89;787,38;857,35;77,87;0,34
13480;0,00;0,00;0,00;0,00;49,00;0,00;71,00;79,98;33,55;180,00;865,34;179,89;787,12;855,72;77,87;0,34
13485;0,00;0,00;0,00;0,00;49,01;0,00;71,00;80,02;33,54;179,99;862,22;179,90;786,46;854,46;77,87;0,34
13490;0,00;0,00;0,00;0,00;49,00;0,00;71,00;80,00;33,58;179,99;860,83;179,93;786,23;852,06;77,87;0,34
13495;0,00;0,00;0,00;0,00;49,00;0,00;71,00;80,00;33,57;179,98;860,05;179,98;786,43;851,49;77,87;0,34
13500;0,00;0,00;0,00;0,00;49,00;0,00;71,00;80,02;33,56;179,99;860,98;180,02;786,76;852,36;77,87;0,34
13505;0,00;0,00;0,00;0,00;49,00;0,00;70,98;80,02;33,59;180,00;864,47;180,08;787,49;853,65;77,87;0,34
13510;0,00;0,00;0,00;0,00;49,00;0,00;71,00;79,97;33,58;180,00;866,22;180,10;787,63;856,34;77,87;0,34
13515;0,00;0,00;0,00;0,00;49,01;0,00;71,00;80,02;33,59;180,01;867,63;180,13;787,65;857,19;77,87;0,34
13520;0,00;0,00;0,00;0,00;49,01;0,00;71,01;79,97;33,59;180,01;867,35;180,13;787,56;857,34;77,87;0,34
13525;0,00;0,00;0,00;0,00;49,00;0,00;71,00;80,00;33,57;180,00;865,32;180,11;787,15;855,63;77,87;0,34
13530;0,00;0,00;0,00;0,00;49,00;0,00;71,02;80,02;33,58;180,00;863,66;180,09;786,80;854,37;77,87;0,34
13535;0,00;0,00;0,00;0,00;49,01;0,00;70,99;80,03;33,57;180,00;860,68;180,03;786,26;851,95;77,87;0,34
13540;0,00;0,00;0,00;0,00;49,00;0,00;71,01;79,98;33,60;179,99;859,93;180,00;786,28;851,43;77,87;0,34
13545;0,00;0,00;0,00;0,00;49,00;0,00;71,01;80,03;33,57;179,98;861,09;179,94;786,84;852,41;77,87;0,34
13550;0,00;0,00;0,00;0,00;49,00;0,00;71,01;80,02;33,58;179,99;862,77;179,91;787,25;853,75;77,87;0,34
13555;0,00;0,00;0,00;0,00;49,00;0,00;71,01;80,03;33,58;179,99;866,26;179,88;787,68;856,43;77,87;0,34
13560;0,00;0,00;0,00;0,00;49,01;0,00;71,00;80,00;33,58;180,00;867,30;179,88;787,70;857,27;77,87;0,34
13565;0,00;0,00;0,00;0,00;49,00;0,00;71,02;80,02;33,58;180,00;867,35;179,89;787,58;857,36;77,87;0,34
13570;0,00;0,00;0,00;0,00;49,00;0,00;71,00;80,00;33,58;180,00;866,50;179,90;787,41;856,66;77,87;0,34
13575;0,00;0,00;0,00;0,00;49,00;0,00;70,98;79,98;33,59;179,98;863,59;179,95;786,78;854,29;77,87;0,34
13580;0,00;0,00;0,00;0,00;49,01;0,00;71,00;80,02;33,59;179,97;861,97;179,99;786,44;852,96;77,87;0,34
13585;0,00;0,00;0,00;0,00;49,00;0,00;71,00;79,97;33,57;179,98;859,91;180,05;786,28;851,43;77,87;0,34
13590;0,00;0,00;0,00;0,00;49,00;0,00;71,00;79,98;33,59;179,99;861,18;180,08;786,50;851,63;77,87;0,34
13595;0,00;0,00;0,00;0,00;49,00;0,00;71,00;80,02;33,56;180,00;862,90;180,13;787,26;853,84;77,87;0,34
13600;0,00;0,00;0,00;0,00;49,00;0,00;70,98;80,02;33,59;180,00;866,35;180,14;787,55;855,26;77,87;0,34
13605;0,00;0,00;0,00;0,00;49,00;0,00;71,02;80,00;33,58;180,00;867,36;180,15;787,71;857,31;77,87;0,34
13610;0,00;0,00;0,00;0,00;49,00;0,00;70,98;80,00;33,59;179,98;867,38;180,13;787,68;857,61;77,87;0,34
13615;0,00;0,00;0,00;0,00;49,00;0,00;71,00;80,00;33,58;179,97;866,47;180,10;787,42;856,68;77,87;0,34
13620;0,00;0,00;0,00;0,00;48,99;0,00;71,01;79,97;33,59;179,97;863,64;180,07;787,14;855,60;77,87;0,34
13625;0,00;0,00;0,00;0,00;49,00;0,00;70,97;79,97;33,59;179,98;862,02;180,00;786,44;852,97;77,87;0,34
13630;0,00;0,00;0,00;0,00;49,02;0,00;71,02;80,00;33,58;180,00;859,87;179,96;786,24;851,92;77,87;0,34
13635;0,00;0,00;0,00;0,00;49,00;0,00;70,99;79,98;33,57;180,01;860,05;179,89;786,46;851,58;77,87;0,34
13640;0,00;0,00;0,00;0,00;49,01;0,00;71,00;80,00;33,58;180,02;862,80;179,85;786,82;852,45;77,87;0,34
13645;0,00;0,00;0,00;0,00;48,99;0,00;71,02;80,00;33,59;180,01;864,69;179,84;787,54;855,25;77,87;0,34
13650;0,00;0,00;0,00;0,00;49,00;0,00;71,00;80,00;33,59;180,00;867,41;179,85;787,67;856,47;77,87;0,34
13655;0,00;0,00;0,00;0,00;49,00;0,00;71,00;79,98;33,61;179,98;867,73;179,87;787,66;857,64;77,87;0,34
13660;0,00;0,00;0,00;0,00;49,01;0,00;71,00;80,00;33,59;179,96;866,57;179,93;787,57;857,42;77,87;0,34
13665;0,00;0,00;0,00;0,00;49,00;0,00;71,01;80,00;33,58;179,96;865,32;179,97;787,15;855,68;77,87;0,34
13670;0,00;0,00;0,00;0,00;49,01;0,00;71,00;80,02;33,60;179,98;862,01;180,05;786,80;854,36;77,87;0,34
13675;0,00;0,00;0,00;0,00;48,99;0,00;70,99;80,00;33,63;180,00;860,66;180,09;786,26;851,97;77,87;0,34
13680;0,00;0,00;0,00;0,00;49,00;0,00;70,99;80,03;33,61;180,02;860,02;180,14;786,46;851,42;77,87;0,34
13685;0,00;0,00;0,00;0,00;49,01;0,00;70,98;80,02;33,60;180,02;861,00;180,16;786,82;852,43;77,87;0,34
13690;0,00;0,00;0,00;0,00;49,01;0,00;71,02;80,02;33,61;180,00;864,71;180,15;787,55;853,80;77,87;0,34
13695;0,00;0,00;0,00;0,00;49,00;0,00;71,00;80,00;33,62;179,97;866,32;180,14;787,67;856,49;77,87;0,34
13700;0,00;0,00;0,00;0,00;48,99;0,00;71,00;80,03;33,61;179,95;867,74;180,09;787,66;857,33;77,87;0,34
13705;0,00;0,00;0,00;0,00;49,00;0,00;71,00;80,00;33,62;179,96;867,42;180,05;787,58;857,43;77,87;0,34
13710;0,00;0,00;0,00;0,00;49,00;0,00;70,99;80,02;33,62;179,97;865,32;179,97;787,14;856,74;77,87;0,34
13715;0,00;0,00;0,00;0,00;49,01;0,00;71,00;80,00;33,61;179,99;863,76;179,92;786,80;854,39;77,87;0,34
13720;0,00;0,00;0,00;0,00;48,99;0,00;71,01;80,00;33,62;180,01;860,75;179,85;786,25;853,04;77,87;0,34
13725;0,00;0,00;0,00;0,00;48,99;0,00;71,01;80,00;33,62;180,02;859,93;179,83;786,26;851,45;77,87;0,34
13730;0,00;0,00;0,00;0,00;49,00;0,00;71,01;79,98;33,61;180,00;861,05;179,81;786,83;851,60;77,87;0,34
13735;0,00;0,00;0,00;0,00;49,00;0,00;70,99;80,02;33,60;179,99;862,73;179,81;787,24;853,79;77,87;0,34
13740;0,00;0,00;0,00;0,00;48,99;0,00;71,03;79,98;33,61;179,97;866,34;179,86;787,65;856,45;77,87;0,34
13745;0,00;0,00;0,00;0,00;48,99;0,00;70,99;79,98;33,61;179,97;867,33;179,89;787,68;857,27;77,87;0,34
13750;0,00;0,00;0,00;0,00;49,01;0,00;71,00;79,98;33,61;179,97;867,34;179,97;787,56;857,33;77,87;0,34
13755;0,00;0,00;0,00;0,00;49,01;0,00;71,00;79,98;33,63;179,97;866,49;180,02;787,39;856,64;77,87;0,34
13760;0,00;0,00;0,00;0,00;49,01;0,00;71,02;80,00;33,62;179,98;863,57;180,10;786,77;854,26;77,87;0,34
13765;0,00;0,00;0,00;0,00;49,00;0,00;71,03;80,02;33,61;180,00;861,98;180,12;786,45;852,96;77,87;0,34
13770;0,00;0,00;0,00;0,00;48,99;0,00;71,00;80,00;33,61;179,99;859,96;180,15;786,30;851,48;77,87;0,34
13775;0,00;0,00;0,00;0,00;49,00;0,00;71,00;80,00;33,61;179,99;860,20;180,14;786,52;851,72;77,87;0,34
13780;0,00;0,00;0,00;0,00;49,00;0,00;71,00;80,02;33,61;179,98;862,99;180,10;787,28;853,98;77,87;0,34
13785;0,00;0,00;0,00;0,00;49,00;0,00;71,02;80,00;33,62;179,97;864,85;180,07;787,57;855,38;77,87;0,34
13790;0,00;0,00;0,00;0,00;49,01;0,00;71,02;80,02;33,61;179,96;867,40;180,00;787,70;857,32;77,87;0,34
13795;0,00;0,00;0,00;0,00;49,00;0,00;71,03;80,03;33,61;179,97;867,23;179,96;787,65;857,55;77,87;0,34
13800;0,00;0,00;0,00;0,00;49,00;0,00;71,00;80,00;33,62;179,98;866,34;179,89;787,36;856,52;77,87;0,34
13805;0,00;0,00;0,00;0,00;49,01;0,00;71,00;79,97;33,62;180,00;863,37;179,86;787,08;855,38;77,87;0,34
13810;0,00;0,00;0,00;0,00;49,00;0,00;71,00;80,00;33,63;180,02;861,76;179,83;786,40;852,76;77,87;0,34
13815;0,00;0,00;0,00;0,00;49,00;0,00;71,00;79,98;33,61;180,00;859,89;179,82;786,24;851,80;77,87;0,34
13820;0,00;0,00;0,00;0,00;49,00;0,00;71,01;80,00;33,60;179,98;860,21;179,84;786,54;851,72;77,87;0,34
13825;0,00;0,00;0,00;0,00;49,00;0,00;71,00;79,98;33,61;179,95;863,18;179,86;786,92;852,70;77,87;0,34
13830;0,00;0,00;0,00;0,00;49,01;0,00;71,00;80,00;33,59;179,96;865,04;179,92;787,59;855,50;77,87;0,34
13835;0,00;0,00;0,00;0,00;49,00;0,00;71,00;79,98;33,60;179,97;867,48;179,96;787,68;856,66;77,87;0,34
13840;0,00;0,00;0,00;0,00;49,00;0,00;70,98;80,00;33,62;179,99;867,64;180,03;787,65;857,56;77,87;0,34
13845;0,00;0,00;0,00;0,00;49,00;0,00;70,98;80,03;33,60;180,00;866,24;180,07;787,54;857,23;77,87;0,34
13850;0,00;0,00;0,00;0,00;49,00;0,00;70,99;80,02;33,60;179,99;864,91;180,12;787,07;855,32;77,87;0,34
13855;0,00;0,00;0,00;0,00;49,00;0,00;71,00;80,02;33,58;179,98;861,65;180,13;786,71;853,99;77,87;0,34
13860;0,00;0,00;0,00;0,00;49,00;0,00;71,00;80,02;33,61;179,96;860,43;180,13;786,26;851,78;77,87;0,34
13865;0,00;0,00;0,00;0,00;49,00;0,00;71,00;80,00;33,58;179,95;860,27;180,09;786,31;851,44;77,87;0,34
13870;0,00;0,00;0,00;0,00;49,00;0,00;71,00;80,00;33,58;179,96;861,58;180,06;786,96;852,84;77,87;0,34
13875;0,00;0,00;0,00;0,00;49,00;0,00;71,00;80,02;33,58;180,01;865,22;180,00;787,35;854,23;77,87;0,34
13880;0,00;0,00;0,00;0,00;49,00;0,00;71,00;80,00;33,60;180,03;866,68;179,96;787,70;856,73;77,87;0,34
13885;0,00;0,00;0,00;0,00;49,00;0,00;71,00;80,00;33,60;180,01;867,69;179,90;787,72;857,44;77,87;0,34
13890;0,00;0,00;0,00;0,00;49,00;0,00;71,00;80,00;33,59;179,99;867,24;179,88;787,57;857,26;77,87;0,34
13895;0,00;0,00;0,00;0,00;49,00;0,00;71,00;80,02;33,60;179,95;864,87;179,86;787,37;856,48;77,87;0,34
13900;0,00;0,00;0,00;0,00;49,00;0,00;71,00;80,00;33,59;179,95;863,27;179,86;786,72;854,00;77,87;0,34
13905;0,00;0,00;0,00;0,00;49,00;0,00;71,00;80,00;33,60;179,97;860,41;179,88;786,27;852,71;77,87;0,34
13910;0,00;0,00;0,00;0,00;49,01;0,00;71,02;80,03;33,61;179,98;859,87;179,90;786,34;851,41;77,87;0,34
13915;0,00;0,00;0,00;0,00;49,00;0,00;71,00;80,00;33,59;180,01;861,50;179,95;786,97;851,74;77,87;0,34
13920;0,00;0,00;0,00;0,00;49,00;0,00;71,00;79,98;33,57;180,01;863,28;179,98;787,37;854,17;77,87;0,34
13925;0,00;0,00;0,00;0,00;49,01;0,00;71,02;80,02;33,59;180,00;866,67;180,04;787,74;855,60;77,87;0,34
13930;0,00;0,00;0,00;0,00;49,00;0,00;71,00;80,00;33,59;179,99;867,57;180,07;787,76;857,50;77,87;0,34
13935;0,00;0,00;0,00;0,00;48,99;0,00;71,01;80,03;33,59;179,97;867,33;180,10;787,63;857,70;77,87;0,34
13940;0,00;0,00;0,00;0,00;49,00;0,00;71,00;80,02;33,61;179,97;866,39;180,11;787,44;856,59;77,87;0,34
13945;0,00;0,00;0,00;0,00;48,99;0,00;70,99;80,02;33,60;179,98;863,45;180,11;786,79;854,11;77,87;0,34
13950;0,00;0,00;0,00;0,00;49,00;0,00;70,99;80,02;33,59;179,98;861,84;180,10;786,46;852,76;77,87;0,34
13955;0,00;0,00;0,00;0,00;49,00;0,00;71,00;80,00;33,62;179,98;859,86;180,07;786,34;851,41;77,87;0,34
13960;0,00;0,00;0,00;0,00;49,00;0,00;71,00;80,00;33,58;179,98;860,14;180,04;786,59;851,70;77,87;0,34
13965;0,00;0,00;0,00;0,00;49,00;0,00;71,00;80,00;33,59;179,98;863,20;179,99;787,37;854,04;77,87;0,34
13970;0,00;0,00;0,00;0,00;49,00;0,00;71,00;80,03;33,60;179,97;865,08;179,96;787,65;855,50;77,87;0,34
13975;0,00;0,00;0,00;0,00;49,00;0,00;71,02;80,00;33,59;179,97;867,57;179,91;787,79;857,49;77,87;0,34
13980;0,00;0,00;0,00;0,00;49,00;0,00;71,02;79,98;33,61;179,95;867,83;179,89;787,75;857,73;77,87;0,34
13985;0,00;0,00;0,00;0,00;49,00;0,00;71,00;80,02;33,60;179,97;866,58;179,87;787,49;856,73;77,87;0,34
13990;0,00;0,00;0,00;0,00;49,00;0,00;71,00;80,00;33,59;179,98;863,59;179,87;787,22;855,67;77,87;0,34
13995;0,00;0,00;0,00;0,00;49,00;0,00;71,00;80,02;33,61;179,98;861,97;179,89;786,51;852,98;77,87;0,34
14000;0,00;0,00;0,00;0,00;49,02;0,00;71,01;79,98;33,59;179,98;859,93;179,91;786,33;851,94;77,87;0,34
14005;0,00;0,00;0,00;0,00;49,00;0,00;70,99;80,00;33,60;179,97;860,11;179,95;786,58;851,65;77,87;0,34
14010;0,00;0,00;0,00;0,00;48,99;0,00;71,01;79,98;33,60;179,97;863,00;179,98;786,95;852,59;77,87;0,34
14015;0,00;0,00;0,00;0,00;49,00;0,00;71,01;80,02;33,59;179,97;864,89;180,03;787,65;855,37;77,87;0,34
14020;0,00;0,00;0,00;0,00;49,00;0,00;71,02;80,00;33,61;179,98;867,42;180,06;787,75;856,57;77,87;0,34
14025;0,00;0,00;0,00;0,00;49,00;0,00;71,02;80,02;33,58;179,98;867,70;180,08;787,74;857,62;77,87;0,34
14030;0,00;0,00;0,00;0,00;48,99;0,00;71,00;80,02;33,59;179,98;866,41;180,09;787,64;857,35;77,87;0,34
14035;0,00;0,00;0,00;0,00;49,00;0,00;71,00;79,98;33,60;179,97;865,12;180,08;787,18;855,53;77,87;0,34
14040;0,00;0,00;0,00;0,00;49,00;0,00;70,98;79,98;33,59;179,97;861,97;180,06;786,83;854,22;77,87;0,34
14045;0,00;0,00;0,00;0,00;49,00;0,00;71,00;80,00;33,60;179,96;860,67;180,03;786,35;851,95;77,87;0,34
14050;0,00;0,00;0,00;0,00;49,01;0,00;71,00;80,00;33,59;179,96;860,28;179,99;786,39;851,53;77,87;0,34
14055;0,00;0,00;0,00;0,00;49,00;0,00;71,00;79,98;33,62;179,95;861,40;179,97;787,01;852,76;77,87;0,34
14060;0,00;0,00;0,00;0,00;49,00;0,00;71,00;80,03;33,60;179,96;865,09;179,94;787,39;854,12;77,87;0,34
14065;0,00;0,00;0,00;0,00;49,00;0,00;71,00;80,00;33,60;179,97;866,54;179,93;787,74;856,62;77,87;0,34
14070;0,00;0,00;0,00;0,00;49,00;0,00;71,01;79,98;33,62;179,97;867,57;179,93;787,75;857,33;77,87;0,34
14075;0,00;0,00;0,00;0,00;49,00;0,00;71,01;80,00;33,60;179,96;867,13;179,93;787,58;857,15;77,87;0,34
14080;0,00;0,00;0,00;0,00;48,99;0,00;71,00;79,98;33,62;179,97;864,76;179,94;787,38;856,37;77,87;0,34
14085;0,00;0,00;0,00;0,00;49,00;0,00;71,00;80,02;33,61;179,97;863,19;179,96;786,73;853,91;77,87;0,34
14090;0,00;0,00;0,00;0,00;49,00;0,00;71,01;80,00;33,62;179,96;860,38;180,00;786,44;852,63;77,87;0,34
14095;0,00;0,00;0,00;0,00;49,00;0,00;71,01;80,02;33,61;179,96;859,98;180,02;786,39;851,51;77,87;0,34
14100;0,00;0,00;0,00;0,00;49,00;0,00;71,02;80,00;33,61;179,95;861,71;180,05;787,05;851,91;77,87;0,34
14105;0,00;0,00;0,00;0,00;49,00;0,00;71,01;80,00;33,61;179,96;863,50;180,06;787,42;854,33;77,87;0,34
14110;0,00;0,00;0,00;0,00;48,99;0,00;70,98;80,02;33,59;179,99;866,66;180,06;787,71;855,68;77,87;0,34
14115;0,00;0,00;0,00;0,00;49,00;0,00;70,99;79,98;33,60;179,98;867,45;180,06;787,71;857,37;77,87;0,34
14120;0,00;0,00;0,00;0,00;49,00;0,00;71,00;80,02;33,61;179,97;866,94;180,03;787,52;857,45;77,87;0,34
14125;0,00;0,00;0,00;0,00;49,00;0,00;70,99;79,98;33,59;179,97;865,92;180,02;787,31;856,18;77,87;0,34
14130;0,00;0,00;0,00;0,00;49,00;0,00;70,99;80,00;33,60;179,95;862,94;179,98;786,66;855,00;77,87;0,34
14135;0,00;0,00;0,00;0,00;49,00;0,00;71,02;80,02;33,58;179,96;861,29;179,97;786,37;852,47;77,87;0,34
14140;0,00;0,00;0,00;0,00;48,99;0,00;71,00;79,98;33,61;179,96;859,93;179,95;786,40;851,49;77,87;0,34
14145;0,00;0,00;0,00;0,00;49,00;0,00;70,98;80,00;33,59;179,97;860,51;179,94;786,69;852,02;77,87;0,34
14150;0,00;0,00;0,00;0,00;49,00;0,00;71,00;80,03;33,61;179,98;863,84;179,94;787,45;854,63;77,87;0,34
14155;0,00;0,00;0,00;0,00;49,00;0,00;71,01;80,00;33,63;179,96;865,60;179,94;787,66;855,91;77,87;0,34
14160;0,00;0,00;0,00;0,00;49,00;0,00;71,00;80,00;33,61;179,95;867,55;179,95;787,70;857,46;77,87;0,34
14165;0,00;0,00;0,00;0,00;49,00;0,00;71,00;80,00;33,63;179,94;867,48;179,97;787,64;857,46;77,87;0,34
14170;0,00;0,00;0,00;0,00;49,00;0,00;71,02;80,00;33,62;179,95;865,76;179,99;787,29;856,03;77,87;0,34
14175;0,00;0,00;0,00;0,00;49,00;0,00;71,00;80,00;33,62;179,95;864,32;180,00;786,97;854,80;77,87;0,34
14180;0,00;0,00;0,00;0,00;48,99;0,00;70,98;80,00;33,61;179,96;861,09;180,02;786,35;852,28;77,87;0,34
14185;0,00;0,00;0,00;0,00;49,00;0,00;71,00;80,00;33,60;179,97;860,10;180,03;786,29;851,55;77,87;0,34
14190;0,00;0,00;0,00;0,00;49,00;0,00;71,01;80,00;33,63;179,97;860,65;180,04;786,74;852,09;77,87;0,34
14195;0,00;0,00;0,00;0,00;49,00;0,00;71,00;80,00;33,62;179,96;862,17;180,03;787,15;853,30;77,87;0,34
14200;0,00;0,00;0,00;0,00;49,00;0,00;70,99;80,00;33,63;179,95;865,79;180,03;787,68;856,08;77,87;0,34
14205;0,00;0,00;0,00;0,00;49,00;0,00;70,99;80,02;33,62;179,94;867,05;180,02;787,74;857,07;77,87;0,34
14210;0,00;0,00;0,00;0,00;49,00;0,00;71,01;79,98;33,63;179,94;867,54;180,01;787,65;857,51;77,87;0,34
14215;0,00;0,00;0,00;0,00;49,00;0,00;71,00;80,02;33,65;179,94;866,86;180,00;787,52;856,97;77,87;0,34
14220;0,00;0,00;0,00;0,00;49,00;0,00;71,00;79,97;33,64;179,95;864,28;179,97;786,95;854,77;77,87;0,34
14225;0,00;0,00;0,00;0,00;49,00;0,00;71,01;79,98;33,64;179,97;861,03;179,97;786,60;853,42;77,87;0,34
14230;0,00;0,00;0,00;0,00;48,99;0,00;71,00;80,00;33,64;179,97;860,06;179,94;786,28;851,52;77,87;0,34
14235;0,00;0,00;0,00;0,00;48,99;0,00;71,00;80,00;33,65;179,96;860,59;179,93;786,43;851,43;77,87;0,34
14240;0,00;0,00;0,00;0,00;49,00;0,00;71,02;80,03;33,65;179,95;862,18;179,91;787,16;853,31;77,87;0,34
14245;0,00;0,00;0,00;0,00;49,00;0,00;70,98;79,98;33,64;179,95;865,81;179,91;787,51;854,75;77,87;0,34
14250;0,00;0,00;0,00;0,00;49,00;0,00;71,00;80,02;33,64;179,94;867,04;179,93;787,73;857,04;77,87;0,34
14255;0,00;0,00;0,00;0,00;49,00;0,00;71,00;80,03;33,64;179,95;867,51;179,94;787,71;857,52;77,87;0,34
14260;0,00;0,00;0,00;0,00;49,00;0,00;71,00;80,02;33,65;179,96;866,77;179,98;787,49;856,89;77,87;0,34
14265;0,00;0,00;0,00;0,00;49,00;0,00;71,01;79,98;33,64;179,96;864,15;179,99;787,25;855,94;77,87;0,34
14270;0,00;0,00;0,00;0,00;49,00;0,00;71,00;80,02;33,62;179,96;862,54;180,03;786,57;853,36;77,87;0,34
14275;0,00;0,00;0,00;0,00;49,00;0,00;71,00;80,02;33,63;179,95;860,05;180,04;786,32;852,22;77,87;0,34
14280;0,00;0,00;0,00;0,00;49,00;0,00;71,00;80,02;33,62;179,94;859,94;180,05;786,43;851,49;77,87;0,34
14285;0,00;0,00;0,00;0,00;49,00;0,00;71,00;80,00;33,63;179,94;862,21;180,04;786,74;852,16;77,87;0,34
14290;0,00;0,00;0,00;0,00;49,00;0,00;71,02;80,00;33,65;179,95;864,23;180,04;787,49;854,86;77,87;0,34
14295;0,00;0,00;0,00;0,00;49,01;0,00;71,01;79,98;33,63;179,98;867,13;180,02;787,67;856,17;77,87;0,34
14300;0,00;0,00;0,00;0,00;48,99;0,00;70,98;80,00;33,64;179,97;867,65;180,01;787,71;857,56;77,87;0,34
14305;0,00;0,00;0,00;0,00;49,00;0,00;71,00;80,03;33,62;179,94;866,75;179,99;787,63;857,47;77,87;0,34
14310;0,00;0,00;0,00;0,00;49,00;0,00;71,00;80,05;33,62;179,93;865,58;179,98;787,24;855,92;77,87;0,34
14315;0,00;0,00;0,00;0,00;49,00;0,00;71,01;80,02;33,62;179,93;862,44;179,97;786,91;854,66;77,87;0,34
14320;0,00;0,00;0,00;0,00;49,00;0,00;71,00;80,02;33,63;179,93;860,88;179,97;786,30;852,14;77,87;0,34
14325;0,00;0,00;0,00;0,00;49,00;0,00;71,00;80,02;33,63;179,93;859,92;179,96;786,26;851,49;77,87;0,34
14330;0,00;0,00;0,00;0,00;49,00;0,00;71,00;80,00;33,62;179,95;860,73;179,97;786,75;852,15;77,87;0,34
14335;0,00;0,00;0,00;0,00;49,00;0,00;71,02;80,00;33,64;179,96;864,17;179,97;787,15;853,40;77,87;0,34
14340;0,00;0,00;0,00;0,00;49,00;0,00;71,02;80,02;33,61;179,97;866,01;179,98;787,66;856,16;77,87;0,34
14345;0,00;0,00;0,00;0,00;49,00;0,00;71,00;80,00;33,62;179,95;867,65;179,98;787,68;857,12;77,87;0,34
14350;0,00;0,00;0,00;0,00;49,00;0,00;71,02;80,00;33,64;179,95;867,47;179,99;787,61;857,45;77,87;0,34
14355;0,00;0,00;0,00;0,00;49,00;0,00;71,00;80,00;33,63;179,92;865,49;180,01;787,22;856,85;77,87;0,34
14360;0,00;0,00;0,00;0,00;49,00;0,00;71,02;79,98;33,64;179,91;863,99;180,01;786,88;854,59;77,87;0,34
14365;0,00;0,00;0,00;0,00;49,00;0,00;71,01;80,05;33,64;179,92;860,93;180,01;786,30;853,25;77,87;0,34
14370;0,00;0,00;0,00;0,00;49,00;0,00;71,00;79,98;33,62;179,93;860,05;180,00;786,27;851,51;77,87;0,34
14375;0,00;0,00;0,00;0,00;49,00;0,00;71,00;80,00;33,63;179,96;860,87;179,99;786,78;851,53;77,87;0,34
14380;0,00;0,00;0,00;0,00;49,00;0,00;71,02;80,00;33,64;179,97;862,46;179,97;787,19;853,52;77,87;0,34
14385;0,00;0,00;0,00;0,00;49,00;0,00;71,00;80,02;33,65;179,95;866,00;179,94;787,67;856,23;77,87;0,34
14390;0,00;0,00;0,00;0,00;49,00;0,00;71,00;80,00;33,62;179,93;867,15;179,93;787,71;857,13;77,87;0,34
14395;0,00;0,00;0,00;0,00;49,00;0,00;71,00;80,02;33,63;179,93;867,43;179,91;787,62;857,41;77,87;0,34
14400;0,00;0,00;0,00;0,00;49,00;0,00;70,99;79,98;33,63;179,93;866,67;179,91;787,46;856,81;77,87;0,34
14405;0,00;0,00;0,00;0,00;49,00;0,00;71,02;79,98;33,65;179,93;863,98;179,91;786,88;854,54;77,87;0,34
14410;0,00;0,00;0,00;0,00;49,00;0,00;70,98;79,98;33,64;179,95;862,35;179,91;786,53;853,21;77,87;0,34
14415;0,00;0,00;0,00;0,00;49,00;0,00;71,00;80,00;33,64;179,95;859,95;179,95;786,27;851,45;77,87;0,34
14420;0,00;0,00;0,00;0,00;49,00;0,00;70,98;80,02;33,62;179,96;859,94;179,96;786,44;851,48;77,87;0,34
14425;0,00;0,00;0,00;0,00;49,00;0,00;71,01;80,03;33,65;179,96;862,38;180,01;787,21;853,52;77,87;0,34
14430;0,00;0,00;0,00;0,00;49,00;0,00;71,01;79,98;33,64;179,95;864,43;180,04;787,55;854,97;77,87;0,34
14435;0,00;0,00;0,00;0,00;49,00;0,00;71,01;80,00;33,66;179,94;867,24;180,08;787,74;857,21;77,87;0,34
14440;0,00;0,00;0,00;0,00;49,00;0,00;71,02;80,02;33,65;179,92;867,71;180,10;787,71;857,61;77,87;0,34
14445;0,00;0,00;0,00;0,00;49,00;0,00;71,03;80,02;33,64;179,93;866,70;180,10;787,48;856,86;77,87;0,34
14450;0,00;0,00;0,00;0,00;49,00;0,00;71,01;80,00;33,66;179,95;865,51;180,11;787,24;855,86;77,87;0,34
14455;0,00;0,00;0,00;0,00;49,00;0,00;71,02;80,03;33,64;179,95;862,34;180,08;786,53;853,22;77,87;0,34
14460;0,00;0,00;0,00;0,00;49,00;0,00;71,00;79,98;33,66;179,94;859,96;180,06;786,31;852,10;77,87;0,34
14465;0,00;0,00;0,00;0,00;49,00;0,00;70,99;80,02;33,66;179,95;859,95;180,01;786,46;851,50;77,87;0,34
14470;0,00;0,00;0,00;0,00;49,00;0,00;71,01;80,00;33,66;179,94;862,41;179,98;786,79;852,24;77,87;0,34
14475;0,00;0,00;0,00;0,00;49,00;0,00;71,01;80,00;33,65;179,94;864,45;179,93;787,51;855,01;77,87;0,34
14480;0,00;0,00;0,00;0,00;48,99;0,00;71,00;80,03;33,65;179,96;867,24;179,93;787,66;856,29;77,87;0,34
14485;0,00;0,00;0,00;0,00;49,00;0,00;71,00;80,02;33,67;179,96;867,68;179,93;787,68;857,58;77,87;0,34
14490;0,00;0,00;0,00;0,00;49,00;0,00;70,99;80,00;33,65;179,96;866,65;179,96;787,59;857,44;77,87;0,34
14495;0,00;0,00;0,00;0,00;49,00;0,00;71,00;79,98;33,66;179,96;865,44;180,05;787,20;855,82;77,87;0,34
14500;0,00;0,00;0,00;0,00;49,00;0,00;71,00;80,00;33,67;179,93;862,29;180,11;786,86;854,49;77,87;0,34
14505;0,00;0,00;0,00;0,00;49,00;0,00;71,00;80,00;33,69;179,93;860,77;180,21;786,31;852,08;77,87;0,34
14510;0,00;0,00;0,00;0,00;49,01;0,00;71,02;80,02;33,68;179,93;860,02;180,27;786,30;851,49;77,87;0,34
14515;0,00;0,00;0,00;0,00;49,00;0,00;71,00;80,02;33,70;179,94;860,94;180,35;786,85;852,36;77,87;0,34
14520;0,00;0,00;0,00;0,00;49,01;0,00;71,03;80,00;33,70;179,95;864,44;180,37;787,26;853,67;77,87;0,34
14525;0,00;0,00;0,00;0,00;48,99;0,00;71,01;80,02;33,70;179,94;866,22;180,41;787,72;856,37;77,87;0,34
14530;0,00;0,00;0,00;0,00;49,00;0,00;71,00;80,02;33,71;179,95;867,69;180,40;787,75;857,24;77,87;0,34
14535;0,00;0,00;0,00;0,00;49,00;0,00;71,00;80,02;33,71;179,95;867,45;180,38;787,64;857,43;77,87;0,34
14540;0,00;0,00;0,00;0,00;49,00;0,00;71,02;79,97;33,70;179,93;865,35;180,34;787,48;856,78;77,87;0,34
14545;0,00;0,00;0,00;0,00;49,01;0,00;71,01;80,00;33,71;179,92;863,82;180,31;786,87;854,46;77,87;0,34
14550;0,00;0,00;0,00;0,00;49,00;0,00;71,00;80,00;33,72;179,93;860,80;180,23;786,54;853,13;77,87;0,34
14555;0,00;0,00;0,00;0,00;49,01;0,00;71,02;80,02;33,71;179,94;859,99;180,20;786,31;851,49;77,87;0,34
14560;0,00;0,00;0,00;0,00;48,99;0,00;71,01;80,02;33,71;179,94;861,03;180,16;786,50;851,58;77,87;0,34
14565;0,00;0,00;0,00;0,00;49,00;0,00;71,02;80,03;33,71;179,94;862,67;180,15;787,26;853,69;77,87;0,34
14570;0,00;0,00;0,00;0,00;49,01;0,00;70,98;80,00;33,70;179,91;866,23;180,16;787,58;855,14;77,87;0,34
14575;0,00;0,00;0,00;0,00;49,01;0,00;71,05;79,98;33,67;179,89;867,33;180,18;787,76;857,29;77,87;0,34
14580;0,00;0,00;0,00;0,00;49,00;0,00;70,98;80,02;33,70;179,89;867,50;180,24;787,65;857,66;77,87;0,34
14585;0,00;0,00;0,00;0,00;49,00;0,00;71,01;80,00;33,68;179,90;866,70;180,28;787,50;856,85;77,87;0,34
14590;0,00;0,00;0,00;0,00;49,01;0,00;71,01;80,00;33,68;179,92;863,96;180,36;786,92;855,84;77,87;0,34
14595;0,00;0,00;0,00;0,00;49,00;0,00;71,03;80,00;33,69;179,92;862,29;180,41;786,56;853,18;77,87;0,34
14600;0,00;0,00;0,00;0,00;48,99;0,00;71,03;80,00;33,68;179,92;860,00;180,50;786,34;852,11;77,87;0,34
14605;0,00;0,00;0,00;0,00;49,00;0,00;71,00;79,98;33,68;179,92;860,00;180,53;786,52;851,55;77,87;0,34
14610;0,00;0,00;0,00;0,00;49,00;0,00;71,00;80,00;33,67;179,91;862,55;180,58;787,28;853,64;77,87;0,34
14615;0,00;0,00;0,00;0,00;49,00;0,00;71,01;80,03;33,69;179,93;864,46;180,59;787,60;855,10;77,87;0,34
14620;0,00;0,00;0,00;0,00;49,00;0,00;71,00;79,97;33,67;179,92;867,32;180,58;787,77;857,25;77,87;0,34
14625;0,00;0,00;0,00;0,00;49,01;0,00;71,00;80,00;33,66;179,91;867,72;180,56;787,73;857,62;77,87;0,34
14630;0,00;0,00;0,00;0,00;49,00;0,00;71,03;79,98;33,67;179,91;866,69;180,49;787,46;856,81;77,87;0,34
14635;0,00;0,00;0,00;0,00;48,99;0,00;71,00;80,02;33,67;179,91;865,49;180,45;787,19;855,83;77,87;0,34
14640;0,00;0,00;0,00;0,00;49,00;0,00;71,03;80,02;33,67;179,91;862,34;180,35;786,48;853,22;77,87;0,34
14645;0,00;0,00;0,00;0,00;49,01;0,00;71,02;80,00;33,65;179,91;860,83;180,29;786,25;852,13;77,87;0,34
14650;0,00;0,00;0,00;0,00;49,00;0,00;71,01;80,02;33,64;179,90;860,07;180,18;786,43;851,63;77,87;0,34
14655;0,00;0,00;0,00;0,00;49,01;0,00;70,99;80,02;33,64;179,90;860,99;180,12;786,78;852,43;77,87;0,34
14660;0,00;0,00;0,00;0,00;49,00;0,00;71,00;80,05;33,63;179,90;864,61;180,06;787,47;855,15;77,87;0,34
14665;0,00;0,00;0,00;0,00;49,00;0,00;71,01;80,00;33,62;179,89;867,29;180,04;787,61;856,40;77,87;0,34
14670;0,00;0,00;0,00;0,00;49,00;0,00;71,00;80,03;33,60;179,88;867,68;180,04;787,60;857,60;77,87;0,34
14675;0,00;0,00;0,00;0,00;49,00;0,00;71,01;80,02;33,60;179,87;866,65;180,07;787,52;857,42;77,87;0,34
14680;0,00;0,00;0,00;0,00;49,00;0,00;71,02;79,98;33,60;179,87;865,34;180,15;787,10;855,72;77,87;0,34
14685;0,00;0,00;0,00;0,00;49,00;0,00;71,02;80,00;33,60;179,89;862,17;180,19;786,75;854,42;77,87;0,34
