Dauer (s);MFC-1 (mln/min);MFC-2 (mln/min);MFC-3 (mln/min);MFC-4 (mln/min);MFC-5 (mln/min);MFC-6 (mln/min);MFC-7 (mln/min);MFC-8 (mln/min);TIC-1 (°C);TIC-2 (°C);TIC-3 (°C);TIC-4 (°C);TIR-1 (°C);TIR-2 (°C);HIR-1 (°C);PIR-1 (bar)
5;0,00;0,00;0,00;0,00;49,00;0,00;70,99;79,98;31,56;180,10;461,59;179,95;446,92;454,72;77,87;-0,01
10;0,00;0,00;0,00;0,00;49,00;0,00;70,98;80,00;31,55;180,14;460,74;179,98;446,98;454,41;77,87;-0,01
15;0,00;0,00;0,00;0,00;49,00;0,00;71,02;80,00;31,55;180,13;460,19;180,01;446,99;453,55;77,87;-0,01
20;0,00;0,00;0,00;0,00;49,00;0,00;71,00;80,00;31,56;180,12;458,96;180,07;446,98;453,03;77,87;-0,01
25;0,00;0,00;0,00;0,00;48,99;0,00;71,02;80,00;31,55;180,12;458,30;180,10;446,95;451,88;77,87;-0,01
30;0,00;0,00;0,00;0,00;49,00;0,00;71,00;80,00;31,56;180,11;456,92;180,16;446,82;451,26;77,87;-0,01
35;0,00;0,00;0,00;0,00;49,00;0,00;71,02;79,98;31,56;180,11;456,23;180,19;446,75;450,07;77,87;-0,01
40;0,00;0,00;0,00;0,00;49,00;0,00;71,00;80,02;31,56;180,10;455,53;180,20;446,63;449,60;77,87;-0,01
45;0,00;0,00;0,00;0,00;49,00;0,00;71,00;80,00;31,55;180,11;455,70;180,21;446,58;449,50;77,87;-0,01
50;0,00;0,00;0,00;0,00;49,00;0,00;71,02;80,00;31,55;180,13;457,29;180,18;446,54;449,95;77,87;-0,01
55;0,00;0,00;0,00;0,00;49,00;0,00;71,02;80,02;31,56;180,14;458,46;180,16;446,53;451,68;77,87;-0,01
60;0,00;0,00;0,00;0,00;49,00;0,00;71,02;80,00;31,55;180,14;460,63;180,10;446,53;453,59;77,87;-0,01
65;0,00;0,00;0,00;0,00;49,00;0,00;70,99;80,00;31,55;180,11;461,38;180,07;446,56;454,29;77,87;-0,01
70;0,00;0,00;0,00;0,00;49,00;0,00;71,01;80,02;31,55;180,09;462,15;180,00;446,67;455,06;77,87;-0,01
75;0,00;0,00;0,00;0,00;49,00;0,00;71,01;80,00;31,55;180,08;462,20;179,97;446,73;455,15;77,87;-0,01
80;0,00;0,00;0,00;0,00;49,00;0,00;71,01;79,98;31,56;180,08;461,84;179,93;446,85;454,90;77,87;-0,01
85;0,00;0,00;0,00;0,00;49,00;0,00;71,03;79,98;31,55;180,10;461,45;179,92;446,90;454,61;77,87;-0,01
90;0,00;0,00;0,00;0,00;49,00;0,00;70,98;80,00;31,56;180,12;460,49;179,93;446,97;453,80;77,87;-0,01
95;0,00;0,00;0,00;0,00;49,01;0,00;71,03;80,00;31,55;180,13;459,92;179,95;446,97;453,28;77,87;-0,01
100;0,00;0,00;0,00;0,00;49,00;0,00;71,00;79,98;31,55;180,13;458,62;179,99;446,94;452,18;77,87;-0,01
105;0,00;0,00;0,00;0,00;49,02;0,00;71,00;80,02;31,57;180,12;457,95;180,03;446,89;451,57;77,87;-0,01
110;0,00;0,00;0,00;0,00;49,00;0,00;71,00;80,00;31,57;180,11;456,53;180,11;446,76;450,33;77,87;-0,01
115;0,00;0,00;0,00;0,00;48,99;0,00;71,02;80,02;31,56;180,10;455,95;180,14;446,69;449,82;77,87;-0,01
120;0,00;0,00;0,00;0,00;49,00;0,00;71,00;80,02;31,56;180,10;455,57;180,20;446,59;449,41;77,87;-0,01
125;0,00;0,00;0,00;0,00;49,01;0,00;71,01;79,98;31,56;180,12;455,98;180,23;446,55;449,70;77,87;-0,01
130;0,00;0,00;0,00;0,00;49,00;0,00;71,02;80,00;31,57;180,13;457,83;180,25;446,51;451,21;77,86;-0,01
135;0,00;0,00;0,00;0,00;49,00;0,00;71,01;80,00;31,57;180,14;459,01;180,25;446,50;452,22;77,86;-0,01
140;0,00;0,00;0,00;0,00;49,00;0,00;70,99;80,00;31,58;180,14;461,05;180,22;446,52;454,00;77,87;-0,01
145;0,00;0,00;0,00;0,00;48,99;0,00;71,00;80,02;31,58;180,12;461,66;180,20;446,56;454,57;77,87;-0,01
150;0,00;0,00;0,00;0,00;49,00;0,00;71,00;80,00;31,57;180,11;462,17;180,12;446,67;455,12;77,87;-0,01
155;0,00;0,00;0,00;0,00;49,00;0,00;71,00;80,00;31,58;180,11;462,12;180,08;446,72;455,12;77,87;-0,01
160;0,00;0,00;0,00;0,00;49,00;0,00;71,00;80,00;31,59;180,10;461,60;180,01;446,84;454,73;77,87;-0,01
165;0,00;0,00;0,00;0,00;49,01;0,00;71,00;80,00;31,59;180,11;461,18;179,97;446,89;454,40;77,87;-0,01
170;0,00;0,00;0,00;0,00;49,00;0,00;71,03;80,00;31,59;180,11;460,16;179,92;446,94;453,52;77,87;-0,01
175;0,00;0,00;0,00;0,00;49,01;0,00;70,99;79,98;31,59;180,12;459,52;179,92;446,95;452,99;77,87;-0,01
180;0,00;0,00;0,00;0,00;49,03;0,00;71,06;80,11;31,60;180,12;458,23;179,95;446,89;451,83;77,87;-0,01
185;0,00;0,00;0,00;0,00;49,10;0,00;71,26;80,25;31,61;180,11;456,85;179,99;446,84;451,21;77,87;0,33
190;0,00;0,00;0,00;0,00;49,10;0,00;71,28;80,27;31,61;180,11;456,16;180,14;446,70;450,01;77,87;0,49
195;0,00;0,00;0,00;0,00;48,86;0,00;70,65;79,64;31,62;180,12;455,48;180,23;446,57;449,56;77,87;0,54
200;0,00;0,00;0,00;0,00;48,97;0,00;70,92;79,92;31,62;180,13;455,65;180,41;444,80;449,46;77,87;0,36
205;0,00;0,00;0,00;0,00;48,99;0,00;70,94;79,92;31,62;180,12;457,26;180,50;444,16;449,91;77,87;0,24
210;0,00;0,00;0,00;0,00;49,00;0,00;71,00;80,02;31,63;180,11;458,44;180,61;443,42;451,67;77,87;0,22
215;0,00;0,00;0,00;0,00;49,00;0,00;71,01;80,02;31,62;180,11;460,65;180,63;443,15;452,69;77,87;0,21
220;0,00;0,00;0,00;0,00;49,00;0,00;71,01;80,03;31,64;180,12;461,43;180,62;442,70;454,35;77,86;0,21
225;0,00;0,00;0,00;0,00;48,99;0,00;71,02;79,98;31,65;180,13;462,23;180,58;442,52;454,84;77,87;0,21
230;0,00;0,00;0,00;0,00;49,00;0,00;70,98;79,98;31,66;180,13;462,30;180,45;442,16;455,24;77,87;0,21
235;0,00;0,00;0,00;0,00;49,00;0,00;71,02;80,02;31,66;180,12;461,95;180,36;441,99;455,20;77,87;0,21
240;0,00;0,00;0,00;0,00;49,00;0,00;71,00;80,02;31,66;180,10;461,60;180,20;441,63;454,72;77,87;0,21
245;0,00;0,00;0,00;0,00;49,00;0,00;71,00;79,97;31,68;180,09;460,61;180,07;441,44;454,36;77,87;0,21
250;0,00;0,00;0,00;0,00;48,99;0,00;71,01;80,00;31,67;180,10;460,05;180,03;441,05;453,42;77,87;0,21
255;0,00;0,00;0,00;0,00;49,00;0,00;71,00;79,97;31,68;180,11;458,79;180,01;440,82;452,88;77,87;0,21
260;0,00;0,00;0,00;0,00;49,00;0,00;71,00;79,98;31,68;180,11;458,06;180,03;440,36;451,70;77,87;0,21
265;0,00;0,00;0,00;0,00;49,01;0,00;71,03;80,00;31,69;180,11;456,67;180,13;440,11;451,08;77,87;0,21
270;0,00;0,00;0,00;0,00;49,00;0,00;71,02;80,02;31,69;180,11;456,00;180,20;439,60;449,87;77,87;0,21
275;0,00;0,00;0,00;0,00;49,01;0,00;71,01;79,97;31,69;180,10;455,46;180,36;439,36;449,47;77,87;0,21
280;0,00;0,00;0,00;0,00;49,00;0,00;70,99;80,03;31,70;180,09;455,75;180,45;438,94;449,52;77,87;0,21
285;0,00;0,00;0,00;0,00;49,00;0,00;71,00;79,97;31,69;180,08;457,56;180,60;438,76;450,07;77,87;0,21
290;0,00;0,00;0,00;0,00;49,00;0,00;71,00;80,00;31,69;180,08;458,79;180,62;438,47;451,98;77,87;0,21
295;0,00;0,00;0,00;0,00;49,00;0,00;71,02;80,00;31,69;180,10;460,93;180,63;438,36;453,00;77,87;0,21
300;0,00;0,00;0,00;0,00;49,00;0,00;71,00;79,98;31,69;180,12;461,64;180,61;438,21;454,54;77,87;0,21
305;0,00;0,00;0,00;0,00;49,00;0,00;71,00;80,03;31,68;180,14;462,32;180,48;438,16;454,98;77,87;0,21
310;0,00;0,00;0,00;0,00;49,00;0,00;71,00;79,98;31,68;180,12;462,32;180,40;438,11;455,27;77,86;0,21
315;0,00;0,00;0,00;0,00;49,00;0,00;71,01;80,02;31,66;180,09;461,88;180,21;438,08;455,17;77,87;0,21
320;0,00;0,00;0,00;0,00;49,00;0,00;71,00;80,00;31,66;180,08;461,49;180,10;438,00;454,64;77,87;0,21
325;0,00;0,00;0,00;0,00;49,00;0,00;71,00;80,00;31,64;180,06;460,49;179,92;437,88;454,24;77,87;0,21
330;0,00;0,00;0,00;0,00;49,00;0,00;70,99;79,98;31,64;180,07;459,91;179,85;437,80;453,27;77,87;0,21
335;0,00;0,00;0,00;0,00;48,99;0,00;71,00;80,00;31,63;180,08;458,57;179,77;437,60;452,72;77,87;0,21
340;0,00;0,00;0,00;0,00;49,00;0,00;71,00;80,00;31,63;180,09;457,88;179,77;437,47;451,51;77,87;0,21
345;0,00;0,00;0,00;0,00;49,00;0,00;71,00;80,02;31,62;180,09;456,45;179,83;437,20;450,88;77,87;0,21
350;0,00;0,00;0,00;0,00;49,00;0,00;71,01;79,98;31,61;180,10;455,88;179,89;437,06;449,73;77,87;0,21
355;0,00;0,00;0,00;0,00;49,01;0,00;71,00;80,02;31,61;180,07;455,57;180,06;436,82;449,41;77,87;0,21
360;0,00;0,00;0,00;0,00;49,00;0,00;71,02;80,00;31,59;180,06;456,02;180,15;436,73;449,72;77,87;0,20
365;0,00;0,00;0,00;0,00;49,00;0,00;70,99;80,00;31,59;180,06;457,97;180,34;436,59;450,41;77,87;0,20
370;0,00;0,00;0,00;0,00;49,00;0,00;71,00;80,00;31,58;180,07;459,28;180,42;436,55;452,33;77,87;0,20
375;0,00;0,00;0,00;0,00;48,99;0,00;71,02;79,98;31,58;180,08;461,22;180,52;436,53;453,30;77,87;0,20
380;0,00;0,00;0,00;0,00;49,00;0,00;70,97;80,02;31,57;180,08;461,82;180,55;436,56;454,69;77,87;0,20
385;0,00;0,00;0,00;0,00;49,00;0,00;71,00;80,00;31,57;180,10;462,29;180,52;436,63;455,04;77,87;0,20
390;0,00;0,00;0,00;0,00;49,01;0,00;70,99;80,00;31,57;180,10;462,23;180,46;436,68;455,20;77,87;0,21
395;0,00;0,00;0,00;0,00;49,00;0,00;71,00;80,00;31,56;180,08;461,70;180,31;436,75;455,05;77,87;0,21
400;0,00;0,00;0,00;0,00;49,00;0,00;71,00;80,00;31,56;180,07;461,28;180,20;436,76;454,45;77,87;0,21
405;0,00;0,00;0,00;0,00;49,00;0,00;70,98;80,03;31,55;180,07;460,20;180,00;436,75;453,53;77,87;0,20
410;0,00;0,00;0,00;0,00;48,99;0,00;71,00;80,00;31,55;180,07;459,59;179,90;436,71;453,00;77,87;0,21
415;0,00;0,00;0,00;0,00;49,00;0,00;71,00;80,02;31,56;180,08;458,23;179,74;436,59;451,83;77,87;0,20
420;0,00;0,00;0,00;0,00;49,00;0,00;71,00;79,98;31,56;180,10;457,53;179,70;436,50;451,20;77,87;0,20
425;0,00;0,00;0,00;0,00;49,00;0,00;70,99;80,02;31,56;180,11;456,19;179,67;436,28;449,97;77,87;0,20
430;0,00;0,00;0,00;0,00;49,00;0,00;71,00;79,98;31,55;180,10;455,67;179,70;436,18;449,54;77,87;0,20
435;0,00;0,00;0,00;0,00;49,00;0,00;71,01;80,00;31,55;180,08;455,70;179,80;436,03;449,47;77,87;0,20
440;0,00;0,00;0,00;0,00;49,00;0,00;70,98;79,98;31,56;180,05;456,31;179,88;435,98;449,96;77,87;0,20
445;0,00;0,00;0,00;0,00;49,01;0,00;71,00;80,02;31,56;180,07;458,57;180,08;435,92;451,74;77,87;0,20
450;0,00;0,00;0,00;0,00;49,01;0,00;71,00;80,00;31,56;180,08;459,76;180,17;435,91;452,77;77,87;0,20
455;0,00;0,00;0,00;0,00;49,00;0,00;71,00;79,98;31,56;180,10;461,49;180,32;435,96;454,37;77,87;0,20
460;0,00;0,00;0,00;0,00;49,00;0,00;70,98;80,00;31,56;180,12;462,26;180,42;436,06;454,82;77,87;0,20
465;0,00;0,00;0,00;0,00;48,99;0,00;71,00;80,02;31,56;180,13;462,37;180,43;436,12;455,26;77,87;0,20
470;0,00;0,00;0,00;0,00;49,00;0,00;71,01;80,00;31,55;180,10;462,11;180,41;436,24;455,12;77,87;0,20
475;0,00;0,00;0,00;0,00;49,01;0,00;70,98;79,98;31,54;180,06;461,79;180,37;436,28;454,86;77,87;0,20
480;0,00;0,00;0,00;0,00;49,00;0,00;71,00;80,00;31,54;180,06;460,84;180,22;436,34;454,09;77,87;0,20
485;0,00;0,00;0,00;0,00;49,00;0,00;71,00;79,97;31,54;180,09;460,29;180,13;436,35;453,61;77,87;0,20
490;0,00;0,00;0,00;0,00;49,00;0,00;71,02;79,98;31,54;180,11;459,33;179,93;436,37;452,82;77,87;0,20
495;0,00;0,00;0,00;0,00;49,00;0,00;71,02;80,03;31,53;180,11;459,24;179,84;436,40;452,72;77,87;0,20
500;0,00;0,00;0,00;0,00;49,00;0,00;71,02;80,05;31,53;180,11;460,38;179,70;436,53;453,67;77,87;0,20
505;0,00;0,00;0,00;0,00;49,00;0,00;70,98;79,97;31,54;180,10;461,76;179,65;436,62;454,74;77,87;0,20
510;0,00;0,00;0,00;0,00;49,00;0,00;70,98;80,00;31,54;180,09;464,98;179,62;436,85;457,48;77,87;0,20
515;0,00;0,00;0,00;0,00;49,00;0,00;70,99;80,03;31,53;180,08;466,44;179,64;437,01;458,81;77,87;0,20
520;0,00;0,00;0,00;0,00;49,00;0,00;71,00;80,00;31,53;180,08;468,50;179,74;437,40;460,70;77,87;0,21
525;0,00;0,00;0,00;0,00;49,00;0,00;71,00;80,02;31,53;180,10;469,02;179,80;437,60;461,24;77,87;0,21
530;0,00;0,00;0,00;0,00;49,00;0,00;71,00;79,98;31,52;180,11;469,33;179,96;438,02;461,67;77,87;0,21
535;0,00;0,00;0,00;0,00;49,00;0,00;71,02;80,02;31,53;180,10;469,20;180,05;438,23;461,61;77,87;0,21
540;0,00;0,00;0,00;0,00;49,00;0,00;71,01;80,02;31,54;180,09;468,52;180,19;438,59;461,12;77,87;0,21
545;0,00;0,00;0,00;0,00;49,00;0,00;71,01;79,98;31,54;180,07;468,04;180,25;438,73;460,73;77,86;0,21
550;0,00;0,00;0,00;0,00;49,00;0,00;71,00;79,98;31,55;180,07;466,89;180,32;438,97;459,74;77,87;0,21
555;0,00;0,00;0,00;0,00;49,00;0,00;71,02;79,98;31,54;180,08;465,55;180,32;439,05;459,19;77,87;0,21
560;0,00;0,00;0,00;0,00;49,00;0,00;71,01;79,98;31,55;180,09;464,98;180,26;439,20;458,14;77,87;0,21
565;0,00;0,00;0,00;0,00;49,01;0,00;71,00;79,98;31,55;180,11;464,80;180,21;439,29;457,88;77,87;0,21
570;0,00;0,00;0,00;0,00;49,00;0,00;71,00;79,97;31,56;180,10;465,54;180,06;439,53;458,53;77,87;0,21
575;0,00;0,00;0,00;0,00;49,00;0,00;71,00;80,02;31,55;180,10;468,54;179,97;439,69;459,60;77,87;0,21
580;0,00;0,00;0,00;0,00;48,99;0,00;71,00;79,98;31,56;180,09;470,49;179,79;440,09;462,73;77,87;0,21
585;0,00;0,00;0,00;0,00;49,00;0,00;71,00;80,02;31,56;180,09;474,15;179,71;440,31;464,46;77,87;0,21
590;0,00;0,00;0,00;0,00;49,00;0,00;71,00;80,05;31,55;180,11;475,38;179,60;440,84;467,10;77,87;0,21
595;0,00;0,00;0,00;0,00;49,00;0,00;71,01;79,98;31,55;180,11;476,83;179,57;441,15;467,96;77,87;0,21
600;0,00;0,00;0,00;0,00;49,00;0,00;71,00;80,00;31,56;180,12;477,08;179,58;441,78;468,84;77,87;0,21
605;0,00;0,00;0,00;0,00;48,99;0,00;71,00;80,00;31,55;180,11;476,96;179,62;442,08;468,94;77,87;0,21
610;0,00;0,00;0,00;0,00;49,00;0,00;71,02;80,00;31,56;180,10;476,64;179,74;442,64;468,67;77,87;0,21
615;0,00;0,00;0,00;0,00;49,00;0,00;71,00;80,00;31,56;180,09;475,71;179,81;442,89;468,35;77,87;0,21
620;0,00;0,00;0,00;0,00;49,00;0,00;71,00;79,98;31,56;180,09;475,12;179,98;443,31;467,44;77,87;0,21
625;0,00;0,00;0,00;0,00;49,00;0,00;71,00;80,02;31,56;180,09;473,78;180,06;443,47;466,89;77,87;0,21
630;0,00;0,00;0,00;0,00;49,00;0,00;71,00;80,02;31,57;180,08;473,02;180,19;443,74;465,69;77,87;0,21
635;0,00;0,00;0,00;0,00;48,99;0,00;71,00;80,03;31,56;180,09;471,97;180,25;443,86;465,13;77,87;0,21
640;0,00;0,00;0,00;0,00;49,00;0,00;71,00;79,98;31,57;180,10;472,01;180,25;444,14;464,81;77,86;0,21
645;0,00;0,00;0,00;0,00;49,00;0,00;71,00;80,00;31,58;180,13;474,04;180,19;444,34;465,35;77,87;0,21
650;0,00;0,00;0,00;0,00;49,00;0,00;71,00;79,98;31,57;180,13;475,91;180,13;444,82;467,99;77,87;0,21
655;0,00;0,00;0,00;0,00;49,00;0,00;71,01;80,02;31,58;180,13;480,27;179,98;445,07;469,85;77,87;0,21
660;0,00;0,00;0,00;0,00;49,00;0,00;71,00;80,00;31,57;180,13;482,17;179,89;445,66;473,43;77,87;0,21
665;0,00;0,00;0,00;0,00;49,00;0,00;71,01;80,02;31,58;180,10;484,82;179,73;446,01;474,84;77,87;0,21
670;0,00;0,00;0,00;0,00;49,00;0,00;71,00;80,02;31,57;180,09;485,50;179,66;446,74;476,63;77,87;0,21
675;0,00;0,00;0,00;0,00;49,00;0,00;71,00;80,02;31,58;180,10;485,99;179,56;447,13;477,07;77,87;0,21
680;0,00;0,00;0,00;0,00;48,99;0,00;70,99;80,02;31,58;180,11;485,88;179,54;447,88;477,26;77,87;0,21
685;0,00;0,00;0,00;0,00;49,00;0,00;71,00;79,98;31,58;180,13;485,20;179,55;448,53;477,09;77,87;0,21
690;0,00;0,00;0,00;0,00;49,00;0,00;71,01;80,00;31,58;180,14;484,69;179,58;448,82;476,39;77,87;0,21
695;0,00;0,00;0,00;0,00;49,00;0,00;70,99;80,05;31,57;180,14;483,37;179,70;449,29;475,90;77,87;0,21
700;0,00;0,00;0,00;0,00;49,00;0,00;71,00;80,00;31,58;180,14;482,66;179,77;449,48;474,70;77,87;0,21
705;0,00;0,00;0,00;0,00;49,01;0,00;71,00;80,02;31,58;180,13;481,20;179,93;449,81;474,06;77,87;0,21
710;0,00;0,00;0,00;0,00;49,00;0,00;71,02;79,97;31,58;180,13;480,68;180,00;449,98;473,04;77,87;0,21
715;0,00;0,00;0,00;0,00;49,01;0,00;71,00;80,00;31,59;180,13;481,08;180,11;450,40;472,95;77,87;0,21
720;0,00;0,00;0,00;0,00;49,00;0,00;71,01;80,00;31,59;180,12;482,27;180,14;450,67;474,37;77,87;0,21
725;0,00;0,00;0,00;0,00;49,00;0,00;70,99;79,98;31,59;180,14;486,47;180,15;451,27;475,90;77,87;0,21
730;0,00;0,00;0,00;0,00;49,00;0,00;71,01;80,00;31,59;180,14;488,80;180,14;451,59;479,81;77,87;0,21
735;0,00;0,00;0,00;0,00;48,99;0,00;71,00;79,97;31,59;180,14;492,58;180,04;452,34;481,70;77,87;0,21
740;0,00;0,00;0,00;0,00;48,99;0,00;71,00;80,03;31,60;180,14;493,90;179,98;452,74;484,51;77,87;0,21
745;0,00;0,00;0,00;0,00;49,00;0,00;71,03;79,98;31,60;180,12;495,17;179,84;453,61;485,35;77,87;0,21
750;0,00;0,00;0,00;0,00;49,00;0,00;70,99;80,03;31,61;180,12;495,35;179,76;454,04;486,13;77,87;0,21
755;0,00;0,00;0,00;0,00;49,00;0,00;71,00;79,98;31,61;180,13;495,02;179,64;454,83;486,16;77,87;0,21
760;0,00;0,00;0,00;0,00;49,00;0,00;71,00;80,00;31,61;180,13;494,61;179,59;455,19;485,72;77,87;0,21
765;0,00;0,00;0,00;0,00;49,01;0,00;71,01;80,02;31,61;180,13;493,43;179,55;455,81;484,80;77,87;0,21
770;0,00;0,00;0,00;0,00;49,00;0,00;71,00;80,03;31,62;180,12;492,73;179,55;456,06;484,23;77,87;0,22
775;0,00;0,00;0,00;0,00;49,00;0,00;71,01;79,98;31,62;180,12;491,20;179,61;456,47;482,93;77,87;0,22
780;0,00;0,00;0,00;0,00;49,00;0,00;71,00;80,02;31,62;180,11;490,44;179,66;456,66;482,30;77,87;0,22
785;0,00;0,00;0,00;0,00;49,00;0,00;71,03;80,02;31,62;180,12;489,74;179,79;457,08;481,71;77,87;0,22
790;0,00;0,00;0,00;0,00;49,00;0,00;70,98;80,00;31,63;180,14;490,26;179,85;457,34;482,13;77,87;0,22
795;0,00;0,00;0,00;0,00;49,00;0,00;71,00;80,02;31,64;180,15;493,41;179,99;457,99;484,83;77,87;0,22
800;0,00;0,00;0,00;0,00;49,00;0,00;71,00;79,98;31,63;180,14;495,96;180,04;458,33;486,83;77,87;0,22
805;0,00;0,00;0,00;0,00;49,01;0,00;71,01;80,03;31,63;180,12;500,66;180,10;459,08;490,97;77,87;0,22
810;0,00;0,00;0,00;0,00;49,00;0,00;71,02;80,00;31,63;180,12;502,44;180,11;459,50;492,64;77,87;0,22
815;0,00;0,00;0,00;0,00;48,99;0,00;71,00;80,03;31,63;180,12;504,69;180,08;460,42;494,82;77,87;0,22
820;0,00;0,00;0,00;0,00;49,00;0,00;71,00;80,02;31,64;180,14;505,17;180,03;460,91;495,38;77,87;0,22
825;0,00;0,00;0,00;0,00;49,00;0,00;71,03;80,00;31,64;180,15;505,26;179,91;461,79;495,67;77,86;0,22
830;0,00;0,00;0,00;0,00;49,00;0,00;70,99;79,98;31,65;180,15;504,98;179,83;462,21;495,52;77,87;0,22
835;0,00;0,00;0,00;0,00;49,00;0,00;70,98;80,00;31,65;180,14;503,99;179,68;462,96;494,75;77,87;0,22
840;0,00;0,00;0,00;0,00;49,00;0,00;71,00;80,02;31,65;180,11;503,28;179,61;463,27;494,22;77,87;0,22
845;0,00;0,00;0,00;0,00;49,00;0,00;71,01;80,02;31,65;180,10;501,75;179,52;463,78;492,93;77,87;0,22
850;0,00;0,00;0,00;0,00;49,00;0,00;70,97;80,02;31,65;180,14;500,92;179,50;463,99;492,23;77,87;0,22
855;0,00;0,00;0,00;0,00;49,01;0,00;71,00;79,98;31,66;180,15;499,60;179,49;464,42;491,17;77,87;0,22
860;0,00;0,00;0,00;0,00;49,00;0,00;71,01;80,02;31,66;180,15;500,25;179,52;464,68;491,14;77,87;0,22
865;0,00;0,00;0,00;0,00;49,00;0,00;71,00;79,98;31,67;180,15;501,66;179,59;465,32;492,92;77,86;0,22
870;0,00;0,00;0,00;0,00;48,98;0,00;71,01;79,97;31,67;180,16;506,45;179,65;465,69;494,68;77,86;0,22
875;0,00;0,00;0,00;0,00;49,00;0,00;71,00;80,02;31,67;180,14;508,98;179,78;466,45;498,97;77,87;0,22
880;0,00;0,00;0,00;0,00;49,01;0,00;70,98;80,02;31,67;180,11;512,98;179,84;466,87;501,05;77,87;0,22
885;0,00;0,00;0,00;0,00;49,00;0,00;71,01;79,98;31,68;180,12;514,25;179,95;467,80;503,95;77,87;0,22
890;0,00;0,00;0,00;0,00;49,01;0,00;71,00;80,00;31,67;180,12;515,54;179,98;468,29;504,80;77,87;0,22
895;0,00;0,00;0,00;0,00;49,00;0,00;70,99;80,03;31,67;180,13;515,65;180,02;469,26;505,52;77,87;0,22
900;0,00;0,00;0,00;0,00;49,00;0,00;71,02;79,98;31,66;180,15;515,19;180,01;469,72;505,51;77,87;0,22
905;0,00;0,00;0,00;0,00;49,00;0,00;71,01;79,98;31,67;180,15;514,66;179,96;470,54;504,94;77,87;0,22
910;0,00;0,00;0,00;0,00;49,00;0,00;71,03;79,98;31,66;180,12;513,33;179,91;470,90;504,46;77,87;0,22
915;0,00;0,00;0,00;0,00;49,00;0,00;71,00;80,02;31,67;180,11;512,54;179,78;471,48;503,19;77,87;0,22
920;0,00;0,00;0,00;0,00;49,00;0,00;71,00;79,97;31,67;180,10;510,75;179,71;471,71;502,47;77,87;0,22
925;0,00;0,00;0,00;0,00;49,00;0,00;71,00;80,00;31,66;180,11;510,01;179,58;472,14;501,12;77,87;0,22
930;0,00;0,00;0,00;0,00;49,00;0,00;71,01;79,98;31,66;180,14;509,81;179,48;472,38;500,80;77,87;0,22
935;0,00;0,00;0,00;0,00;49,00;0,00;71,00;79,98;31,66;180,15;510,86;179,45;473,02;501,81;77,87;0,23
940;0,00;0,00;0,00;0,00;49,00;0,00;71,02;80,00;31,66;180,16;515,05;179,43;473,41;503,28;77,87;0,23
945;0,00;0,00;0,00;0,00;49,01;0,00;70,99;80,03;31,65;180,15;517,73;179,44;474,22;507,59;77,87;0,23
950;0,00;0,00;0,00;0,00;48,99;0,00;71,00;80,02;31,66;180,15;522,65;179,52;474,65;509,93;77,87;0,23
955;0,00;0,00;0,00;0,00;49,00;0,00;71,00;80,00;31,65;180,14;524,28;179,58;475,64;513,48;77,87;0,23
960;0,00;0,00;0,00;0,00;49,00;0,00;71,00;80,05;31,66;180,12;526,14;179,71;476,17;514,63;77,87;0,23
965;0,00;0,00;0,00;0,00;49,00;0,00;71,00;80,00;31,65;180,12;526,43;179,78;477,22;515,79;77,87;0,23
970;0,00;0,00;0,00;0,00;49,00;0,00;71,02;79,98;31,66;180,12;526,20;179,90;477,73;515,91;77,87;0,23
975;0,00;0,00;0,00;0,00;48,99;0,00;71,00;80,02;31,65;180,12;525,77;179,94;478,64;515,51;77,87;0,23
980;0,00;0,00;0,00;0,00;49,00;0,00;71,01;79,97;31,65;180,13;524,44;179,98;479,04;515,07;77,86;0,23
985;0,00;0,00;0,00;0,00;49,00;0,00;71,00;80,00;31,65;180,14;523,64;179,98;479,69;513,85;77,87;0,23
990;0,00;0,00;0,00;0,00;48,99;0,00;71,00;79,98;31,66;180,14;521,86;179,93;479,97;513,12;77,87;0,23
995;0,00;0,00;0,00;0,00;49,00;0,00;71,00;80,02;31,66;180,14;520,90;179,88;480,42;511,59;77,87;0,23
1000;0,00;0,00;0,00;0,00;49,00;0,00;71,00;80,02;31,65;180,13;520,06;179,75;480,95;511,05;77,87;0,23
1005;0,00;0,00;0,00;0,00;49,01;0,00;71,00;80,00;31,65;180,12;520,62;179,68;481,29;511,41;77,86;0,23
1010;0,00;0,00;0,00;0,00;48,98;0,00;71,00;80,00;31,65;180,13;524,34;179,54;482,13;512,59;77,86;0,23
1015;0,00;0,00;0,00;0,00;48,99;0,00;71,01;80,00;31,67;180,13;527,03;179,47;482,56;516,70;77,87;0,23
1020;0,00;0,00;0,00;0,00;49,00;0,00;71,00;79,94;31,67;180,15;532,33;179,39;483,47;519,11;77,87;0,23
1025;0,00;0,00;0,00;0,00;49,01;0,00;71,02;80,00;31,67;180,16;534,47;179,37;483,98;523,22;77,86;0,23
1030;0,00;0,00;0,00;0,00;49,00;0,00;71,01;80,00;31,67;180,16;536,82;179,39;485,06;524,64;77,86;0,23
1035;0,00;0,00;0,00;0,00;49,01;0,00;71,00;79,98;31,66;180,15;537,31;179,43;485,63;526,22;77,86;0,23
1040;0,00;0,00;0,00;0,00;49,00;0,00;70,98;79,97;31,66;180,14;537,33;179,53;486,67;526,48;77,86;0,23
1045;0,00;0,00;0,00;0,00;49,00;0,00;71,00;80,00;31,67;180,14;536,94;179,60;487,14;526,25;77,86;0,23
1050;0,00;0,00;0,00;0,00;49,00;0,00;71,03;80,00;31,67;180,13;535,71;179,74;487,96;525,86;77,86;0,23
1055;0,00;0,00;0,00;0,00;49,00;0,00;71,02;79,98;31,67;180,13;534,91;179,80;488,29;524,67;77,86;0,23
1060;0,00;0,00;0,00;0,00;49,01;0,00;71,02;79,98;31,68;180,13;533,01;179,90;488,82;523,93;77,86;0,23
1065;0,00;0,00;0,00;0,00;49,00;0,00;71,00;80,00;31,67;180,13;532,04;179,92;489,05;522,30;77,86;0,23
1070;0,00;0,00;0,00;0,00;49,00;0,00;71,00;80,00;31,67;180,13;530,72;179,93;489,54;521,26;77,86;0,23
1075;0,00;0,00;0,00;0,00;48,99;0,00;71,00;79,98;31,67;180,15;530,93;179,92;489,87;521,43;77,86;0,24
1080;0,00;0,00;0,00;0,00;49,00;0,00;70,97;80,02;31,67;180,16;533,84;179,83;490,69;523,89;77,86;0,24
1085;0,00;0,00;0,00;0,00;49,00;0,00;71,00;80,00;31,68;180,15;536,38;179,77;491,15;526,03;77,86;0,24
1090;0,00;0,00;0,00;0,00;48,99;0,00;71,02;80,00;31,68;180,15;542,19;179,63;492,07;530,87;77,86;0,24
1095;0,00;0,00;0,00;0,00;49,00;0,00;71,00;80,02;31,67;180,13;544,48;179,56;492,58;532,99;77,86;0,24
1100;0,00;0,00;0,00;0,00;48,99;0,00;71,02;80,03;31,67;180,11;547,39;179,44;493,69;535,84;77,86;0,24
1105;0,00;0,00;0,00;0,00;49,00;0,00;70,98;80,03;31,66;180,10;548,09;179,38;494,26;536,61;77,86;0,24
1110;0,00;0,00;0,00;0,00;49,00;0,00;71,00;79,98;31,67;180,11;548,35;179,34;495,35;537,10;77,86;0,24
1115;0,00;0,00;0,00;0,00;49,00;0,00;71,02;80,00;31,67;180,12;548,04;179,34;495,84;536,95;77,86;0,24
1120;0,00;0,00;0,00;0,00;49,00;0,00;70,98;80,00;31,67;180,12;546,87;179,40;496,71;536,09;77,86;0,24
1125;0,00;0,00;0,00;0,00;49,00;0,00;71,00;80,03;31,67;180,13;545,11;179,44;497,06;535,45;77,86;0,24
1130;0,00;0,00;0,00;0,00;49,00;0,00;71,00;80,00;31,67;180,13;544,13;179,56;497,63;533,86;77,86;0,24
1135;0,00;0,00;0,00;0,00;49,00;0,00;71,00;80,00;31,68;180,12;542,13;179,62;497,86;533,02;77,86;0,24
1140;0,00;0,00;0,00;0,00;49,00;0,00;70,98;79,98;31,69;180,11;541,57;179,76;498,37;531,81;77,86;0,24
1145;0,00;0,00;0,00;0,00;48,99;0,00;71,00;79,98;31,69;180,11;542,50;179,81;498,70;531,87;77,86;0,24
1150;0,00;0,00;0,00;0,00;49,00;0,00;71,01;80,00;31,70;180,10;544,24;179,89;499,55;534,08;77,86;0,24
1155;0,00;0,00;0,00;0,00;49,00;0,00;71,02;79,98;31,70;180,11;549,80;179,90;500,02;536,16;77,86;0,24
1160;0,00;0,00;0,00;0,00;48,99;0,00;70,98;80,00;31,71;180,11;552,62;179,89;500,96;541,07;77,86;0,24
1165;0,00;0,00;0,00;0,00;49,00;0,00;71,02;80,00;31,71;180,12;556,86;179,86;501,47;543,25;77,86;0,24
1170;0,00;0,00;0,00;0,00;49,00;0,00;71,00;80,02;31,71;180,12;558,12;179,76;502,59;546,27;77,86;0,24
1175;0,00;0,00;0,00;0,00;49,00;0,00;71,00;80,02;31,72;180,11;559,20;179,69;503,18;547,10;77,86;0,24
1180;0,00;0,00;0,00;0,00;48,99;0,00;71,01;80,00;31,72;180,11;559,17;179,57;504,26;547,62;77,86;0,24
1185;0,00;0,00;0,00;0,00;49,00;0,00;71,00;80,02;31,73;180,11;558,33;179,50;504,76;547,45;77,86;0,24
1190;0,00;0,00;0,00;0,00;49,00;0,00;71,00;79,97;31,73;180,11;557,63;179,40;505,62;546,54;77,86;0,24
1195;0,00;0,00;0,00;0,00;49,01;0,00;71,02;80,02;31,74;180,12;555,78;179,35;505,97;545,87;77,86;0,25
1200;0,00;0,00;0,00;0,00;49,00;0,00;71,01;80,00;31,73;180,12;554,76;179,35;506,51;544,23;77,86;0,25
1205;0,00;0,00;0,00;0,00;49,00;0,00;71,00;80,00;31,73;180,11;552,73;179,40;506,72;543,36;77,86;0,25
1210;0,00;0,00;0,00;0,00;49,00;0,00;71,00;80,00;31,74;180,11;552,23;179,44;507,25;542,21;77,86;0,25
1215;0,00;0,00;0,00;0,00;49,00;0,00;71,00;80,02;31,74;180,10;553,43;179,56;507,60;542,37;77,86;0,25
1220;0,00;0,00;0,00;0,00;49,00;0,00;70,98;80,00;31,73;180,10;555,32;179,63;508,48;544,84;77,86;0,25
1225;0,00;0,00;0,00;0,00;49,01;0,00;71,00;80,03;31,75;180,11;561,03;179,76;508,97;547,03;77,86;0,25
1230;0,00;0,00;0,00;0,00;49,00;0,00;71,00;80,00;31,75;180,11;563,82;179,81;509,95;552,02;77,87;0,25
1235;0,00;0,00;0,00;0,00;49,00;0,00;71,00;79,97;31,75;180,13;567,87;179,89;510,45;554,13;77,86;0,25
1240;0,00;0,00;0,00;0,00;49,00;0,00;71,01;80,02;31,76;180,13;569,08;179,91;511,59;556,92;77,86;0,25
1245;0,00;0,00;0,00;0,00;49,00;0,00;71,00;80,00;31,76;180,12;569,87;179,89;512,70;557,63;77,86;0,25
1250;0,00;0,00;0,00;0,00;49,00;0,00;71,02;80,00;31,77;180,11;569,73;179,86;513,22;557,96;77,86;0,25
1255;0,00;0,00;0,00;0,00;49,00;0,00;71,02;79,98;31,77;180,09;568,71;179,77;514,14;557,71;77,86;0,25
1260;0,00;0,00;0,00;0,00;49,01;0,00;71,00;80,03;31,77;180,09;567,94;179,70;514,52;556,65;77,86;0,25
1265;0,00;0,00;0,00;0,00;49,00;0,00;70,98;80,05;31,77;180,10;565,93;179,56;515,10;555,89;77,86;0,25
1270;0,00;0,00;0,00;0,00;49,00;0,00;71,00;80,02;31,77;180,11;564,85;179,50;515,32;554,14;77,86;0,25
1275;0,00;0,00;0,00;0,00;49,01;0,00;71,00;79,98;31,77;180,12;563,02;179,41;515,79;553,29;77,86;0,25
1280;0,00;0,00;0,00;0,00;49,01;0,00;71,00;79,98;31,77;180,12;562,77;179,38;516,09;552,52;77,86;0,25
1285;0,00;0,00;0,00;0,00;49,00;0,00;70,99;79,97;31,76;180,12;564,87;179,36;516,93;554,26;77,86;0,25
1290;0,00;0,00;0,00;0,00;49,00;0,00;71,02;80,00;31,78;180,10;567,17;179,37;517,43;556,18;77,86;0,25
1295;0,00;0,00;0,00;0,00;49,00;0,00;71,00;80,00;31,78;180,10;572,89;179,44;518,42;561,05;77,86;0,25
1300;0,00;0,00;0,00;0,00;48,99;0,00;71,00;79,98;31,77;180,11;575,51;179,49;518,93;563,38;77,86;0,25
1305;0,00;0,00;0,00;0,00;49,00;0,00;70,98;80,02;31,77;180,13;579,12;179,62;520,01;566,66;77,86;0,25
1310;0,00;0,00;0,00;0,00;49,00;0,00;70,99;80,00;31,78;180,15;579,96;179,67;520,58;567,61;77,86;0,26
1315;0,00;0,00;0,00;0,00;49,00;0,00;71,00;79,98;31,78;180,14;580,33;179,79;521,67;568,24;77,86;0,26
1320;0,00;0,00;0,00;0,00;49,00;0,00;71,00;79,95;31,77;180,11;579,99;179,83;522,18;568,07;77,86;0,26
1325;0,00;0,00;0,00;0,00;49,00;0,00;71,00;79,98;31,78;180,09;578,66;179,89;523,02;567,09;77,86;0,26
1330;0,00;0,00;0,00;0,00;49,00;0,00;70,98;80,03;31,78;180,07;577,76;179,90;523,36;566,36;77,86;0,26
1335;0,00;0,00;0,00;0,00;49,01;0,00;71,00;80,02;31,77;180,07;575,55;179,86;523,86;564,56;77,86;0,26
1340;0,00;0,00;0,00;0,00;49,00;0,00;71,00;80,00;31,77;180,10;574,45;179,83;524,06;563,66;77,86;0,26
1345;0,00;0,00;0,00;0,00;49,00;0,00;71,00;80,02;31,78;180,13;573,15;179,73;524,61;562,68;77,86;0,26
1350;0,00;0,00;0,00;0,00;49,00;0,00;71,01;80,02;31,77;180,17;574,91;179,67;524,98;563,05;77,86;0,26
1355;0,00;0,00;0,00;0,00;49,00;0,00;71,02;80,02;31,77;180,18;577,07;179,55;525,92;565,94;77,86;0,26
1360;0,00;0,00;0,00;0,00;49,01;0,00;71,00;79,98;31,78;180,15;582,96;179,50;526,44;568,23;77,86;0,26
1365;0,00;0,00;0,00;0,00;48,99;0,00;71,00;80,03;31,78;180,12;585,63;179,42;527,45;573,19;77,87;0,26
1370;0,00;0,00;0,00;0,00;49,00;0,00;71,01;80,00;31,76;180,06;589,27;179,41;527,99;575,17;77,86;0,26
1375;0,00;0,00;0,00;0,00;49,01;0,00;71,00;80,00;31,78;180,07;590,20;179,40;529,13;577,63;77,86;0,26
1380;0,00;0,00;0,00;0,00;49,00;0,00;71,00;80,00;31,76;180,11;590,63;179,43;529,70;578,17;77,86;0,26
1385;0,00;0,00;0,00;0,00;48,99;0,00;71,00;80,02;31,77;180,14;590,31;179,52;530,73;578,16;77,86;0,26
1390;0,00;0,00;0,00;0,00;49,00;0,00;71,00;80,00;31,78;180,18;588,89;179,57;531,16;577,75;77,86;0,26
1395;0,00;0,00;0,00;0,00;49,01;0,00;71,00;80,00;31,79;180,17;587,94;179,69;531,86;576,39;77,86;0,26
1400;0,00;0,00;0,00;0,00;49,00;0,00;71,01;80,00;31,78;180,12;585,74;179,75;532,12;575,51;77,86;0,26
1405;0,00;0,00;0,00;0,00;49,00;0,00;70,99;80,00;31,79;180,09;584,61;179,85;532,53;573,65;77,86;0,26
1410;0,00;0,00;0,00;0,00;49,01;0,00;70,99;79,98;31,80;180,06;583,41;179,89;532,78;572,96;77,86;0,26
1415;0,00;0,00;0,00;0,00;49,00;0,00;70,97;80,02;31,80;180,07;583,95;179,92;533,50;573,22;77,86;0,26
1420;0,00;0,00;0,00;0,00;49,00;0,00;71,00;80,00;31,80;180,12;587,84;179,92;533,96;574,51;77,86;0,26
1425;0,00;0,00;0,00;0,00;49,00;0,00;71,02;79,98;31,80;180,16;590,66;179,87;535,04;578,82;77,86;0,27
1430;0,00;0,00;0,00;0,00;49,00;0,00;71,01;79,98;31,80;180,17;596,24;179,82;535,53;581,34;77,86;0,27
1435;0,00;0,00;0,00;0,00;49,00;0,00;71,00;80,02;31,81;180,17;598,31;179,70;536,59;585,58;77,86;0,27
1440;0,00;0,00;0,00;0,00;49,00;0,00;71,01;79,98;31,80;180,13;600,64;179,64;537,18;586,97;77,86;0,27
1445;0,00;0,00;0,00;0,00;49,00;0,00;71,00;80,02;31,81;180,11;600,95;179,53;538,30;588,30;77,86;0,27
1450;0,00;0,00;0,00;0,00;49,01;0,00;70,98;80,02;31,81;180,08;600,42;179,46;538,83;588,37;77,86;0,27
1455;0,00;0,00;0,00;0,00;49,00;0,00;71,01;80,00;31,81;180,08;599,75;179,43;539,74;587,63;77,86;0,27
1460;0,00;0,00;0,00;0,00;49,01;0,00;71,00;80,00;31,81;180,10;597,79;179,43;540,09;586,93;77,87;0,27
1465;0,00;0,00;0,00;0,00;48,99;0,00;70,98;79,98;31,81;180,12;596,65;179,45;540,61;585,16;77,86;0,27
1470;0,00;0,00;0,00;0,00;49,00;0,00;71,00;80,02;31,82;180,15;594,40;179,54;540,82;584,15;77,86;0,27
1475;0,00;0,00;0,00;0,00;49,00;0,00;71,00;79,98;31,82;180,15;593,69;179,58;541,32;582,80;77,86;0,27
1480;0,00;0,00;0,00;0,00;48,99;0,00;71,01;79,98;31,81;180,14;594,73;179,69;541,68;582,90;77,86;0,27
1485;0,00;0,00;0,00;0,00;49,00;0,00;71,02;80,02;31,82;180,13;596,58;179,75;542,63;585,30;77,86;0,27
1490;0,00;0,00;0,00;0,00;49,00;0,00;70,97;80,00;31,81;180,11;602,26;179,85;543,18;587,47;77,86;0,27
1495;0,00;0,00;0,00;0,00;48,99;0,00;71,02;79,98;31,81;180,09;605,08;179,88;544,21;592,39;77,86;0,27
1500;0,00;0,00;0,00;0,00;49,00;0,00;71,02;80,02;31,82;180,09;609,28;179,91;544,74;594,59;77,86;0,27
1505;0,00;0,00;0,00;0,00;48,99;0,00;71,02;79,98;31,82;180,09;610,34;179,91;545,86;597,33;77,87;0,27
1510;0,00;0,00;0,00;0,00;49,00;0,00;70,99;80,00;31,82;180,11;610,92;179,86;546,42;597,96;77,87;0,27
1515;0,00;0,00;0,00;0,00;49,00;0,00;71,01;80,00;31,83;180,11;610,62;179,82;547,43;598,03;77,86;0,27
1520;0,00;0,00;0,00;0,00;49,00;0,00;71,00;79,98;31,83;180,12;609,15;179,71;548,24;597,62;77,86;0,28
1525;0,00;0,00;0,00;0,00;49,00;0,00;71,02;79,97;31,82;180,12;608,15;179,65;548,54;596,19;77,86;0,28
1530;0,00;0,00;0,00;0,00;49,00;0,00;70,98;79,98;31,82;180,10;605,81;179,55;548,97;595,26;77,86;0,28
1535;0,00;0,00;0,00;0,00;49,00;0,00;71,02;80,00;31,82;180,10;604,66;179,51;549,17;593,33;77,87;0,28
1540;0,00;0,00;0,00;0,00;49,00;0,00;70,99;80,02;31,82;180,10;603,64;179,45;549,78;592,70;77,86;0,28
1545;0,00;0,00;0,00;0,00;49,00;0,00;70,99;80,00;31,82;180,11;604,37;179,45;550,21;593,24;77,86;0,28
1550;0,00;0,00;0,00;0,00;49,00;0,00;71,00;79,97;31,83;180,13;608,40;179,47;551,27;594,62;77,86;0,28
1555;0,00;0,00;0,00;0,00;49,00;0,00;70,98;80,02;31,83;180,12;611,48;179,51;551,81;599,06;77,87;0,28
1560;0,00;0,00;0,00;0,00;49,00;0,00;71,00;80,05;31,82;180,11;616,83;179,60;552,86;601,60;77,86;0,28
1565;0,00;0,00;0,00;0,00;49,00;0,00;71,01;79,98;31,83;180,10;618,82;179,66;553,41;605,63;77,86;0,28
1570;0,00;0,00;0,00;0,00;49,00;0,00;71,03;80,02;31,82;180,10;620,60;179,77;554,52;606,83;77,86;0,28
1575;0,00;0,00;0,00;0,00;49,00;0,00;71,01;80,00;31,83;180,10;620,72;179,82;555,05;607,77;77,87;0,28
1580;0,00;0,00;0,00;0,00;49,00;0,00;71,02;80,02;31,83;180,09;619,88;179,89;555,97;607,30;77,87;0,28
1585;0,00;0,00;0,00;0,00;48,99;0,00;70,98;80,02;31,84;180,10;619,06;179,91;556,33;606,68;77,86;0,28
1590;0,00;0,00;0,00;0,00;49,00;0,00;71,03;80,03;31,83;180,10;616,83;179,90;556,86;604,91;77,86;0,28
1595;0,00;0,00;0,00;0,00;49,01;0,00;71,03;80,03;31,84;180,13;615,59;179,89;557,05;603,90;77,86;0,28
1600;0,00;0,00;0,00;0,00;49,00;0,00;71,01;80,03;31,84;180,14;613,60;179,82;557,52;602,34;77,86;0,28
1605;0,00;0,00;0,00;0,00;49,00;0,00;71,00;80,02;31,85;180,15;613,45;179,77;557,87;602,26;77,86;0,28
1610;0,00;0,00;0,00;0,00;49,01;0,00;71,02;80,03;31,85;180,14;615,94;179,66;558,84;604,40;77,86;0,28
1615;0,00;0,00;0,00;0,00;48,99;0,00;70,97;80,02;31,84;180,10;618,58;179,61;559,41;606,52;77,86;0,28
1620;0,00;0,00;0,00;0,00;49,00;0,00;70,99;80,02;31,85;180,08;624,32;179,53;560,49;611,34;77,86;0,28
1625;0,00;0,00;0,00;0,00;49,01;0,00;70,98;80,03;31,85;180,08;626,76;179,51;561,02;613,53;77,86;0,29
1630;0,00;0,00;0,00;0,00;49,00;0,00;71,02;80,03;31,86;180,08;629,81;179,50;562,12;616,45;77,86;0,29
1635;0,00;0,00;0,00;0,00;49,00;0,00;71,00;80,03;31,86;180,11;630,34;179,51;562,66;617,10;77,86;0,29
1640;0,00;0,00;0,00;0,00;49,00;0,00;71,00;80,02;31,87;180,12;630,05;179,56;563,67;617,14;77,86;0,29
1645;0,00;0,00;0,00;0,00;49,00;0,00;71,00;80,02;31,86;180,11;629,34;179,60;564,08;616,68;77,87;0,29
1650;0,00;0,00;0,00;0,00;49,00;0,00;71,00;79,98;31,86;180,11;627,37;179,68;564,71;615,11;77,86;0,29
1655;0,00;0,00;0,00;0,00;49,01;0,00;71,00;79,98;31,86;180,09;626,15;179,72;564,92;614,10;77,86;0,29
1660;0,00;0,00;0,00;0,00;49,00;0,00;71,02;80,02;31,86;180,09;623,71;179,81;565,32;612,21;77,86;0,29
1665;0,00;0,00;0,00;0,00;49,00;0,00;70,98;80,00;31,87;180,09;623,27;179,84;565,63;611,75;77,87;0,29
1670;0,00;0,00;0,00;0,00;49,00;0,00;71,00;80,02;31,87;180,10;624,29;179,88;566,46;612,82;77,86;0,29
1675;0,00;0,00;0,00;0,00;49,00;0,00;70,99;79,98;31,88;180,12;626,34;179,89;567,01;614,51;77,87;0,29
1680;0,00;0,00;0,00;0,00;49,01;0,00;71,02;79,98;31,88;180,12;631,78;179,88;568,15;619,04;77,86;0,29
1685;0,00;0,00;0,00;0,00;49,00;0,00;71,01;80,02;31,89;180,11;636,78;179,87;568,66;621,41;77,86;0,29
1690;0,00;0,00;0,00;0,00;49,00;0,00;71,00;80,00;31,90;180,09;638,48;179,81;569,71;625,01;77,87;0,29
1695;0,00;0,00;0,00;0,00;48,99;0,00;71,00;80,00;31,89;180,06;639,73;179,77;570,26;625,97;77,87;0,29
1700;0,00;0,00;0,00;0,00;49,00;0,00;71,01;79,97;31,89;180,06;639,62;179,69;571,29;626,48;77,86;0,29
1705;0,00;0,00;0,00;0,00;49,00;0,00;70,99;80,00;31,89;180,08;638,31;179,66;571,73;626,17;77,86;0,29
1710;0,00;0,00;0,00;0,00;49,00;0,00;71,02;80,00;31,89;180,10;637,30;179,60;572,42;624,80;77,86;0,29
1715;0,00;0,00;0,00;0,00;49,01;0,00;71,00;79,98;31,89;180,12;634,86;179,57;572,66;623,84;77,87;0,30
1720;0,00;0,00;0,00;0,00;49,00;0,00;71,00;80,02;31,90;180,12;633,57;179,56;573,07;621,85;77,86;0,30
1725;0,00;0,00;0,00;0,00;49,00;0,00;71,00;80,03;31,91;180,09;632,62;179,56;573,35;621,20;77,86;0,30
1730;0,00;0,00;0,00;0,00;48,99;0,00;71,00;80,00;31,90;180,08;633,47;179,60;574,15;621,85;77,86;0,30
1735;0,00;0,00;0,00;0,00;49,00;0,00;70,99;79,98;31,91;180,08;637,61;179,63;574,69;623,31;77,86;0,30
1740;0,00;0,00;0,00;0,00;49,00;0,00;70,97;79,98;31,91;180,08;640,47;179,70;575,88;627,77;77,87;0,30
1745;0,00;0,00;0,00;0,00;49,00;0,00;71,00;80,02;31,90;180,10;645,89;179,75;576,42;630,20;77,87;0,30
1750;0,00;0,00;0,00;0,00;48,99;0,00;71,02;80,00;31,90;180,11;647,64;179,82;577,51;634,02;77,86;0,30
1755;0,00;0,00;0,00;0,00;49,00;0,00;71,00;80,02;31,91;180,12;649,19;179,87;578,06;635,13;77,86;0,30
1760;0,00;0,00;0,00;0,00;49,00;0,00;71,00;80,02;31,90;180,11;649,16;179,89;579,11;635,84;77,86;0,30
1765;0,00;0,00;0,00;0,00;49,00;0,00;71,00;79,98;31,91;180,09;647,94;179,88;579,57;635,59;77,86;0,30
1770;0,00;0,00;0,00;0,00;49,00;0,00;71,00;80,00;31,90;180,08;646,94;179,85;580,29;634,27;77,86;0,30
1775;0,00;0,00;0,00;0,00;49,00;0,00;71,00;80,05;31,91;180,10;644,47;179,80;580,53;633,30;77,86;0,30
1780;0,00;0,00;0,00;0,00;49,00;0,00;71,01;80,02;31,92;180,11;643,20;179,76;580,92;631,23;77,86;0,30
1785;0,00;0,00;0,00;0,00;48,99;0,00;71,00;80,00;31,91;180,11;641,94;179,69;581,20;630,51;77,87;0,30
1790;0,00;0,00;0,00;0,00;49,00;0,00;71,00;80,02;31,91;180,10;642,55;179,65;582,00;630,86;77,86;0,30
1795;0,00;0,00;0,00;0,00;49,00;0,00;71,00;80,02;31,91;180,11;646,35;179,59;582,52;632,16;77,86;0,30
1800;0,00;0,00;0,00;0,00;48,99;0,00;71,00;80,00;31,91;180,12;649,36;179,57;583,76;636,48;77,86;0,30
1805;0,00;0,00;0,00;0,00;49,00;0,00;71,00;80,02;31,91;180,12;654,74;179,56;584,86;638,92;77,87;0,31
1810;0,00;0,00;0,00;0,00;49,00;0,00;71,00;80,00;31,91;180,10;656,63;179,58;585,41;642,92;77,86;0,31
1815;0,00;0,00;0,00;0,00;49,00;0,00;70,99;80,00;31,91;180,09;658,40;179,63;586,50;644,13;77,87;0,31
1820;0,00;0,00;0,00;0,00;49,01;0,00;71,01;79,98;31,91;180,09;658,43;179,66;587,01;644,98;77,86;0,31
1825;0,00;0,00;0,00;0,00;49,00;0,00;70,97;79,97;31,91;180,10;657,28;179,74;587,85;644,77;77,86;0,31
1830;0,00;0,00;0,00;0,00;49,00;0,00;71,05;79,98;31,93;180,12;656,28;179,78;588,16;643,47;77,87;0,31
1835;0,00;0,00;0,00;0,00;49,00;0,00;71,00;80,00;31,92;180,11;653,79;179,85;588,57;641,41;77,87;0,31
1840;0,00;0,00;0,00;0,00;49,00;0,00;71,05;80,02;31,92;180,10;652,42;179,87;588,78;640,41;77,86;0,31
1845;0,00;0,00;0,00;0,00;49,00;0,00;71,01;79,98;31,93;180,10;651,29;179,90;589,48;639,65;77,86;0,31
1850;0,00;0,00;0,00;0,00;49,01;0,00;70,98;80,00;31,93;180,10;652,00;179,90;589,94;640,19;77,87;0,31
1855;0,00;0,00;0,00;0,00;48,99;0,00;71,00;80,02;31,93;180,09;656,13;179,88;591,15;641,58;77,86;0,31
1860;0,00;0,00;0,00;0,00;49,00;0,00;71,00;80,02;31,93;180,10;658,94;179,86;591,78;645,96;77,87;0,31
1865;0,00;0,00;0,00;0,00;48,99;0,00;70,99;79,98;31,93;180,09;664,13;179,80;592,88;648,35;77,86;0,31
1870;0,00;0,00;0,00;0,00;49,00;0,00;71,02;79,98;31,93;180,09;665,88;179,75;593,43;652,13;77,86;0,31
1875;0,00;0,00;0,00;0,00;48,99;0,00;71,01;79,98;31,93;180,08;667,40;179,68;594,49;653,74;77,86;0,31
1880;0,00;0,00;0,00;0,00;49,00;0,00;71,00;80,02;31,94;180,08;667,29;179,65;594,97;653,81;77,86;0,32
1885;0,00;0,00;0,00;0,00;49,00;0,00;70,98;79,98;31,95;180,08;665,96;179,60;595,75;652,87;77,86;0,32
1890;0,00;0,00;0,00;0,00;49,00;0,00;70,97;80,02;31,95;180,10;664,80;179,59;596,03;651,98;77,86;0,32
1895;0,00;0,00;0,00;0,00;48,99;0,00;71,00;80,00;31,95;180,11;662,22;179,60;596,39;649,90;77,86;0,32
1900;0,00;0,00;0,00;0,00;49,00;0,00;71,02;80,00;31,94;180,09;661,06;179,62;596,62;649,01;77,86;0,32
1905;0,00;0,00;0,00;0,00;49,01;0,00;71,01;79,97;31,96;180,09;660,55;179,68;597,37;648,69;77,86;0,32
1910;0,00;0,00;0,00;0,00;49,00;0,00;71,00;79,98;31,96;180,09;661,69;179,71;597,88;649,63;77,86;0,32
1915;0,00;0,00;0,00;0,00;49,00;0,00;71,00;80,03;31,96;180,09;666,18;179,79;599,18;653,47;77,86;0,32
1920;0,00;0,00;0,00;0,00;49,00;0,00;71,00;80,00;31,96;180,10;669,02;179,83;599,83;655,88;77,86;0,32
1925;0,00;0,00;0,00;0,00;49,00;0,00;71,00;80,02;31,95;180,10;674,04;179,89;600,93;660,16;77,87;0,32
1930;0,00;0,00;0,00;0,00;49,00;0,00;71,01;80,00;31,95;180,09;675,49;179,91;601,50;661,59;77,86;0,32
1935;0,00;0,00;0,00;0,00;49,01;0,00;70,99;80,00;31,95;180,09;676,47;179,93;602,54;662,77;77,86;0,32
1940;0,00;0,00;0,00;0,00;49,00;0,00;71,00;80,00;31,94;180,10;675,48;179,92;603,03;662,65;77,87;0,32
1945;0,00;0,00;0,00;0,00;49,00;0,00;71,00;79,98;31,95;180,11;674,51;179,88;603,73;661,37;77,86;0,32
1950;0,00;0,00;0,00;0,00;48,99;0,00;70,98;80,02;31,94;180,11;673,23;179,85;603,96;660,39;77,86;0,32
1955;0,00;0,00;0,00;0,00;49,00;0,00;71,00;80,00;31,94;180,12;670,57;179,77;604,30;658,29;77,86;0,32
1960;0,00;0,00;0,00;0,00;49,01;0,00;70,98;79,98;31,95;180,13;669,34;179,74;604,59;657,55;77,86;0,32
1965;0,00;0,00;0,00;0,00;49,00;0,00;71,01;80,00;31,94;180,12;670,07;179,67;605,46;657,94;77,86;0,32
1970;0,00;0,00;0,00;0,00;49,01;0,00;71,01;80,03;31,95;180,09;671,60;179,65;606,04;659,30;77,87;0,33
1975;0,00;0,00;0,00;0,00;49,00;0,00;71,01;80,00;31,95;180,08;676,56;179,63;607,42;663,55;77,87;0,33
1980;0,00;0,00;0,00;0,00;49,00;0,00;71,00;80,00;31,97;180,07;679,31;179,65;608,00;665,89;77,86;0,33
1985;0,00;0,00;0,00;0,00;49,00;0,00;70,99;80,02;31,96;180,08;683,59;179,70;609,09;669,62;77,87;0,33
1990;0,00;0,00;0,00;0,00;49,01;0,00;71,03;79,97;31,97;180,11;685,05;179,74;609,64;670,67;77,87;0,33
1995;0,00;0,00;0,00;0,00;49,01;0,00;71,02;80,02;31,98;180,12;684,94;179,81;610,62;671,22;77,87;0,33
2000;0,00;0,00;0,00;0,00;49,00;0,00;70,99;80,00;31,96;180,11;683,46;179,85;611,03;670,86;77,86;0,33
2005;0,00;0,00;0,00;0,00;48,99;0,00;71,00;80,02;31,96;180,10;682,31;179,92;611,57;669,25;77,87;0,33
2010;0,00;0,00;0,00;0,00;49,00;0,00;70,98;80,02;31,96;180,07;679,67;179,94;611,73;668,18;77,87;0,33
2015;0,00;0,00;0,00;0,00;49,00;0,00;71,02;80,02;31,97;180,04;678,65;179,96;612,19;666,38;77,87;0,33
2020;0,00;0,00;0,00;0,00;49,00;0,00;71,00;80,00;31,98;180,05;678,80;179,96;612,57;666,15;77,87;0,33
2025;0,00;0,00;0,00;0,00;49,01;0,00;71,00;80,00;31,97;180,07;680,21;179,93;613,66;667,84;77,86;0,33
2030;0,00;0,00;0,00;0,00;49,00;0,00;71,00;80,00;31,97;180,12;685,06;179,90;614,35;669,72;77,86;0,33
2035;0,00;0,00;0,00;0,00;49,00;0,00;71,00;80,02;31,97;180,13;687,85;179,85;615,71;674,37;77,87;0,33
2040;0,00;0,00;0,00;0,00;49,00;0,00;71,01;80,03;31,98;180,12;692,34;179,82;616,28;676,52;77,87;0,33
2045;0,00;0,00;0,00;0,00;49,00;0,00;71,02;79,98;31,98;180,08;693,48;179,75;617,39;679,36;77,87;0,34
2050;0,00;0,00;0,00;0,00;49,00;0,00;71,00;80,00;31,97;180,05;693,88;179,70;617,90;679,93;77,86;0,34
2055;0,00;0,00;0,00;0,00;49,00;0,00;71,01;79,97;31,98;180,06;693,31;179,68;618,79;679,64;77,87;0,34
2060;0,00;0,00;0,00;0,00;49,00;0,00;71,03;80,00;31,97;180,09;691,25;179,67;619,11;678,96;77,87;0,34
2065;0,00;0,00;0,00;0,00;49,00;0,00;71,02;80,02;31,97;180,11;689,90;179,68;619,50;676,92;77,87;0,34
2070;0,00;0,00;0,00;0,00;49,01;0,00;71,01;80,02;31,97;180,12;687,46;179,71;619,67;675,85;77,86;0,34
2075;0,00;0,00;0,00;0,00;49,00;0,00;71,00;80,00;31,97;180,12;687,00;179,74;620,33;674,79;77,86;0,34
2080;0,00;0,00;0,00;0,00;49,00;0,00;70,98;80,02;31,97;180,10;688,77;179,81;620,81;675,21;77,86;0,34
2085;0,00;0,00;0,00;0,00;48,99;0,00;70,99;79,98;31,97;180,09;690,86;179,85;622,11;678,22;77,87;0,34
2090;0,00;0,00;0,00;0,00;48,98;0,00;71,00;80,02;31,98;180,08;696,52;179,92;622,86;680,49;77,86;0,34
2095;0,00;0,00;0,00;0,00;49,00;0,00;71,00;80,00;31,98;180,07;699,02;179,95;624,12;685,03;77,86;0,34
2100;0,00;0,00;0,00;0,00;49,00;0,00;71,00;80,03;31,97;180,07;702,16;179,98;625,23;686,77;77,87;0,34
2105;0,00;0,00;0,00;0,00;49,00;0,00;71,00;80,02;31,97;180,07;702,68;179,99;625,75;688,54;77,87;0,34
2110;0,00;0,00;0,00;0,00;49,01;0,00;71,01;80,00;31,99;180,10;702,06;179,96;626,23;688,63;77,87;0,34
2115;0,00;0,00;0,00;0,00;48,99;0,00;71,02;80,03;31,99;180,11;701,07;179,93;626,98;687,56;77,87;0,34
2120;0,00;0,00;0,00;0,00;48,99;0,00;71,00;80,02;31,99;180,12;698,49;179,87;627,18;686,55;77,86;0,34
2125;0,00;0,00;0,00;0,00;49,00;0,00;71,00;79,98;31,98;180,13;697,05;179,83;627,52;684,41;77,86;0,34
2130;0,00;0,00;0,00;0,00;49,00;0,00;71,00;79,98;31,98;180,10;695,80;179,76;628,22;683,69;77,86;0,34
2135;0,00;0,00;0,00;0,00;49,00;0,00;71,00;80,00;31,98;180,09;696,38;179,73;628,73;684,04;77,87;0,35
2140;0,00;0,00;0,00;0,00;49,00;0,00;71,00;80,02;31,99;180,08;699,98;179,69;630,06;685,26;77,86;0,35
2145;0,00;0,00;0,00;0,00;49,00;0,00;70,99;79,97;31,99;180,08;702,66;179,68;630,85;689,43;77,87;0,35
2150;0,00;0,00;0,00;0,00;49,00;0,00;71,01;80,02;31,99;180,08;708,07;179,69;632,13;691,76;77,86;0,35
2155;0,00;0,00;0,00;0,00;49,00;0,00;71,01;80,00;31,99;180,09;709,87;179,71;632,70;695,55;77,87;0,35
2160;0,00;0,00;0,00;0,00;49,00;0,00;70,98;80,00;31,99;180,11;711,35;179,77;633,77;696,62;77,87;0,35
2165;0,00;0,00;0,00;0,00;49,00;0,00;71,03;80,02;32,00;180,11;711,18;179,80;634,22;697,12;77,86;0,35
2170;0,00;0,00;0,00;0,00;49,00;0,00;71,00;79,97;31,99;180,10;709,50;179,87;634,88;695,91;77,86;0,35
2175;0,00;0,00;0,00;0,00;49,00;0,00;71,01;80,02;32,00;180,07;708,23;179,89;635,07;694,88;77,86;0,35
2180;0,00;0,00;0,00;0,00;49,00;0,00;71,03;79,98;32,00;180,06;705,49;179,94;635,41;692,75;77,86;0,35
2185;0,00;0,00;0,00;0,00;49,01;0,00;70,99;79,97;32,01;180,07;704,57;179,96;635,75;692,13;77,87;0,35
2190;0,00;0,00;0,00;0,00;49,00;0,00;71,02;80,02;32,00;180,08;705,37;179,97;636,76;692,86;77,87;0,35
2195;0,00;0,00;0,00;0,00;49,00;0,00;71,00;80,00;32,00;180,09;707,06;179,96;637,43;694,36;77,87;0,35
2200;0,00;0,00;0,00;0,00;49,00;0,00;71,00;80,02;32,00;180,11;712,40;179,92;639,01;698,74;77,87;0,35
2205;0,00;0,00;0,00;0,00;49,01;0,00;71,00;80,02;32,00;180,10;715,09;179,89;639,67;701,02;77,87;0,35
2210;0,00;0,00;0,00;0,00;49,00;0,00;71,00;80,02;32,00;180,09;718,89;179,83;640,83;704,48;77,86;0,35
2215;0,00;0,00;0,00;0,00;49,01;0,00;71,00;80,00;32,01;180,05;719,73;179,80;641,38;705,35;77,87;0,36
2220;0,00;0,00;0,00;0,00;49,00;0,00;71,02;80,02;32,01;180,05;719,50;179,74;642,31;705,47;77,87;0,36
2225;0,00;0,00;0,00;0,00;49,00;0,00;71,02;80,03;32,01;180,06;718,69;179,72;642,65;704,89;77,87;0,36
2230;0,00;0,00;0,00;0,00;49,00;0,00;71,03;80,02;32,01;180,08;716,17;179,70;643,03;702,85;77,87;0,36
2235;0,00;0,00;0,00;0,00;49,00;0,00;71,00;80,00;32,01;180,10;714,74;179,71;643,18;701,77;77,86;0,36
2240;0,00;0,00;0,00;0,00;49,01;0,00;71,00;80,00;32,02;180,10;713,01;179,73;643,84;700,55;77,87;0,36
2245;0,00;0,00;0,00;0,00;49,00;0,00;71,00;80,02;32,01;180,09;713,35;179,76;644,34;700,86;77,87;0,36
2250;0,00;0,00;0,00;0,00;48,99;0,00;71,00;80,00;32,02;180,07;716,54;179,82;645,70;703,64;77,87;0,36
2255;0,00;0,00;0,00;0,00;49,01;0,00;71,00;80,03;32,02;180,07;719,10;179,86;646,53;705,90;77,86;0,36
2260;0,00;0,00;0,00;0,00;49,00;0,00;71,03;80,00;32,01;180,08;724,63;179,92;647,94;710,42;77,86;0,36
2265;0,00;0,00;0,00;0,00;49,01;0,00;71,00;80,00;32,02;180,10;727,90;179,96;648,55;712,22;77,87;0,36
2270;0,00;0,00;0,00;0,00;49,00;0,00;71,00;80,02;32,01;180,10;728,36;180,01;649,62;713,95;77,86;0,36
2275;0,00;0,00;0,00;0,00;49,00;0,00;70,99;80,00;32,01;180,10;727,61;180,01;650,09;713,99;77,87;0,36
2280;0,00;0,00;0,00;0,00;49,00;0,00;71,00;80,02;32,02;180,09;726,60;180,01;650,74;712,79;77,87;0,36
2285;0,00;0,00;0,00;0,00;48,99;0,00;71,00;79,97;32,03;180,09;723,73;179,99;650,91;711,74;77,87;0,36
2290;0,00;0,00;0,00;0,00;49,00;0,00;71,00;80,06;32,03;180,08;722,33;179,93;651,28;709,52;77,86;0,36
2295;0,00;0,00;0,00;0,00;49,00;0,00;71,00;80,02;32,03;180,08;721,57;179,89;651,65;709,00;77,87;0,37
2300;0,00;0,00;0,00;0,00;49,00;0,00;71,01;79,98;32,03;180,07;722,63;179,82;652,70;709,94;77,87;0,37
2305;0,00;0,00;0,00;0,00;49,00;0,00;71,00;80,02;32,04;180,08;726,83;179,79;653,41;711,48;77,86;0,37
2310;0,00;0,00;0,00;0,00;49,00;0,00;71,00;80,00;32,03;180,09;729,57;179,74;655,07;715,88;77,87;0,37
2315;0,00;0,00;0,00;0,00;49,00;0,00;71,00;79,98;32,04;180,10;734,33;179,72;655,75;718,09;77,86;0,37
2320;0,00;0,00;0,00;0,00;49,00;0,00;71,00;80,02;32,05;180,08;735,85;179,72;656,92;721,29;77,87;0,37
2325;0,00;0,00;0,00;0,00;48,99;0,00;70,99;80,02;32,05;180,06;736,49;179,73;657,45;722,00;77,87;0,37
2330;0,00;0,00;0,00;0,00;49,00;0,00;71,02;80,02;32,05;180,04;735,95;179,77;658,31;721,81;77,87;0,37
2335;0,00;0,00;0,00;0,00;48,99;0,00;71,00;80,03;32,05;180,06;733,73;179,81;658,58;721,08;77,87;0,37
2340;0,00;0,00;0,00;0,00;49,00;0,00;71,01;80,00;32,06;180,06;732,19;179,88;658,90;718,94;77,87;0,37
2345;0,00;0,00;0,00;0,00;49,00;0,00;71,00;79,98;32,06;180,11;730,05;179,91;659,13;717,95;77,87;0,37
2350;0,00;0,00;0,00;0,00;49,00;0,00;71,02;80,02;32,06;180,13;729,99;179,97;659,97;717,40;77,87;0,37
2355;0,00;0,00;0,00;0,00;49,00;0,00;71,02;79,98;32,06;180,11;732,57;180,01;660,54;718,13;77,87;0,37
2360;0,00;0,00;0,00;0,00;49,00;0,00;70,97;79,98;32,06;180,08;734,90;180,01;662,10;721,58;77,87;0,37
2365;0,00;0,00;0,00;0,00;49,00;0,00;71,00;80,02;32,07;180,04;740,22;180,00;662,95;723,86;77,87;0,37
2370;0,00;0,00;0,00;0,00;49,00;0,00;71,00;79,98;32,06;180,04;742,39;179,98;664,30;727,94;77,87;0,38
2375;0,00;0,00;0,00;0,00;49,01;0,00;71,00;80,00;32,06;180,06;744,64;179,91;664,89;729,31;77,87;0,38
2380;0,00;0,00;0,00;0,00;49,00;0,00;71,00;80,00;32,06;180,08;744,66;179,88;665,89;730,24;77,87;0,38
2385;0,00;0,00;0,00;0,00;49,00;0,00;71,03;79,98;32,08;180,11;743,17;179,82;666,27;729,91;77,87;0,38
2390;0,00;0,00;0,00;0,00;48,99;0,00;71,00;79,97;32,07;180,10;741,78;179,78;666,72;728,13;77,87;0,38
2395;0,00;0,00;0,00;0,00;48,99;0,00;71,00;80,02;32,07;180,08;739,00;179,73;666,85;726,99;77,86;0,38
2400;0,00;0,00;0,00;0,00;49,00;0,00;70,97;80,00;32,07;180,09;738,22;179,72;667,47;725,48;77,86;0,38
2405;0,00;0,00;0,00;0,00;48,99;0,00;71,02;80,00;32,07;180,09;739,19;179,72;668,59;725,55;77,87;0,38
2410;0,00;0,00;0,00;0,00;49,01;0,00;71,00;80,03;32,07;180,09;740,92;179,73;669,34;727,87;77,86;0,38
2415;0,00;0,00;0,00;0,00;49,00;0,00;71,02;80,00;32,07;180,08;745,98;179,78;671,06;729,90;77,87;0,38
2420;0,00;0,00;0,00;0,00;49,00;0,00;71,00;80,00;32,07;180,09;748,58;179,81;671,81;734,41;77,87;0,38
2425;0,00;0,00;0,00;0,00;49,00;0,00;71,00;80,02;32,07;180,09;752,15;179,89;673,01;736,22;77,87;0,38
2430;0,00;0,00;0,00;0,00;49,00;0,00;70,99;80,03;32,07;180,10;752,74;179,93;673,53;738,14;77,87;0,38
2435;0,00;0,00;0,00;0,00;49,00;0,00;71,00;79,98;32,08;180,09;751,91;179,99;674,01;738,19;77,87;0,38
2440;0,00;0,00;0,00;0,00;49,00;0,00;70,98;80,00;32,08;180,09;750,81;180,01;674,62;736,87;77,87;0,38
2445;0,00;0,00;0,00;0,00;49,00;0,00;71,01;80,00;32,09;180,10;747,98;180,03;674,77;735,78;77,86;0,38
2450;0,00;0,00;0,00;0,00;49,00;0,00;71,00;80,00;32,09;180,09;746,81;180,02;675,23;733,85;77,87;0,38
2455;0,00;0,00;0,00;0,00;49,00;0,00;71,03;80,00;32,09;180,07;746,67;179,98;676,23;733,53;77,87;0,39
2460;0,00;0,00;0,00;0,00;49,00;0,00;71,02;79,98;32,08;180,08;747,90;179,94;676,91;734,97;77,87;0,39
2465;0,00;0,00;0,00;0,00;49,00;0,00;70,98;79,98;32,08;180,09;752,38;179,86;678,66;736,69;77,87;0,39
2470;0,00;0,00;0,00;0,00;49,00;0,00;70,98;80,00;32,10;180,09;755,07;179,83;679,50;741,10;77,87;0,39
2475;0,00;0,00;0,00;0,00;48,99;0,00;71,00;80,00;32,09;180,08;759,43;179,76;680,79;743,14;77,87;0,39
2480;0,00;0,00;0,00;0,00;49,00;0,00;71,01;80,00;32,09;180,10;760,45;179,74;681,35;745,73;77,87;0,39
2485;0,00;0,00;0,00;0,00;49,00;0,00;71,00;80,02;32,09;180,09;760,39;179,72;682,26;746,12;77,87;0,39
2490;0,00;0,00;0,00;0,00;49,00;0,00;71,00;80,02;32,10;180,09;759,46;179,72;682,57;745,33;77,87;0,39
2495;0,00;0,00;0,00;0,00;49,00;0,00;71,02;79,97;32,11;180,08;756,65;179,75;682,92;744,35;77,87;0,39
2500;0,00;0,00;0,00;0,00;49,00;0,00;71,03;80,00;32,10;180,09;755,23;179,78;683,18;742,08;77,87;0,39
2505;0,00;0,00;0,00;0,00;48,99;0,00;71,00;80,03;32,11;180,08;754,50;179,85;683,59;741,57;77,87;0,39
2510;0,00;0,00;0,00;0,00;49,00;0,00;71,00;80,00;32,10;180,07;755,43;179,89;684,79;742,54;77,87;0,39
2515;0,00;0,00;0,00;0,00;49,00;0,00;71,01;80,02;32,10;180,08;759,65;179,96;685,58;744,05;77,87;0,39
2520;0,00;0,00;0,00;0,00;49,00;0,00;71,00;80,03;32,11;180,08;762,33;180,00;687,40;748,35;77,87;0,39
2525;0,00;0,00;0,00;0,00;49,00;0,00;70,99;80,00;32,11;180,07;766,88;180,04;688,17;750,47;77,87;0,39
2530;0,00;0,00;0,00;0,00;49,00;0,00;71,00;79,98;32,11;180,08;768,16;180,05;689,37;753,41;77,87;0,40
2535;0,00;0,00;0,00;0,00;48,99;0,00;70,99;80,02;32,11;180,07;768,49;180,05;690,33;753,98;77,87;0,40
2540;0,00;0,00;0,00;0,00;48,99;0,00;70,99;80,02;32,10;180,07;767,74;180,03;690,66;753,44;77,87;0,40
2545;0,00;0,00;0,00;0,00;49,00;0,00;71,00;79,98;32,11;180,08;765,14;179,98;691,02;752,53;77,87;0,40
2550;0,00;0,00;0,00;0,00;49,00;0,00;71,01;80,02;32,10;180,09;763,71;179,94;691,22;750,35;77,87;0,40
2555;0,00;0,00;0,00;0,00;48,99;0,00;71,00;80,00;32,11;180,09;762,36;179,87;692,06;749,66;77,87;0,40
2560;0,00;0,00;0,00;0,00;49,00;0,00;70,98;79,98;32,11;180,09;762,96;179,83;692,66;750,01;77,87;0,40
2565;0,00;0,00;0,00;0,00;49,00;0,00;71,00;80,02;32,10;180,06;766,45;179,76;694,31;751,23;77,87;0,40
2570;0,00;0,00;0,00;0,00;49,00;0,00;70,99;80,00;32,10;180,05;769,02;179,73;695,28;755,32;77,87;0,40
2575;0,00;0,00;0,00;0,00;49,00;0,00;71,02;80,02;32,11;180,05;774,08;179,71;696,85;759,43;77,87;0,40
2580;0,00;0,00;0,00;0,00;49,01;0,00;71,02;80,00;32,11;180,08;775,65;179,72;697,45;760,81;77,87;0,40
2585;0,00;0,00;0,00;0,00;48,99;0,00;71,00;80,02;32,11;180,08;776,52;179,76;698,47;761,84;77,87;0,40
2590;0,00;0,00;0,00;0,00;48,99;0,00;71,00;80,00;32,11;180,08;775,92;179,79;698,84;761,49;77,87;0,40
2595;0,00;0,00;0,00;0,00;49,01;0,00;71,00;80,00;32,11;180,08;773,46;179,88;699,26;759,61;77,87;0,41
2600;0,00;0,00;0,00;0,00;49,00;0,00;71,00;80,00;32,11;180,06;771,99;179,91;699,43;758,50;77,87;0,41
2605;0,00;0,00;0,00;0,00;49,00;0,00;71,00;80,00;32,10;180,06;770,25;180,00;700,22;757,32;77,87;0,41
2610;0,00;0,00;0,00;0,00;49,00;0,00;71,00;80,00;32,12;180,08;771,81;180,04;700,80;757,65;77,87;0,41
2615;0,00;0,00;0,00;0,00;48,99;0,00;71,00;80,00;32,12;180,08;773,73;180,08;702,38;760,44;77,87;0,41
2620;0,00;0,00;0,00;0,00;49,00;0,00;71,00;80,02;32,11;180,11;776,20;180,09;703,34;762,56;77,87;0,41
2625;0,00;0,00;0,00;0,00;49,00;0,00;71,02;80,02;32,12;180,10;781,37;180,07;705,03;766,74;77,87;0,41
2630;0,00;0,00;0,00;0,00;49,00;0,00;71,00;80,02;32,11;180,08;783,09;180,05;705,67;768,27;77,87;0,41
2635;0,00;0,00;0,00;0,00;49,00;0,00;71,00;80,02;32,12;180,07;784,23;179,99;706,70;769,49;77,87;0,41
2640;0,00;0,00;0,00;0,00;49,00;0,00;71,00;80,00;32,13;180,06;782,74;179,94;707,08;769,22;77,87;0,41
2645;0,00;0,00;0,00;0,00;49,00;0,00;71,00;80,02;32,12;180,06;781,38;179,87;707,52;767,39;77,87;0,41
2650;0,00;0,00;0,00;0,00;49,01;0,00;71,00;79,98;32,11;180,08;778,74;179,83;707,71;766,33;77,87;0,41
2655;0,00;0,00;0,00;0,00;49,00;0,00;71,00;79,98;32,12;180,08;778,18;179,77;708,52;765,18;77,87;0,41
2660;0,00;0,00;0,00;0,00;49,00;0,00;71,00;80,00;32,12;180,09;779,71;179,76;709,14;765,51;77,87;0,41
2665;0,00;0,00;0,00;0,00;49,01;0,00;71,00;80,02;32,12;180,09;781,60;179,76;710,81;768,24;77,87;0,41
2670;0,00;0,00;0,00;0,00;49,00;0,00;71,00;80,02;32,13;180,10;786,86;179,78;711,82;770,36;77,87;0,42
2675;0,00;0,00;0,00;0,00;49,00;0,00;70,97;80,02;32,11;180,09;789,18;179,84;713,57;774,56;77,87;0,42
2680;0,00;0,00;0,00;0,00;49,00;0,00;71,01;79,98;32,12;180,07;791,84;179,88;714,21;776,04;77,87;0,42
2685;0,00;0,00;0,00;0,00;49,01;0,00;71,00;80,00;32,13;180,05;791,95;179,96;715,24;777,17;77,87;0,42
2690;0,00;0,00;0,00;0,00;49,00;0,00;71,02;80,06;32,13;180,04;790,37;179,99;715,61;776,84;77,87;0,42
2695;0,00;0,00;0,00;0,00;48,98;0,00;70,99;79,98;32,12;180,04;788,85;180,05;716,02;774,93;77,87;0,42
2700;0,00;0,00;0,00;0,00;48,99;0,00;71,00;79,97;32,14;180,07;786,30;180,07;716,22;773,86;77,87;0,42
2705;0,00;0,00;0,00;0,00;49,00;0,00;70,98;80,00;32,12;180,07;785,89;180,08;717,10;772,86;77,87;0,42
2710;0,00;0,00;0,00;0,00;49,00;0,00;71,02;79,98;32,13;180,08;787,72;180,07;717,73;773,33;77,87;0,42
2715;0,00;0,00;0,00;0,00;49,00;0,00;71,01;79,95;32,13;180,09;789,71;180,03;719,41;776,24;77,87;0,42
2720;0,00;0,00;0,00;0,00;49,00;0,00;71,03;79,98;32,14;180,07;794,78;180,00;720,44;778,38;77,87;0,42
2725;0,00;0,00;0,00;0,00;49,00;0,00;71,03;80,02;32,15;180,05;797,19;179,93;722,18;782,41;77,87;0,42
2730;0,00;0,00;0,00;0,00;49,00;0,00;70,98;80,03;32,14;180,03;799,50;179,87;722,82;783,80;77,87;0,42
2735;0,00;0,00;0,00;0,00;49,00;0,00;71,01;80,00;32,14;180,04;799,51;179,84;723,83;784,72;77,87;0,43
2740;0,00;0,00;0,00;0,00;49,00;0,00;71,00;80,00;32,14;180,07;797,77;179,80;724,18;784,29;77,87;0,43
2745;0,00;0,00;0,00;0,00;49,00;0,00;71,03;80,03;32,15;180,08;796,19;179,79;724,55;782,32;77,87;0,43
2750;0,00;0,00;0,00;0,00;49,00;0,00;71,01;80,00;32,15;180,10;793,86;179,80;724,79;781,33;77,87;0,43
2755;0,00;0,00;0,00;0,00;49,00;0,00;71,02;79,98;32,15;180,09;793,67;179,81;725,77;780,60;77,87;0,43
2760;0,00;0,00;0,00;0,00;49,00;0,00;71,00;80,00;32,15;180,06;795,75;179,87;726,46;781,22;77,87;0,43
2765;0,00;0,00;0,00;0,00;49,00;0,00;71,02;80,03;32,14;180,04;798,01;179,91;728,26;784,36;77,87;0,43
2770;0,00;0,00;0,00;0,00;49,00;0,00;71,00;80,00;32,14;180,04;803,06;179,97;730,23;786,52;77,87;0,43
2775;0,00;0,00;0,00;0,00;49,00;0,00;71,02;80,03;32,15;180,05;805,14;180,00;730,95;790,36;77,87;0,43
2780;0,00;0,00;0,00;0,00;49,00;0,00;71,01;80,00;32,14;180,07;807,12;180,06;732,11;791,59;77,87;0,43
2785;0,00;0,00;0,00;0,00;49,01;0,00;71,00;80,00;32,15;180,09;806,92;180,07;732,54;792,15;77,87;0,43
2790;0,00;0,00;0,00;0,00;49,00;0,00;71,01;80,00;32,14;180,09;804,83;180,09;733,01;791,57;77,87;0,43
2795;0,00;0,00;0,00;0,00;49,00;0,00;71,01;80,00;32,15;180,07;803,35;180,07;733,17;789,49;77,87;0,43
2800;0,00;0,00;0,00;0,00;49,00;0,00;71,00;80,00;32,16;180,04;801,31;180,05;733,95;788,60;77,87;0,44
2805;0,00;0,00;0,00;0,00;49,00;0,00;71,00;80,02;32,14;180,03;801,42;180,03;734,55;788,29;77,87;0,44
2810;0,00;0,00;0,00;0,00;49,00;0,00;71,01;80,00;32,13;180,04;804,07;179,98;736,17;790,65;77,87;0,44
2815;0,00;0,00;0,00;0,00;49,00;0,00;71,01;80,02;32,14;180,08;806,34;179,95;737,17;792,60;77,87;0,44
2820;0,00;0,00;0,00;0,00;49,00;0,00;71,02;79,98;32,16;180,08;811,51;179,91;739,10;796,75;77,87;0,44
2825;0,00;0,00;0,00;0,00;49,00;0,00;71,00;80,02;32,16;180,09;813,33;179,90;739,82;798,38;77,87;0,44
2830;0,00;0,00;0,00;0,00;49,00;0,00;70,99;79,98;32,16;180,07;814,62;179,87;740,93;799,70;77,87;0,44
2835;0,00;0,00;0,00;0,00;49,00;0,00;71,01;80,00;32,16;180,03;814,12;179,86;741,30;799,43;77,87;0,44
2840;0,00;0,00;0,00;0,00;49,00;0,00;71,03;80,06;32,16;180,00;811,64;179,88;741,72;797,59;77,87;0,44
2845;0,00;0,00;0,00;0,00;49,00;0,00;71,00;80,02;32,16;180,01;810,23;179,90;741,97;796,56;77,87;0,44
2850;0,00;0,00;0,00;0,00;49,00;0,00;71,02;80,00;32,16;180,02;808,89;179,94;742,93;795,73;77,87;0,44
2855;0,00;0,00;0,00;0,00;49,00;0,00;71,03;80,02;32,17;180,08;809,49;179,97;743,64;796,25;77,87;0,44
2860;0,00;0,00;0,00;0,00;48,99;0,00;71,00;80,02;32,17;180,11;812,85;180,01;745,47;799,31;77,87;0,44
2865;0,00;0,00;0,00;0,00;48,99;0,00;70,99;79,98;32,18;180,12;815,47;180,03;746,54;801,38;77,87;0,45
2870;0,00;0,00;0,00;0,00;49,00;0,00;71,00;80,02;32,18;180,11;819,85;180,05;748,20;805,07;77,87;0,45
2875;0,00;0,00;0,00;0,00;49,01;0,00;71,02;79,97;32,20;180,06;821,15;180,06;748,79;806,13;77,87;0,45
2880;0,00;0,00;0,00;0,00;49,00;0,00;70,98;79,97;32,20;180,04;821,17;180,05;749,64;806,42;77,87;0,45
2885;0,00;0,00;0,00;0,00;48,99;0,00;71,01;80,05;32,20;180,01;820,21;180,05;749,88;805,69;77,87;0,45
2890;0,00;0,00;0,00;0,00;49,00;0,00;70,99;79,98;32,20;180,03;817,08;180,02;750,10;803,40;77,87;0,45
2895;0,00;0,00;0,00;0,00;49,00;0,00;70,99;80,02;32,20;180,07;815,76;179,99;750,38;802,42;77,87;0,45
2900;0,00;0,00;0,00;0,00;49,00;0,00;70,98;80,02;32,21;180,09;815,20;179,95;751,39;802,15;77,87;0,45
2905;0,00;0,00;0,00;0,00;49,00;0,00;71,00;80,00;32,20;180,11;816,26;179,93;752,09;803,04;77,86;0,45
2910;0,00;0,00;0,00;0,00;49,00;0,00;71,00;80,00;32,20;180,10;820,21;179,91;753,90;806,43;77,87;0,45
2915;0,00;0,00;0,00;0,00;49,00;0,00;71,02;80,00;32,21;180,07;824,62;179,90;754,80;808,38;77,87;0,45
2920;0,00;0,00;0,00;0,00;49,00;0,00;71,00;80,00;32,21;180,05;826,01;179,90;756,02;811,24;77,87;0,45
2925;0,00;0,00;0,00;0,00;49,01;0,00;71,03;80,02;32,21;180,03;826,43;179,90;756,44;811,82;77,87;0,45
2930;0,00;0,00;0,00;0,00;49,00;0,00;71,00;80,00;32,21;180,05;825,60;179,93;756,97;811,17;77,87;0,45
2935;0,00;0,00;0,00;0,00;49,00;0,00;71,00;80,00;32,21;180,09;822,69;179,95;757,03;810,11;77,87;0,45
2940;0,00;0,00;0,00;0,00;48,99;0,00;71,00;80,03;32,22;180,10;821,11;179,98;757,20;807,83;77,87;0,46
2945;0,00;0,00;0,00;0,00;49,00;0,00;70,98;79,97;32,21;180,09;820,10;180,01;757,53;807,19;77,87;0,46
2950;0,00;0,00;0,00;0,00;49,00;0,00;71,00;79,98;32,23;180,09;820,83;180,03;758,64;807,85;77,87;0,46
2955;0,00;0,00;0,00;0,00;49,00;0,00;71,00;80,02;32,21;180,08;824,55;180,04;759,40;809,17;77,87;0,46
2960;0,00;0,00;0,00;0,00;49,00;0,00;71,01;80,00;32,22;180,08;826,89;180,05;761,14;812,91;77,87;0,46
2965;0,00;0,00;0,00;0,00;49,01;0,00;71,01;80,00;32,22;180,06;830,58;180,04;761,82;814,65;77,87;0,46
2970;0,00;0,00;0,00;0,00;48,99;0,00;71,00;80,00;32,24;180,06;831,25;180,02;762,70;816,56;77,87;0,46
2975;0,00;0,00;0,00;0,00;49,01;0,00;71,03;80,02;32,22;180,05;830,42;180,01;762,99;816,60;77,87;0,46
2980;0,00;0,00;0,00;0,00;49,00;0,00;71,00;79,98;32,23;180,04;829,15;179,98;763,20;815,07;77,87;0,46
2985;0,00;0,00;0,00;0,00;49,00;0,00;71,00;80,03;32,22;180,07;825,85;179,94;763,15;813,77;77,87;0,46
2990;0,00;0,00;0,00;0,00;48,99;0,00;71,00;80,00;32,22;180,09;824,76;179,93;763,44;811,83;77,87;0,46
2995;0,00;0,00;0,00;0,00;48,99;0,00;71,00;80,00;32,23;180,08;824,97;179,92;763,84;811,64;77,87;0,46
3000;0,00;0,00;0,00;0,00;49,01;0,00;70,98;79,98;32,23;180,09;826,29;179,92;765,04;813,26;77,87;0,46
3005;0,00;0,00;0,00;0,00;49,00;0,00;71,00;80,00;32,23;180,09;830,68;179,92;765,85;814,95;77,87;0,46
3010;0,00;0,00;0,00;0,00;48,98;0,00;70,97;79,98;32,23;180,08;832,80;179,93;767,33;818,54;77,87;0,46
3015;0,00;0,00;0,00;0,00;49,00;0,00;71,00;80,00;32,22;180,05;835,17;179,96;768,16;819,85;77,87;0,46
3020;0,00;0,00;0,00;0,00;49,02;0,00;71,02;80,03;32,23;180,03;835,21;179,98;768,42;820,74;77,87;0,46
3025;0,00;0,00;0,00;0,00;49,00;0,00;71,00;80,00;32,23;180,05;833,38;180,01;768,57;820,28;77,87;0,46
3030;0,00;0,00;0,00;0,00;49,00;0,00;70,98;79,97;32,23;180,06;831,68;180,03;768,48;818,08;77,87;0,46
3035;0,00;0,00;0,00;0,00;49,01;0,00;71,02;80,00;32,25;180,09;828,80;180,05;768,61;816,84;77,87;0,47
3040;0,00;0,00;0,00;0,00;49,00;0,00;71,00;80,02;32,24;180,09;828,26;180,05;768,94;815,58;77,87;0,47
3045;0,00;0,00;0,00;0,00;49,00;0,00;71,02;79,98;32,24;180,10;829,81;180,06;770,01;815,91;77,87;0,47
3050;0,00;0,00;0,00;0,00;48,99;0,00;71,00;80,02;32,26;180,08;831,66;180,06;770,79;818,54;77,87;0,47
3055;0,00;0,00;0,00;0,00;49,00;0,00;71,01;80,03;32,25;180,06;836,06;180,05;772,27;820,40;77,87;0,47
3060;0,00;0,00;0,00;0,00;49,00;0,00;71,01;79,98;32,26;180,05;837,84;180,04;772,72;823,49;77,87;0,47
3065;0,00;0,00;0,00;0,00;49,00;0,00;71,00;79,98;32,25;180,05;838,84;180,01;773,28;824,49;77,87;0,47
3070;0,00;0,00;0,00;0,00;49,00;0,00;71,00;79,97;32,26;180,05;838,18;180,00;773,41;824,06;77,87;0,47
3075;0,00;0,00;0,00;0,00;49,00;0,00;70,98;80,02;32,27;180,07;835,41;179,97;773,27;823,13;77,87;0,47
3080;0,00;0,00;0,00;0,00;49,00;0,00;71,00;80,02;32,26;180,08;833,70;179,96;773,18;820,54;77,87;0,47
3085;0,00;0,00;0,00;0,00;49,00;0,00;71,01;80,00;32,26;180,09;831,66;179,95;773,54;819,56;77,87;0,47
3090;0,00;0,00;0,00;0,00;49,00;0,00;71,00;79,98;32,26;180,09;831,88;179,94;773,96;819,34;77,87;0,47
3095;0,00;0,00;0,00;0,00;49,01;0,00;71,00;79,98;32,26;180,06;834,68;179,95;775,24;821,78;77,87;0,47
3100;0,00;0,00;0,00;0,00;49,00;0,00;71,00;80,00;32,27;180,04;837,03;179,96;776,06;823,69;77,87;0,47
3105;0,00;0,00;0,00;0,00;49,00;0,00;71,00;80,02;32,27;180,04;840,93;179,99;777,08;825,40;77,87;0,47
3110;0,00;0,00;0,00;0,00;49,00;0,00;71,02;80,00;32,27;180,04;841,82;180,01;777,38;827,54;77,87;0,47
3115;0,00;0,00;0,00;0,00;49,00;0,00;71,00;80,03;32,27;180,05;841,33;180,04;777,67;827,73;77,87;0,47
3120;0,00;0,00;0,00;0,00;49,00;0,00;70,98;80,00;32,28;180,06;840,06;180,04;777,63;826,30;77,87;0,47
3125;0,00;0,00;0,00;0,00;49,00;0,00;70,99;79,97;32,28;180,09;836,66;180,07;777,34;825,02;77,87;0,47
3130;0,00;0,00;0,00;0,00;49,00;0,00;71,02;80,00;32,26;180,10;835,30;180,07;777,40;822,71;77,87;0,47
3135;0,00;0,00;0,00;0,00;49,00;0,00;70,98;80,03;32,27;180,08;834,84;180,06;778,02;822,45;77,87;0,47
3140;0,00;0,00;0,00;0,00;49,00;0,00;71,00;80,03;32,27;180,04;835,86;180,06;778,54;823,34;77,87;0,47
3145;0,00;0,00;0,00;0,00;49,00;0,00;71,00;80,00;32,27;180,03;839,90;180,04;779,97;826,60;77,87;0,47
3150;0,00;0,00;0,00;0,00;49,00;0,00;71,00;79,98;32,28;180,06;842,00;180,02;780,55;828,29;77,87;0,47
3155;0,00;0,00;0,00;0,00;49,00;0,00;71,00;80,02;32,28;180,08;844,54;179,99;781,22;830,41;77,87;0,47
3160;0,00;0,00;0,00;0,00;49,00;0,00;71,00;80,03;32,28;180,11;844,67;179,98;781,40;830,59;77,87;0,48
3165;0,00;0,00;0,00;0,00;49,00;0,00;70,98;80,00;32,27;180,11;842,86;179,96;781,39;829,20;77,87;0,48
3170;0,00;0,00;0,00;0,00;49,00;0,00;71,01;80,02;32,30;180,08;841,26;179,96;781,20;827,90;77,87;0,48
3175;0,00;0,00;0,00;0,00;48,99;0,00;71,01;79,97;32,28;180,06;838,03;179,97;781,03;825,55;77,87;0,48
3180;0,00;0,00;0,00;0,00;49,00;0,00;71,00;80,00;32,29;180,05;837,31;179,98;781,24;825,03;77,87;0,48
3185;0,00;0,00;0,00;0,00;49,00;0,00;70,98;80,00;32,28;180,07;838,51;180,00;782,07;826,09;77,87;0,48
3190;0,00;0,00;0,00;0,00;49,00;0,00;71,00;79,98;32,28;180,09;840,24;180,01;782,73;827,50;77,87;0,48
3195;0,00;0,00;0,00;0,00;49,00;0,00;71,00;80,03;32,28;180,09;844,46;180,04;784,00;830,91;77,87;0,48
3200;0,00;0,00;0,00;0,00;49,00;0,00;71,00;80,02;32,28;180,08;846,05;180,06;784,35;832,21;77,87;0,48
3205;0,00;0,00;0,00;0,00;49,00;0,00;71,00;80,00;32,28;180,07;847,01;180,09;784,72;833,11;77,87;0,48
3210;0,00;0,00;0,00;0,00;49,00;0,00;71,02;80,03;32,28;180,05;846,36;180,10;784,76;832,63;77,87;0,48
3215;0,00;0,00;0,00;0,00;48,99;0,00;71,00;80,05;32,28;180,05;843,56;180,11;784,43;830,37;77,87;0,48
3220;0,00;0,00;0,00;0,00;49,00;0,00;70,99;80,00;32,27;180,08;840,34;180,10;784,24;829,05;77,87;0,48
3225;0,00;0,00;0,00;0,00;49,00;0,00;71,00;80,00;32,27;180,09;839,64;180,08;784,41;827,51;77,87;0,48
3230;0,00;0,00;0,00;0,00;49,01;0,00;71,00;80,00;32,28;180,08;840,79;180,07;784,74;827,67;77,87;0,48
3235;0,00;0,00;0,00;0,00;49,00;0,00;71,00;80,00;32,28;180,08;842,48;180,05;785,86;830,00;77,87;0,48
3240;0,00;0,00;0,00;0,00;49,00;0,00;71,00;80,02;32,28;180,09;846,77;180,03;786,53;831,71;77,87;0,48
3245;0,00;0,00;0,00;0,00;49,00;0,00;71,00;80,02;32,28;180,09;848,26;180,01;787,34;834,53;77,87;0,48
3250;0,00;0,00;0,00;0,00;49,01;0,00;71,00;80,02;32,28;180,10;849,01;180,00;787,53;835,19;77,87;0,48
3255;0,00;0,00;0,00;0,00;49,00;0,00;70,99;80,03;32,28;180,10;848,33;180,00;787,63;834,76;77,87;0,48
3260;0,00;0,00;0,00;0,00;49,00;0,00;71,02;80,02;32,29;180,08;845,24;179,99;787,47;833,64;77,87;0,48
3265;0,00;0,00;0,00;0,00;49,00;0,00;71,00;80,00;32,28;180,06;843,56;180,01;787,05;831,02;77,87;0,48
3270;0,00;0,00;0,00;0,00;49,01;0,00;71,00;79,98;32,30;180,04;841,70;180,02;787,05;830,08;77,87;0,48
3275;0,00;0,00;0,00;0,00;49,00;0,00;71,01;80,03;32,30;180,04;842,04;180,04;787,60;830,02;77,87;0,48
3280;0,00;0,00;0,00;0,00;49,00;0,00;70,99;80,00;32,29;180,08;844,99;180,06;788,11;831,04;77,87;0,48
3285;0,00;0,00;0,00;0,00;49,00;0,00;71,02;80,02;32,30;180,10;847,27;180,08;789,39;834,27;77,87;0,48
3290;0,00;0,00;0,00;0,00;49,01;0,00;71,00;80,02;32,31;180,11;850,47;180,09;789,82;835,72;77,87;0,48
3295;0,00;0,00;0,00;0,00;49,00;0,00;71,00;80,00;32,30;180,11;851,02;180,12;790,22;837,34;77,87;0,48
3300;0,00;0,00;0,00;0,00;48,99;0,00;71,00;80,00;32,30;180,08;849,96;180,12;790,28;837,22;77,87;0,48
3305;0,00;0,00;0,00;0,00;49,00;0,00;70,98;80,00;32,31;180,07;848,62;180,12;790,05;835,47;77,87;0,48
3310;0,00;0,00;0,00;0,00;49,00;0,00;71,00;79,98;32,32;180,04;845,16;180,10;789,78;834,13;77,87;0,48
3315;0,00;0,00;0,00;0,00;48,99;0,00;71,03;80,00;32,31;180,04;843,94;180,09;789,60;831,94;77,87;0,48
3320;0,00;0,00;0,00;0,00;49,00;0,00;70,99;80,02;32,31;180,06;843,87;180,06;789,78;831,62;77,87;0,48
3325;0,00;0,00;0,00;0,00;49,00;0,00;71,02;79,98;32,31;180,08;845,20;180,05;790,66;833,12;77,87;0,48
3330;0,00;0,00;0,00;0,00;49,00;0,00;71,00;80,03;32,32;180,08;849,20;180,02;791,31;834,69;77,87;0,48
3335;0,00;0,00;0,00;0,00;49,00;0,00;71,02;79,98;32,31;180,08;851,17;180,02;792,28;837,82;77,87;0,48
3340;0,00;0,00;0,00;0,00;49,00;0,00;71,01;80,00;32,33;180,05;852,80;180,01;792,51;838,82;77,87;0,48
3345;0,00;0,00;0,00;0,00;48,99;0,00;71,00;80,00;32,32;180,05;852,49;180,02;792,68;839,05;77,87;0,49
3350;0,00;0,00;0,00;0,00;49,00;0,00;71,00;80,00;32,32;180,04;850,17;180,04;792,59;838,32;77,87;0,49
3355;0,00;0,00;0,00;0,00;49,00;0,00;71,00;80,02;32,32;180,05;848,31;180,05;792,08;835,77;77,87;0,49
3360;0,00;0,00;0,00;0,00;49,00;0,00;70,98;80,00;32,32;180,08;845,46;180,07;791,88;834,48;77,87;0,49
3365;0,00;0,00;0,00;0,00;49,00;0,00;71,00;80,02;32,32;180,10;845,05;180,08;792,07;833,33;77,87;0,49
3370;0,00;0,00;0,00;0,00;49,01;0,00;71,00;80,03;32,32;180,10;846,93;180,11;792,92;833,77;77,87;0,49
3375;0,00;0,00;0,00;0,00;49,00;0,00;70,99;80,00;32,32;180,08;848,85;180,12;793,54;836,47;77,87;0,49
3380;0,00;0,00;0,00;0,00;49,00;0,00;71,00;80,05;32,32;180,06;852,70;180,14;794,42;838,12;77,87;0,49
3385;0,00;0,00;0,00;0,00;49,00;0,00;71,01;80,00;32,34;180,07;853,85;180,14;794,62;840,46;77,87;0,49
3390;0,00;0,00;0,00;0,00;49,00;0,00;71,00;79,98;32,32;180,07;853,85;180,14;794,74;840,82;77,87;0,49
3395;0,00;0,00;0,00;0,00;49,00;0,00;71,00;80,02;32,33;180,06;852,86;180,13;794,61;839,80;77,87;0,49
3400;0,00;0,00;0,00;0,00;49,00;0,00;71,01;80,00;32,32;180,06;849,67;180,11;794,05;838,60;77,87;0,49
3405;0,00;0,00;0,00;0,00;49,00;0,00;71,03;79,98;32,35;180,06;848,02;180,09;793,85;835,95;77,87;0,49
3410;0,00;0,00;0,00;0,00;49,00;0,00;71,00;80,02;32,33;180,07;846,51;180,06;794,03;834,91;77,87;0,49
3415;0,00;0,00;0,00;0,00;49,00;0,00;71,02;80,05;32,33;180,10;847,09;180,05;794,38;835,40;77,87;0,49
3420;0,00;0,00;0,00;0,00;49,00;0,00;70,98;80,03;32,34;180,11;850,37;180,02;795,49;838,17;77,87;0,49
3425;0,00;0,00;0,00;0,00;49,00;0,00;70,99;80,02;32,34;180,10;852,46;180,01;796,01;839,78;77,87;0,49
3430;0,00;0,00;0,00;0,00;49,00;0,00;70,99;80,00;32,34;180,09;855,27;180,01;796,49;841,99;77,87;0,49
3435;0,00;0,00;0,00;0,00;49,00;0,00;71,00;80,00;32,34;180,06;855,59;180,02;796,58;842,30;77,87;0,49
3440;0,00;0,00;0,00;0,00;49,01;0,00;71,00;80,02;32,35;180,05;854,11;180,05;796,41;841,16;77,87;0,49
3445;0,00;0,00;0,00;0,00;49,00;0,00;71,01;79,98;32,34;180,05;852,62;180,07;796,15;839,91;77,87;0,49
3450;0,00;0,00;0,00;0,00;49,00;0,00;71,02;80,00;32,34;180,07;849,13;180,11;795,63;837,28;77,87;0,49
3455;0,00;0,00;0,00;0,00;49,00;0,00;71,01;80,03;32,34;180,10;848,08;180,13;795,64;836,51;77,87;0,49
3460;0,00;0,00;0,00;0,00;49,00;0,00;71,00;80,00;32,34;180,11;848,55;180,16;796,21;836,97;77,87;0,49
3465;0,00;0,00;0,00;0,00;49,00;0,00;71,01;80,00;32,35;180,13;850,02;180,17;796,73;838,22;77,87;0,49
3470;0,00;0,00;0,00;0,00;49,00;0,00;71,03;80,00;32,35;180,12;854,03;180,19;797,80;841,37;77,87;0,49
3475;0,00;0,00;0,00;0,00;49,00;0,00;71,03;79,98;32,36;180,07;855,73;180,19;798,06;842,63;77,87;0,49
3480;0,00;0,00;0,00;0,00;49,00;0,00;71,00;80,00;32,35;180,04;856,70;180,17;798,23;843,56;77,87;0,49
3485;0,00;0,00;0,00;0,00;49,00;0,00;71,00;80,02;32,36;180,01;856,12;180,17;798,17;843,11;77,87;0,49
3490;0,00;0,00;0,00;0,00;49,00;0,00;71,01;80,00;32,35;180,02;853,29;180,14;797,70;840,88;77,87;0,49
3495;0,00;0,00;0,00;0,00;49,00;0,00;71,01;80,03;32,37;180,06;850,01;180,13;797,38;839,48;77,87;0,49
3500;0,00;0,00;0,00;0,00;49,00;0,00;71,00;80,00;32,35;180,08;849,12;180,10;797,25;837,69;77,87;0,49
3505;0,00;0,00;0,00;0,00;48,99;0,00;71,02;80,00;32,37;180,13;849,98;180,08;797,48;837,70;77,87;0,49
3510;0,00;0,00;0,00;0,00;49,00;0,00;71,01;80,02;32,37;180,13;851,57;180,06;798,41;839,76;77,87;0,49
3515;0,00;0,00;0,00;0,00;49,00;0,00;71,00;80,02;32,37;180,09;855,55;180,05;798,98;841,38;77,87;0,49
3520;0,00;0,00;0,00;0,00;49,01;0,00;71,00;79,98;32,37;180,07;857,00;180,05;799,60;844,04;77,87;0,49
3525;0,00;0,00;0,00;0,00;49,00;0,00;71,00;80,00;32,38;180,02;857,70;180,05;799,71;844,65;77,87;0,49
3530;0,00;0,00;0,00;0,00;49,00;0,00;71,03;80,02;32,39;180,01;856,94;180,06;799,63;844,13;77,87;0,49
3535;0,00;0,00;0,00;0,00;49,00;0,00;70,99;80,00;32,39;180,03;854,04;180,08;799,42;843,10;77,87;0,49
3540;0,00;0,00;0,00;0,00;49,00;0,00;71,00;79,98;32,40;180,06;852,31;180,10;798,78;840,43;77,87;0,49
3545;0,00;0,00;0,00;0,00;49,00;0,00;71,02;79,98;32,38;180,10;850,09;180,14;798,64;839,34;77,87;0,49
3550;0,00;0,00;0,00;0,00;49,01;0,00;70,99;80,03;32,39;180,12;850,16;180,15;798,94;838,90;77,87;0,49
3555;0,00;0,00;0,00;0,00;49,00;0,00;71,00;80,02;32,41;180,13;852,92;180,18;799,34;839,73;77,87;0,49
3560;0,00;0,00;0,00;0,00;49,00;0,00;70,98;80,02;32,39;180,12;854,94;180,19;800,43;842,73;77,87;0,49
3565;0,00;0,00;0,00;0,00;49,00;0,00;70,99;80,02;32,40;180,08;858,13;180,19;800,80;844,19;77,87;0,49
3570;0,00;0,00;0,00;0,00;49,00;0,00;71,00;79,98;32,41;180,06;858,74;180,19;801,08;845,78;77,87;0,49
3575;0,00;0,00;0,00;0,00;49,00;0,00;71,00;80,00;32,39;180,03;857,63;180,17;801,06;845,66;77,87;0,49
3580;0,00;0,00;0,00;0,00;49,00;0,00;71,00;79,98;32,39;180,02;856,27;180,16;800,69;843,88;77,87;0,49
3585;0,00;0,00;0,00;0,00;49,00;0,00;70,98;80,02;32,40;180,05;852,86;180,13;800,34;842,49;77,87;0,49
3590;0,00;0,00;0,00;0,00;49,00;0,00;71,00;80,00;32,42;180,08;851,55;180,11;799,95;840,18;77,87;0,49
3595;0,00;0,00;0,00;0,00;49,00;0,00;70,99;80,02;32,40;180,12;851,32;180,08;800,33;839,78;77,87;0,49
3600;0,00;0,00;0,00;0,00;49,00;0,00;71,00;80,00;32,40;180,13;852,51;180,06;800,77;841,09;77,87;0,49
3605;0,00;0,00;0,00;0,00;49,01;0,00;71,00;79,98;32,40;180,11;856,36;180,05;801,84;842,58;77,87;0,49
3610;0,00;0,00;0,00;0,00;49,00;0,00;71,00;80,02;32,42;180,09;858,11;180,05;802,13;845,53;77,87;0,49
3615;0,00;0,00;0,00;0,00;49,00;0,00;71,01;80,00;32,41;180,04;859,62;180,05;802,32;846,45;77,87;0,49
3620;0,00;0,00;0,00;0,00;48,99;0,00;71,00;80,00;32,41;180,02;859,23;180,07;802,27;846,50;77,87;0,49
3625;0,00;0,00;0,00;0,00;49,00;0,00;71,02;80,03;32,41;180,04;856,81;180,10;801,83;845,71;77,87;0,50
3630;0,00;0,00;0,00;0,00;49,01;0,00;71,00;80,02;32,40;180,06;854,96;180,12;801,46;843,10;77,87;0,50
3635;0,00;0,00;0,00;0,00;49,00;0,00;71,00;80,02;32,42;180,10;852,17;180,15;801,14;841,82;77,87;0,49
3640;0,00;0,00;0,00;0,00;49,00;0,00;70,98;79,98;32,42;180,12;851,81;180,17;801,28;840,75;77,87;0,49
3645;0,00;0,00;0,00;0,00;49,00;0,00;71,00;79,98;32,41;180,12;853,80;180,20;802,07;842,37;77,87;0,49
3650;0,00;0,00;0,00;0,00;49,00;0,00;71,03;80,00;32,42;180,07;855,72;180,20;802,61;843,91;77,87;0,50
3655;0,00;0,00;0,00;0,00;49,00;0,00;71,02;80,02;32,41;180,05;859,27;180,21;803,27;846,69;77,87;0,50
3660;0,00;0,00;0,00;0,00;49,00;0,00;71,00;80,00;32,43;180,04;860,17;180,21;803,37;847,45;77,87;0,50
3665;0,00;0,00;0,00;0,00;49,00;0,00;71,00;80,03;32,42;180,04;859,74;180,19;803,29;847,19;77,87;0,50
3670;0,00;0,00;0,00;0,00;49,00;0,00;71,02;80,00;32,43;180,09;858,61;180,17;803,07;846,24;77,87;0,50
3675;0,00;0,00;0,00;0,00;49,00;0,00;71,00;80,00;32,42;180,12;855,31;180,15;802,40;843,55;77,87;0,50
3680;0,00;0,00;0,00;0,00;49,00;0,00;70,99;79,98;32,43;180,15;853,66;180,13;802,18;842,38;77,87;0,50
3685;0,00;0,00;0,00;0,00;49,00;0,00;71,00;80,00;32,44;180,15;852,63;180,09;802,35;841,66;77,87;0,50
3690;0,00;0,00;0,00;0,00;48,99;0,00;71,00;80,02;32,43;180,11;853,41;180,08;802,71;842,34;77,87;0,50
3695;0,00;0,00;0,00;0,00;49,00;0,00;71,02;80,02;32,43;180,09;857,08;180,06;803,73;845,20;77,87;0,50
3700;0,00;0,00;0,00;0,00;49,01;0,00;71,02;80,03;32,43;180,04;858,96;180,07;804,10;846,67;77,87;0,50
3705;0,00;0,00;0,00;0,00;49,01;0,00;71,00;80,02;32,42;180,04;861,01;180,07;804,34;848,36;77,87;0,50
3710;0,00;0,00;0,00;0,00;49,01;0,00;71,00;80,00;32,44;180,07;860,14;180,08;804,32;848,34;77,87;0,50
3715;0,00;0,00;0,00;0,00;49,01;0,00;71,02;79,97;32,45;180,08;858,87;180,11;803,94;846,73;77,87;0,50
3720;0,00;0,00;0,00;0,00;49,00;0,00;70,98;80,00;32,43;180,12;855,51;180,12;803,59;845,38;77,87;0,50
3725;0,00;0,00;0,00;0,00;49,00;0,00;71,02;80,02;32,42;180,14;854,07;180,15;803,08;842,92;77,87;0,50
3730;0,00;0,00;0,00;0,00;49,01;0,00;71,00;79,98;32,44;180,13;853,44;180,17;803,11;842,38;77,87;0,50
3735;0,00;0,00;0,00;0,00;49,00;0,00;71,00;80,00;32,44;180,12;854,45;180,20;803,72;843,40;77,87;0,50
3740;0,00;0,00;0,00;0,00;49,00;0,00;71,02;79,98;32,44;180,08;858,18;180,21;804,27;844,82;77,87;0,50
3745;0,00;0,00;0,00;0,00;49,00;0,00;70,99;79,98;32,45;180,07;860,13;180,21;805,07;847,80;77,87;0,50
3750;0,00;0,00;0,00;0,00;49,00;0,00;71,02;79,98;32,46;180,06;861,78;180,21;805,21;848,79;77,87;0,50
3755;0,00;0,00;0,00;0,00;49,00;0,00;71,00;80,02;32,47;180,07;861,50;180,18;805,21;849,04;77,87;0,50
3760;0,00;0,00;0,00;0,00;49,00;0,00;70,98;79,98;32,46;180,11;859,26;180,15;805,06;848,35;77,87;0,50
3765;0,00;0,00;0,00;0,00;49,01;0,00;71,02;80,00;32,46;180,13;857,58;180,13;804,40;845,83;77,87;0,50
3770;0,00;0,00;0,00;0,00;49,00;0,00;71,01;79,98;32,49;180,13;854,45;180,10;804,09;844,48;77,87;0,50
3775;0,00;0,00;0,00;0,00;49,00;0,00;71,02;80,02;32,49;180,13;853,89;180,08;804,02;843,09;77,87;0,50
3780;0,00;0,00;0,00;0,00;49,00;0,00;71,00;80,00;32,47;180,10;855,36;180,05;804,28;843,37;77,87;0,50
3785;0,00;0,00;0,00;0,00;49,00;0,00;71,00;80,05;32,47;180,10;857,30;180,04;805,25;845,88;77,87;0,50
3790;0,00;0,00;0,00;0,00;49,00;0,00;71,01;79,98;32,47;180,08;861,03;180,06;805,71;847,45;77,87;0,50
3795;0,00;0,00;0,00;0,00;49,00;0,00;71,00;80,00;32,48;180,08;862,09;180,07;806,07;849,64;77,87;0,50
3800;0,00;0,00;0,00;0,00;49,00;0,00;71,01;80,00;32,48;180,09;861,94;180,10;806,10;849,92;77,87;0,50
3805;0,00;0,00;0,00;0,00;48,99;0,00;71,03;80,02;32,49;180,09;860,92;180,13;805,84;848,80;77,87;0,50
3810;0,00;0,00;0,00;0,00;49,00;0,00;71,00;80,00;32,49;180,10;857,71;180,18;805,14;847,57;77,87;0,50
3815;0,00;0,00;0,00;0,00;49,00;0,00;71,00;79,97;32,50;180,09;856,04;180,20;804,85;844,87;77,87;0,50
3820;0,00;0,00;0,00;0,00;48,99;0,00;71,00;79,97;32,50;180,09;854,41;180,23;804,85;843,98;77,87;0,50
3825;0,00;0,00;0,00;0,00;49,00;0,00;71,00;80,03;32,49;180,09;854,94;180,24;805,13;844,16;77,87;0,50
3830;0,00;0,00;0,00;0,00;49,00;0,00;71,01;80,05;32,49;180,08;858,19;180,25;806,12;845,29;77,87;0,50
3835;0,00;0,00;0,00;0,00;49,01;0,00;71,01;80,00;32,49;180,10;860,19;180,25;806,55;848,33;77,87;0,50
3840;0,00;0,00;0,00;0,00;49,00;0,00;70,99;80,02;32,49;180,12;862,74;180,23;806,86;849,59;77,87;0,50
3845;0,00;0,00;0,00;0,00;49,00;0,00;71,03;79,98;32,50;180,13;862,92;180,21;806,87;850,54;77,87;0,50
3850;0,00;0,00;0,00;0,00;49,00;0,00;70,98;80,02;32,49;180,11;861,26;180,15;806,56;850,15;77,87;0,50
3855;0,00;0,00;0,00;0,00;49,00;0,00;71,02;80,03;32,51;180,10;859,62;180,12;806,21;847,91;77,87;0,50
3860;0,00;0,00;0,00;0,00;49,00;0,00;71,00;79,98;32,51;180,07;856,26;180,07;805,55;845,25;77,87;0,50
3865;0,00;0,00;0,00;0,00;49,00;0,00;70,98;80,02;32,53;180,09;855,20;180,05;805,48;844,48;77,87;0,50
3870;0,00;0,00;0,00;0,00;49,00;0,00;71,00;79,97;32,51;180,09;855,61;180,02;805,93;844,91;77,87;0,50
3875;0,00;0,00;0,00;0,00;48,99;0,00;71,00;80,03;32,53;180,09;857,18;180,02;806,39;846,13;77,87;0,50
3880;0,00;0,00;0,00;0,00;49,00;0,00;71,01;80,02;32,50;180,08;861,08;180,04;807,28;849,18;77,87;0,50
3885;0,00;0,00;0,00;0,00;49,00;0,00;71,01;80,00;32,50;180,08;862,54;180,06;807,46;850,35;77,87;0,50
3890;0,00;0,00;0,00;0,00;49,00;0,00;70,99;79,98;32,51;180,09;863,34;180,11;807,51;851,07;77,87;0,50
3895;0,00;0,00;0,00;0,00;49,00;0,00;71,00;79,98;32,53;180,09;862,71;180,15;807,39;850,57;77,87;0,50
3900;0,00;0,00;0,00;0,00;49,01;0,00;71,03;80,00;32,53;180,11;859,86;180,21;806,79;848,27;77,87;0,50
3905;0,00;0,00;0,00;0,00;49,00;0,00;71,02;80,00;32,51;180,13;856,52;180,24;806,40;846,85;77,87;0,50
3910;0,00;0,00;0,00;0,00;49,00;0,00;71,00;80,00;32,51;180,12;855,56;180,26;806,10;844,94;77,87;0,50
3915;0,00;0,00;0,00;0,00;49,00;0,00;71,00;80,00;32,52;180,09;856,29;180,27;806,25;844,90;77,87;0,50
3920;0,00;0,00;0,00;0,00;49,00;0,00;71,00;79,98;32,52;180,07;857,86;180,26;807,08;846,90;77,87;0,50
3925;0,00;0,00;0,00;0,00;49,00;0,00;71,00;79,98;32,52;180,06;861,77;180,25;807,57;848,48;77,87;0,50
3930;0,00;0,00;0,00;0,00;49,00;0,00;71,00;80,02;32,52;180,07;863,15;180,20;808,06;851,03;77,87;0,50
3935;0,00;0,00;0,00;0,00;48,99;0,00;70,98;79,98;32,51;180,09;863,71;180,18;808,11;851,59;77,87;0,50
3940;0,00;0,00;0,00;0,00;49,01;0,00;71,02;79,98;32,53;180,10;862,95;180,14;807,94;850,97;77,87;0,50
3945;0,00;0,00;0,00;0,00;49,00;0,00;71,00;80,03;32,52;180,09;860,07;180,12;807,68;849,92;77,87;0,50
3950;0,00;0,00;0,00;0,00;49,00;0,00;71,00;79,98;32,53;180,09;858,32;180,09;806,93;847,15;77,87;0,50
3955;0,00;0,00;0,00;0,00;49,00;0,00;71,02;79,98;32,54;180,11;855,92;180,07;806,71;845,99;77,87;0,50
3960;0,00;0,00;0,00;0,00;49,00;0,00;71,02;80,03;32,54;180,12;855,97;180,07;806,89;845,50;77,87;0,50
3965;0,00;0,00;0,00;0,00;49,00;0,00;70,99;80,02;32,54;180,12;858,57;180,09;807,25;846,34;77,87;0,50
3970;0,00;0,00;0,00;0,00;49,01;0,00;70,98;80,02;32,52;180,11;860,70;180,10;808,23;849,23;77,87;0,50
3975;0,00;0,00;0,00;0,00;49,00;0,00;70,99;79,98;32,52;180,10;863,74;180,13;808,52;850,66;77,87;0,50
3980;0,00;0,00;0,00;0,00;49,00;0,00;71,02;80,00;32,52;180,10;864,23;180,16;808,66;852,08;77,87;0,50
3985;0,00;0,00;0,00;0,00;49,00;0,00;70,99;80,02;32,53;180,09;863,06;180,20;808,60;851,91;77,87;0,50
3990;0,00;0,00;0,00;0,00;49,00;0,00;71,00;80,03;32,53;180,08;861,70;180,21;808,15;850,09;77,87;0,50
3995;0,00;0,00;0,00;0,00;49,00;0,00;71,00;80,02;32,53;180,09;858,33;180,24;807,74;848,64;77,87;0,50
4000;0,00;0,00;0,00;0,00;49,00;0,00;70,98;80,02;32,52;180,11;856,88;180,24;807,24;846,32;77,87;0,50
4005;0,00;0,00;0,00;0,00;49,01;0,00;71,00;80,00;32,53;180,13;856,58;180,24;807,28;845,88;77,87;0,50
4010;0,00;0,00;0,00;0,00;48,99;0,00;71,01;80,00;32,53;180,14;857,73;180,23;807,91;847,09;77,87;0,50
4015;0,00;0,00;0,00;0,00;48,99;0,00;71,00;80,00;32,52;180,12;861,47;180,20;808,84;848,52;77,87;0,50
4020;0,00;0,00;0,00;0,00;48,99;0,00;71,03;80,02;32,53;180,10;863,15;180,18;809,06;851,35;77,87;0,50
4025;0,00;0,00;0,00;0,00;49,00;0,00;71,00;80,02;32,54;180,07;864,55;180,15;809,17;852,21;77,87;0,50
4030;0,00;0,00;0,00;0,00;49,00;0,00;70,97;80,00;32,54;180,08;864,13;180,12;809,08;852,19;77,87;0,50
4035;0,00;0,00;0,00;0,00;49,00;0,00;70,98;80,00;32,55;180,08;861,71;180,10;808,56;851,38;77,87;0,50
4040;0,00;0,00;0,00;0,00;49,00;0,00;71,00;80,02;32,55;180,09;859,84;180,09;808,15;848,76;77,87;0,50
4045;0,00;0,00;0,00;0,00;49,00;0,00;71,00;80,03;32,54;180,10;856,97;180,07;807,68;846,53;77,87;0,50
4050;0,00;0,00;0,00;0,00;49,00;0,00;70,98;79,98;32,55;180,12;856,54;180,07;807,77;846,22;77,87;0,50
4055;0,00;0,00;0,00;0,00;49,00;0,00;71,03;80,00;32,56;180,10;858,28;180,09;808,46;847,73;77,87;0,50
4060;0,00;0,00;0,00;0,00;49,00;0,00;70,98;79,95;32,55;180,09;860,15;180,10;808,95;849,27;77,87;0,50
4065;0,00;0,00;0,00;0,00;49,00;0,00;71,00;79,98;32,58;180,08;863,84;180,14;809,55;851,98;77,87;0,50
4070;0,00;0,00;0,00;0,00;49,00;0,00;71,00;80,00;32,55;180,06;864,74;180,16;809,63;852,75;77,87;0,50
4075;0,00;0,00;0,00;0,00;49,00;0,00;71,01;80,02;32,55;180,07;864,31;180,21;809,51;852,48;77,87;0,50
4080;0,00;0,00;0,00;0,00;49,00;0,00;71,00;79,98;32,54;180,11;863,21;180,24;809,28;851,58;77,87;0,50
4085;0,00;0,00;0,00;0,00;48,99;0,00;71,01;80,02;32,55;180,12;859,95;180,26;808,53;848,86;77,87;0,50
4090;0,00;0,00;0,00;0,00;49,00;0,00;71,01;80,03;32,57;180,12;858,19;180,26;808,21;847,60;77,87;0,50
4095;0,00;0,00;0,00;0,00;49,00;0,00;70,98;80,02;32,57;180,10;856,88;180,24;808,24;846,63;77,87;0,50
4100;0,00;0,00;0,00;0,00;49,00;0,00;70,98;80,00;32,55;180,06;857,53;180,23;808,53;847,21;77,87;0,50
4105;0,00;0,00;0,00;0,00;49,00;0,00;70,99;80,00;32,56;180,05;861,06;180,19;809,48;849,97;77,87;0,50
4110;0,00;0,00;0,00;0,00;49,00;0,00;71,02;80,03;32,57;180,06;862,97;180,16;809,81;851,44;77,87;0,50
4115;0,00;0,00;0,00;0,00;49,00;0,00;71,01;80,03;32,57;180,08;865,12;180,12;810,02;853,19;77,87;0,50
4120;0,00;0,00;0,00;0,00;48,99;0,00;71,03;80,02;32,55;180,11;865,08;180,09;809,98;853,20;77,87;0,51
4125;0,00;0,00;0,00;0,00;49,00;0,00;71,00;80,00;32,57;180,11;863,18;180,06;809,59;851,65;77,87;0,51
4130;0,00;0,00;0,00;0,00;49,00;0,00;71,00;79,98;32,56;180,10;859,71;180,05;809,20;850,31;77,87;0,51
4135;0,00;0,00;0,00;0,00;49,00;0,00;71,00;80,02;32,57;180,09;858,19;180,05;808,54;847,69;77,87;0,51
4140;0,00;0,00;0,00;0,00;49,00;0,00;71,00;80,05;32,56;180,08;857,30;180,06;808,51;847,05;77,87;0,50
4145;0,00;0,00;0,00;0,00;49,00;0,00;70,99;80,00;32,57;180,08;858,22;180,09;809,01;847,84;77,87;0,50
4150;0,00;0,00;0,00;0,00;49,00;0,00;71,00;79,98;32,57;180,08;861,84;180,11;809,49;849,14;77,87;0,51
4155;0,00;0,00;0,00;0,00;49,00;0,00;71,00;80,02;32,58;180,08;863,64;180,16;810,21;852,06;77,87;0,51
4160;0,00;0,00;0,00;0,00;48,99;0,00;71,00;80,00;32,58;180,09;865,39;180,18;810,33;853,06;77,87;0,51
4165;0,00;0,00;0,00;0,00;49,00;0,00;71,00;80,00;32,57;180,09;865,19;180,22;810,29;853,39;77,87;0,51
4170;0,00;0,00;0,00;0,00;49,00;0,00;71,00;80,02;32,58;180,09;862,97;180,24;810,13;852,70;77,87;0,51
4175;0,00;0,00;0,00;0,00;49,00;0,00;71,00;79,97;32,58;180,07;861,30;180,25;809,41;850,18;77,87;0,51
4180;0,00;0,00;0,00;0,00;49,00;0,00;71,00;80,02;32,59;180,06;858,11;180,25;809,05;848,80;77,87;0,51
4185;0,00;0,00;0,00;0,00;49,00;0,00;70,99;80,00;32,56;180,07;857,47;180,24;808,87;847,31;77,87;0,51
4190;0,00;0,00;0,00;0,00;49,01;0,00;70,99;80,00;32,60;180,10;858,91;180,22;809,08;847,55;77,87;0,51
4195;0,00;0,00;0,00;0,00;49,00;0,00;71,00;80,03;32,59;180,12;860,68;180,17;809,96;849,91;77,87;0,51
4200;0,00;0,00;0,00;0,00;49,00;0,00;71,00;80,03;32,60;180,14;864,32;180,12;810,37;851,44;77,87;0,51
4205;0,00;0,00;0,00;0,00;49,00;0,00;71,00;80,02;32,60;180,13;865,36;180,09;810,69;853,58;77,87;0,51
4210;0,00;0,00;0,00;0,00;49,01;0,00;71,00;80,00;32,59;180,09;865,30;180,05;810,68;853,87;77,87;0,51
4215;0,00;0,00;0,00;0,00;49,01;0,00;71,00;80,02;32,60;180,08;864,25;180,03;810,41;852,79;77,87;0,51
4220;0,00;0,00;0,00;0,00;49,00;0,00;71,01;80,00;32,62;180,05;861,11;180,03;810,09;851,59;77,87;0,51
4225;0,00;0,00;0,00;0,00;49,00;0,00;71,00;80,00;32,59;180,05;859,42;180,04;809,32;848,84;77,87;0,51
4230;0,00;0,00;0,00;0,00;49,00;0,00;71,00;80,02;32,60;180,08;857,64;180,08;809,15;847,90;77,87;0,51
4235;0,00;0,00;0,00;0,00;49,00;0,00;71,00;79,98;32,62;180,10;858,08;180,10;809,46;847,94;77,87;0,51
4240;0,00;0,00;0,00;0,00;49,00;0,00;71,00;80,00;32,60;180,12;861,22;180,16;809,88;849,00;77,87;0,51
4245;0,00;0,00;0,00;0,00;49,00;0,00;71,02;80,00;32,60;180,12;863,20;180,18;810,76;852,02;77,87;0,51
4250;0,00;0,00;0,00;0,00;48,99;0,00;71,00;80,03;32,61;180,08;865,80;180,23;810,95;853,26;77,87;0,51
4255;0,00;0,00;0,00;0,00;49,00;0,00;71,00;79,98;32,61;180,06;865,95;180,24;811,02;854,21;77,87;0,51
4260;0,00;0,00;0,00;0,00;49,00;0,00;71,00;80,03;32,64;180,04;864,37;180,26;810,70;853,81;77,87;0,51
4265;0,00;0,00;0,00;0,00;49,00;0,00;71,02;79,98;32,64;180,04;862,89;180,26;810,36;851,70;77,87;0,51
4270;0,00;0,00;0,00;0,00;49,00;0,00;71,00;79,98;32,63;180,08;859,36;180,25;809,62;850,23;77,87;0,51
4275;0,00;0,00;0,00;0,00;49,00;0,00;71,00;80,02;32,64;180,11;858,22;180,23;809,50;848,08;77,87;0,51
4280;0,00;0,00;0,00;0,00;49,00;0,00;71,01;79,98;32,65;180,14;858,48;180,18;809,86;847,86;77,87;0,51
4285;0,00;0,00;0,00;0,00;49,00;0,00;71,01;80,02;32,64;180,13;859,88;180,14;810,30;849,53;77,87;0,51
4290;0,00;0,00;0,00;0,00;49,00;0,00;71,00;80,02;32,65;180,10;863,74;180,10;811,13;851,05;77,87;0,51
4295;0,00;0,00;0,00;0,00;48,99;0,00;70,98;80,02;32,65;180,07;865,21;180,07;811,30;853,70;77,87;0,51
4300;0,00;0,00;0,00;0,00;49,00;0,00;71,01;79,97;32,65;180,05;866,01;180,04;811,31;854,34;77,87;0,51
4305;0,00;0,00;0,00;0,00;49,00;0,00;70,99;80,02;32,65;180,04;865,32;180,03;811,17;853,85;77,87;0,51
4310;0,00;0,00;0,00;0,00;49,00;0,00;71,02;80,00;32,65;180,07;862,55;180,04;810,53;852,83;77,87;0,51
4315;0,00;0,00;0,00;0,00;49,01;0,00;71,00;79,98;32,64;180,09;860,82;180,04;810,12;850,11;77,87;0,51
4320;0,00;0,00;0,00;0,00;49,00;0,00;71,02;79,98;32,65;180,12;858,28;180,08;809,79;848,93;77,87;0,51
4325;0,00;0,00;0,00;0,00;49,00;0,00;71,00;79,97;32,65;180,10;858,22;180,10;809,93;848,24;77,87;0,51
4330;0,00;0,00;0,00;0,00;48,99;0,00;71,00;79,98;32,65;180,10;860,64;180,15;810,73;848,97;77,87;0,51
4335;0,00;0,00;0,00;0,00;49,00;0,00;71,01;79,98;32,66;180,10;862,74;180,18;811,18;851,81;77,87;0,51
4340;0,00;0,00;0,00;0,00;49,00;0,00;71,02;79,97;32,65;180,11;865,76;180,24;811,55;854,18;77,87;0,51
4345;0,00;0,00;0,00;0,00;48,99;0,00;71,00;80,00;32,65;180,08;866,28;180,26;811,57;854,64;77,87;0,51
4350;0,00;0,00;0,00;0,00;49,00;0,00;71,00;79,98;32,65;180,08;865,20;180,28;811,34;853,83;77,87;0,51
4355;0,00;0,00;0,00;0,00;48,99;0,00;71,00;79,98;32,67;180,07;863,89;180,27;811,06;852,78;77,87;0,51
4360;0,00;0,00;0,00;0,00;48,99;0,00;71,00;80,05;32,65;180,09;860,51;180,25;810,25;849,98;77,87;0,51
4365;0,00;0,00;0,00;0,00;49,00;0,00;71,00;80,00;32,65;180,10;859,01;180,23;810,02;848,90;77,87;0,51
4370;0,00;0,00;0,00;0,00;49,00;0,00;71,03;79,97;32,67;180,11;858,49;180,17;810,19;848,55;77,87;0,51
4375;0,00;0,00;0,00;0,00;49,00;0,00;70,97;80,00;32,64;180,13;859,55;180,15;810,57;849,49;77,87;0,51
4380;0,00;0,00;0,00;0,00;48,99;0,00;71,01;80,02;32,67;180,13;863,41;180,10;811,47;852,44;77,87;0,51
4385;0,00;0,00;0,00;0,00;48,99;0,00;71,01;80,02;32,66;180,12;865,09;180,07;811,70;853,74;77,87;0,51
4390;0,00;0,00;0,00;0,00;49,00;0,00;71,00;80,00;32,64;180,11;866,49;180,05;811,78;854,91;77,87;0,51
4395;0,00;0,00;0,00;0,00;49,00;0,00;70,98;79,97;32,66;180,07;866,13;180,05;811,70;854,63;77,87;0,51
4400;0,00;0,00;0,00;0,00;49,00;0,00;71,01;79,98;32,65;180,07;863,69;180,06;811,18;852,67;77,87;0,51
4405;0,00;0,00;0,00;0,00;49,00;0,00;70,99;80,02;32,65;180,08;861,99;180,07;810,77;851,31;77,87;0,51
4410;0,00;0,00;0,00;0,00;48,99;0,00;71,00;80,02;32,66;180,09;859,03;180,10;810,22;848,97;77,87;0,51
4415;0,00;0,00;0,00;0,00;49,00;0,00;70,97;80,02;32,66;180,11;858,87;180,13;810,25;848,60;77,87;0,51
4420;0,00;0,00;0,00;0,00;49,00;0,00;71,01;79,98;32,66;180,12;860,13;180,17;810,89;849,99;77,87;0,51
4425;0,00;0,00;0,00;0,00;49,01;0,00;71,00;80,02;32,67;180,15;863,95;180,19;811,39;851,46;77,87;0,51
4430;0,00;0,00;0,00;0,00;48,99;0,00;71,01;80,00;32,65;180,13;865,64;180,23;811,97;854,28;77,87;0,51
4435;0,00;0,00;0,00;0,00;49,00;0,00;71,03;80,00;32,67;180,08;866,67;180,24;812,04;855,01;77,87;0,51
4440;0,00;0,00;0,00;0,00;49,00;0,00;71,02;79,98;32,66;180,05;866,11;180,25;811,91;854,74;77,87;0,51
4445;0,00;0,00;0,00;0,00;49,00;0,00;71,00;80,03;32,68;180,05;863,51;180,26;811,69;853,84;77,87;0,51
4450;0,00;0,00;0,00;0,00;49,00;0,00;71,01;80,03;32,66;180,08;861,78;180,24;810,90;851,11;77,87;0,51
4455;0,00;0,00;0,00;0,00;49,00;0,00;71,00;79,98;32,68;180,12;858,91;180,22;810,57;849,83;77,87;0,51
4460;0,00;0,00;0,00;0,00;49,00;0,00;71,00;80,00;32,67;180,14;858,62;180,18;810,54;848,81;77,87;0,51
4465;0,00;0,00;0,00;0,00;49,00;0,00;71,00;80,00;32,67;180,14;860,77;180,16;810,81;849,36;77,87;0,51
4470;0,00;0,00;0,00;0,00;49,00;0,00;70,99;79,97;32,67;180,13;862,71;180,12;811,73;852,11;77,87;0,51
4475;0,00;0,00;0,00;0,00;49,01;0,00;71,00;79,98;32,69;180,09;866,04;180,10;812,06;853,57;77,87;0,51
4480;0,00;0,00;0,00;0,00;49,00;0,00;71,01;80,02;32,67;180,08;866,82;180,08;812,26;855,32;77,87;0,51
4485;0,00;0,00;0,00;0,00;49,00;0,00;71,00;80,00;32,69;180,06;866,72;180,07;812,21;855,29;77,87;0,51
4490;0,00;0,00;0,00;0,00;48,99;0,00;71,00;79,97;32,68;180,08;864,78;180,08;811,80;853,69;77,87;0,51
4495;0,00;0,00;0,00;0,00;49,00;0,00;71,00;80,02;32,70;180,11;863,08;180,09;811,41;852,30;77,87;0,51
4500;0,00;0,00;0,00;0,00;49,01;0,00;71,00;80,00;32,67;180,14;859,78;180,13;810,70;849,70;77,87;0,51
4505;0,00;0,00;0,00;0,00;49,00;0,00;71,01;80,00;32,69;180,15;858,84;180,15;810,64;849,04;77,87;0,51
4510;0,00;0,00;0,00;0,00;48,99;0,00;71,00;80,02;32,68;180,14;859,74;180,20;811,11;849,81;77,87;0,51
4515;0,00;0,00;0,00;0,00;49,00;0,00;71,00;80,02;32,70;180,10;863,40;180,22;811,59;851,21;77,87;0,51
4520;0,00;0,00;0,00;0,00;49,01;0,00;71,02;80,02;32,68;180,08;865,33;180,26;812,32;854,19;77,87;0,51
4525;0,00;0,00;0,00;0,00;49,01;0,00;71,00;79,98;32,69;180,07;867,03;180,26;812,44;855,16;77,87;0,51
4530;0,00;0,00;0,00;0,00;49,00;0,00;71,01;80,00;32,70;180,10;866,77;180,26;812,40;855,41;77,87;0,51
4535;0,00;0,00;0,00;0,00;49,00;0,00;71,02;80,02;32,69;180,13;864,58;180,25;812,24;854,73;77,87;0,51
4540;0,00;0,00;0,00;0,00;48,99;0,00;71,00;80,00;32,69;180,14;862,92;180,22;811,54;852,25;77,87;0,51
4545;0,00;0,00;0,00;0,00;49,00;0,00;71,00;80,02;32,72;180,13;859,64;180,20;811,13;850,76;77,87;0,51
4550;0,00;0,00;0,00;0,00;49,00;0,00;71,00;80,00;32,71;180,11;858,92;180,16;810,89;849,18;77,87;0,51
4555;0,00;0,00;0,00;0,00;49,01;0,00;71,00;80,02;32,71;180,09;860,24;180,14;811,07;849,35;77,87;0,51
4560;0,00;0,00;0,00;0,00;49,00;0,00;71,00;80,00;32,70;180,08;862,03;180,13;811,93;851,72;77,87;0,51
4565;0,00;0,00;0,00;0,00;48,99;0,00;70,99;80,00;32,72;180,10;865,70;180,13;812,34;853,30;77,87;0,51
4570;0,00;0,00;0,00;0,00;49,00;0,00;71,01;79,97;32,72;180,11;866,84;180,14;812,63;855,45;77,87;0,51
4575;0,00;0,00;0,00;0,00;49,00;0,00;70,97;79,98;32,71;180,13;866,73;180,15;812,63;855,73;77,87;0,51
4580;0,00;0,00;0,00;0,00;49,00;0,00;71,00;80,00;32,71;180,11;865,77;180,16;812,34;854,64;77,87;0,51
4585;0,00;0,00;0,00;0,00;49,00;0,00;71,02;80,03;32,73;180,09;862,54;180,17;812,02;853,45;77,87;0,51
4590;0,00;0,00;0,00;0,00;48,99;0,00;71,02;79,98;32,71;180,07;860,84;180,20;811,22;850,69;77,87;0,51
4595;0,00;0,00;0,00;0,00;49,00;0,00;71,01;80,02;32,72;180,08;859,05;180,21;811,03;849,73;77,87;0,51
4600;0,00;0,00;0,00;0,00;48,99;0,00;70,97;79,98;32,72;180,09;859,42;180,23;811,28;849,73;77,87;0,51
4605;0,00;0,00;0,00;0,00;49,00;0,00;71,02;79,97;32,72;180,12;862,64;180,24;811,67;850,78;77,87;0,51
4610;0,00;0,00;0,00;0,00;49,00;0,00;71,00;80,00;32,71;180,14;864,56;180,24;812,51;853,73;77,87;0,51
4615;0,00;0,00;0,00;0,00;49,00;0,00;71,00;80,00;32,71;180,13;866,99;180,24;812,68;854,90;77,87;0,51
4620;0,00;0,00;0,00;0,00;49,00;0,00;71,00;80,05;32,73;180,11;867,15;180,24;812,73;855,81;77,87;0,51
4625;0,00;0,00;0,00;0,00;49,00;0,00;71,00;80,00;32,70;180,08;865,51;180,22;812,61;855,41;77,87;0,51
4630;0,00;0,00;0,00;0,00;49,00;0,00;71,00;80,02;32,72;180,06;864,03;180,20;812,04;853,28;77,87;0,51
4635;0,00;0,00;0,00;0,00;49,00;0,00;71,01;80,02;32,73;180,08;860,67;180,17;811,61;851,86;77,87;0,51
4640;0,00;0,00;0,00;0,00;49,00;0,00;71,00;80,02;32,75;180,09;859,45;180,16;811,12;849,73;77,87;0,51
4645;0,00;0,00;0,00;0,00;49,00;0,00;70,98;80,02;32,74;180,12;859,75;180,14;811,19;849,51;77,87;0,51
4650;0,00;0,00;0,00;0,00;49,00;0,00;71,02;80,00;32,75;180,12;861,17;180,13;811,92;851,25;77,87;0,51
4655;0,00;0,00;0,00;0,00;49,00;0,00;71,00;79,98;32,73;180,10;865,15;180,12;812,38;852,77;77,87;0,51
4660;0,00;0,00;0,00;0,00;49,00;0,00;71,00;80,02;32,76;180,09;866,55;180,12;812,86;855,35;77,87;0,52
4665;0,00;0,00;0,00;0,00;49,00;0,00;71,02;80,00;32,75;180,09;867,27;180,15;812,87;855,96;77,87;0,52
4670;0,00;0,00;0,00;0,00;49,00;0,00;71,02;80,00;32,76;180,09;866,64;180,16;812,74;855,48;77,87;0,52
4675;0,00;0,00;0,00;0,00;49,00;0,00;70,99;80,05;32,75;180,11;863,82;180,19;812,11;854,51;77,87;0,52
4680;0,00;0,00;0,00;0,00;48,99;0,00;70,98;80,00;32,76;180,11;862,07;180,21;811,68;851,77;77,87;0,52
4685;0,00;0,00;0,00;0,00;49,01;0,00;71,00;80,00;32,76;180,11;859,44;180,23;811,24;850,52;77,87;0,52
4690;0,00;0,00;0,00;0,00;49,00;0,00;71,00;80,03;32,77;180,10;859,26;180,25;811,35;849,65;77,87;0,52
4695;0,00;0,00;0,00;0,00;49,00;0,00;71,00;79,98;32,77;180,08;861,58;180,26;812,10;850,29;77,87;0,52
4700;0,00;0,00;0,00;0,00;48,99;0,00;71,01;80,00;32,76;180,08;863,57;180,25;812,56;853,15;77,87;0,52
4705;0,00;0,00;0,00;0,00;49,00;0,00;71,00;79,98;32,76;180,09;866,86;180,23;813,00;854,58;77,87;0,52
4710;0,00;0,00;0,00;0,00;49,00;0,00;71,02;80,02;32,77;180,10;867,45;180,23;813,02;856,16;77,87;0,52
4715;0,00;0,00;0,00;0,00;49,00;0,00;71,03;80,00;32,77;180,13;866,59;180,20;812,83;855,51;77,87;0,52
4720;0,00;0,00;0,00;0,00;49,00;0,00;71,00;79,98;32,77;180,13;865,37;180,17;812,55;854,47;77,87;0,52
4725;0,00;0,00;0,00;0,00;49,00;0,00;71,00;80,02;32,77;180,12;861,91;180,14;811,74;851,70;77,87;0,52
4730;0,00;0,00;0,00;0,00;49,01;0,00;71,02;79,98;32,77;180,10;860,37;180,12;811,44;850,52;77,87;0,52
4735;0,00;0,00;0,00;0,00;49,02;0,00;71,01;80,00;32,78;180,09;859,39;180,10;811,48;849,84;77,87;0,52
4740;0,00;0,00;0,00;0,00;49,00;0,00;70,99;80,00;32,77;180,09;860,31;180,10;811,80;850,57;77,87;0,52
4745;0,00;0,00;0,00;0,00;49,00;0,00;71,00;80,02;32,79;180,10;863,92;180,10;812,71;853,43;77,87;0,52
4750;0,00;0,00;0,00;0,00;49,00;0,00;71,00;80,03;32,77;180,10;865,72;180,11;812,97;854,82;77,87;0,52
4755;0,00;0,00;0,00;0,00;49,00;0,00;71,00;80,00;32,77;180,10;867,52;180,14;813,12;856,29;77,87;0,52
4760;0,00;0,00;0,00;0,00;48,99;0,00;70,98;79,98;32,78;180,11;867,32;180,15;813,06;856,18;77,87;0,52
4765;0,00;0,00;0,00;0,00;49,01;0,00;71,02;79,98;32,77;180,12;865,24;180,19;812,63;854,48;77,87;0,52
4770;0,00;0,00;0,00;0,00;49,00;0,00;71,02;80,00;32,79;180,10;861,89;180,21;812,22;853,11;77,87;0,52
4775;0,00;0,00;0,00;0,00;48,99;0,00;71,00;79,97;32,77;180,09;860,36;180,23;811,52;850,53;77,87;0,52
4780;0,00;0,00;0,00;0,00;49,00;0,00;70,99;80,02;32,79;180,07;859,48;180,24;811,46;849,90;77,87;0,52
4785;0,00;0,00;0,00;0,00;49,00;0,00;70,99;80,03;32,78;180,08;860,41;180,24;811,94;850,78;77,87;0,52
4790;0,00;0,00;0,00;0,00;49,00;0,00;71,00;80,00;32,78;180,10;862,22;180,24;812,43;852,24;77,87;0,52
4795;0,00;0,00;0,00;0,00;49,00;0,00;71,00;79,98;32,79;180,11;866,14;180,23;813,12;855,17;77,87;0,52
4800;0,00;0,00;0,00;0,00;49,00;0,00;71,00;79,98;32,79;180,10;867,72;180,22;813,24;856,11;77,87;0,52
4805;0,00;0,00;0,00;0,00;49,00;0,00;71,00;79,97;32,78;180,11;867,45;180,20;813,20;856,31;77,87;0,52
4810;0,00;0,00;0,00;0,00;49,00;0,00;71,00;80,03;32,78;180,10;865,16;180,18;813,04;855,62;77,87;0,52
4815;0,00;0,00;0,00;0,00;49,01;0,00;70,99;80,00;32,79;180,09;863,50;180,16;812,32;853,10;77,87;0,52
4820;0,00;0,00;0,00;0,00;48,99;0,00;71,00;80,02;32,79;180,07;860,30;180,14;811,91;851,68;77,87;0,52
4825;0,00;0,00;0,00;0,00;48,99;0,00;70,99;80,00;32,79;180,08;859,48;180,13;811,58;849,96;77,87;0,52
4830;0,00;0,00;0,00;0,00;49,00;0,00;71,00;80,00;32,81;180,09;860,59;180,12;811,73;850,07;77,87;0,52
4835;0,00;0,00;0,00;0,00;49,00;0,00;71,00;80,02;32,82;180,10;862,31;180,11;812,53;852,30;77,87;0,52
4840;0,00;0,00;0,00;0,00;49,00;0,00;70,99;80,02;32,82;180,11;866,12;180,11;812,98;853,91;77,87;0,52
4845;0,00;0,00;0,00;0,00;49,00;0,00;71,00;79,97;32,81;180,11;867,32;180,13;813,33;856,20;77,87;0,52
4850;0,00;0,00;0,00;0,00;49,00;0,00;71,00;80,02;32,82;180,09;867,50;180,16;813,35;856,61;77,87;0,52
4855;0,00;0,00;0,00;0,00;49,00;0,00;71,00;80,00;32,82;180,08;866,63;180,17;813,12;855,74;77,87;0,52
4860;0,00;0,00;0,00;0,00;49,00;0,00;71,00;80,00;32,82;180,06;863,68;180,19;812,82;854,63;77,87;0,52
4865;0,00;0,00;0,00;0,00;49,00;0,00;71,00;80,02;32,83;180,06;861,93;180,20;812,00;851,79;77,87;0,52
4870;0,00;0,00;0,00;0,00;48,99;0,00;71,02;80,00;32,83;180,09;859,60;180,21;811,72;850,70;77,87;0,52
4875;0,00;0,00;0,00;0,00;48,99;0,00;70,97;80,00;32,83;180,10;859,70;180,21;811,84;850,25;77,87;0,52
4880;0,00;0,00;0,00;0,00;49,00;0,00;71,00;80,00;32,81;180,11;862,40;180,20;812,17;851,08;77,87;0,52
4885;0,00;0,00;0,00;0,00;49,01;0,00;71,00;80,02;32,83;180,12;864,52;180,18;813,05;854,04;77,87;0,52
4890;0,00;0,00;0,00;0,00;49,00;0,00;71,01;80,02;32,83;180,12;867,38;180,16;813,29;855,38;77,87;0,52
4895;0,00;0,00;0,00;0,00;49,00;0,00;71,01;80,02;32,83;180,11;867,77;180,14;813,40;856,63;77,87;0,52
4900;0,00;0,00;0,00;0,00;48,99;0,00;71,01;80,05;32,84;180,08;866,59;180,11;813,14;856,43;77,87;0,52
4905;0,00;0,00;0,00;0,00;49,00;0,00;71,00;80,00;32,84;180,06;865,27;180,10;812,84;854,59;77,87;0,52
4910;0,00;0,00;0,00;0,00;49,01;0,00;71,01;79,98;32,83;180,07;861,78;180,09;812,01;853,21;77,87;0,52
4915;0,00;0,00;0,00;0,00;49,00;0,00;71,00;79,98;32,81;180,08;860,40;180,08;811,77;850,74;77,87;0,52
4920;0,00;0,00;0,00;0,00;49,00;0,00;71,01;79,98;32,81;180,11;859,85;180,10;811,91;850,23;77,87;0,52
4925;0,00;0,00;0,00;0,00;49,00;0,00;70,99;80,02;32,82;180,13;861,00;180,10;812,27;851,36;77,87;0,52
4930;0,00;0,00;0,00;0,00;49,00;0,00;71,00;80,02;32,82;180,11;864,75;180,13;813,13;852,77;77,87;0,52
4935;0,00;0,00;0,00;0,00;49,00;0,00;71,00;80,03;32,81;180,10;866,42;180,15;813,36;855,60;77,87;0,52
4940;0,00;0,00;0,00;0,00;48,99;0,00;71,00;80,00;32,81;180,07;867,85;180,19;813,46;856,49;77,87;0,52
4945;0,00;0,00;0,00;0,00;49,00;0,00;71,00;79,97;32,81;180,07;867,41;180,20;813,38;856,44;77,87;0,52
4950;0,00;0,00;0,00;0,00;49,00;0,00;71,00;80,00;32,81;180,10;865,03;180,22;812,86;855,65;77,87;0,52
4955;0,00;0,00;0,00;0,00;49,00;0,00;71,00;80,02;32,80;180,12;863,35;180,23;812,42;853,04;77,87;0,52
4960;0,00;0,00;0,00;0,00;49,00;0,00;71,00;80,00;32,80;180,13;860,20;180,24;811,79;851,68;77,87;0,52
4965;0,00;0,00;0,00;0,00;49,01;0,00;71,01;79,98;32,81;180,12;859,65;180,24;811,80;850,26;77,87;0,52
4970;0,00;0,00;0,00;0,00;49,00;0,00;71,03;80,00;32,81;180,10;861,33;180,23;812,41;850,59;77,87;0,52
4975;0,00;0,00;0,00;0,00;49,00;0,00;71,01;80,00;32,82;180,09;863,20;180,22;812,87;853,10;77,87;0,52
4980;0,00;0,00;0,00;0,00;48,99;0,00;71,00;79,97;32,82;180,09;866,75;180,19;813,43;855,86;77,87;0,52
4985;0,00;0,00;0,00;0,00;49,00;0,00;71,00;80,02;32,82;180,08;867,68;180,18;813,51;856,63;77,87;0,52
4990;0,00;0,00;0,00;0,00;49,01;0,00;71,00;80,02;32,82;180,07;867,37;180,15;813,40;856,82;77,87;0,52
4995;0,00;0,00;0,00;0,00;49,00;0,00;71,00;80,03;32,83;180,07;866,24;180,14;813,19;855,53;77,87;0,52
5000;0,00;0,00;0,00;0,00;49,00;0,00;71,00;79,98;32,82;180,08;863,06;180,12;812,40;854,28;77,87;0,52
5005;0,00;0,00;0,00;0,00;49,00;0,00;71,00;79,98;32,83;180,08;861,39;180,10;812,02;851,53;77,87;0,52
5010;0,00;0,00;0,00;0,00;49,00;0,00;71,01;80,00;32,83;180,12;859,69;180,10;811,88;850,62;77,87;0,52
5015;0,00;0,00;0,00;0,00;49,00;0,00;71,00;79,98;32,84;180,14;860,20;180,09;812,11;850,80;77,87;0,52
5020;0,00;0,00;0,00;0,00;49,00;0,00;71,00;80,00;32,83;180,12;863,44;180,11;812,98;853,41;77,87;0,52
5025;0,00;0,00;0,00;0,00;49,00;0,00;71,00;80,03;32,84;180,09;865,52;180,13;813,32;854,90;77,87;0,53
5030;0,00;0,00;0,00;0,00;49,00;0,00;71,00;79,98;32,84;180,07;867,82;180,15;813,56;856,78;77,87;0,53
5035;0,00;0,00;0,00;0,00;49,01;0,00;71,00;80,02;32,85;180,07;867,89;180,17;813,54;856,87;77,87;0,53
5040;0,00;0,00;0,00;0,00;48,99;0,00;70,99;80,00;32,84;180,08;866,13;180,21;813,18;855,49;77,87;0,53
5045;0,00;0,00;0,00;0,00;49,00;0,00;71,00;79,97;32,84;180,09;864,63;180,22;812,84;854,22;77,87;0,53
5050;0,00;0,00;0,00;0,00;49,00;0,00;71,01;80,00;32,84;180,10;861,29;180,22;812,05;851,55;77,87;0,53
5055;0,00;0,00;0,00;0,00;48,99;0,00;71,01;80,02;32,84;180,10;860,15;180,22;811,89;850,68;77,87;0,53
5060;0,00;0,00;0,00;0,00;48,99;0,00;71,00;80,02;32,86;180,08;860,43;180,20;812,19;851,01;77,87;0,53
5065;0,00;0,00;0,00;0,00;49,00;0,00;71,01;79,98;32,87;180,08;861,88;180,19;812,62;852,19;77,87;0,53
5070;0,00;0,00;0,00;0,00;49,00;0,00;71,00;79,98;32,87;180,08;865,70;180,17;813,41;855,12;77,87;0,53
5075;0,00;0,00;0,00;0,00;49,00;0,00;71,00;80,00;32,86;180,09;867,91;180,15;813,57;856,26;77,87;0,53
5080;0,00;0,00;0,00;0,00;48,99;0,00;71,00;80,02;32,88;180,09;867,94;180,13;813,61;856,96;77,87;0,53
5085;0,00;0,00;0,00;0,00;49,01;0,00;71,00;80,00;32,88;180,12;866,13;180,13;813,49;856,47;77,87;0,53
5090;0,00;0,00;0,00;0,00;49,00;0,00;71,00;80,00;32,89;180,12;864,62;180,12;812,88;854,19;77,87;0,53
5095;0,00;0,00;0,00;0,00;49,00;0,00;71,02;79,98;32,88;180,10;861,14;180,11;812,45;852,77;77,87;0,53
5100;0,00;0,00;0,00;0,00;49,01;0,00;71,00;79,98;32,88;180,08;860,06;180,12;811,95;850,68;77,87;0,53
5105;0,00;0,00;0,00;0,00;48,99;0,00;70,98;80,03;32,89;180,04;860,46;180,13;812,02;850,52;77,87;0,53
5110;0,00;0,00;0,00;0,00;48,99;0,00;71,01;80,02;32,89;180,04;861,93;180,15;812,72;852,33;77,87;0,53
5115;0,00;0,00;0,00;0,00;49,00;0,00;71,02;79,97;32,89;180,06;865,93;180,16;813,17;853,86;77,87;0,53
5120;0,00;0,00;0,00;0,00;49,00;0,00;71,01;79,98;32,89;180,09;867,32;180,18;813,64;856,41;77,87;0,53
5125;0,00;0,00;0,00;0,00;49,00;0,00;71,00;80,00;32,89;180,12;867,96;180,19;813,68;857,01;77,87;0,53
5130;0,00;0,00;0,00;0,00;49,00;0,00;71,00;80,02;32,88;180,13;867,30;180,19;813,53;856,48;77,87;0,53
5135;0,00;0,00;0,00;0,00;49,00;0,00;71,00;80,00;32,89;180,11;864,49;180,18;813,28;855,46;77,87;0,53
5140;0,00;0,00;0,00;0,00;49,01;0,00;71,00;80,00;32,90;180,09;862,75;180,18;812,47;852,76;77,87;0,53
5145;0,00;0,00;0,00;0,00;49,00;0,00;71,00;80,00;32,90;180,06;860,15;180,17;812,14;851,54;77,87;0,53
5150;0,00;0,00;0,00;0,00;49,00;0,00;71,00;80,03;32,89;180,05;859,95;180,15;812,11;850,68;77,87;0,53
5155;0,00;0,00;0,00;0,00;48,98;0,00;70,99;80,02;32,90;180,08;862,30;180,13;812,40;851,33;77,87;0,53
5160;0,00;0,00;0,00;0,00;48,99;0,00;71,01;80,00;32,88;180,09;864,24;180,13;813,27;854,11;77,87;0,53
5165;0,00;0,00;0,00;0,00;49,01;0,00;71,01;79,98;32,90;180,11;867,45;180,10;813,55;855,51;77,87;0,53
5170;0,00;0,00;0,00;0,00;49,00;0,00;71,00;79,98;32,90;180,11;868,00;180,10;813,71;857,04;77,87;0,53
5175;0,00;0,00;0,00;0,00;49,00;0,00;71,00;80,00;32,90;180,08;867,07;180,10;813,65;856,95;77,87;0,53
5180;0,00;0,00;0,00;0,00;48,99;0,00;71,00;80,02;32,91;180,08;865,73;180,10;813,22;855,29;77,87;0,53
5185;0,00;0,00;0,00;0,00;49,00;0,00;71,00;80,00;32,91;180,08;862,42;180,12;812,40;853,91;77,87;0,53
5190;0,00;0,00;0,00;0,00;49,00;0,00;70,99;79,98;32,91;180,08;860,94;180,13;812,11;851,36;77,87;0,53
5195;0,00;0,00;0,00;0,00;49,00;0,00;70,98;80,02;32,92;180,08;860,13;180,15;812,17;850,77;77,87;0,53
5200;0,00;0,00;0,00;0,00;49,00;0,00;71,02;80,02;32,91;180,08;861,11;180,15;812,51;851,67;77,87;0,53
5205;0,00;0,00;0,00;0,00;49,00;0,00;71,01;80,00;32,90;180,08;864,74;180,17;813,37;853,04;77,87;0,53
5210;0,00;0,00;0,00;0,00;49,00;0,00;71,00;79,98;32,92;180,08;866,59;180,18;813,62;855,88;77,87;0,53
5215;0,00;0,00;0,00;0,00;49,00;0,00;71,03;79,98;32,91;180,09;868,08;180,19;813,75;856,79;77,87;0,53
5220;0,00;0,00;0,00;0,00;49,00;0,00;71,00;79,98;32,92;180,09;867,78;180,20;813,67;856,95;77,87;0,53
5225;0,00;0,00;0,00;0,00;49,00;0,00;71,00;80,02;32,93;180,07;865,60;180,18;813,21;856,24;77,87;0,53
5230;0,00;0,00;0,00;0,00;49,00;0,00;71,00;80,00;32,93;180,07;863,84;180,17;812,79;853,70;77,87;0,53
5235;0,00;0,00;0,00;0,00;48,99;0,00;71,00;80,00;32,93;180,08;860,71;180,15;812,11;851,26;77,87;0,53
5240;0,00;0,00;0,00;0,00;49,00;0,00;71,01;79,98;32,92;180,09;859,98;180,13;812,06;850,74;77,87;0,53
5245;0,00;0,00;0,00;0,00;49,00;0,00;71,02;80,00;32,93;180,09;861,31;180,11;812,57;851,86;77,87;0,53
5250;0,00;0,00;0,00;0,00;49,00;0,00;70,98;80,00;32,93;180,10;863,09;180,10;813,03;853,27;77,87;0,53
5255;0,00;0,00;0,00;0,00;49,00;0,00;71,01;80,00;32,94;180,09;866,74;180,08;813,65;856,09;77,87;0,53
5260;0,00;0,00;0,00;0,00;49,00;0,00;71,01;79,98;32,94;180,07;867,79;180,08;813,75;856,93;77,87;0,54
5265;0,00;0,00;0,00;0,00;48,99;0,00;71,00;80,00;32,94;180,06;867,71;180,09;813,67;856,92;77,87;0,54
5270;0,00;0,00;0,00;0,00;49,00;0,00;70,98;80,00;32,94;180,05;866,75;180,09;813,47;856,09;77,87;0,54
5275;0,00;0,00;0,00;0,00;49,00;0,00;71,00;80,03;32,92;180,07;863,57;180,11;812,72;853,50;77,87;0,54
5280;0,00;0,00;0,00;0,00;49,00;0,00;71,01;80,02;32,95;180,11;861,90;180,12;812,33;852,16;77,87;0,54
5285;0,00;0,00;0,00;0,00;48,99;0,00;71,01;80,03;32,94;180,12;860,01;180,15;812,11;850,80;77,87;0,54
5290;0,00;0,00;0,00;0,00;49,00;0,00;71,00;79,98;32,94;180,13;860,39;180,16;812,31;851,13;77,87;0,54
5295;0,00;0,00;0,00;0,00;49,00;0,00;71,00;80,03;32,94;180,12;863,49;180,19;813,16;853,65;77,87;0,54
5300;0,00;0,00;0,00;0,00;49,00;0,00;71,00;79,97;32,96;180,08;865,59;180,20;813,54;855,19;77,87;0,54
5305;0,00;0,00;0,00;0,00;49,00;0,00;71,00;79,97;32,95;180,06;868,02;180,21;813,81;857,16;77,87;0,54
5310;0,00;0,00;0,00;0,00;49,00;0,00;71,03;80,02;32,96;180,04;868,17;180,21;813,81;857,31;77,87;0,54
5315;0,00;0,00;0,00;0,00;48,99;0,00;71,00;80,00;32,96;180,07;866,58;180,19;813,50;856,01;77,87;0,54
5320;0,00;0,00;0,00;0,00;49,00;0,00;70,99;80,02;32,96;180,10;865,12;180,17;813,15;854,76;77,87;0,54
5325;0,00;0,00;0,00;0,00;49,00;0,00;71,00;79,98;32,96;180,11;861,65;180,13;812,33;852,00;77,87;0,54
5330;0,00;0,00;0,00;0,00;49,00;0,00;70,99;80,02;32,95;180,12;860,42;180,11;812,13;851,09;77,87;0,54
5335;0,00;0,00;0,00;0,00;48,99;0,00;71,00;80,03;32,95;180,11;860,44;180,08;812,38;851,23;77,87;0,54
5340;0,00;0,00;0,00;0,00;49,00;0,00;71,03;80,00;32,95;180,08;861,91;180,07;812,79;852,36;77,87;0,54
5345;0,00;0,00;0,00;0,00;49,01;0,00;71,00;79,98;32,95;180,07;865,75;180,05;813,61;855,35;77,87;0,54
5350;0,00;0,00;0,00;0,00;49,00;0,00;70,99;80,00;32,95;180,09;867,25;180,06;813,78;856,56;77,87;0,54
5355;0,00;0,00;0,00;0,00;48,99;0,00;71,00;80,02;32,95;180,10;868,15;180,07;813,84;857,32;77,87;0,54
5360;0,00;0,00;0,00;0,00;48,99;0,00;70,98;80,03;32,95;180,09;866,46;180,09;813,73;856,88;77,87;0,54
5365;0,00;0,00;0,00;0,00;49,00;0,00;71,01;80,02;32,95;180,07;864,98;180,13;813,14;854,68;77,87;0,54
5370;0,00;0,00;0,00;0,00;49,01;0,00;71,00;80,02;32,95;180,05;861,52;180,14;812,72;853,25;77,87;0,54
5375;0,00;0,00;0,00;0,00;49,00;0,00;71,00;79,97;32,96;180,07;860,38;180,17;812,17;851,11;77,87;0,54
5380;0,00;0,00;0,00;0,00;49,00;0,00;71,01;80,02;32,95;180,09;860,58;180,19;812,20;850,87;77,87;0,54
5385;0,00;0,00;0,00;0,00;49,00;0,00;71,02;80,03;32,96;180,09;861,99;180,20;812,84;852,50;77,87;0,54
5390;0,00;0,00;0,00;0,00;49,00;0,00;71,00;79,98;32,96;180,09;865,83;180,21;813,29;854,01;77,87;0,54
5395;0,00;0,00;0,00;0,00;49,00;0,00;71,02;80,00;32,95;180,09;867,41;180,19;813,81;856,68;77,87;0,54
5400;0,00;0,00;0,00;0,00;49,00;0,00;71,02;79,98;32,95;180,07;868,20;180,17;813,88;857,32;77,87;0,54
5405;0,00;0,00;0,00;0,00;49,00;0,00;71,00;80,02;32,95;180,06;867,54;180,11;813,74;856,91;77,87;0,54
5410;0,00;0,00;0,00;0,00;49,00;0,00;71,02;79,98;32,95;180,07;864,90;180,08;813,51;855,99;77,87;0,54
5415;0,00;0,00;0,00;0,00;49,00;0,00;71,01;79,98;32,96;180,08;863,17;180,03;812,70;853,23;77,87;0,54
5420;0,00;0,00;0,00;0,00;49,00;0,00;71,00;80,02;32,96;180,08;860,40;180,01;812,35;851,95;77,87;0,54
5425;0,00;0,00;0,00;0,00;49,00;0,00;71,00;80,00;32,96;180,08;860,05;180,00;812,22;850,91;77,87;0,54
5430;0,00;0,00;0,00;0,00;49,01;0,00;71,00;80,02;32,95;180,09;861,89;180,02;812,82;851,34;77,87;0,54
5435;0,00;0,00;0,00;0,00;49,00;0,00;71,02;80,00;32,97;180,09;863,78;180,03;813,29;853,94;77,87;0,54
5440;0,00;0,00;0,00;0,00;49,00;0,00;71,00;80,03;32,97;180,09;867,24;180,09;813,80;856,60;77,87;0,54
5445;0,00;0,00;0,00;0,00;49,00;0,00;71,00;79,98;32,97;180,05;868,11;180,11;813,87;857,29;77,87;0,55
5450;0,00;0,00;0,00;0,00;49,01;0,00;71,00;80,02;32,97;180,04;867,60;180,17;813,76;856,93;77,87;0,55
5455;0,00;0,00;0,00;0,00;49,00;0,00;71,00;80,02;32,96;180,02;866,51;180,20;813,53;856,02;77,87;0,55
5460;0,00;0,00;0,00;0,00;49,01;0,00;70,99;79,97;32,98;180,02;863,22;180,23;812,75;853,36;77,87;0,55
5465;0,00;0,00;0,00;0,00;49,00;0,00;71,00;80,02;32,97;180,05;861,60;180,24;812,38;852,08;77,87;0,55
5470;0,00;0,00;0,00;0,00;49,00;0,00;71,01;79,98;32,97;180,07;860,16;180,23;812,27;851,04;77,87;0,55
5475;0,00;0,00;0,00;0,00;48,99;0,00;71,02;80,02;32,97;180,10;860,81;180,23;812,51;851,56;77,87;0,55
5480;0,00;0,00;0,00;0,00;48,99;0,00;71,00;80,00;32,97;180,10;864,16;180,18;813,37;854,22;77,87;0,55
5485;0,00;0,00;0,00;0,00;48,99;0,00;71,00;79,98;32,98;180,08;866,00;180,16;813,67;855,67;77,87;0,55
5490;0,00;0,00;0,00;0,00;48,99;0,00;71,00;80,00;32,98;180,07;868,08;180,10;813,86;857,29;77,87;0,55
5495;0,00;0,00;0,00;0,00;49,00;0,00;71,00;79,98;32,97;180,03;868,00;180,07;813,82;857,27;77,87;0,55
5500;0,00;0,00;0,00;0,00;49,01;0,00;71,00;80,03;32,98;180,02;866,15;180,04;813,43;855,74;77,87;0,55
5505;0,00;0,00;0,00;0,00;49,00;0,00;71,01;79,98;32,98;180,04;864,61;180,02;813,06;854,45;77,87;0,55
5510;0,00;0,00;0,00;0,00;49,00;0,00;71,02;79,98;32,98;180,05;861,27;180,02;812,31;851,86;77,87;0,55
5515;0,00;0,00;0,00;0,00;49,00;0,00;71,01;80,03;32,99;180,08;860,34;180,02;812,19;851,16;77,87;0,55
5520;0,00;0,00;0,00;0,00;49,00;0,00;71,00;80,03;32,99;180,09;861,04;180,04;812,59;851,83;77,87;0,55
5525;0,00;0,00;0,00;0,00;49,00;0,00;71,00;80,02;32,99;180,10;864,69;180,06;813,03;853,11;77,87;0,55
5530;0,00;0,00;0,00;0,00;49,00;0,00;71,02;80,02;32,99;180,09;866,43;180,11;813,71;856,01;77,87;0,55
5535;0,00;0,00;0,00;0,00;49,00;0,00;70,98;80,03;33,00;180,06;868,17;180,13;813,83;856,97;77,87;0,55
5540;0,00;0,00;0,00;0,00;49,00;0,00;71,01;80,02;33,00;180,05;867,94;180,18;813,81;857,25;77,87;0,55
5545;0,00;0,00;0,00;0,00;49,00;0,00;71,00;80,02;33,01;180,04;865,88;180,20;813,66;856,61;77,87;0,55
5550;0,00;0,00;0,00;0,00;49,01;0,00;71,01;80,00;33,01;180,06;864,15;180,22;812,95;854,14;77,87;0,55
5555;0,00;0,00;0,00;0,00;49,00;0,00;71,03;80,02;33,01;180,09;860,98;180,24;812,53;852,75;77,87;0,55
5560;0,00;0,00;0,00;0,00;49,00;0,00;70,99;79,98;33,01;180,11;860,17;180,23;812,18;851,04;77,87;0,55
5565;0,00;0,00;0,00;0,00;49,00;0,00;71,02;80,00;33,01;180,11;861,31;180,21;812,31;851,16;77,87;0,55
5570;0,00;0,00;0,00;0,00;49,00;0,00;71,00;80,00;33,01;180,09;863,04;180,17;813,09;853,40;77,87;0,55
5575;0,00;0,00;0,00;0,00;49,00;0,00;71,00;80,02;33,01;180,03;866,76;180,14;813,52;854,93;77,87;0,55
5580;0,00;0,00;0,00;0,00;49,00;0,00;71,00;80,02;33,01;180,02;867,89;180,09;813,85;857,19;77,87;0,55
5585;0,00;0,00;0,00;0,00;49,00;0,00;70,98;80,02;33,02;180,05;867,95;180,08;813,89;857,52;77,87;0,55
5590;0,00;0,00;0,00;0,00;49,00;0,00;71,00;80,03;33,02;180,07;867,06;180,04;813,65;856,56;77,87;0,55
5595;0,00;0,00;0,00;0,00;49,00;0,00;71,02;80,00;33,02;180,12;863,97;180,03;813,36;855,42;77,87;0,55
5600;0,00;0,00;0,00;0,00;49,00;0,00;71,00;80,00;33,03;180,13;862,27;180,03;812,54;852,66;77,87;0,55
5605;0,00;0,00;0,00;0,00;49,00;0,00;71,00;80,02;33,02;180,12;860,20;180,04;812,28;851,58;77,87;0,55
5610;0,00;0,00;0,00;0,00;49,00;0,00;71,01;80,00;33,03;180,10;860,39;180,06;812,41;851,33;77,87;0,56
5615;0,00;0,00;0,00;0,00;49,00;0,00;71,00;80,02;33,03;180,06;863,37;180,10;812,76;852,27;77,87;0,56
5620;0,00;0,00;0,00;0,00;49,00;0,00;71,01;80,02;33,03;180,04;865,35;180,13;813,62;855,21;77,87;0,56
5625;0,00;0,00;0,00;0,00;49,00;0,00;71,01;79,98;33,03;180,03;868,04;180,18;813,84;856,50;77,87;0,56
5630;0,00;0,00;0,00;0,00;49,00;0,00;71,01;80,03;33,03;180,05;868,27;180,21;813,93;857,53;77,87;0,56
5635;0,00;0,00;0,00;0,00;49,00;0,00;71,00;80,02;33,03;180,11;866,86;180,23;813,85;857,19;77,87;0,56
5640;0,00;0,00;0,00;0,00;49,00;0,00;71,00;79,97;33,03;180,14;865,48;180,24;813,33;855,20;77,87;0,56
5645;0,00;0,00;0,00;0,00;49,01;0,00;71,02;80,00;33,03;180,15;862,02;180,24;812,91;853,81;77,87;0,56
5650;0,00;0,00;0,00;0,00;49,00;0,00;70,99;80,02;33,03;180,13;860,70;180,22;812,26;851,45;77,87;0,56
5655;0,00;0,00;0,00;0,00;49,00;0,00;71,00;79,98;33,03;180,03;860,43;180,17;812,21;851,03;77,87;0,56
5660;0,00;0,00;0,00;0,00;49,00;0,00;71,00;79,98;33,03;179,97;861,62;180,13;812,73;852,28;77,87;0,56
5665;0,00;0,00;0,00;0,00;48,99;0,00;71,00;80,00;33,03;179,94;865,33;180,05;813,54;853,69;77,87;0,56
5670;0,00;0,00;0,00;0,00;49,00;0,00;70,99;80,02;33,03;179,96;866,90;180,02;813,73;856,40;77,87;0,56
5675;0,00;0,00;0,00;0,00;49,01;0,00;71,00;80,00;33,03;180,03;868,08;179,94;813,81;857,18;77,87;0,56
5680;0,00;0,00;0,00;0,00;49,00;0,00;70,99;79,98;33,03;180,07;867,61;179,92;813,72;857,04;77,87;0,56
5685;0,00;0,00;0,00;0,00;49,00;0,00;70,97;80,02;33,03;180,09;865,22;179,89;813,19;856,23;77,87;0,56
5690;0,00;0,00;0,00;0,00;48,99;0,00;70,98;80,00;33,03;180,09;863,54;179,89;812,76;853,62;77,87;0,56
5695;0,00;0,00;0,00;0,00;49,00;0,00;71,00;80,02;33,04;180,03;860,57;179,91;812,16;852,30;77,87;0,56
5700;0,00;0,00;0,00;0,00;49,00;0,00;71,01;80,03;33,04;180,00;860,09;179,94;812,15;851,04;77,87;0,56
5705;0,00;0,00;0,00;0,00;49,00;0,00;70,98;79,98;33,04;179,99;861,85;180,00;812,70;851,41;77,87;0,56
5710;0,00;0,00;0,00;0,00;49,00;0,00;70,99;80,02;33,04;180,00;863,68;180,05;813,15;853,95;77,87;0,56
5715;0,00;0,00;0,00;0,00;49,01;0,00;71,02;80,00;33,04;180,03;867,07;180,11;813,69;855,40;77,87;0,56
5720;0,00;0,00;0,00;0,00;49,00;0,00;70,98;80,02;33,05;180,05;867,91;180,15;813,76;857,23;77,87;0,56
5725;0,00;0,00;0,00;0,00;49,00;0,00;71,00;80,02;33,04;180,06;867,44;180,19;813,65;857,34;77,87;0,56
5730;0,00;0,00;0,00;0,00;49,00;0,00;71,02;80,00;33,05;180,03;866,38;180,20;813,41;856,02;77,87;0,57
5735;0,00;0,00;0,00;0,00;49,00;0,00;71,02;80,02;33,05;179,99;863,13;180,19;812,65;853,41;77,87;0,57
5740;0,00;0,00;0,00;0,00;49,00;0,00;71,02;79,98;33,05;179,97;861,54;180,18;812,28;852,10;77,87;0,57
5745;0,00;0,00;0,00;0,00;49,00;0,00;71,01;80,00;33,05;179,97;860,09;180,11;812,14;851,06;77,87;0,57
5750;0,00;0,00;0,00;0,00;49,00;0,00;71,00;79,97;33,05;180,01;860,64;180,07;812,36;851,56;77,87;0,57
5755;0,00;0,00;0,00;0,00;49,00;0,00;71,00;79,98;33,05;180,03;863,99;179,99;813,21;854,22;77,87;0,57
5760;0,00;0,00;0,00;0,00;49,00;0,00;71,01;80,02;33,04;180,05;866,09;179,95;813,55;855,78;77,87;0,57
5765;0,00;0,00;0,00;0,00;48,99;0,00;71,00;80,00;33,05;180,04;867,46;179,91;813,70;856,92;77,87;0,57
5770;0,00;0,00;0,00;0,00;49,00;0,00;70,98;79,98;33,05;180,01;867,61;179,87;813,73;857,36;77,87;0,57
5775;0,00;0,00;0,00;0,00;49,01;0,00;70,99;80,00;33,05;179,97;866,27;179,86;813,37;855,94;77,87;0,57
5780;0,00;0,00;0,00;0,00;49,00;0,00;71,02;80,02;33,06;179,95;864,66;179,87;812,99;854,60;77,87;0,57
5785;0,00;0,00;0,00;0,00;49,00;0,00;71,00;79,97;33,06;179,95;861,07;179,91;812,15;852,98;77,87;0,57
5790;0,00;0,00;0,00;0,00;49,00;0,00;71,00;79,98;33,06;179,98;860,15;179,94;812,04;851,07;77,87;0,57
5795;0,00;0,00;0,00;0,00;49,00;0,00;70,98;79,98;33,06;180,02;860,86;180,01;812,41;851,05;77,87;0,57
5800;0,00;0,00;0,00;0,00;49,00;0,00;71,02;80,00;33,06;180,03;862,55;180,05;812,83;853,07;77,87;0,57
5805;0,00;0,00;0,00;0,00;49,00;0,00;70,98;80,00;33,06;180,01;866,23;180,11;813,51;854,57;77,87;0,57
5810;0,00;0,00;0,00;0,00;49,00;0,00;71,03;80,00;33,06;179,99;867,44;180,14;813,64;856,87;77,87;0,57
5815;0,00;0,00;0,00;0,00;49,01;0,00;71,00;79,97;33,06;179,97;867,74;180,17;813,62;857,30;77,87;0,57
5820;0,00;0,00;0,00;0,00;49,00;0,00;71,01;80,00;33,06;179,97;866,94;180,17;813,46;856,51;77,87;0,57
5825;0,00;0,00;0,00;0,00;49,00;0,00;70,98;80,02;33,07;179,98;863,98;180,15;812,80;854,08;77,87;0,57
5830;0,00;0,00;0,00;0,00;49,00;0,00;71,00;80,03;33,07;179,98;862,30;180,13;812,38;852,75;77,87;0,57
5835;0,00;0,00;0,00;0,00;48,99;0,00;71,00;80,00;33,06;179,99;860,11;180,06;812,00;851,06;77,87;0,57
5840;0,00;0,00;0,00;0,00;49,00;0,00;71,00;80,02;33,08;180,00;860,22;180,03;812,13;851,17;77,87;0,57
5845;0,00;0,00;0,00;0,00;49,00;0,00;71,00;79,98;33,08;180,01;862,89;179,95;812,88;853,37;77,87;0,57
5850;0,00;0,00;0,00;0,00;49,00;0,00;71,00;80,00;33,07;180,01;864,79;179,93;813,28;854,85;77,87;0,58
5855;0,00;0,00;0,00;0,00;49,01;0,00;70,98;80,00;33,08;180,00;867,59;179,88;813,61;856,97;77,87;0,58
5860;0,00;0,00;0,00;0,00;49,01;0,00;71,02;80,00;33,08;179,96;867,91;179,87;813,63;857,26;77,87;0,58
5865;0,00;0,00;0,00;0,00;49,00;0,00;71,00;80,00;33,09;179,95;866,66;179,87;813,38;856,25;77,87;0,58
5870;0,00;0,00;0,00;0,00;49,00;0,00;70,99;79,98;33,08;179,95;865,22;179,88;813,08;855,10;77,87;0,58
5875;0,00;0,00;0,00;0,00;49,00;0,00;70,98;80,00;33,09;179,97;861,94;179,91;812,28;852,41;77,87;0,58
5880;0,00;0,00;0,00;0,00;49,00;0,00;71,01;79,97;33,09;180,01;860,62;179,94;812,04;851,40;77,87;0,58
5885;0,00;0,00;0,00;0,00;49,00;0,00;70,99;80,00;33,09;180,02;860,29;180,00;812,17;851,24;77,87;0,58
5890;0,00;0,00;0,00;0,00;49,01;0,00;71,00;80,03;33,10;180,01;861,45;180,03;812,52;852,22;77,87;0,58
5895;0,00;0,00;0,00;0,00;49,00;0,00;71,01;80,00;33,09;179,99;865,12;180,08;813,32;855,11;77,87;0,58
5900;0,00;0,00;0,00;0,00;49,00;0,00;71,01;80,02;33,10;179,96;866,79;180,10;813,53;856,30;77,87;0,58
5905;0,00;0,00;0,00;0,00;49,01;0,00;71,00;80,02;33,10;179,94;867,87;180,12;813,61;857,24;77,87;0,58
5910;0,00;0,00;0,00;0,00;49,00;0,00;71,02;80,03;33,10;179,93;866,42;180,12;813,53;856,89;77,87;0,58
5915;0,00;0,00;0,00;0,00;48,99;0,00;70,99;79,98;33,11;179,95;864,91;180,09;812,98;854,89;77,87;0,58
5920;0,00;0,00;0,00;0,00;49,01;0,00;71,03;80,02;33,10;179,99;861,64;180,08;812,57;853,46;77,87;0,58
5925;0,00;0,00;0,00;0,00;49,00;0,00;71,00;79,98;33,11;180,00;860,41;180,02;811,97;851,28;77,87;0,58
5930;0,00;0,00;0,00;0,00;48,99;0,00;71,02;80,00;33,11;180,00;860,41;179,99;811,96;850,96;77,87;0,58
5935;0,00;0,00;0,00;0,00;48,99;0,00;71,00;80,00;33,11;179,98;861,71;179,93;812,54;852,43;77,87;0,58
5940;0,00;0,00;0,00;0,00;49,00;0,00;71,01;80,00;33,11;179,96;865,41;179,91;812,98;853,88;77,87;0,59
5945;0,00;0,00;0,00;0,00;49,00;0,00;71,00;80,00;33,12;179,95;866,98;179,88;813,50;856,46;77,87;0,59
5950;0,00;0,00;0,00;0,00;49,00;0,00;71,02;80,00;33,12;179,93;867,83;179,88;813,57;857,13;77,87;0,59
5955;0,00;0,00;0,00;0,00;49,00;0,00;70,99;80,02;33,12;179,93;867,27;179,89;813,46;856,77;77,87;0,59
5960;0,00;0,00;0,00;0,00;49,00;0,00;70,99;80,00;33,12;179,96;864,65;179,90;813,22;855,88;77,87;0,59
5965;0,00;0,00;0,00;0,00;49,00;0,00;71,00;80,00;33,12;179,98;862,97;179,93;812,44;853,26;77,87;0,59
5970;0,00;0,00;0,00;0,00;49,00;0,00;71,01;80,02;33,13;179,99;860,28;179,96;812,09;852,00;77,87;0,59
5975;0,00;0,00;0,00;0,00;49,00;0,00;71,01;79,98;33,13;179,99;859,94;180,00;811,94;850,97;77,87;0,59
5980;0,00;0,00;0,00;0,00;49,00;0,00;71,00;80,00;33,13;179,97;861,93;180,01;812,16;851,47;77,87;0,59
5985;0,00;0,00;0,00;0,00;48,99;0,00;71,02;80,02;33,13;179,96;863,84;180,04;813,01;854,14;77,87;0,59
5990;0,00;0,00;0,00;0,00;49,00;0,00;71,01;80,00;33,14;179,94;867,18;180,05;813,34;855,56;77,87;0,59
5995;0,00;0,00;0,00;0,00;49,00;0,00;70,99;80,00;33,14;179,94;867,87;180,05;813,58;857,24;77,87;0,59
6000;0,00;0,00;0,00;0,00;48,99;0,00;71,00;80,03;33,13;179,96;867,22;180,04;813,55;857,26;77,87;0,59
6005;0,00;0,00;0,00;0,00;49,00;0,00;70,99;79,98;33,14;179,98;866,11;180,02;813,21;855,82;77,87;0,59
6010;0,00;0,00;0,00;0,00;49,00;0,00;71,00;80,02;33,14;179,99;862,81;179,99;812,84;854,54;77,87;0,59
6015;0,00;0,00;0,00;0,00;49,00;0,00;71,00;80,00;33,14;179,98;861,21;179,97;812,05;851,89;77,87;0,59
6020;0,00;0,00;0,00;0,00;49,00;0,00;71,02;80,00;33,14;179,97;859,88;179,94;811,88;851,10;77,87;0,59
6025;0,00;0,00;0,00;0,00;49,00;0,00;71,00;79,98;33,15;179,95;860,49;179,93;812,16;851,50;77,87;0,60
6030;0,00;0,00;0,00;0,00;48,99;0,00;71,02;80,03;33,14;179,94;863,95;179,91;812,57;852,69;77,87;0,60
6035;0,00;0,00;0,00;0,00;49,00;0,00;71,02;79,98;33,15;179,93;865,81;179,90;813,34;855,61;77,87;0,60
6040;0,00;0,00;0,00;0,00;49,00;0,00;70,99;79,98;33,14;179,96;867,89;179,91;813,56;856,69;77,87;0,60
6045;0,00;0,00;0,00;0,00;49,01;0,00;70,98;80,00;33,14;179,97;867,86;179,92;813,56;857,30;77,87;0,60
6050;0,00;0,00;0,00;0,00;49,00;0,00;71,00;80,00;33,15;179,98;866,06;179,94;813,20;856,78;77,87;0,60
6055;0,00;0,00;0,00;0,00;48,99;0,00;71,01;80,02;33,15;179,97;864,56;179,95;812,84;854,55;77,87;0,60
6060;0,00;0,00;0,00;0,00;49,00;0,00;71,00;80,05;33,16;179,93;861,27;179,98;812,04;853,14;77,87;0,60
6065;0,00;0,00;0,00;0,00;49,01;0,00;71,00;80,00;33,15;179,93;860,09;179,99;811,87;851,08;77,87;0,60
6070;0,00;0,00;0,00;0,00;49,00;0,00;70,97;80,02;33,16;179,93;860,49;180,02;812,15;850,90;77,87;0,60
6075;0,00;0,00;0,00;0,00;49,00;0,00;71,00;80,02;33,17;179,94;861,94;180,02;812,55;852,64;77,87;0,60
6080;0,00;0,00;0,00;0,00;48,99;0,00;71,00;80,00;33,16;179,97;865,84;180,03;813,32;854,19;77,87;0,60
6085;0,00;0,00;0,00;0,00;49,00;0,00;71,01;80,02;33,15;179,98;867,20;180,03;813,49;856,71;77,88;0,60
6090;0,00;0,00;0,00;0,00;49,00;0,00;71,01;80,00;33,16;179,98;867,87;180,01;813,55;857,29;77,88;0,60
6095;0,00;0,00;0,00;0,00;48,99;0,00;71,00;79,98;33,16;179,96;867,24;180,00;813,43;856,80;77,87;0,60
6100;0,00;0,00;0,00;0,00;49,00;0,00;71,00;79,97;33,17;179,94;864,50;179,98;812,83;854,58;77,87;0,61
6105;0,00;0,00;0,00;0,00;49,00;0,00;70,99;80,02;33,17;179,94;862,82;179,97;812,41;853,18;77,87;0,61
6110;0,00;0,00;0,00;0,00;48,99;0,00;71,00;80,02;33,16;179,94;860,17;179,95;811,89;851,12;77,87;0,61
6115;0,00;0,00;0,00;0,00;49,00;0,00;71,00;79,98;33,18;179,96;859,92;179,94;811,95;850,97;77,87;0,61
6120;0,00;0,00;0,00;0,00;49,00;0,00;71,02;80,00;33,16;179,97;862,07;179,93;812,61;852,74;77,87;0,61
6125;0,00;0,00;0,00;0,00;49,00;0,00;71,00;79,97;33,17;179,97;863,96;179,93;813,05;854,22;77,87;0,61
6130;0,00;0,00;0,00;0,00;48,99;0,00;71,00;80,00;33,18;179,96;867,23;179,93;813,52;856,70;77,87;0,61
6135;0,00;0,00;0,00;0,00;49,00;0,00;70,98;80,02;33,17;179,94;867,86;179,94;813,59;857,25;77,87;0,61
6140;0,00;0,00;0,00;0,00;49,00;0,00;71,00;80,03;33,17;179,93;867,12;179,95;813,45;856,71;77,87;0,61
6145;0,00;0,00;0,00;0,00;49,00;0,00;71,00;79,98;33,16;179,92;865,97;179,95;813,21;855,71;77,87;0,61
6150;0,00;0,00;0,00;0,00;49,01;0,00;71,02;80,02;33,17;179,93;862,63;179,97;812,41;853,03;77,87;0,61
6155;0,00;0,00;0,00;0,00;49,00;0,00;71,00;80,00;33,17;179,96;860,10;179,98;812,07;851,81;77,87;0,61
6160;0,00;0,00;0,00;0,00;49,00;0,00;70,98;80,02;33,17;179,97;859,92;179,99;811,98;851,00;77,87;0,61
6165;0,00;0,00;0,00;0,00;49,00;0,00;71,00;80,00;33,17;179,98;862,25;179,99;812,24;851,65;77,87;0,61
6170;0,00;0,00;0,00;0,00;49,00;0,00;71,00;80,05;33,17;179,97;864,18;180,00;813,08;854,37;77,87;0,61
6175;0,00;0,00;0,00;0,00;48,99;0,00;71,00;80,02;33,17;179,97;867,26;180,00;813,38;855,75;77,87;0,62
6180;0,00;0,00;0,00;0,00;48,99;0,00;71,00;79,98;33,17;179,95;867,86;179,98;813,58;857,27;77,87;0,62
6185;0,00;0,00;0,00;0,00;49,01;0,00;71,02;79,98;33,17;179,93;867,00;179,97;813,55;857,22;77,87;0,62
6190;0,00;0,00;0,00;0,00;49,01;0,00;70,99;79,98;33,17;179,92;865,81;179,95;813,15;855,64;77,87;0,62
6195;0,00;0,00;0,00;0,00;49,00;0,00;71,02;80,02;33,18;179,94;862,58;179,94;812,78;854,33;77,87;0,62
6200;0,00;0,00;0,00;0,00;48,99;0,00;71,03;80,00;33,18;179,94;860,98;179,92;812,03;851,77;77,87;0,62
6205;0,00;0,00;0,00;0,00;49,01;0,00;70,99;80,02;33,18;179,95;859,97;179,92;811,89;851,08;77,87;0,62
6210;0,00;0,00;0,00;0,00;49,00;0,00;70,99;80,00;33,18;179,94;860,77;179,91;812,24;851,73;77,87;0,62
6215;0,00;0,00;0,00;0,00;49,01;0,00;71,02;80,02;33,18;179,94;864,23;179,91;812,67;852,99;77,87;0,62
6220;0,00;0,00;0,00;0,00;49,00;0,00;71,00;80,03;33,19;179,94;866,14;179,92;813,37;855,84;77,87;0,62
6225;0,00;0,00;0,00;0,00;48,99;0,00;70,98;80,03;33,20;179,94;867,87;179,93;813,51;856,83;77,88;0,62
6230;0,00;0,00;0,00;0,00;49,00;0,00;71,01;80,05;33,19;179,95;867,70;179,95;813,51;857,17;77,87;0,63
6235;0,00;0,00;0,00;0,00;49,00;0,00;71,01;80,02;33,19;179,96;865,62;179,95;813,36;856,52;77,87;0,63
6240;0,00;0,00;0,00;0,00;49,01;0,00;71,01;80,00;33,19;179,96;864,07;179,96;812,70;854,14;77,87;0,63
6245;0,00;0,00;0,00;0,00;49,00;0,00;71,02;80,00;33,20;179,96;860,82;179,97;812,29;852,78;77,87;0,63
6250;0,00;0,00;0,00;0,00;48,99;0,00;70,99;80,00;33,20;179,96;860,00;179,97;811,86;851,03;77,87;0,63
6255;0,00;0,00;0,00;0,00;49,00;0,00;71,01;80,02;33,20;179,96;860,92;179,97;811,96;851,08;77,87;0,63
6260;0,00;0,00;0,00;0,00;49,00;0,00;71,01;80,00;33,20;179,95;862,53;179,97;812,71;853,15;77,87;0,63
6265;0,00;0,00;0,00;0,00;49,00;0,00;71,02;80,00;33,20;179,94;866,32;179,96;813,37;854,65;77,87;0,63
6270;0,00;0,00;0,00;0,00;49,00;0,00;71,01;80,03;33,20;179,95;867,46;179,95;813,50;856,91;77,87;0,63
6275;0,00;0,00;0,00;0,00;49,00;0,00;71,00;80,02;33,20;179,96;867,65;179,95;813,50;857,32;77,87;0,63
6280;0,00;0,00;0,00;0,00;49,00;0,00;71,00;80,02;33,20;179,95;866,84;179,95;813,35;856,50;77,87;0,63
6285;0,00;0,00;0,00;0,00;49,00;0,00;71,00;80,02;33,21;179,95;863,88;179,96;812,67;855,44;77,87;0,63
6290;0,00;0,00;0,00;0,00;49,00;0,00;71,02;80,02;33,20;179,95;862,21;179,96;812,27;852,75;77,87;0,63
6295;0,00;0,00;0,00;0,00;49,00;0,00;71,00;79,98;33,21;179,95;860,01;179,96;811,88;851,63;77,87;0,63
6300;0,00;0,00;0,00;0,00;49,00;0,00;71,02;80,02;33,20;179,95;860,08;179,96;812,01;851,17;77,87;0,64
6305;0,00;0,00;0,00;0,00;49,00;0,00;71,00;80,05;33,20;179,95;862,66;179,95;812,75;853,30;77,87;0,64
6310;0,00;0,00;0,00;0,00;49,00;0,00;71,02;80,00;33,21;179,95;864,71;179,95;813,15;854,77;77,87;0,64
6315;0,00;0,00;0,00;0,00;49,00;0,00;71,01;79,98;33,21;179,94;867,43;179,95;813,51;856,92;77,87;0,64
6320;0,00;0,00;0,00;0,00;49,00;0,00;71,01;80,00;33,21;179,93;867,80;179,95;813,54;857,25;77,87;0,64
6325;0,00;0,00;0,00;0,00;48,99;0,00;71,00;80,05;33,20;179,93;866,58;179,95;813,31;856,33;77,87;0,64
6330;0,00;0,00;0,00;0,00;49,01;0,00;71,02;80,00;33,21;179,93;865,27;179,95;813,01;855,23;77,87;0,64
6335;0,00;0,00;0,00;0,00;49,01;0,00;71,02;80,05;33,21;179,94;862,02;179,94;812,20;852,53;77,87;0,64
6340;0,00;0,00;0,00;0,00;49,00;0,00;71,00;80,00;33,21;179,95;860,64;179,95;811,91;851,48;77,87;0,64
6345;0,00;0,00;0,00;0,00;49,00;0,00;71,00;80,03;33,22;179,96;860,04;179,94;811,98;851,14;77,88;0,64
6350;0,00;0,00;0,00;0,00;48,99;0,00;71,00;80,02;33,21;179,96;862,88;179,93;812,31;852,00;77,87;0,64
6355;0,00;0,00;0,00;0,00;49,00;0,00;71,00;80,02;33,22;179,94;864,81;179,93;813,16;854,85;77,88;0,64
6360;0,00;0,00;0,00;0,00;49,00;0,00;71,00;79,98;33,23;179,93;867,52;179,92;813,38;856,14;77,88;0,65
6365;0,00;0,00;0,00;0,00;49,00;0,00;71,00;79,98;33,23;179,92;867,88;179,92;813,54;857,32;77,87;0,65
6370;0,00;0,00;0,00;0,00;49,01;0,00;71,01;80,00;33,23;179,95;866,62;179,92;813,48;857,08;77,87;0,65
6375;0,00;0,00;0,00;0,00;48,99;0,00;71,01;80,02;33,23;179,96;865,31;179,92;813,01;855,23;77,87;0,65
6380;0,00;0,00;0,00;0,00;49,01;0,00;71,00;80,02;33,24;179,98;862,02;179,92;812,61;853,86;77,87;0,65
6385;0,00;0,00;0,00;0,00;49,00;0,00;70,98;79,98;33,24;179,98;860,63;179,93;811,91;851,49;77,88;0,65
6390;0,00;0,00;0,00;0,00;49,00;0,00;71,02;79,97;33,24;179,96;860,10;179,93;811,85;850,98;77,87;0,65
6395;0,00;0,00;0,00;0,00;49,00;0,00;70,99;79,98;33,24;179,94;861,18;179,95;812,34;852,07;77,87;0,65
6400;0,00;0,00;0,00;0,00;49,00;0,00;71,02;79,98;33,24;179,92;864,82;179,95;812,75;853,45;77,87;0,65
6405;0,00;0,00;0,00;0,00;49,00;0,00;71,00;80,02;33,25;179,92;866,46;179,96;813,40;856,19;77,88;0,65
6410;0,00;0,00;0,00;0,00;49,00;0,00;71,00;79,97;33,24;179,94;867,87;179,96;813,52;857,03;77,88;0,66
6415;0,00;0,00;0,00;0,00;49,00;0,00;71,00;80,02;33,24;179,95;867,51;179,96;813,50;857,07;77,87;0,66
6420;0,00;0,00;0,00;0,00;49,00;0,00;71,01;80,02;33,24;179,98;865,29;179,95;813,32;856,34;77,87;0,66
6425;0,00;0,00;0,00;0,00;49,00;0,00;71,03;80,02;33,25;179,98;863,67;179,95;812,63;853,90;77,88;0,66
6430;0,00;0,00;0,00;0,00;49,00;0,00;71,02;80,03;33,25;179,98;860,53;179,93;811,95;852,49;77,88;0,66
6435;0,00;0,00;0,00;0,00;49,00;0,00;71,03;80,00;33,25;179,96;859,87;179,93;811,89;850,97;77,87;0,66
6440;0,00;0,00;0,00;0,00;49,00;0,00;71,00;80,00;33,25;179,93;861,18;179,91;812,36;851,17;77,87;0,66
6445;0,00;0,00;0,00;0,00;48,99;0,00;70,98;80,02;33,26;179,93;862,90;179,91;812,82;853,46;77,88;0,66
6450;0,00;0,00;0,00;0,00;49,00;0,00;71,02;79,98;33,26;179,94;866,48;179,90;813,44;854,94;77,88;0,66
6455;0,00;0,00;0,00;0,00;49,00;0,00;70,97;79,98;33,26;179,94;867,53;179,90;813,55;857,05;77,88;0,66
6460;0,00;0,00;0,00;0,00;49,00;0,00;71,02;80,00;33,26;179,97;867,51;179,91;813,51;857,34;77,88;0,67
6465;0,00;0,00;0,00;0,00;49,00;0,00;71,00;80,02;33,26;179,97;866,60;179,92;813,34;856,34;77,87;0,67
6470;0,00;0,00;0,00;0,00;49,00;0,00;71,03;80,00;33,28;179,98;863,66;179,94;812,63;853,86;77,88;0,67
6475;0,00;0,00;0,00;0,00;49,00;0,00;71,02;80,00;33,27;179,96;861,89;179,95;812,22;852,52;77,87;0,67
6480;0,00;0,00;0,00;0,00;49,01;0,00;71,00;79,97;33,28;179,94;859,91;179,98;811,88;851,01;77,87;0,67
6485;0,00;0,00;0,00;0,00;49,00;0,00;71,00;79,98;33,27;179,91;860,11;179,98;812,01;851,20;77,87;0,67
6490;0,00;0,00;0,00;0,00;49,00;0,00;71,02;80,03;33,26;179,91;862,98;180,00;812,77;853,44;77,87;0,67
6495;0,00;0,00;0,00;0,00;49,00;0,00;71,00;80,02;33,26;179,94;864,83;180,00;813,15;854,92;77,87;0,67
6500;0,00;0,00;0,00;0,00;49,00;0,00;71,01;79,98;33,27;179,96;867,37;179,99;813,44;856,90;77,88;0,67
6505;0,00;0,00;0,00;0,00;49,00;0,00;70,98;79,98;33,27;179,98;867,64;179,98;813,45;857,14;77,88;0,68
6510;0,00;0,00;0,00;0,00;49,00;0,00;71,00;80,00;33,27;179,98;866,25;179,97;813,17;856,06;77,88;0,68
6515;0,00;0,00;0,00;0,00;48,99;0,00;71,00;80,02;33,29;179,95;864,89;179,95;812,85;854,90;77,87;0,68
6520;0,00;0,00;0,00;0,00;49,00;0,00;71,00;80,02;33,28;179,92;861,68;179,91;812,06;852,27;77,87;0,68
6525;0,00;0,00;0,00;0,00;48,99;0,00;71,00;80,00;33,29;179,90;860,36;179,90;811,82;851,34;77,88;0,68
6530;0,00;0,00;0,00;0,00;49,00;0,00;71,02;80,00;33,28;179,90;860,25;179,88;811,98;851,31;77,87;0,68
6535;0,00;0,00;0,00;0,00;49,01;0,00;70,98;79,98;33,28;179,94;863,19;179,88;812,33;852,31;77,87;0,68
6540;0,00;0,00;0,00;0,00;48,99;0,00;71,02;80,02;33,27;179,96;865,08;179,88;813,12;855,14;77,88;0,68
6545;0,00;0,00;0,00;0,00;49,00;0,00;71,00;79,98;33,28;179,99;867,52;179,89;813,32;856,31;77,88;0,68
6550;0,00;0,00;0,00;0,00;49,00;0,00;71,00;79,98;33,28;179,99;867,66;179,91;813,41;857,18;77,88;0,68
6555;0,00;0,00;0,00;0,00;49,00;0,00;71,00;80,02;33,28;179,97;866,19;179,92;813,32;856,81;77,87;0,69
6560;0,00;0,00;0,00;0,00;48,99;0,00;71,01;80,00;33,28;179,94;864,80;179,95;812,77;854,79;77,87;0,69
6565;0,00;0,00;0,00;0,00;49,00;0,00;71,00;80,02;33,28;179,91;861,43;179,96;812,35;853,41;77,87;0,69
6570;0,00;0,00;0,00;0,00;49,00;0,00;71,00;80,03;33,29;179,91;860,24;179,99;811,74;851,23;77,88;0,69
6575;0,00;0,00;0,00;0,00;49,01;0,00;71,00;80,02;33,28;179,94;860,31;179,99;811,75;850,94;77,87;0,69
6580;0,00;0,00;0,00;0,00;49,00;0,00;71,00;80,02;33,28;179,95;861,64;180,00;812,34;852,47;77,87;0,69
6585;0,00;0,00;0,00;0,00;49,00;0,00;71,02;79,98;33,29;179,97;865,37;179,99;812,79;853,87;77,87;0,69
6590;0,00;0,00;0,00;0,00;48,99;0,00;71,00;80,02;33,29;179,98;866,82;179,99;813,32;856,45;77,88;0,69
6595;0,00;0,00;0,00;0,00;49,00;0,00;71,01;80,00;33,29;179,96;867,72;179,96;813,40;857,12;77,88;0,69
6600;0,00;0,00;0,00;0,00;49,01;0,00;71,00;79,98;33,29;179,94;867,13;179,94;813,31;856,80;77,87;0,70
6605;0,00;0,00;0,00;0,00;49,00;0,00;71,01;79,98;33,30;179,91;864,62;179,92;813,10;855,93;77,87;0,70
6610;0,00;0,00;0,00;0,00;49,00;0,00;71,00;79,97;33,29;179,91;862,96;179,90;812,33;853,32;77,88;0,70
6615;0,00;0,00;0,00;0,00;49,01;0,00;71,00;80,02;33,30;179,92;860,14;179,89;811,95;852,05;77,88;0,70
6620;0,00;0,00;0,00;0,00;49,00;0,00;70,98;79,98;33,29;179,95;859,80;179,89;811,76;850,94;77,87;0,70
6625;0,00;0,00;0,00;0,00;49,00;0,00;71,01;80,00;33,29;179,96;861,71;179,89;812,38;851,40;77,87;0,70
6630;0,00;0,00;0,00;0,00;49,00;0,00;71,01;80,00;33,29;179,96;863,56;179,90;812,83;853,99;77,87;0,70
6635;0,00;0,00;0,00;0,00;49,00;0,00;71,00;80,02;33,29;179,97;866,95;179,92;813,35;855,41;77,87;0,70
6640;0,00;0,00;0,00;0,00;49,00;0,00;71,00;80,00;33,29;179,97;867,68;179,93;813,42;857,16;77,88;0,70
6645;0,00;0,00;0,00;0,00;49,00;0,00;71,00;80,00;33,30;179,97;867,12;179,96;813,30;857,24;77,88;0,71
6650;0,00;0,00;0,00;0,00;49,00;0,00;70,99;80,00;33,29;179,96;866,05;179,98;813,08;855,88;77,88;0,71
6655;0,00;0,00;0,00;0,00;49,00;0,00;71,01;80,00;33,31;179,95;862,80;180,01;812,33;854,65;77,87;0,71
6660;0,00;0,00;0,00;0,00;49,01;0,00;71,01;80,00;33,30;179,94;861,25;180,02;811,96;852,02;77,88;0,71
6665;0,00;0,00;0,00;0,00;49,01;0,00;70,97;80,00;33,29;179,92;859,84;180,03;811,80;850,98;77,88;0,71
6670;0,00;0,00;0,00;0,00;49,00;0,00;71,00;79,98;33,30;179,93;860,41;180,03;812,03;851,50;77,88;0,71
6675;0,00;0,00;0,00;0,00;49,01;0,00;71,00;79,98;33,30;179,94;863,79;180,01;812,87;854,10;77,88;0,71
6680;0,00;0,00;0,00;0,00;49,01;0,00;71,00;79,98;33,31;179,98;865,62;179,99;813,20;855,50;77,88;0,71
6685;0,00;0,00;0,00;0,00;48,99;0,00;70,98;80,02;33,30;179,99;867,67;179,96;813,43;857,17;77,88;0,71
6690;0,00;0,00;0,00;0,00;49,00;0,00;71,02;80,00;33,30;179,99;867,66;179,94;813,42;857,19;77,87;0,72
6695;0,00;0,00;0,00;0,00;49,00;0,00;71,00;79,98;33,30;179,96;865,85;179,89;813,07;855,77;77,87;0,72
6700;0,00;0,00;0,00;0,00;49,00;0,00;71,00;79,98;33,30;179,92;864,37;179,88;812,71;854,50;77,87;0,72
6705;0,00;0,00;0,00;0,00;49,00;0,00;71,00;80,00;33,31;179,91;861,18;179,86;811,94;851,92;77,88;0,72
6710;0,00;0,00;0,00;0,00;49,00;0,00;71,02;79,98;33,31;179,92;860,12;179,86;811,77;851,15;77,88;0,72
6715;0,00;0,00;0,00;0,00;49,01;0,00;71,00;80,00;33,32;179,94;860,56;179,87;812,08;851,58;77,87;0,72
6720;0,00;0,00;0,00;0,00;49,01;0,00;71,00;80,00;33,30;179,99;863,91;179,88;812,51;852,78;77,88;0,72
6725;0,00;0,00;0,00;0,00;49,00;0,00;71,03;80,02;33,31;180,00;865,73;179,92;813,24;855,64;77,88;0,72
6730;0,00;0,00;0,00;0,00;49,00;0,00;70,99;80,02;33,31;179,99;867,71;179,95;813,40;856,68;77,88;0,73
6735;0,00;0,00;0,00;0,00;49,00;0,00;71,00;79,98;33,33;179,97;867,62;179,99;813,44;857,19;77,88;0,73
6740;0,00;0,00;0,00;0,00;48,99;0,00;71,01;80,02;33,31;179,93;865,78;180,00;813,32;856,65;77,87;0,73
6745;0,00;0,00;0,00;0,00;49,00;0,00;70,98;80,02;33,31;179,92;864,27;180,03;812,73;854,40;77,88;0,73
6750;0,00;0,00;0,00;0,00;49,00;0,00;71,00;80,00;33,32;179,92;860,99;180,04;812,32;853,03;77,88;0,73
6755;0,00;0,00;0,00;0,00;49,00;0,00;71,01;80,00;33,32;179,93;860,04;180,03;811,86;851,13;77,88;0,73
6760;0,00;0,00;0,00;0,00;49,00;0,00;71,00;79,98;33,32;179,97;860,64;180,02;811,95;851,05;77,88;0,73
6765;0,00;0,00;0,00;0,00;49,00;0,00;71,00;80,00;33,33;179,99;862,15;180,00;812,66;852,91;77,88;0,73
6770;0,00;0,00;0,00;0,00;49,00;0,00;71,02;80,02;33,32;179,99;865,94;179,95;813,12;854,40;77,88;0,73
6775;0,00;0,00;0,00;0,00;49,00;0,00;71,02;80,02;33,32;179,98;867,19;179,93;813,64;856,77;77,88;0,73
6780;0,00;0,00;0,00;0,00;49,00;0,00;71,00;79,98;33,33;179,94;867,64;179,89;813,72;857,26;77,88;0,73
6785;0,00;0,00;0,00;0,00;49,00;0,00;71,00;79,98;33,33;179,93;866,93;179,88;813,63;856,63;77,87;0,73
6790;0,00;0,00;0,00;0,00;49,00;0,00;71,00;80,00;33,33;179,93;864,13;179,86;813,42;855,65;77,87;0,73
6795;0,00;0,00;0,00;0,00;49,00;0,00;71,00;80,03;33,33;179,94;862,45;179,86;812,70;852,97;77,88;0,73
6800;0,00;0,00;0,00;0,00;49,00;0,00;71,00;80,00;33,34;179,96;859,99;179,87;812,41;851,78;77,88;0,73
6805;0,00;0,00;0,00;0,00;49,01;0,00;71,00;80,03;33,34;179,97;859,84;179,88;812,44;851,02;77,88;0,73
6810;0,00;0,00;0,00;0,00;49,00;0,00;70,98;79,98;33,35;179,99;862,25;179,92;813,23;851,69;77,88;0,73
6815;0,00;0,00;0,00;0,00;49,00;0,00;71,01;80,00;33,35;179,99;864,17;179,94;813,72;854,45;77,88;0,73
6820;0,00;0,00;0,00;0,00;49,00;0,00;71,01;79,98;33,36;179,99;867,21;179,99;814,24;855,81;77,88;0,73
6825;0,00;0,00;0,00;0,00;48,99;0,00;70,99;80,02;33,36;179,97;867,78;180,01;814,34;857,30;77,88;0,73
6830;0,00;0,00;0,00;0,00;48,99;0,00;71,01;80,02;33,36;179,97;866,88;180,05;814,27;857,22;77,88;0,73
6835;0,00;0,00;0,00;0,00;49,00;0,00;71,00;80,00;33,34;179,97;865,68;180,06;814,08;855,62;77,88;0,73
6840;0,00;0,00;0,00;0,00;49,00;0,00;70,99;80,02;33,35;179,96;862,49;180,07;813,39;854,34;77,88;0,73
6845;0,00;0,00;0,00;0,00;49,01;0,00;71,00;80,02;33,35;179,96;860,89;180,06;813,13;851,80;77,88;0,73
6850;0,00;0,00;0,00;0,00;48,99;0,00;71,00;80,02;33,37;179,96;859,90;180,04;813,21;851,09;77,88;0,73
6855;0,00;0,00;0,00;0,00;49,00;0,00;71,00;80,00;33,36;179,97;860,70;180,02;813,55;851,78;77,88;0,73
6860;0,00;0,00;0,00;0,00;49,00;0,00;71,00;80,02;33,35;179,97;864,31;179,97;814,52;853,06;77,88;0,73
6865;0,00;0,00;0,00;0,00;49,00;0,00;71,02;80,00;33,36;179,97;866,06;179,95;814,85;855,93;77,88;0,73
6870;0,00;0,00;0,00;0,00;49,00;0,00;70,98;79,98;33,36;179,97;867,80;179,89;815,16;856,91;77,88;0,74
6875;0,00;0,00;0,00;0,00;49,00;0,00;71,00;80,00;33,36;179,97;867,59;179,87;815,18;857,18;77,88;0,74
6880;0,00;0,00;0,00;0,00;48,99;0,00;71,01;79,98;33,37;179,97;865,58;179,85;814,91;855,51;77,88;0,74
6885;0,00;0,00;0,00;0,00;49,00;0,00;70,98;80,00;33,36;179,98;864,04;179,84;814,59;854,22;77,88;0,74
6890;0,00;0,00;0,00;0,00;49,01;0,00;71,00;79,98;33,36;179,97;860,82;179,85;814,00;851,73;77,88;0,74
6895;0,00;0,00;0,00;0,00;49,00;0,00;71,02;80,02;33,38;179,99;859,97;179,88;813,96;851,11;77,88;0,74
6900;0,00;0,00;0,00;0,00;48,99;0,00;71,03;80,00;33,37;179,99;860,85;179,92;814,48;851,90;77,88;0,74
6905;0,00;0,00;0,00;0,00;49,02;0,00;71,01;79,97;33,37;180,00;862,45;179,94;814,98;853,19;77,88;0,74
6910;0,00;0,00;0,00;0,00;49,00;0,00;71,01;79,98;33,37;179,99;866,20;180,00;815,78;855,99;77,88;0,74
6915;0,00;0,00;0,00;0,00;49,01;0,00;70,99;80,00;33,36;179,97;867,33;180,03;815,95;856,91;77,88;0,74
6920;0,00;0,00;0,00;0,00;49,00;0,00;71,02;80,03;33,36;179,95;867,53;180,06;816,04;857,15;77,88;0,74
6925;0,00;0,00;0,00;0,00;48,99;0,00;71,01;80,02;33,37;179,94;865,40;180,06;815,94;856,50;77,88;0,74
6930;0,00;0,00;0,00;0,00;49,00;0,00;71,00;79,97;33,37;179,95;863,84;180,07;815,40;854,14;77,88;0,74
6935;0,00;0,00;0,00;0,00;49,00;0,00;71,00;80,00;33,38;179,99;860,76;180,06;815,05;852,78;77,88;0,74
6940;0,00;0,00;0,00;0,00;48,99;0,00;71,01;80,00;33,38;180,01;859,96;180,03;814,78;851,10;77,88;0,74
6945;0,00;0,00;0,00;0,00;49,00;0,00;71,00;80,02;33,38;180,02;861,00;180,00;814,95;851,20;77,88;0,74
6950;0,00;0,00;0,00;0,00;49,01;0,00;71,01;80,02;33,38;180,02;862,66;179,93;815,82;853,38;77,88;0,74
6955;0,00;0,00;0,00;0,00;49,01;0,00;71,00;80,00;33,38;179,99;866,27;179,91;816,28;854,85;77,88;0,74
6960;0,00;0,00;0,00;0,00;49,01;0,00;71,00;79,97;33,38;179,97;867,43;179,86;816,73;857,01;77,88;0,74
6965;0,00;0,00;0,00;0,00;49,01;0,00;71,00;79,97;33,38;179,96;867,48;179,84;816,82;857,34;77,88;0,74
6970;0,00;0,00;0,00;0,00;49,00;0,00;70,99;80,00;33,39;179,96;866,63;179,82;816,72;856,44;77,88;0,74
6975;0,00;0,00;0,00;0,00;49,00;0,00;70,98;80,00;33,39;179,97;863,66;179,83;816,49;855,35;77,88;0,74
6980;0,00;0,00;0,00;0,00;49,01;0,00;71,02;79,98;33,39;179,99;861,99;179,87;815,80;852,65;77,88;0,74
6985;0,00;0,00;0,00;0,00;48,99;0,00;71,00;80,00;33,40;180,00;859,94;179,90;815,59;851,63;77,88;0,74
6990;0,00;0,00;0,00;0,00;49,00;0,00;71,00;80,02;33,38;179,99;860,13;179,96;815,79;851,31;77,88;0,74
6995;0,00;0,00;0,00;0,00;48,99;0,00;70,98;79,98;33,38;179,97;862,92;180,02;816,19;852,21;77,88;0,74
7000;0,00;0,00;0,00;0,00;49,01;0,00;71,03;80,02;33,38;179,97;864,83;180,04;817,12;855,03;77,88;0,74
7005;0,00;0,00;0,00;0,00;49,00;0,00;70,98;80,02;33,41;179,96;867,47;180,08;817,39;856,27;77,88;0,74
7010;0,00;0,00;0,00;0,00;49,00;0,00;71,00;80,00;33,39;179,97;867,79;180,09;817,64;857,37;77,88;0,74
7015;0,00;0,00;0,00;0,00;49,00;0,00;71,01;80,02;33,40;179,99;866,51;180,08;817,62;857,08;77,88;0,74
7020;0,00;0,00;0,00;0,00;49,00;0,00;71,00;80,00;33,41;179,99;865,20;180,07;817,24;855,20;77,88;0,74
7025;0,00;0,00;0,00;0,00;49,00;0,00;71,00;79,97;33,39;179,99;861,84;180,03;816,89;853,90;77,88;0,74
7030;0,00;0,00;0,00;0,00;49,01;0,00;71,00;80,00;33,39;179,98;860,50;180,00;816,35;851,54;77,88;0,74
7035;0,00;0,00;0,00;0,00;49,00;0,00;71,00;80,00;33,40;179,97;860,07;179,95;816,36;851,07;77,88;0,74
7040;0,00;0,00;0,00;0,00;49,00;0,00;71,00;80,00;33,41;179,96;861,14;179,93;816,97;852,22;77,88;0,74
7045;0,00;0,00;0,00;0,00;49,00;0,00;71,00;79,97;33,40;179,95;864,95;179,90;817,92;853,65;77,88;0,74
7050;0,00;0,00;0,00;0,00;49,00;0,00;70,99;80,00;33,40;179,96;866,57;179,89;818,21;856,35;77,88;0,74
7055;0,00;0,00;0,00;0,00;49,00;0,00;71,00;80,00;33,41;179,97;867,90;179,88;818,45;857,19;77,88;0,74
7060;0,00;0,00;0,00;0,00;49,01;0,00;71,01;80,02;33,40;179,98;867,56;179,88;818,45;857,23;77,88;0,74
7065;0,00;0,00;0,00;0,00;49,00;0,00;71,03;79,97;33,40;180,00;865,27;179,91;818,11;856,50;77,88;0,74
7070;0,00;0,00;0,00;0,00;49,00;0,00;71,01;79,98;33,42;180,01;863,67;179,93;817,76;854,04;77,87;0,74
7075;0,00;0,00;0,00;0,00;49,00;0,00;70,99;80,02;33,41;180,02;860,62;179,97;817,18;851,65;77,88;0,74
7080;0,00;0,00;0,00;0,00;49,00;0,00;71,00;80,00;33,41;179,98;859,90;180,00;817,18;851,12;77,88;0,74
7085;0,00;0,00;0,00;0,00;49,00;0,00;71,02;80,00;33,42;179,97;861,02;180,04;817,75;852,13;77,88;0,74
7090;0,00;0,00;0,00;0,00;49,00;0,00;70,98;79,98;33,41;179,97;862,87;180,06;818,24;853,50;77,88;0,74
7095;0,00;0,00;0,00;0,00;49,00;0,00;71,00;80,00;33,41;179,97;866,45;180,07;818,98;856,28;77,88;0,74
7100;0,00;0,00;0,00;0,00;49,00;0,00;70,99;79,98;33,41;179,98;867,52;180,07;819,14;857,15;77,88;0,74
7105;0,00;0,00;0,00;0,00;49,00;0,00;71,01;80,02;33,42;179,99;867,57;180,05;819,22;857,25;77,88;0,74
7110;0,00;0,00;0,00;0,00;48,99;0,00;71,02;80,02;33,42;179,98;866,64;180,04;819,09;856,55;77,88;0,74
7115;0,00;0,00;0,00;0,00;49,00;0,00;71,00;79,97;33,41;179,98;863,76;180,00;818,53;854,13;77,88;0,74
7120;0,00;0,00;0,00;0,00;49,00;0,00;71,01;80,00;33,42;179,99;862,12;179,99;818,18;852,79;77,88;0,74
7125;0,00;0,00;0,00;0,00;49,00;0,00;71,02;79,98;33,42;179,99;859,99;179,94;817,94;851,20;77,88;0,74
7130;0,00;0,00;0,00;0,00;49,00;0,00;71,00;80,03;33,43;179,97;861,18;179,93;818,13;851,36;77,88;0,74
7135;0,00;0,00;0,00;0,00;49,00;0,00;70,98;80,02;33,44;179,97;862,88;179,90;819,00;853,57;77,88;0,74
7140;0,00;0,00;0,00;0,00;49,00;0,00;71,01;80,00;33,43;179,97;866,42;179,90;819,44;855,08;77,88;0,74
7145;0,00;0,00;0,00;0,00;49,01;0,00;71,00;80,00;33,43;179,97;867,52;179,91;819,87;857,16;77,88;0,74
7150;0,00;0,00;0,00;0,00;49,00;0,00;71,00;79,97;33,43;180,00;867,49;179,92;819,92;857,45;77,88;0,74
7155;0,00;0,00;0,00;0,00;49,00;0,00;71,00;80,03;33,44;179,99;866,61;179,95;819,79;856,51;77,88;0,74
7160;0,00;0,00;0,00;0,00;49,00;0,00;71,00;80,00;33,45;179,99;863,73;179,97;819,56;855,42;77,88;0,74
7165;0,00;0,00;0,00;0,00;49,00;0,00;71,00;80,02;33,43;179,97;861,96;180,00;818,86;852,73;77,88;0,74
7170;0,00;0,00;0,00;0,00;49,01;0,00;71,00;80,03;33,43;179,94;859,95;180,02;818,62;851,69;77,88;0,74
7175;0,00;0,00;0,00;0,00;49,00;0,00;71,00;80,00;33,44;179,94;860,12;180,04;818,82;851,39;77,88;0,74
7180;0,00;0,00;0,00;0,00;48,99;0,00;71,02;80,02;33,45;179,96;863,03;180,05;819,20;852,25;77,88;0,74
7185;0,00;0,00;0,00;0,00;49,00;0,00;71,00;79,97;33,44;179,98;864,94;180,05;820,11;855,10;77,88;0,74
7190;0,00;0,00;0,00;0,00;49,00;0,00;71,00;80,00;33,44;179,99;867,52;180,03;820,37;856,38;77,88;0,74
7195;0,00;0,00;0,00;0,00;49,00;0,00;71,01;80,02;33,45;180,01;867,82;180,02;820,56;857,46;77,88;0,74
7200;0,00;0,00;0,00;0,00;49,00;0,00;70,98;79,98;33,44;180,01;866,50;180,00;820,53;857,18;77,88;0,74
7205;0,00;0,00;0,00;0,00;49,00;0,00;71,01;80,02;33,44;180,00;865,18;179,98;820,15;855,32;77,88;0,74
7210;0,00;0,00;0,00;0,00;49,00;0,00;71,00;80,00;33,44;179,97;861,96;179,96;819,79;853,97;77,88;0,74
7215;0,00;0,00;0,00;0,00;49,00;0,00;71,01;80,00;33,45;179,95;860,61;179,95;819,22;851,64;77,88;0,74
7220;0,00;0,00;0,00;0,00;49,00;0,00;71,00;80,02;33,44;179,94;860,12;179,94;819,21;851,17;77,88;0,74
7225;0,00;0,00;0,00;0,00;49,00;0,00;70,98;80,03;33,45;179,96;861,17;179,94;819,76;852,25;77,88;0,74
7230;0,00;0,00;0,00;0,00;49,00;0,00;70,98;80,05;33,44;179,99;864,75;179,96;820,65;853,61;77,88;0,74
7235;0,00;0,00;0,00;0,00;49,00;0,00;71,00;80,00;33,45;180,00;866,46;179,97;820,91;856,29;77,88;0,74
7240;0,00;0,00;0,00;0,00;49,01;0,00;70,99;79,98;33,46;179,98;867,74;180,01;821,10;857,11;77,88;0,74
7245;0,00;0,00;0,00;0,00;49,01;0,00;71,02;80,03;33,47;179,96;867,39;180,02;821,07;857,14;77,88;0,74
7250;0,00;0,00;0,00;0,00;49,00;0,00;71,00;80,00;33,47;179,94;865,21;180,05;820,69;856,42;77,88;0,74
7255;0,00;0,00;0,00;0,00;48,99;0,00;70,98;80,00;33,46;179,94;863,61;180,06;820,34;853,98;77,88;0,74
7260;0,00;0,00;0,00;0,00;49,00;0,00;70,99;80,00;33,48;179,96;860,59;180,07;819,78;851,70;77,88;0,74
7265;0,00;0,00;0,00;0,00;49,00;0,00;71,01;79,98;33,47;179,98;859,97;180,06;819,79;851,24;77,88;0,74
7270;0,00;0,00;0,00;0,00;49,00;0,00;71,02;80,02;33,48;179,99;861,33;180,04;820,40;852,40;77,88;0,74
7275;0,00;0,00;0,00;0,00;48,99;0,00;71,00;80,00;33,47;179,98;863,07;180,03;820,87;853,78;77,88;0,74
7280;0,00;0,00;0,00;0,00;49,00;0,00;71,03;79,98;33,47;179,98;866,52;180,00;821,53;856,44;77,88;0,74
7285;0,00;0,00;0,00;0,00;49,01;0,00;71,02;80,02;33,47;179,96;867,56;179,98;821,65;857,23;77,88;0,74
7290;0,00;0,00;0,00;0,00;49,00;0,00;71,00;79,98;33,48;179,96;867,41;179,95;821,65;857,18;77,88;0,74
7295;0,00;0,00;0,00;0,00;49,00;0,00;70,98;79,98;33,46;179,96;866,50;179,94;821,52;856,42;77,88;0,74
7300;0,00;0,00;0,00;0,00;49,00;0,00;71,02;79,98;33,47;179,96;863,59;179,91;820,88;853,95;77,88;0,74
7305;0,00;0,00;0,00;0,00;49,01;0,00;70,98;79,98;33,48;179,97;860,50;179,91;820,52;852,62;77,88;0,74
7310;0,00;0,00;0,00;0,00;49,00;0,00;71,00;79,98;33,49;179,98;859,88;179,91;820,30;851,17;77,88;0,74
7315;0,00;0,00;0,00;0,00;48,99;0,00;71,02;80,02;33,47;179,99;861,23;179,92;820,51;851,42;77,88;0,74
7320;0,00;0,00;0,00;0,00;49,00;0,00;70,98;80,03;33,47;179,99;863,13;179,95;821,39;853,79;77,88;0,74
7325;0,00;0,00;0,00;0,00;49,00;0,00;71,01;79,98;33,47;180,00;866,66;179,96;821,80;855,27;77,88;0,74
7330;0,00;0,00;0,00;0,00;49,00;0,00;71,01;79,98;33,47;179,99;867,64;180,01;822,19;857,33;77,88;0,74
7335;0,00;0,00;0,00;0,00;49,00;0,00;70,98;80,00;33,48;179,96;867,51;180,02;822,24;857,59;77,88;0,74
7340;0,00;0,00;0,00;0,00;49,00;0,00;71,03;80,00;33,48;179,95;866,58;180,05;822,06;856,53;77,88;0,74
7345;0,00;0,00;0,00;0,00;49,00;0,00;71,01;80,00;33,48;179,95;863,66;180,06;821,80;855,41;77,88;0,74
7350;0,00;0,00;0,00;0,00;49,00;0,00;71,00;79,95;33,49;179,96;861,89;180,07;821,08;852,72;77,88;0,74
7355;0,00;0,00;0,00;0,00;49,01;0,00;70,99;79,97;33,49;179,97;859,99;180,07;820,86;851,73;77,88;0,74
7360;0,00;0,00;0,00;0,00;49,00;0,00;71,00;80,02;33,49;179,97;860,25;180,04;821,08;851,55;77,88;0,74
7365;0,00;0,00;0,00;0,00;49,00;0,00;71,00;80,02;33,48;179,98;863,11;180,02;821,47;852,50;77,88;0,74
7370;0,00;0,00;0,00;0,00;49,00;0,00;71,00;79,98;33,49;179,98;865,13;180,00;822,31;855,32;77,88;0,74
7375;0,00;0,00;0,00;0,00;49,00;0,00;71,00;79,97;33,50;179,97;867,57;179,97;822,55;856,51;77,88;0,74
7380;0,00;0,00;0,00;0,00;49,00;0,00;71,00;79,98;33,49;179,96;867,80;179,96;822,70;857,50;77,88;0,74
7385;0,00;0,00;0,00;0,00;49,00;0,00;70,97;80,00;33,49;179,95;866,48;179,94;822,65;857,18;77,88;0,74
7390;0,00;0,00;0,00;0,00;49,00;0,00;70,98;80,00;33,50;179,96;865,04;179,94;822,21;855,27;77,88;0,74
7395;0,00;0,00;0,00;0,00;49,00;0,00;70,98;80,05;33,49;179,98;861,81;179,94;821,85;853,88;77,88;0,74
7400;0,00;0,00;0,00;0,00;49,00;0,00;70,98;80,02;33,49;179,99;860,46;179,95;821,29;851,64;77,88;0,74
7405;0,00;0,00;0,00;0,00;49,01;0,00;71,00;80,02;33,50;179,97;860,30;179,97;821,31;851,27;77,88;0,74
7410;0,00;0,00;0,00;0,00;49,00;0,00;71,00;80,02;33,50;179,96;861,50;179,99;821,94;852,60;77,88;0,74
7415;0,00;0,00;0,00;0,00;49,00;0,00;71,00;80,02;33,51;179,94;865,32;180,02;822,42;854,02;77,88;0,74
7420;0,00;0,00;0,00;0,00;49,00;0,00;71,00;80,03;33,50;179,94;866,81;180,04;823,01;856,64;77,88;0,74
7425;0,00;0,00;0,00;0,00;49,00;0,00;71,03;80,00;33,52;179,97;867,84;180,06;823,13;857,37;77,88;0,74
7430;0,00;0,00;0,00;0,00;49,01;0,00;71,01;80,00;33,51;179,98;867,37;180,07;823,09;857,18;77,88;0,74
7435;0,00;0,00;0,00;0,00;49,00;0,00;70,98;79,97;33,51;179,98;864,94;180,07;822,65;856,36;77,88;0,74
7440;0,00;0,00;0,00;0,00;48,99;0,00;71,00;79,98;33,52;179,99;863,32;180,06;822,28;853,89;77,88;0,74
7445;0,00;0,00;0,00;0,00;49,00;0,00;71,01;79,98;33,52;180,00;860,52;180,04;821,75;852,62;77,88;0,74
7450;0,00;0,00;0,00;0,00;49,00;0,00;71,03;79,98;33,52;180,01;860,02;180,02;821,77;851,35;77,88;0,74
7455;0,00;0,00;0,00;0,00;49,00;0,00;71,02;80,00;33,51;179,99;861,71;179,98;822,42;851,70;77,88;0,74
7460;0,00;0,00;0,00;0,00;49,00;0,00;70,98;80,02;33,51;179,97;863,49;179,96;822,88;854,14;77,88;0,74
7465;0,00;0,00;0,00;0,00;49,00;0,00;71,00;80,00;33,51;179,97;866,85;179,94;823,46;856,68;77,88;0,74
7470;0,00;0,00;0,00;0,00;49,00;0,00;71,01;79,98;33,50;179,97;867,69;179,93;823,56;857,39;77,88;0,74
7475;0,00;0,00;0,00;0,00;49,01;0,00;71,01;80,02;33,52;179,97;867,35;179,92;823,52;857,19;77,88;0,75
7480;0,00;0,00;0,00;0,00;49,00;0,00;71,00;80,02;33,52;179,99;866,37;179,93;823,35;856,37;77,88;0,75
7485;0,00;0,00;0,00;0,00;49,00;0,00;71,00;80,02;33,52;180,00;863,27;179,95;822,67;853,86;77,88;0,74
7490;0,00;0,00;0,00;0,00;49,00;0,00;71,02;79,97;33,51;180,00;861,69;179,96;822,34;852,59;77,88;0,74
7495;0,00;0,00;0,00;0,00;49,00;0,00;71,00;80,00;33,51;179,98;860,04;180,00;822,22;851,37;77,88;0,74
7500;0,00;0,00;0,00;0,00;49,00;0,00;71,01;79,98;33,52;179,94;860,51;180,02;822,45;851,77;77,88;0,74
7505;0,00;0,00;0,00;0,00;49,00;0,00;71,01;80,02;33,52;179,93;863,63;180,06;823,34;854,24;77,88;0,75
7510;0,00;0,00;0,00;0,00;49,00;0,00;71,02;80,00;33,52;179,95;866,91;180,07;823,69;855,65;77,88;0,75
7515;0,00;0,00;0,00;0,00;49,01;0,00;71,01;80,00;33,51;179,98;867,71;180,09;823,98;857,44;77,88;0,75
7520;0,00;0,00;0,00;0,00;49,00;0,00;71,01;80,00;33,52;180,03;867,24;180,09;824,00;857,55;77,88;0,75
7525;0,00;0,00;0,00;0,00;49,00;0,00;71,00;80,02;33,53;180,03;866,21;180,09;823,74;856,28;77,88;0,75
7530;0,00;0,00;0,00;0,00;49,00;0,00;71,01;80,03;33,52;180,02;863,17;180,08;823,44;855,09;77,88;0,75
7535;0,00;0,00;0,00;0,00;49,00;0,00;70,99;80,00;33,53;180,00;861,62;180,06;822,73;852,50;77,88;0,75
7540;0,00;0,00;0,00;0,00;49,00;0,00;71,00;80,00;33,53;179,96;860,04;180,04;822,57;851,64;77,88;0,75
7545;0,00;0,00;0,00;0,00;49,00;0,00;71,00;79,97;33,53;179,95;860,56;180,00;822,88;851,84;77,88;0,75
7550;0,00;0,00;0,00;0,00;49,01;0,00;71,00;80,00;33,54;179,95;863,71;179,98;823,30;852,93;77,88;0,75
7555;0,00;0,00;0,00;0,00;49,00;0,00;71,02;79,98;33,55;179,96;865,55;179,95;824,08;855,76;77,88;0,75
7560;0,00;0,00;0,00;0,00;49,00;0,00;71,00;80,00;33,53;179,99;867,77;179,94;824,28;856,87;77,88;0,75
7565;0,00;0,00;0,00;0,00;49,01;0,00;71,00;80,02;33,53;180,00;867,81;179,94;824,39;857,57;77,88;0,75
7570;0,00;0,00;0,00;0,00;49,01;0,00;70,98;80,02;33,55;180,00;866,20;179,96;824,31;857,13;77,88;0,75
7575;0,00;0,00;0,00;0,00;48,99;0,00;71,00;80,03;33,55;180,00;864,79;179,97;823,81;855,05;77,88;0,75
7580;0,00;0,00;0,00;0,00;49,00;0,00;71,03;79,98;33,56;179,97;861,47;180,00;823,42;853,70;77,88;0,75
7585;0,00;0,00;0,00;0,00;49,00;0,00;70,99;80,02;33,56;179,96;860,35;180,02;822,93;851,59;77,88;0,75
7590;0,00;0,00;0,00;0,00;48,99;0,00;71,00;79,98;33,54;179,99;860,62;180,05;823,00;851,38;77,88;0,75
7595;0,00;0,00;0,00;0,00;49,00;0,00;71,00;80,00;33,55;180,00;862,02;180,07;823,70;853,03;77,88;0,75
7600;0,00;0,00;0,00;0,00;48,99;0,00;71,02;79,98;33,56;180,01;865,73;180,08;824,17;854,50;77,88;0,75
7605;0,00;0,00;0,00;0,00;49,00;0,00;71,02;80,02;33,57;180,01;867,11;180,10;824,67;856,98;77,88;0,75
7610;0,00;0,00;0,00;0,00;49,00;0,00;71,00;80,00;33,57;180,00;867,84;180,10;824,75;857,56;77,88;0,75
7615;0,00;0,00;0,00;0,00;48,99;0,00;71,00;79,98;33,58;179,99;867,22;180,10;824,66;857,16;77,88;0,75
7620;0,00;0,00;0,00;0,00;49,00;0,00;71,01;80,00;33,57;179,98;864,71;180,08;824,17;856,27;77,88;0,75
7625;0,00;0,00;0,00;0,00;49,00;0,00;71,02;80,02;33,57;179,98;863,06;180,07;823,77;853,70;77,88;0,75
7630;0,00;0,00;0,00;0,00;49,00;0,00;71,00;80,00;33,57;179,99;860,40;180,04;823,29;851,62;77,88;0,75
7635;0,00;0,00;0,00;0,00;49,00;0,00;70,99;80,05;33,58;180,01;860,03;180,01;823,35;851,41;77,88;0,75
7640;0,00;0,00;0,00;0,00;49,01;0,00;70,98;79,98;33,57;180,02;862,02;179,98;824,05;852,99;77,88;0,75
7645;0,00;0,00;0,00;0,00;49,00;0,00;71,00;79,98;33,57;180,04;863,89;179,97;824,49;854,45;77,88;0,75
7650;0,00;0,00;0,00;0,00;49,00;0,00;71,02;80,00;33,57;180,02;867,11;179,96;825,03;857,01;77,88;0,75
7655;0,00;0,00;0,00;0,00;49,00;0,00;71,00;80,02;33,58;179,99;867,88;179,96;825,12;857,61;77,88;0,75
7660;0,00;0,00;0,00;0,00;49,00;0,00;71,01;80,02;33,57;179,97;867,29;179,98;825,04;857,21;77,88;0,75
7665;0,00;0,00;0,00;0,00;49,01;0,00;71,00;80,00;33,58;179,97;866,23;179,99;824,85;856,32;77,88;0,75
7670;0,00;0,00;0,00;0,00;49,00;0,00;71,00;80,00;33,57;179,97;863,16;180,02;824,14;853,73;77,88;0,75
7675;0,00;0,00;0,00;0,00;49,00;0,00;71,00;80,00;33,59;179,99;861,58;180,03;823,80;852,52;77,88;0,75
7680;0,00;0,00;0,00;0,00;49,00;0,00;71,01;80,03;33,57;180,01;860,02;180,07;823,70;851,41;77,88;0,75
7685;0,00;0,00;0,00;0,00;49,00;0,00;71,02;80,02;33,58;180,00;861,92;180,08;823,96;851,87;77,88;0,75
7690;0,00;0,00;0,00;0,00;49,00;0,00;70,99;80,02;33,59;180,00;863,79;180,10;824,85;854,46;77,88;0,75
7695;0,00;0,00;0,00;0,00;49,00;0,00;71,00;80,00;33,58;179,97;867,19;180,10;825,20;855,89;77,88;0,75
7700;0,00;0,00;0,00;0,00;49,00;0,00;71,01;79,97;33,59;179,96;867,93;180,11;825,47;857,66;77,88;0,75
7705;0,00;0,00;0,00;0,00;49,00;0,00;71,01;79,98;33,59;179,97;867,42;180,10;825,48;857,75;77,88;0,75
7710;0,00;0,00;0,00;0,00;49,00;0,00;71,00;80,02;33,59;179,98;866,38;180,06;825,23;856,47;77,88;0,75
7715;0,00;0,00;0,00;0,00;49,00;0,00;71,02;80,02;33,58;180,00;863,34;180,05;824,92;855,26;77,88;0,75
7720;0,00;0,00;0,00;0,00;49,00;0,00;70,98;80,02;33,59;180,01;861,64;180,00;824,18;852,61;77,88;0,75
7725;0,00;0,00;0,00;0,00;49,00;0,00;71,00;80,00;33,59;180,03;860,05;179,97;824,01;851,72;77,88;0,75
7730;0,00;0,00;0,00;0,00;49,00;0,00;70,99;80,02;33,59;180,03;860,52;179,95;824,30;851,87;77,88;0,75
7735;0,00;0,00;0,00;0,00;49,00;0,00;71,00;80,02;33,58;180,01;863,63;179,93;824,71;852,94;77,88;0,75
7740;0,00;0,00;0,00;0,00;49,00;0,00;70,98;80,02;33,60;179,98;865,66;179,94;825,53;855,83;77,88;0,75
7745;0,00;0,00;0,00;0,00;49,01;0,00;71,00;80,02;33,60;179,96;867,85;179,96;825,72;856,96;77,88;0,75
7750;0,00;0,00;0,00;0,00;49,00;0,00;71,01;80,02;33,58;179,98;867,93;179,98;825,81;857,71;77,88;0,75
7755;0,00;0,00;0,00;0,00;49,01;0,00;70,98;80,00;33,59;180,02;866,30;180,03;825,73;857,30;77,88;0,75
7760;0,00;0,00;0,00;0,00;49,00;0,00;71,00;80,02;33,58;180,03;864,89;180,05;825,24;855,24;77,88;0,75
7765;0,00;0,00;0,00;0,00;48,99;0,00;71,00;80,03;33,60;180,04;861,68;180,08;824,86;853,90;77,88;0,75
7770;0,00;0,00;0,00;0,00;49,00;0,00;71,02;80,02;33,60;180,03;860,52;180,10;824,34;851,77;77,88;0,75
7775;0,00;0,00;0,00;0,00;49,00;0,00;71,00;79,97;33,61;179,98;860,60;180,13;824,62;851,49;77,88;0,75
7780;0,00;0,00;0,00;0,00;49,00;0,00;71,00;80,02;33,59;179,96;861,95;180,14;825,04;853,03;77,88;0,75
7785;0,00;0,00;0,00;0,00;49,00;0,00;71,00;80,03;33,61;179,96;865,63;180,16;825,84;854,45;77,88;0,75
7790;0,00;0,00;0,00;0,00;49,00;0,00;71,02;80,00;33,61;179,97;867,04;180,15;826,02;856,97;77,88;0,75
7795;0,00;0,00;0,00;0,00;49,00;0,00;70,99;79,98;33,63;179,99;867,89;180,12;826,10;857,61;77,88;0,75
7800;0,00;0,00;0,00;0,00;49,00;0,00;70,98;80,02;33,60;180,00;867,33;180,11;826,01;857,27;77,88;0,75
7805;0,00;0,00;0,00;0,00;48,99;0,00;71,00;80,02;33,61;180,00;864,90;180,06;825,52;855,22;77,88;0,75
7810;0,00;0,00;0,00;0,00;49,01;0,00;71,01;80,02;33,60;179,99;863,28;180,04;825,14;853,92;77,88;0,75
7815;0,00;0,00;0,00;0,00;49,02;0,00;70,97;79,95;33,60;179,99;860,49;179,99;824,63;851,79;77,88;0,75
7820;0,00;0,00;0,00;0,00;49,00;0,00;71,00;79,97;33,61;180,00;860,14;179,97;824,69;851,55;77,88;0,75
7825;0,00;0,00;0,00;0,00;49,00;0,00;71,01;79,98;33,61;180,00;862,13;179,94;825,37;853,16;77,88;0,75
7830;0,00;0,00;0,00;0,00;48,98;0,00;71,00;80,03;33,60;180,01;863,98;179,94;825,82;854,60;77,88;0,75
7835;0,00;0,00;0,00;0,00;48,99;0,00;71,00;80,00;33,60;180,01;867,13;179,96;826,31;857,04;77,88;0,75
7840;0,00;0,00;0,00;0,00;49,00;0,00;71,00;80,02;33,60;180,00;867,84;179,97;826,38;857,64;77,88;0,75
7845;0,00;0,00;0,00;0,00;49,00;0,00;71,00;79,98;33,59;180,00;867,23;180,01;826,27;857,20;77,88;0,75
7850;0,00;0,00;0,00;0,00;48,99;0,00;71,02;80,00;33,61;180,00;866,15;180,03;826,07;856,31;77,88;0,75
7855;0,00;0,00;0,00;0,00;48,99;0,00;71,02;80,02;33,62;179,99;863,08;180,09;825,34;853,69;77,88;0,75
7860;0,00;0,00;0,00;0,00;49,00;0,00;71,00;80,02;33,60;179,98;861,41;180,11;825,02;852,47;77,88;0,75
7865;0,00;0,00;0,00;0,00;49,01;0,00;71,00;79,98;33,61;179,97;860,06;180,14;824,93;851,49;77,88;0,75
7870;0,00;0,00;0,00;0,00;48,99;0,00;71,00;80,02;33,61;179,99;860,66;180,15;825,20;852,03;77,88;0,75
7875;0,00;0,00;0,00;0,00;49,00;0,00;71,02;80,00;33,62;180,00;863,93;180,16;826,09;854,61;77,88;0,75
7880;0,00;0,00;0,00;0,00;49,00;0,00;71,02;79,97;33,61;180,01;867,25;180,15;826,42;856,02;77,88;0,75
7885;0,00;0,00;0,00;0,00;49,00;0,00;71,01;80,00;33,62;180,01;867,94;180,12;826,66;857,72;77,88;0,75
7890;0,00;0,00;0,00;0,00;49,00;0,00;71,00;79,98;33,62;179,99;867,36;180,10;826,66;857,76;77,88;0,75
7895;0,00;0,00;0,00;0,00;49,00;0,00;71,00;80,00;33,62;179,98;866,20;180,04;826,37;856,39;77,88;0,75
7900;0,00;0,00;0,00;0,00;48,98;0,00;71,02;80,00;33,62;179,96;863,10;180,02;826,06;855,20;77,88;0,75
7905;0,00;0,00;0,00;0,00;49,00;0,00;71,00;80,02;33,64;179,97;861,54;179,96;825,33;852,57;77,88;0,75
7910;0,00;0,00;0,00;0,00;49,01;0,00;71,00;79,98;33,64;179,98;860,12;179,94;825,17;851,77;77,88;0,75
7915;0,00;0,00;0,00;0,00;49,01;0,00;70,98;79,97;33,64;179,99;860,74;179,91;825,51;852,07;77,88;0,75
7920;0,00;0,00;0,00;0,00;49,00;0,00;71,00;80,02;33,65;180,00;864,00;179,91;825,93;853,21;77,88;0,75
7925;0,00;0,00;0,00;0,00;49,00;0,00;71,00;80,02;33,64;180,01;865,80;179,94;826,69;856,03;77,88;0,75
7930;0,00;0,00;0,00;0,00;49,00;0,00;70,99;80,00;33,64;180,01;867,85;179,96;826,85;857,11;77,88;0,75
7935;0,00;0,00;0,00;0,00;49,00;0,00;71,03;80,00;33,65;180,00;867,80;180,01;826,90;857,65;77,88;0,75
7940;0,00;0,00;0,00;0,00;49,00;0,00;70,98;80,02;33,65;179,97;866,08;180,04;826,80;857,14;77,88;0,75
7945;0,00;0,00;0,00;0,00;49,00;0,00;71,00;79,98;33,63;179,96;864,65;180,10;826,26;855,03;77,88;0,75
7950;0,00;0,00;0,00;0,00;49,00;0,00;71,00;80,05;33,64;179,97;861,40;180,13;825,88;853,69;77,88;0,75
7955;0,00;0,00;0,00;0,00;49,00;0,00;71,01;80,03;33,64;179,98;860,40;180,14;825,43;851,73;77,88;0,75
7960;0,00;0,00;0,00;0,00;48,99;0,00;71,00;80,00;33,65;180,01;860,82;180,15;825,52;851,60;77,88;0,75
7965;0,00;0,00;0,00;0,00;49,00;0,00;71,00;79,98;33,65;180,02;862,26;180,14;826,23;853,36;77,88;0,75
7970;0,00;0,00;0,00;0,00;49,00;0,00;71,00;80,03;33,66;180,03;866,02;180,10;826,65;854,81;77,88;0,75
7975;0,00;0,00;0,00;0,00;49,00;0,00;70,99;79,98;33,65;180,02;867,28;180,07;827,11;857,17;77,88;0,75
7980;0,00;0,00;0,00;0,00;49,00;0,00;71,00;80,03;33,65;179,99;867,82;180,02;827,15;857,69;77,88;0,75
7985;0,00;0,00;0,00;0,00;49,00;0,00;70,99;80,00;33,65;179,97;867,18;179,99;827,03;857,16;77,88;0,75
7990;0,00;0,00;0,00;0,00;49,00;0,00;71,00;80,00;33,64;179,94;864,51;179,94;826,47;856,22;77,88;0,75
7995;0,00;0,00;0,00;0,00;48,99;0,00;71,00;79,98;33,66;179,96;862,86;179,93;826,07;853,58;77,88;0,75
8000;0,00;0,00;0,00;0,00;48,99;0,00;71,02;79,98;33,66;179,98;860,32;179,91;825,63;852,41;77,88;0,75
8005;0,00;0,00;0,00;0,00;49,00;0,00;71,01;79,98;33,65;180,01;860,11;179,92;825,73;851,55;77,88;0,75
8010;0,00;0,00;0,00;0,00;48,99;0,00;70,98;80,02;33,66;180,06;862,32;179,95;826,46;852,18;77,88;0,75
8015;0,00;0,00;0,00;0,00;48,99;0,00;71,00;80,02;33,65;180,06;864,20;179,98;826,89;854,84;77,88;0,75
8020;0,00;0,00;0,00;0,00;49,00;0,00;70,98;79,97;33,65;180,04;867,32;180,04;827,33;856,19;77,88;0,75
8025;0,00;0,00;0,00;0,00;49,00;0,00;70,99;80,00;33,65;180,01;867,90;180,07;827,40;857,71;77,88;0,75
8030;0,00;0,00;0,00;0,00;49,01;0,00;70,99;80,02;33,65;179,97;867,14;180,13;827,28;857,67;77,88;0,75
8035;0,00;0,00;0,00;0,00;49,00;0,00;70,98;80,02;33,64;179,96;865,91;180,14;826,86;857,13;77,88;0,75
8040;0,00;0,00;0,00;0,00;49,00;0,00;71,00;80,03;33,64;179,96;863,42;180,18;826,47;854,08;77,88;0,75
8045;0,00;0,00;0,00;0,00;49,01;0,00;70,97;80,00;33,65;180,00;860,62;180,18;825,92;852,83;77,88;0,75
8050;0,00;0,00;0,00;0,00;49,01;0,00;71,00;79,98;33,65;180,02;860,09;180,17;825,94;851,53;77,88;0,75
8055;0,00;0,00;0,00;0,00;49,00;0,00;71,00;80,00;33,64;180,04;861,64;180,13;826,54;851,87;77,88;0,75
8060;0,00;0,00;0,00;0,00;49,00;0,00;71,00;80,00;33,67;180,04;863,38;180,12;827,00;854,29;77,88;0,75
8065;0,00;0,00;0,00;0,00;49,00;0,00;71,02;79,98;33,65;180,02;866,92;180,05;827,59;855,72;77,88;0,75
8070;0,00;0,00;0,00;0,00;49,00;0,00;71,00;79,98;33,65;179,99;867,81;180,02;827,68;857,66;77,88;0,75
8075;0,00;0,00;0,00;0,00;49,00;0,00;71,00;80,00;33,66;179,96;867,54;179,97;827,64;857,83;77,88;0,75
8080;0,00;0,00;0,00;0,00;49,00;0,00;71,01;80,00;33,65;179,95;866,57;179,95;827,47;856,71;77,88;0,75
8085;0,00;0,00;0,00;0,00;49,00;0,00;70,97;80,02;33,65;179,98;863,48;179,94;826,77;855,52;77,88;0,75
8090;0,00;0,00;0,00;0,00;49,00;0,00;71,00;79,98;33,65;179,99;861,87;179,94;826,41;852,87;77,88;0,75
8095;0,00;0,00;0,00;0,00;49,00;0,00;70,98;80,03;33,66;180,01;860,07;179,96;826,21;851,53;77,88;0,75
8100;0,00;0,00;0,00;0,00;49,00;0,00;71,00;80,02;33,65;180,02;860,39;179,98;826,43;851,86;77,88;0,75
8105;0,00;0,00;0,00;0,00;49,00;0,00;71,00;79,98;33,66;180,01;863,47;180,03;827,26;854,27;77,88;0,75
8110;0,00;0,00;0,00;0,00;49,00;0,00;70,99;80,02;33,65;180,00;865,35;180,05;827,62;855,65;77,88;0,75
8115;0,00;0,00;0,00;0,00;49,00;0,00;71,00;80,03;33,64;180,00;867,71;180,10;827,90;857,58;77,88;0,75
8120;0,00;0,00;0,00;0,00;49,01;0,00;71,00;80,03;33,65;180,00;867,90;180,11;827,91;857,75;77,88;0,75
8125;0,00;0,00;0,00;0,00;49,00;0,00;71,03;79,98;33,66;180,01;866,44;180,12;827,66;856,61;77,88;0,75
8130;0,00;0,00;0,00;0,00;49,00;0,00;71,00;80,02;33,65;180,00;865,09;180,13;827,36;855,46;77,88;0,75
8135;0,00;0,00;0,00;0,00;49,01;0,00;71,02;80,00;33,65;179,99;861,91;180,11;826,63;852,87;77,88;0,75
8140;0,00;0,00;0,00;0,00;49,00;0,00;71,01;80,02;33,66;179,97;860,61;180,10;826,42;851,95;77,88;0,75
8145;0,00;0,00;0,00;0,00;49,00;0,00;71,00;80,02;33,65;179,97;860,55;180,07;826,66;851,97;77,88;0,75
8150;0,00;0,00;0,00;0,00;49,00;0,00;71,00;80,00;33,65;179,99;863,53;180,06;827,06;852,97;77,88;0,75
8155;0,00;0,00;0,00;0,00;49,00;0,00;70,98;80,00;33,66;180,00;865,52;180,03;827,84;855,78;77,88;0,75
8160;0,00;0,00;0,00;0,00;49,01;0,00;71,00;80,00;33,66;180,01;867,74;180,02;828,03;856,91;77,88;0,75
8165;0,00;0,00;0,00;0,00;49,00;0,00;70,97;80,00;33,66;180,00;867,85;180,00;828,11;857,72;77,88;0,75
8170;0,00;0,00;0,00;0,00;49,00;0,00;70,98;80,02;33,66;179,99;866,37;180,00;828,02;857,34;77,88;0,75
8175;0,00;0,00;0,00;0,00;49,00;0,00;70,99;80,00;33,65;179,99;864,89;180,00;827,53;855,36;77,88;0,75
8180;0,00;0,00;0,00;0,00;49,00;0,00;71,03;80,00;33,66;179,98;861,71;180,01;827,14;853,98;77,88;0,75
8185;0,00;0,00;0,00;0,00;49,01;0,00;71,00;80,00;33,67;179,97;860,56;180,03;826,61;851,87;77,88;0,75
8190;0,00;0,00;0,00;0,00;49,00;0,00;70,99;80,02;33,67;179,99;860,63;180,05;826,65;851,59;77,88;0,75
8195;0,00;0,00;0,00;0,00;49,00;0,00;71,02;80,03;33,67;180,00;861,95;180,08;827,30;853,12;77,88;0,75
8200;0,00;0,00;0,00;0,00;49,00;0,00;70,98;79,98;33,69;180,01;865,59;180,10;827,75;854,52;77,88;0,75
8205;0,00;0,00;0,00;0,00;49,01;0,00;71,00;80,02;33,68;180,01;867,01;180,13;828,26;857,03;77,88;0,75
8210;0,00;0,00;0,00;0,00;49,00;0,00;70,99;80,00;33,68;179,99;867,88;180,15;828,33;857,66;77,88;0,75
8215;0,00;0,00;0,00;0,00;48,99;0,00;71,02;80,02;33,69;179,97;867,34;180,14;828,25;857,35;77,88;0,75
8220;0,00;0,00;0,00;0,00;48,99;0,00;71,02;80,05;33,67;179,98;864,94;180,12;828,05;856,50;77,88;0,75
8225;0,00;0,00;0,00;0,00;48,99;0,00;71,01;80,00;33,69;179,98;863,31;180,10;827,34;853,95;77,88;0,75
8230;0,00;0,00;0,00;0,00;49,00;0,00;71,00;80,00;33,70;179,99;860,48;180,05;826,98;852,70;77,88;0,75
8235;0,00;0,00;0,00;0,00;49,00;0,00;71,00;80,03;33,70;179,99;860,06;180,03;826,83;851,55;77,88;0,75
8240;0,00;0,00;0,00;0,00;49,01;0,00;71,00;79,98;33,69;179,99;861,82;179,98;827,07;851,97;77,88;0,75
8245;0,00;0,00;0,00;0,00;49,00;0,00;71,02;80,00;33,69;179,99;863,64;179,98;827,93;854,47;77,88;0,75
8250;0,00;0,00;0,00;0,00;49,00;0,00;71,02;79,98;33,71;179,99;867,07;179,97;828,46;855,90;77,88;0,75
8255;0,00;0,00;0,00;0,00;49,01;0,00;71,00;79,98;33,69;179,97;867,86;179,96;828,54;857,71;77,88;0,75
8260;0,00;0,00;0,00;0,00;49,00;0,00;70,98;79,97;33,70;179,97;867,48;179,98;828,47;857,84;77,88;0,75
8265;0,00;0,00;0,00;0,00;49,00;0,00;71,03;80,00;33,70;179,97;866,50;180,00;828,28;856,63;77,88;0,75
8270;0,00;0,00;0,00;0,00;49,00;0,00;71,00;80,00;33,70;179,99;863,39;180,03;827,58;855,46;77,88;0,75
8275;0,00;0,00;0,00;0,00;49,00;0,00;70,99;80,00;33,70;180,00;861,80;180,06;827,22;852,82;77,88;0,75
8280;0,00;0,00;0,00;0,00;49,00;0,00;71,00;80,02;33,72;179,99;860,07;180,11;827,03;851,88;77,88;0,75
8285;0,00;0,00;0,00;0,00;48,99;0,00;71,00;80,02;33,70;179,99;860,43;180,13;827,25;851,92;77,88;0,75
8290;0,00;0,00;0,00;0,00;49,00;0,00;71,01;80,00;33,70;179,99;863,58;180,16;828,11;854,38;77,88;0,75
8295;0,00;0,00;0,00;0,00;49,00;0,00;70,99;80,02;33,72;179,99;865,46;180,16;828,47;855,84;77,88;0,75
8300;0,00;0,00;0,00;0,00;49,00;0,00;71,00;79,98;33,70;179,99;867,85;180,16;828,75;857,73;77,88;0,75
8305;0,00;0,00;0,00;0,00;49,00;0,00;71,00;79,98;33,70;179,99;868,04;180,15;828,76;857,90;77,88;0,75
8310;0,00;0,00;0,00;0,00;49,00;0,00;71,00;80,00;33,70;179,98;866,60;180,11;828,51;856,76;77,88;0,75
8315;0,00;0,00;0,00;0,00;48,99;0,00;71,02;79,98;33,71;179,98;865,25;180,08;828,22;855,57;77,88;0,75
8320;0,00;0,00;0,00;0,00;49,01;0,00;71,00;79,98;33,71;179,98;861,91;180,03;827,44;852,93;77,88;0,75
8325;0,00;0,00;0,00;0,00;49,01;0,00;71,02;80,00;33,72;180,02;860,66;180,02;827,22;851,96;77,88;0,75
8330;0,00;0,00;0,00;0,00;49,00;0,00;71,02;80,03;33,72;180,02;860,46;179,98;827,42;851,89;77,88;0,75
8335;0,00;0,00;0,00;0,00;48,99;0,00;71,01;80,00;33,71;180,01;861,70;179,97;827,81;852,92;77,88;0,75
8340;0,00;0,00;0,00;0,00;49,00;0,00;71,03;79,98;33,70;179,99;865,38;179,97;828,64;855,80;77,88;0,75
8345;0,00;0,00;0,00;0,00;49,00;0,00;71,02;80,00;33,71;179,96;866,92;179,98;828,85;856,99;77,88;0,75
8350;0,00;0,00;0,00;0,00;49,00;0,00;71,01;80,02;33,71;179,96;868,08;180,01;828,96;857,94;77,88;0,75
8355;0,00;0,00;0,00;0,00;48,99;0,00;71,00;80,00;33,73;179,98;867,64;180,03;828,89;857,61;77,88;0,75
8360;0,00;0,00;0,00;0,00;49,00;0,00;71,00;80,00;33,73;179,98;865,38;180,08;828,44;855,74;77,88;0,75
8365;0,00;0,00;0,00;0,00;49,00;0,00;71,00;80,00;33,74;180,00;862,04;180,10;828,04;854,40;77,88;0,75
8370;0,00;0,00;0,00;0,00;49,00;0,00;71,02;80,00;33,72;180,01;860,74;180,13;827,42;852,06;77,88;0,75
8375;0,00;0,00;0,00;0,00;49,00;0,00;71,00;80,02;33,70;180,00;860,39;180,15;827,41;851,61;77,88;0,75
8380;0,00;0,00;0,00;0,00;49,00;0,00;71,02;80,00;33,71;180,00;861,51;180,16;827,99;852,80;77,88;0,75
8385;0,00;0,00;0,00;0,00;49,00;0,00;71,02;80,02;33,71;179,97;865,28;180,16;828,44;854,22;77,88;0,75
8390;0,00;0,00;0,00;0,00;49,00;0,00;71,01;80,02;33,71;179,96;866,82;180,15;829,01;856,86;77,88;0,75
8395;0,00;0,00;0,00;0,00;49,00;0,00;71,00;80,00;33,74;179,96;867,97;180,13;829,10;857,63;77,88;0,75
8400;0,00;0,00;0,00;0,00;49,00;0,00;71,02;80,02;33,73;179,95;867,53;180,09;829,04;857,53;77,88;0,75
8405;0,00;0,00;0,00;0,00;49,00;0,00;71,02;80,05;33,72;180,00;865,28;180,06;828,86;856,76;77,88;0,75
8410;0,00;0,00;0,00;0,00;49,00;0,00;71,01;80,00;33,73;180,02;863,69;180,02;828,20;854,31;77,88;0,75
8415;0,00;0,00;0,00;0,00;49,00;0,00;71,02;80,00;33,73;180,03;860,73;180,00;827,82;853,02;77,88;0,75
8420;0,00;0,00;0,00;0,00;49,00;0,00;71,02;80,02;33,74;180,02;860,18;179,97;827,60;851,65;77,88;0,75
8425;0,00;0,00;0,00;0,00;48,99;0,00;71,00;80,02;33,74;180,00;861,74;179,96;827,81;851,97;77,88;0,75
8430;0,00;0,00;0,00;0,00;49,01;0,00;71,00;80,03;33,74;179,99;863,51;179,97;828,65;854,40;77,88;0,75
8435;0,00;0,00;0,00;0,00;49,00;0,00;71,03;80,00;33,74;179,98;866,89;179,98;829,00;855,82;77,88;0,75
8440;0,00;0,00;0,00;0,00;49,00;0,00;71,01;80,00;33,75;179,98;867,83;180,02;829,28;857,72;77,88;0,75
8445;0,00;0,00;0,00;0,00;49,00;0,00;71,00;79,98;33,75;179,99;867,54;180,04;829,29;857,87;77,88;0,75
8450;0,00;0,00;0,00;0,00;49,00;0,00;70,98;80,02;33,75;180,00;866,59;180,08;829,03;856,75;77,88;0,75
8455;0,00;0,00;0,00;0,00;49,01;0,00;70,98;80,00;33,74;179,99;863,55;180,12;828,74;855,60;77,88;0,75
8460;0,00;0,00;0,00;0,00;49,01;0,00;71,03;79,98;33,75;179,99;861,95;180,14;827,98;852,98;77,88;0,75
8465;0,00;0,00;0,00;0,00;49,00;0,00;71,00;80,03;33,76;179,97;860,71;180,15;827,76;852,03;77,88;0,75
8470;0,00;0,00;0,00;0,00;48,99;0,00;70,99;80,03;33,75;179,96;861,10;180,15;827,87;851,75;77,88;0,75
8475;0,00;0,00;0,00;0,00;49,00;0,00;71,03;80,00;33,77;179,97;862,84;180,15;828,64;853,79;77,88;0,75
8480;0,00;0,00;0,00;0,00;49,00;0,00;71,00;79,98;33,75;179,99;866,40;180,15;829,05;855,25;77,88;0,75
8485;0,00;0,00;0,00;0,00;49,00;0,00;70,99;80,00;33,74;180,00;867,53;180,13;829,41;857,45;77,88;0,75
8490;0,00;0,00;0,00;0,00;49,00;0,00;71,03;80,00;33,75;180,00;867,78;180,10;829,44;857,85;77,88;0,75
8495;0,00;0,00;0,00;0,00;49,00;0,00;71,01;80,03;33,77;180,00;867,02;180,08;829,26;857,10;77,88;0,75
8500;0,00;0,00;0,00;0,00;49,00;0,00;70,99;80,00;33,75;179,97;864,22;180,04;829,01;856,09;77,88;0,75
8505;0,00;0,00;0,00;0,00;49,00;0,00;71,00;80,00;33,75;179,96;862,57;180,03;828,27;853,50;77,88;0,75
8510;0,00;0,00;0,00;0,00;49,01;0,00;71,02;80,02;33,76;179,97;860,29;179,99;827,98;852,36;77,88;0,75
8515;0,00;0,00;0,00;0,00;49,00;0,00;71,02;80,00;33,78;179,98;860,25;179,98;828,02;851,76;77,88;0,75
8520;0,00;0,00;0,00;0,00;49,00;0,00;71,00;80,00;33,76;180,00;862,66;179,98;828,79;852,51;77,88;0,75
8525;0,00;0,00;0,00;0,00;49,00;0,00;71,00;80,02;33,77;180,02;864,71;179,98;829,21;855,25;77,88;0,75
8530;0,00;0,00;0,00;0,00;49,01;0,00;70,99;79,98;33,76;180,01;867,54;180,00;829,58;856,54;77,88;0,75
8535;0,00;0,00;0,00;0,00;48,99;0,00;71,00;79,98;33,75;180,00;868,01;180,03;829,63;857,90;77,88;0,75
8540;0,00;0,00;0,00;0,00;49,00;0,00;71,00;80,00;33,77;179,96;867,10;180,06;829,46;857,78;77,88;0,75
8545;0,00;0,00;0,00;0,00;49,00;0,00;71,01;80,03;33,76;179,95;865,83;180,08;829,21;856,18;77,88;0,75
8550;0,00;0,00;0,00;0,00;49,01;0,00;71,02;80,00;33,76;179,95;862,67;180,12;828,46;854,90;77,88;0,75
8555;0,00;0,00;0,00;0,00;49,00;0,00;71,02;80,00;33,77;179,96;861,21;180,13;828,15;852,42;77,88;0,75
8560;0,00;0,00;0,00;0,00;48,99;0,00;71,00;79,98;33,76;179,98;860,19;180,14;828,15;851,72;77,88;0,75
8565;0,00;0,00;0,00;0,00;49,00;0,00;70,98;80,05;33,75;180,01;861,05;180,14;828,47;852,39;77,88;0,75
8570;0,00;0,00;0,00;0,00;49,00;0,00;71,00;79,98;33,77;180,01;864,50;180,12;829,31;855,08;77,88;0,75
8575;0,00;0,00;0,00;0,00;49,00;0,00;71,01;80,02;33,77;180,00;866,20;180,10;829,57;856,44;77,88;0,75
8580;0,00;0,00;0,00;0,00;48,99;0,00;71,00;80,03;33,77;179,98;867,93;180,05;829,75;857,83;77,88;0,75
8585;0,00;0,00;0,00;0,00;49,00;0,00;71,00;80,00;33,76;179,94;867,76;180,03;829,71;857,72;77,88;0,75
8590;0,00;0,00;0,00;0,00;49,00;0,00;71,00;80,00;33,76;179,93;865,87;179,98;829,35;856,16;77,88;0,75
8595;0,00;0,00;0,00;0,00;49,00;0,00;71,03;80,02;33,77;179,94;864,37;179,96;828,98;854,90;77,88;0,75
8600;0,00;0,00;0,00;0,00;49,01;0,00;71,01;80,02;33,76;179,95;861,19;179,92;828,29;852,43;77,88;0,75
8605;0,00;0,00;0,00;0,00;49,00;0,00;71,00;80,03;33,78;180,00;860,30;179,92;828,19;851,76;77,88;0,75
8610;0,00;0,00;0,00;0,00;49,00;0,00;70,99;80,03;33,78;180,02;861,02;179,92;828,62;852,44;77,88;0,75
8615;0,00;0,00;0,00;0,00;49,01;0,00;70,99;80,03;33,78;180,03;864,41;179,93;829,04;853,68;77,88;0,75
8620;0,00;0,00;0,00;0,00;49,00;0,00;71,00;80,03;33,77;180,02;866,23;179,97;829,71;856,42;77,88;0,75
8625;0,00;0,00;0,00;0,00;49,00;0,00;71,00;80,02;33,78;179,96;867,88;180,00;829,84;857,35;77,88;0,75
8630;0,00;0,00;0,00;0,00;49,00;0,00;71,00;80,00;33,78;179,95;867,72;180,05;829,84;857,69;77,88;0,75
8635;0,00;0,00;0,00;0,00;49,00;0,00;71,00;80,00;33,79;179,94;865,75;180,08;829,70;857,07;77,88;0,75
8640;0,00;0,00;0,00;0,00;48,99;0,00;70,98;80,00;33,80;179,95;864,24;180,12;829,09;854,86;77,88;0,75
8645;0,00;0,00;0,00;0,00;49,00;0,00;71,00;79,98;33,79;179,99;861,17;180,13;828,70;853,51;77,88;0,75
8650;0,00;0,00;0,00;0,00;48,99;0,00;71,01;80,03;33,78;180,02;860,22;180,14;828,30;851,69;77,88;0,75
8655;0,00;0,00;0,00;0,00;49,00;0,00;71,00;80,02;33,79;180,04;860,99;180,14;828,41;851,69;77,88;0,75
8660;0,00;0,00;0,00;0,00;49,00;0,00;71,00;79,98;33,79;180,03;862,55;180,10;829,15;853,66;77,88;0,75
8665;0,00;0,00;0,00;0,00;49,00;0,00;71,02;79,98;33,80;179,98;866,28;180,09;829,58;855,13;77,88;0,75
8670;0,00;0,00;0,00;0,00;49,00;0,00;71,00;80,00;33,82;179,96;867,43;180,03;829,96;857,38;77,88;0,75
8675;0,00;0,00;0,00;0,00;49,00;0,00;71,00;80,02;33,79;179,92;867,68;180,01;830,00;857,81;77,88;0,75
8680;0,00;0,00;0,00;0,00;49,00;0,00;71,00;80,03;33,80;179,92;866,90;179,96;829,82;857,08;77,88;0,75
8685;0,00;0,00;0,00;0,00;49,01;0,00;71,00;79,98;33,81;179,95;864,21;179,94;829,58;856,07;77,88;0,75
8690;0,00;0,00;0,00;0,00;48,99;0,00;71,00;80,05;33,80;179,97;862,59;179,91;828,83;853,47;77,88;0,75
8695;0,00;0,00;0,00;0,00;49,01;0,00;71,02;80,02;33,82;180,02;860,25;179,92;828,53;852,36;77,88;0,75
8700;0,00;0,00;0,00;0,00;49,00;0,00;71,00;80,02;33,81;180,04;860,25;179,93;828,58;851,77;77,88;0,75
8705;0,00;0,00;0,00;0,00;49,00;0,00;71,03;79,98;33,79;180,03;862,67;179,96;828,90;852,50;77,88;0,75
8710;0,00;0,00;0,00;0,00;49,00;0,00;71,00;80,00;33,80;180,00;864,54;179,99;829,73;855,19;77,88;0,75
8715;0,00;0,00;0,00;0,00;49,01;0,00;70,99;80,00;33,80;179,94;867,41;180,04;829,98;856,46;77,88;0,75
8720;0,00;0,00;0,00;0,00;49,00;0,00;71,02;79,97;33,80;179,92;867,83;180,07;830,12;857,75;77,88;0,75
8725;0,00;0,00;0,00;0,00;48,99;0,00;71,05;80,03;33,80;179,93;866,84;180,11;830,07;857,59;77,88;0,75
8730;0,00;0,00;0,00;0,00;49,00;0,00;70,98;80,00;33,83;179,95;865,64;180,12;829,66;855,94;77,88;0,75
8735;0,00;0,00;0,00;0,00;48,99;0,00;71,00;80,00;33,82;179,98;862,40;180,12;829,29;854,71;77,88;0,75
8740;0,00;0,00;0,00;0,00;48,99;0,00;71,00;80,03;33,81;179,99;861,02;180,11;828,62;852,26;77,88;0,75
8745;0,00;0,00;0,00;0,00;49,01;0,00;71,02;79,98;33,81;179,98;860,23;180,08;828,68;851,68;77,88;0,75
8750;0,00;0,00;0,00;0,00;49,00;0,00;71,00;79,98;33,83;179,96;861,18;180,06;829,01;852,54;77,88;0,75
8755;0,00;0,00;0,00;0,00;48,99;0,00;71,00;80,02;33,81;179,94;864,68;180,00;829,86;853,84;77,88;0,75
8760;0,00;0,00;0,00;0,00;49,00;0,00;71,00;80,03;33,84;179,94;866,35;179,97;830,10;856,60;77,88;0,75
8765;0,00;0,00;0,00;0,00;48,99;0,00;71,00;79,98;33,83;179,96;867,92;179,92;830,26;857,48;77,88;0,75
8770;0,00;0,00;0,00;0,00;49,00;0,00;71,01;80,00;33,82;179,97;867,67;179,90;830,21;857,66;77,88;0,75
8775;0,00;0,00;0,00;0,00;49,00;0,00;71,01;80,00;33,82;179,99;865,57;179,89;829,80;857,02;77,88;0,75
8780;0,00;0,00;0,00;0,00;49,00;0,00;71,00;80,03;33,84;180,00;864,05;179,89;829,42;854,70;77,88;0,75
8785;0,00;0,00;0,00;0,00;49,01;0,00;71,01;80,02;33,84;179,97;860,99;179,91;828,76;853,36;77,88;0,75
8790;0,00;0,00;0,00;0,00;49,00;0,00;70,99;80,02;33,83;179,96;860,18;179,93;828,68;851,67;77,88;0,75
8795;0,00;0,00;0,00;0,00;49,01;0,00;71,00;79,98;33,83;179,94;861,07;179,98;829,15;852,52;77,88;0,75
8800;0,00;0,00;0,00;0,00;49,00;0,00;71,02;80,03;33,83;179,96;862,81;180,02;829,58;853,82;77,88;0,75
8805;0,00;0,00;0,00;0,00;49,00;0,00;71,00;80,02;33,84;179,96;866,34;180,07;830,22;856,54;77,88;0,75
8810;0,00;0,00;0,00;0,00;49,00;0,00;71,01;80,00;33,84;179,97;867,45;180,09;830,33;857,41;77,88;0,75
8815;0,00;0,00;0,00;0,00;49,01;0,00;71,00;80,00;33,84;179,97;867,66;180,12;830,31;857,64;77,88;0,75
8820;0,00;0,00;0,00;0,00;48,99;0,00;70,99;80,00;33,85;179,97;866,82;180,13;830,16;857,01;77,88;0,75
8825;0,00;0,00;0,00;0,00;49,00;0,00;71,02;79,98;33,82;179,96;864,08;180,13;829,55;854,70;77,88;0,75
8830;0,00;0,00;0,00;0,00;49,00;0,00;71,01;80,02;33,84;179,96;862,47;180,12;829,15;853,36;77,88;0,75
8835;0,00;0,00;0,00;0,00;49,01;0,00;71,00;80,00;33,85;179,97;860,17;180,08;828,79;851,69;77,88;0,75
8840;0,00;0,00;0,00;0,00;49,00;0,00;71,00;79,98;33,84;179,97;860,22;180,05;828,92;851,76;77,88;0,75
8845;0,00;0,00;0,00;0,00;49,01;0,00;71,01;80,00;33,85;179,97;862,71;179,98;829,70;853,80;77,88;0,75
8850;0,00;0,00;0,00;0,00;49,00;0,00;71,00;80,00;33,86;179,98;864,72;179,95;830,10;855,32;77,88;0,75
8855;0,00;0,00;0,00;0,00;49,00;0,00;71,00;80,00;33,84;179,97;867,43;179,91;830,44;857,43;77,88;0,75
8860;0,00;0,00;0,00;0,00;49,00;0,00;71,00;79,98;33,85;179,95;867,83;179,90;830,47;857,77;77,88;0,75
8865;0,00;0,00;0,00;0,00;49,00;0,00;71,01;80,03;33,86;179,95;866,73;179,89;830,26;856,94;77,88;0,75
8870;0,00;0,00;0,00;0,00;49,00;0,00;70,99;79,98;33,85;179,95;863,97;179,90;830,00;855,87;77,88;0,75
8875;0,00;0,00;0,00;0,00;49,00;0,00;71,00;80,00;33,85;179,95;862,37;179,93;829,23;853,31;77,88;0,75
8880;0,00;0,00;0,00;0,00;49,00;0,00;71,00;80,02;33,85;179,96;860,13;179,95;828,95;852,19;77,88;0,75
8885;0,00;0,00;0,00;0,00;49,01;0,00;71,01;80,02;33,85;179,97;860,21;179,97;828,98;851,76;77,88;0,75
8890;0,00;0,00;0,00;0,00;49,00;0,00;71,02;80,02;33,86;179,99;862,78;179,97;829,29;852,57;77,88;0,75
8895;0,00;0,00;0,00;0,00;49,00;0,00;71,00;79,98;33,86;179,98;864,66;179,94;830,08;855,32;77,88;0,75
8900;0,00;0,00;0,00;0,00;49,00;0,00;70,98;79,98;33,87;179,95;867,48;179,93;830,30;856,58;77,88;0,75
8905;0,00;0,00;0,00;0,00;49,00;0,00;71,00;80,02;33,87;179,94;867,87;179,94;830,40;857,81;77,88;0,75
8910;0,00;0,00;0,00;0,00;49,01;0,00;71,00;80,00;33,87;179,91;866,83;179,99;830,34;857,64;77,88;0,75
8915;0,00;0,00;0,00;0,00;48,99;0,00;71,02;80,00;33,87;179,91;865,73;180,01;829,94;856,09;77,88;0,75
8920;0,00;0,00;0,00;0,00;49,00;0,00;71,01;80,00;33,87;179,94;862,74;180,06;829,15;854,93;77,88;0,75
8925;0,00;0,00;0,00;0,00;48,99;0,00;71,00;80,03;33,89;179,95;861,13;180,09;828,81;852,40;77,88;0,75
8930;0,00;0,00;0,00;0,00;49,01;0,00;71,00;80,03;33,89;179,98;860,10;180,14;828,76;851,71;77,88;0,75
8935;0,00;0,00;0,00;0,00;49,00;0,00;71,00;79,97;33,89;179,99;860,87;180,17;829,05;852,36;77,88;0,75
8940;0,00;0,00;0,00;0,00;49,01;0,00;71,02;80,02;33,89;179,95;864,37;180,21;829,88;855,05;77,88;0,75
8945;0,00;0,00;0,00;0,00;49,00;0,00;71,00;79,98;33,88;179,91;866,09;180,23;830,14;856,36;77,88;0,75
8950;0,00;0,00;0,00;0,00;49,00;0,00;71,00;79,98;33,90;179,89;867,85;180,23;830,29;857,78;77,88;0,75
8955;0,00;0,00;0,00;0,00;49,01;0,00;71,00;80,05;33,90;179,89;867,68;180,23;830,25;857,69;77,88;0,75
8960;0,00;0,00;0,00;0,00;49,00;0,00;71,02;79,98;33,90;179,90;865,81;180,21;829,84;856,16;77,88;0,75
8965;0,00;0,00;0,00;0,00;49,00;0,00;71,00;80,02;33,90;179,93;864,34;180,19;829,47;854,91;77,88;0,75
8970;0,00;0,00;0,00;0,00;49,02;0,00;71,00;80,00;33,89;179,94;861,13;180,16;828,74;852,39;77,88;0,75
8975;0,00;0,00;0,00;0,00;49,00;0,00;71,00;80,02;33,90;179,92;860,22;180,15;828,61;851,71;77,88;0,75
8980;0,00;0,00;0,00;0,00;49,00;0,00;71,01;80,02;33,88;179,91;860,95;180,14;828,99;852,35;77,88;0,75
8985;0,00;0,00;0,00;0,00;49,00;0,00;71,00;80,02;33,89;179,88;862,49;180,14;829,42;853,59;77,88;0,75
8990;0,00;0,00;0,00;0,00;49,00;0,00;71,02;80,00;33,88;179,88;866,11;180,16;830,12;856,41;77,88;0,75
8995;0,00;0,00;0,00;0,00;49,00;0,00;71,03;79,98;33,89;179,89;867,40;180,18;830,26;857,37;77,88;0,75
9000;0,00;0,00;0,00;0,00;49,00;0,00;71,02;80,00;33,86;179,91;867,75;180,21;830,27;857,74;77,88;0,75
9005;0,00;0,00;0,00;0,00;49,00;0,00;70,98;80,02;33,87;179,92;867,04;180,22;830,15;857,19;77,88;0,75
9010;0,00;0,00;0,00;0,00;49,00;0,00;71,00;79,98;33,88;179,91;864,31;180,25;829,57;854,92;77,88;0,75
9015;0,00;0,00;0,00;0,00;49,00;0,00;71,02;80,03;33,86;179,89;862,66;180,25;829,15;853,56;77,88;0,75
9020;0,00;0,00;0,00;0,00;48,99;0,00;70,98;80,03;33,86;179,87;860,19;180,25;828,75;851,72;77,88;0,75
9025;0,00;0,00;0,00;0,00;48,99;0,00;71,02;80,00;33,86;179,86;860,10;180,24;828,87;851,68;77,88;0,75
9030;0,00;0,00;0,00;0,00;49,01;0,00;71,03;80,02;33,86;179,85;862,43;180,22;829,63;853,62;77,88;0,75
9035;0,00;0,00;0,00;0,00;49,02;0,00;71,02;80,00;33,86;179,86;864,46;180,21;830,06;855,08;77,88;0,75
9040;0,00;0,00;0,00;0,00;49,00;0,00;71,00;80,00;33,84;179,86;867,36;180,19;830,48;857,39;77,88;0,75
9045;0,00;0,00;0,00;0,00;49,01;0,00;71,03;80,00;33,83;179,88;867,88;180,18;830,53;857,83;77,88;0,75
9050;0,00;0,00;0,00;0,00;49,00;0,00;71,00;80,00;33,84;179,87;866,97;180,18;830,39;857,16;77,88;0,75
9055;0,00;0,00;0,00;0,00;49,00;0,00;71,00;80,00;33,83;179,86;864,32;180,18;830,16;856,19;77,88;0,75
9060;0,00;0,00;0,00;0,00;49,00;0,00;71,00;79,97;33,83;179,86;862,71;180,19;829,40;853,55;77,88;0,75
9065;0,00;0,00;0,00;0,00;49,01;0,00;71,00;80,03;33,81;179,86;860,22;180,20;829,11;852,40;77,88;0,75
9070;0,00;0,00;0,00;0,00;49,00;0,00;70,98;80,00;33,84;179,86;860,12;180,21;829,14;851,71;77,88;0,75
9075;0,00;0,00;0,00;0,00;49,00;0,00;71,01;80,00;33,82;179,87;862,57;180,22;829,46;852,40;77,88;0,75
9080;0,00;0,00;0,00;0,00;49,00;0,00;71,00;80,00;33,83;179,88;864,45;180,24;830,31;855,08;77,88;0,75
9085;0,00;0,00;0,00;0,00;49,00;0,00;71,03;80,02;33,83;179,89;867,33;180,24;830,59;856,40;77,88;0,75
9090;0,00;0,00;0,00;0,00;49,01;0,00;71,00;79,98;33,81;179,88;867,86;180,25;830,78;857,81;77,88;0,75
9095;0,00;0,00;0,00;0,00;49,00;0,00;71,01;80,00;33,81;179,86;866,97;180,25;830,75;857,73;77,88;0,75
9100;0,00;0,00;0,00;0,00;49,00;0,00;71,01;79,98;33,82;179,86;865,81;180,25;830,40;856,17;77,88;0,75
9105;0,00;0,00;0,00;0,00;49,01;0,00;70,98;80,02;33,80;179,85;862,70;180,24;830,05;854,91;77,88;0,75
9110;0,00;0,00;0,00;0,00;49,00;0,00;71,02;80,03;33,81;179,86;861,10;180,23;829,35;852,41;77,88;0,75
9115;0,00;0,00;0,00;0,00;49,01;0,00;71,00;79,98;33,80;179,87;860,11;180,23;829,25;851,73;77,88;0,75
9120;0,00;0,00;0,00;0,00;49,00;0,00;71,00;79,98;33,81;179,88;860,90;180,21;829,69;852,37;77,88;0,75
9125;0,00;0,00;0,00;0,00;49,00;0,00;71,03;80,00;33,80;179,91;864,45;180,21;830,13;853,62;77,88;0,75
9130;0,00;0,00;0,00;0,00;49,00;0,00;71,00;79,98;33,82;179,91;866,14;180,21;830,82;856,38;77,88;0,75
9135;0,00;0,00;0,00;0,00;49,00;0,00;71,00;79,98;33,80;179,88;867,81;180,22;830,94;857,33;77,88;0,75
9140;0,00;0,00;0,00;0,00;49,00;0,00;71,00;80,00;33,81;179,87;867,66;180,23;830,95;857,68;77,88;0,75
9145;0,00;0,00;0,00;0,00;48,99;0,00;70,99;80,00;33,81;179,84;865,71;180,23;830,82;857,08;77,88;0,75
9150;0,00;0,00;0,00;0,00;49,01;0,00;71,00;80,00;33,80;179,84;864,23;180,23;830,24;854,85;77,88;0,75
9155;0,00;0,00;0,00;0,00;49,00;0,00;71,03;79,98;33,80;179,86;861,20;180,24;829,85;853,57;77,88;0,75
9160;0,00;0,00;0,00;0,00;48,99;0,00;71,02;80,00;33,81;179,87;860,24;180,25;829,44;851,77;77,88;0,75
9165;0,00;0,00;0,00;0,00;49,01;0,00;71,03;79,98;33,81;179,89;861,01;180,24;829,57;851,77;77,88;0,75
9170;0,00;0,00;0,00;0,00;49,00;0,00;70,99;80,02;33,82;179,89;862,54;180,24;830,33;853,75;77,88;0,75
9175;0,00;0,00;0,00;0,00;49,00;0,00;71,00;79,98;33,80;179,90;866,22;180,23;830,74;855,19;77,88;0,75
9180;0,00;0,00;0,00;0,00;49,00;0,00;70,98;79,97;33,81;179,89;867,35;180,22;831,11;857,38;77,88;0,75
9185;0,00;0,00;0,00;0,00;49,00;0,00;70,98;80,02;33,81;179,87;867,63;180,22;831,15;857,78;77,88;0,75
9190;0,00;0,00;0,00;0,00;49,00;0,00;71,00;80,00;33,79;179,86;866,82;180,21;830,97;857,04;77,88;0,75
9195;0,00;0,00;0,00;0,00;49,01;0,00;71,00;80,00;33,80;179,85;864,13;180,21;830,35;856,05;77,88;0,75
9200;0,00;0,00;0,00;0,00;49,00;0,00;71,00;79,98;33,82;179,86;862,52;180,21;829,96;853,43;77,88;0,75
9205;0,00;0,00;0,00;0,00;49,01;0,00;70,97;80,05;33,82;179,89;860,19;180,21;829,58;852,32;77,88;0,75
9210;0,00;0,00;0,00;0,00;49,00;0,00;70,98;79,98;33,80;179,90;860,19;180,21;829,72;851,77;77,88;0,75
9215;0,00;0,00;0,00;0,00;49,01;0,00;70,99;80,00;33,82;179,93;862,64;180,22;830,47;852,52;77,88;0,75
9220;0,00;0,00;0,00;0,00;49,00;0,00;71,00;79,98;33,83;179,92;864,67;180,22;830,90;855,24;77,88;0,75
9225;0,00;0,00;0,00;0,00;49,00;0,00;70,99;80,02;33,80;179,89;867,43;180,23;831,26;856,53;77,88;0,75
9230;0,00;0,00;0,00;0,00;49,00;0,00;71,00;80,00;33,82;179,88;867,87;180,23;831,29;857,83;77,88;0,75
9235;0,00;0,00;0,00;0,00;49,01;0,00;71,00;79,98;33,81;179,87;866,84;180,24;831,10;857,68;77,88;0,75
9240;0,00;0,00;0,00;0,00;49,00;0,00;71,03;79,98;33,82;179,88;865,63;180,24;830,85;856,04;77,88;0,75
9245;0,00;0,00;0,00;0,00;49,00;0,00;71,02;80,00;33,82;179,90;862,50;180,23;830,08;854,77;77,88;0,75
9250;0,00;0,00;0,00;0,00;49,00;0,00;71,00;80,02;33,82;179,91;861,07;180,24;829,80;852,33;77,88;0,75
9255;0,00;0,00;0,00;0,00;49,01;0,00;71,00;79,98;33,82;179,91;860,14;180,23;829,82;851,73;77,88;0,75
9260;0,00;0,00;0,00;0,00;49,00;0,00;71,01;80,00;33,83;179,90;861,01;180,24;830,14;852,45;77,88;0,75
9265;0,00;0,00;0,00;0,00;49,01;0,00;70,98;79,97;33,81;179,90;864,48;180,24;830,99;855,21;77,88;0,75
9270;0,00;0,00;0,00;0,00;48,99;0,00;71,00;80,00;33,82;179,91;866,30;180,24;831,25;856,51;77,88;0,75
9275;0,00;0,00;0,00;0,00;49,00;0,00;71,01;80,03;33,81;179,91;867,89;180,24;831,40;857,84;77,88;0,75
9280;0,00;0,00;0,00;0,00;49,02;0,00;70,99;79,98;33,81;179,91;867,70;180,25;831,36;857,72;77,88;0,75
9285;0,00;0,00;0,00;0,00;49,00;0,00;71,03;80,00;33,82;179,91;865,78;180,24;830,98;856,13;77,88;0,75
9290;0,00;0,00;0,00;0,00;49,00;0,00;71,00;80,02;33,83;179,91;864,18;180,24;830,62;854,86;77,88;0,75
9295;0,00;0,00;0,00;0,00;49,00;0,00;70,98;80,00;33,81;179,93;861,10;180,24;829,92;852,38;77,88;0,75
9300;0,00;0,00;0,00;0,00;49,00;0,00;71,03;80,00;33,83;179,92;860,21;180,23;829,81;851,72;77,88;0,75
9305;0,00;0,00;0,00;0,00;49,01;0,00;71,02;80,02;33,82;179,93;861,02;180,23;830,26;852,47;77,88;0,75
9310;0,00;0,00;0,00;0,00;49,00;0,00;71,00;80,00;33,82;179,93;862,58;180,22;830,68;853,72;77,88;0,75
9315;0,00;0,00;0,00;0,00;48,99;0,00;70,99;80,02;33,83;179,92;866,29;180,23;831,36;856,48;77,88;0,75
9320;0,00;0,00;0,00;0,00;49,00;0,00;71,00;80,00;33,82;179,91;867,41;180,22;831,47;857,40;77,88;0,75
9325;0,00;0,00;0,00;0,00;49,00;0,00;71,02;79,98;33,82;179,91;867,66;180,23;831,45;857,69;77,88;0,75
9330;0,00;0,00;0,00;0,00;49,00;0,00;71,01;80,02;33,82;179,93;866,84;180,23;831,31;857,08;77,88;0,75
9335;0,00;0,00;0,00;0,00;49,00;0,00;71,00;80,02;33,82;179,94;864,14;180,23;830,69;854,77;77,88;0,75
9340;0,00;0,00;0,00;0,00;49,00;0,00;70,99;80,00;33,82;179,94;862,52;180,23;830,29;853,45;77,88;0,75
9345;0,00;0,00;0,00;0,00;49,00;0,00;71,00;80,02;33,81;179,93;860,21;180,23;829,93;851,75;77,88;0,75
9350;0,00;0,00;0,00;0,00;49,01;0,00;71,02;79,98;33,81;179,91;861,12;180,23;830,07;851,82;77,88;0,75
9355;0,00;0,00;0,00;0,00;49,00;0,00;71,03;80,00;33,82;179,91;862,69;180,23;830,82;853,84;77,88;0,75
9360;0,00;0,00;0,00;0,00;48,99;0,00;71,03;79,97;33,82;179,92;866,31;180,23;831,22;855,27;77,88;0,75
9365;0,00;0,00;0,00;0,00;49,00;0,00;71,01;79,98;33,81;179,93;867,39;180,23;831,57;857,44;77,88;0,75
9370;0,00;0,00;0,00;0,00;49,01;0,00;71,00;80,00;33,81;179,94;867,54;180,23;831,60;857,79;77,88;0,75
9375;0,00;0,00;0,00;0,00;49,00;0,00;71,03;80,02;33,83;179,94;866,74;180,23;831,38;856,96;77,88;0,75
9380;0,00;0,00;0,00;0,00;49,00;0,00;71,00;80,05;33,81;179,94;864,03;180,23;831,11;855,94;77,88;0,75
9385;0,00;0,00;0,00;0,00;49,00;0,00;71,02;80,02;33,82;179,93;862,28;180,23;830,34;853,31;77,88;0,75
9390;0,00;0,00;0,00;0,00;49,00;0,00;71,02;80,02;33,82;179,91;860,12;180,22;830,06;852,24;77,88;0,75
9395;0,00;0,00;0,00;0,00;49,01;0,00;71,02;80,00;33,82;179,91;860,16;180,22;830,13;851,77;77,88;0,75
9400;0,00;0,00;0,00;0,00;49,00;0,00;71,00;80,02;33,83;179,94;862,83;180,22;830,47;852,56;77,88;0,75
9405;0,00;0,00;0,00;0,00;48,99;0,00;70,99;80,00;33,83;179,95;864,75;180,23;831,32;855,37;77,88;0,75
9410;0,00;0,00;0,00;0,00;49,00;0,00;71,00;79,98;33,83;179,96;867,48;180,24;831,55;856,64;77,88;0,75
9415;0,00;0,00;0,00;0,00;49,00;0,00;71,00;79,98;33,83;179,95;867,90;180,24;831,69;857,87;77,88;0,75
9420;0,00;0,00;0,00;0,00;49,00;0,00;71,00;80,00;33,82;179,93;866,82;180,25;831,63;857,69;77,88;0,75
9425;0,00;0,00;0,00;0,00;49,00;0,00;71,00;80,02;33,83;179,93;865,60;180,23;831,23;856,01;77,88;0,75
9430;0,00;0,00;0,00;0,00;48,98;0,00;71,02;80,00;33,82;179,94;862,34;180,23;830,86;854,69;77,88;0,75
9435;0,00;0,00;0,00;0,00;49,01;0,00;71,00;80,03;33,82;179,96;860,97;180,22;830,18;852,29;77,88;0,75
9440;0,00;0,00;0,00;0,00;49,00;0,00;71,00;80,00;33,82;179,96;860,22;180,20;830,11;851,73;77,88;0,75
9445;0,00;0,00;0,00;0,00;49,00;0,00;70,99;79,98;33,82;179,96;861,24;180,20;830,59;852,62;77,88;0,75
9450;0,00;0,00;0,00;0,00;48,99;0,00;71,02;80,00;33,83;179,94;864,72;180,19;831,03;853,92;77,88;0,75
9455;0,00;0,00;0,00;0,00;49,00;0,00;71,00;80,00;33,81;179,92;866,33;180,18;831,64;856,59;77,88;0,75
9460;0,00;0,00;0,00;0,00;49,00;0,00;71,00;79,98;33,82;179,92;867,80;180,19;831,74;857,45;77,88;0,75
9465;0,00;0,00;0,00;0,00;49,00;0,00;71,00;80,03;33,83;179,94;867,51;180,19;831,70;857,59;77,88;0,75
9470;0,00;0,00;0,00;0,00;49,00;0,00;71,01;79,98;33,83;179,97;865,49;180,20;831,54;856,93;77,88;0,75
9475;0,00;0,00;0,00;0,00;49,00;0,00;71,00;80,02;33,82;179,96;863,97;180,20;830,88;854,60;77,88;0,75
9480;0,00;0,00;0,00;0,00;49,01;0,00;71,00;79,98;33,82;179,95;860,87;180,23;830,49;853,29;77,88;0,75
9485;0,00;0,00;0,00;0,00;49,01;0,00;71,01;80,00;33,82;179,94;860,11;180,24;830,15;851,68;77,88;0,75
9490;0,00;0,00;0,00;0,00;49,00;0,00;71,01;80,00;33,84;179,94;861,23;180,25;830,30;851,79;77,88;0,75
9495;0,00;0,00;0,00;0,00;49,00;0,00;71,00;80,00;33,82;179,94;862,88;180,26;831,09;853,92;77,88;0,75
9500;0,00;0,00;0,00;0,00;48,99;0,00;71,00;80,00;33,82;179,94;866,39;180,27;831,71;855,36;77,88;0,75
9505;0,00;0,00;0,00;0,00;49,01;0,00;71,00;80,00;33,83;179,94;867,46;180,28;831,82;857,51;77,88;0,75
9510;0,00;0,00;0,00;0,00;49,01;0,00;71,00;80,02;33,82;179,96;867,58;180,28;831,79;857,85;77,88;0,75
9515;0,00;0,00;0,00;0,00;49,00;0,00;71,00;80,00;33,83;179,96;866,76;180,27;831,64;857,00;77,88;0,75
9520;0,00;0,00;0,00;0,00;49,00;0,00;71,00;80,02;33,83;179,96;863,91;180,25;830,99;855,93;77,88;0,75
9525;0,00;0,00;0,00;0,00;49,01;0,00;71,03;79,98;33,83;179,94;862,28;180,24;830,60;853,29;77,88;0,75
9530;0,00;0,00;0,00;0,00;49,00;0,00;71,01;80,03;33,82;179,93;860,10;180,21;830,25;852,23;77,88;0,75
9535;0,00;0,00;0,00;0,00;49,00;0,00;70,98;79,98;33,82;179,93;860,14;180,18;830,39;851,78;77,88;0,75
9540;0,00;0,00;0,00;0,00;49,01;0,00;71,00;79,98;33,82;179,94;862,82;180,15;831,18;852,58;77,88;0,75
9545;0,00;0,00;0,00;0,00;49,01;0,00;71,00;79,98;33,83;179,96;864,71;180,14;831,58;855,34;77,88;0,75
9550;0,00;0,00;0,00;0,00;49,01;0,00;71,01;80,00;33,83;179,98;867,47;180,13;831,93;856,63;77,88;0,75
9555;0,00;0,00;0,00;0,00;49,00;0,00;71,00;80,02;33,83;180,00;867,91;180,13;831,96;857,89;77,88;0,75
9560;0,00;0,00;0,00;0,00;49,00;0,00;71,00;80,00;33,82;179,99;866,86;180,14;831,77;857,10;77,88;0,75
9565;0,00;0,00;0,00;0,00;49,01;0,00;71,00;80,02;33,85;179,95;865,66;180,16;831,51;856,09;77,88;0,75
9570;0,00;0,00;0,00;0,00;49,02;0,00;71,02;80,00;33,84;179,93;862,51;180,19;830,73;853,47;77,88;0,75
9575;0,00;0,00;0,00;0,00;49,00;0,00;71,00;80,00;33,85;179,92;860,96;180,20;830,44;852,34;77,88;0,75
9580;0,00;0,00;0,00;0,00;48,99;0,00;70,99;80,00;33,84;179,93;860,12;180,23;830,48;851,74;77,88;0,75
9585;0,00;0,00;0,00;0,00;49,02;0,00;71,01;80,02;33,84;179,97;860,99;180,24;830,80;852,46;77,88;0,75
9590;0,00;0,00;0,00;0,00;49,00;0,00;71,00;79,98;33,85;179,99;864,59;180,26;831,64;855,24;77,88;0,75
9595;0,00;0,00;0,00;0,00;48,99;0,00;71,01;80,00;33,84;180,01;866,25;180,26;831,89;856,52;77,88;0,75
9600;0,00;0,00;0,00;0,00;49,00;0,00;71,00;80,00;33,83;180,00;867,84;180,28;832,03;857,84;77,88;0,75
9605;0,00;0,00;0,00;0,00;48,99;0,00;71,01;80,02;33,86;179,98;867,66;180,27;831,98;857,71;77,88;0,75
9610;0,00;0,00;0,00;0,00;49,02;0,00;71,00;80,00;33,87;179,97;865,68;180,26;831,60;856,11;77,88;0,75
9615;0,00;0,00;0,00;0,00;49,01;0,00;71,00;80,02;33,84;179,95;862,55;180,25;831,22;854,85;77,88;0,75
9620;0,00;0,00;0,00;0,00;49,00;0,00;70,99;79,98;33,84;179,96;861,11;180,22;830,53;852,38;77,88;0,75
9625;0,00;0,00;0,00;0,00;49,00;0,00;71,00;79,98;33,85;179,97;860,14;180,20;830,42;851,75;77,88;0,75
9630;0,00;0,00;0,00;0,00;49,00;0,00;71,00;80,00;33,85;179,98;860,99;180,16;830,85;852,47;77,88;0,75
9635;0,00;0,00;0,00;0,00;49,00;0,00;71,00;80,00;33,85;179,99;864,42;180,15;831,28;853,73;77,88;0,75
9640;0,00;0,00;0,00;0,00;49,00;0,00;71,02;79,97;33,84;179,99;866,11;180,13;831,94;856,43;77,88;0,75
9645;0,00;0,00;0,00;0,00;49,00;0,00;71,00;80,00;33,85;179,99;867,81;180,13;832,06;857,37;77,88;0,75
9650;0,00;0,00;0,00;0,00;48,99;0,00;71,00;80,00;33,84;179,98;867,64;180,14;832,05;857,72;77,88;0,75
9655;0,00;0,00;0,00;0,00;49,02;0,00;71,00;80,00;33,85;179,97;865,76;180,16;831,91;857,12;77,88;0,75
9660;0,00;0,00;0,00;0,00;49,01;0,00;70,98;79,98;33,85;179,96;864,15;180,19;831,30;854,89;77,88;0,75
9665;0,00;0,00;0,00;0,00;49,00;0,00;71,00;80,02;33,87;179,96;861,08;180,20;830,89;853,55;77,88;0,75
9670;0,00;0,00;0,00;0,00;48,99;0,00;71,00;80,00;33,86;179,96;860,21;180,23;830,50;851,77;77,88;0,75
9675;0,00;0,00;0,00;0,00;49,00;0,00;71,01;80,00;33,86;179,98;860,95;180,25;830,63;851,78;77,88;0,75
9680;0,00;0,00;0,00;0,00;49,01;0,00;71,00;80,02;33,88;179,99;862,61;180,25;831,36;853,72;77,88;0,75
9685;0,00;0,00;0,00;0,00;49,00;0,00;71,00;80,00;33,87;180,00;866,14;180,25;831,76;855,15;77,88;0,75
9690;0,00;0,00;0,00;0,00;49,00;0,00;71,00;80,00;33,88;180,00;867,28;180,24;832,13;857,35;77,88;0,75
9695;0,00;0,00;0,00;0,00;49,00;0,00;70,98;80,00;33,88;179,98;867,60;180,23;832,16;857,77;77,88;0,75
9700;0,00;0,00;0,00;0,00;49,01;0,00;71,03;80,00;33,88;179,96;866,81;180,21;831,98;857,07;77,88;0,75
9705;0,00;0,00;0,00;0,00;49,00;0,00;70,98;80,00;33,89;179,93;864,15;180,17;831,73;856,09;77,88;0,75
9710;0,00;0,00;0,00;0,00;49,02;0,00;71,03;80,02;33,89;179,93;862,54;180,15;830,98;853,51;77,88;0,75
9715;0,00;0,00;0,00;0,00;48,99;0,00;71,02;80,00;33,88;179,97;860,16;180,10;830,58;852,39;77,88;0,75
9720;0,00;0,00;0,00;0,00;49,00;0,00;71,00;80,00;33,89;179,99;860,14;180,07;830,70;851,76;77,88;0,75
9725;0,00;0,00;0,00;0,00;49,00;0,00;71,01;80,00;33,88;180,00;862,54;180,05;831,45;852,49;77,88;0,75
9730;0,00;0,00;0,00;0,00;49,01;0,00;71,02;79,98;33,88;179,98;864,52;180,04;831,85;855,16;77,88;0,75
9735;0,00;0,00;0,00;0,00;49,00;0,00;71,02;80,02;33,89;179,95;867,27;180,06;832,20;856,46;77,88;0,75
9740;0,00;0,00;0,00;0,00;48,99;0,00;71,02;80,00;33,89;179,94;867,72;180,07;832,23;857,73;77,88;0,75
9745;0,00;0,00;0,00;0,00;49,00;0,00;71,01;80,02;33,88;179,94;866,69;180,12;832,03;857,59;77,88;0,75
9750;0,00;0,00;0,00;0,00;49,00;0,00;71,02;79,98;33,90;179,95;865,50;180,14;831,77;856,00;77,88;0,75
9755;0,00;0,00;0,00;0,00;49,00;0,00;70,98;80,00;33,89;179,98;862,42;180,20;831,02;854,70;77,88;0,75
9760;0,00;0,00;0,00;0,00;49,00;0,00;70,99;80,00;33,90;179,99;861,03;180,23;830,73;852,31;77,88;0,75
9765;0,00;0,00;0,00;0,00;49,00;0,00;71,00;80,00;33,89;180,00;860,19;180,26;830,77;851,73;77,88;0,75
9770;0,00;0,00;0,00;0,00;49,00;0,00;71,03;80,00;33,90;179,99;861,08;180,27;831,10;852,55;77,88;0,75
9775;0,00;0,00;0,00;0,00;49,02;0,00;71,00;79,97;33,91;179,97;864,50;180,26;831,92;855,25;77,88;0,75
9780;0,00;0,00;0,00;0,00;49,00;0,00;71,00;80,02;33,91;179,96;866,15;180,25;832,16;856,47;77,88;0,75
9785;0,00;0,00;0,00;0,00;49,00;0,00;71,02;79,98;33,90;179,97;867,75;180,21;832,30;857,76;77,88;0,75
9790;0,00;0,00;0,00;0,00;49,01;0,00;71,01;80,00;33,91;179,97;867,52;180,18;832,25;857,63;77,88;0,75
9795;0,00;0,00;0,00;0,00;49,00;0,00;71,00;79,98;33,89;179,98;865,58;180,14;831,85;856,02;77,88;0,75
9800;0,00;0,00;0,00;0,00;49,00;0,00;70,99;80,00;33,91;179,98;864,09;180,12;831,48;854,75;77,88;0,75
9805;0,00;0,00;0,00;0,00;49,00;0,00;71,00;80,00;33,93;179,98;860,95;180,08;830,77;852,29;77,88;0,75
9810;0,00;0,00;0,00;0,00;49,00;0,00;70,98;80,03;33,91;179,98;860,10;180,06;830,68;851,68;77,88;0,75
9815;0,00;0,00;0,00;0,00;48,99;0,00;71,02;80,00;33,90;179,98;860,92;180,06;831,13;852,47;77,88;0,75
9820;0,00;0,00;0,00;0,00;49,00;0,00;70,98;80,00;33,90;179,97;862,48;180,06;831,57;853,69;77,88;0,75
9825;0,00;0,00;0,00;0,00;49,00;0,00;71,00;79,98;33,90;179,97;866,17;180,08;832,21;856,46;77,88;0,75
9830;0,00;0,00;0,00;0,00;49,00;0,00;71,02;80,00;33,91;179,98;867,75;180,10;832,32;857,37;77,88;0,75
9835;0,00;0,00;0,00;0,00;48,99;0,00;71,01;79,98;33,90;179,99;867,56;180,14;832,29;857,63;77,88;0,75
9840;0,00;0,00;0,00;0,00;49,00;0,00;71,00;79,98;33,91;179,98;865,57;180,16;832,15;857,03;77,88;0,75
9845;0,00;0,00;0,00;0,00;49,00;0,00;70,98;79,98;33,92;179,97;864,08;180,20;831,53;854,77;77,88;0,75
9850;0,00;0,00;0,00;0,00;49,00;0,00;71,00;80,00;33,91;179,96;861,02;180,22;831,13;853,44;77,88;0,75
9855;0,00;0,00;0,00;0,00;49,00;0,00;71,00;80,00;33,90;179,96;860,16;180,23;830,74;851,72;77,88;0,75
9860;0,00;0,00;0,00;0,00;49,00;0,00;71,00;80,00;33,91;179,97;860,98;180,22;830,86;851,74;77,88;0,75
9865;0,00;0,00;0,00;0,00;49,00;0,00;71,00;80,02;33,89;179,98;862,54;180,19;831,60;853,71;77,88;0,75
9870;0,00;0,00;0,00;0,00;48,99;0,00;71,01;80,00;33,91;180,00;866,08;180,16;832,00;855,15;77,88;0,75
9875;0,00;0,00;0,00;0,00;48,99;0,00;70,98;79,98;33,90;180,00;867,31;180,13;832,38;857,35;77,88;0,75
9880;0,00;0,00;0,00;0,00;49,01;0,00;71,00;80,02;33,90;179,99;867,56;180,08;832,41;857,76;77,88;0,75
9885;0,00;0,00;0,00;0,00;48,99;0,00;70,99;80,03;33,90;179,98;866,81;180,06;832,22;857,05;77,88;0,75
9890;0,00;0,00;0,00;0,00;49,00;0,00;71,00;80,02;33,91;179,96;864,18;180,04;831,98;856,07;77,88;0,75
9895;0,00;0,00;0,00;0,00;49,00;0,00;71,00;80,05;33,92;179,96;862,56;180,03;831,21;853,51;77,88;0,75
9900;0,00;0,00;0,00;0,00;49,00;0,00;71,00;80,02;33,92;179,96;860,13;180,04;830,91;852,35;77,88;0,75
9905;0,00;0,00;0,00;0,00;49,00;0,00;71,01;80,00;33,91;179,97;860,05;180,05;830,91;851,69;77,88;0,75
9910;0,00;0,00;0,00;0,00;49,00;0,00;71,00;80,00;33,92;179,98;862,38;180,08;831,22;852,40;77,88;0,75
9915;0,00;0,00;0,00;0,00;48,98;0,00;71,00;79,97;33,91;179,98;864,39;180,10;832,06;855,08;77,88;0,75
9920;0,00;0,00;0,00;0,00;49,00;0,00;70,99;80,00;33,92;179,98;867,25;180,15;832,44;856,38;77,88;0,75
9925;0,00;0,00;0,00;0,00;49,00;0,00;71,02;79,97;33,92;179,98;867,76;180,17;832,48;857,78;77,88;0,75
9930;0,00;0,00;0,00;0,00;49,00;0,00;71,00;79,98;33,92;179,98;866,85;180,20;832,29;857,69;77,88;0,75
9935;0,00;0,00;0,00;0,00;48,99;0,00;71,00;80,02;33,90;179,97;865,70;180,22;832,04;856,16;77,88;0,75
9940;0,00;0,00;0,00;0,00;48,99;0,00;71,01;80,02;33,91;179,96;862,61;180,22;831,28;854,85;77,88;0,75
9945;0,00;0,00;0,00;0,00;49,01;0,00;71,00;80,02;33,90;179,97;861,04;180,21;830,97;852,39;77,88;0,75
9950;0,00;0,00;0,00;0,00;49,00;0,00;71,00;80,02;33,92;179,97;860,04;180,18;830,95;851,72;77,88;0,75
9955;0,00;0,00;0,00;0,00;48,99;0,00;71,02;79,97;33,91;179,98;860,82;180,16;831,25;852,36;77,88;0,75
9960;0,00;0,00;0,00;0,00;49,00;0,00;70,99;80,00;33,92;180,00;864,35;180,12;832,09;853,59;77,88;0,75
9965;0,00;0,00;0,00;0,00;49,00;0,00;71,03;80,02;33,91;180,00;866,03;180,10;832,35;856,33;77,88;0,75
9970;0,00;0,00;0,00;0,00;49,00;0,00;71,02;80,00;33,92;179,97;867,70;180,07;832,50;857,72;77,88;0,75
9975;0,00;0,00;0,00;0,00;49,00;0,00;71,00;80,03;33,92;179,96;867,56;180,06;832,45;857,63;77,88;0,75
9980;0,00;0,00;0,00;0,00;49,00;0,00;71,00;80,00;33,92;179,94;865,62;180,06;832,06;856,07;77,88;0,75
9985;0,00;0,00;0,00;0,00;49,00;0,00;71,02;79,98;33,91;179,96;864,16;180,07;831,71;854,82;77,88;0,75
9990;0,00;0,00;0,00;0,00;48,99;0,00;70,99;79,98;33,93;179,98;861,11;180,08;831,03;852,40;77,88;0,75
9995;0,00;0,00;0,00;0,00;49,00;0,00;70,98;79,98;33,91;180,02;860,18;180,10;830,93;851,75;77,88;0,75
10000;0,00;0,00;0,00;0,00;49,00;0,00;71,00;80,00;33,92;180,03;860,97;180,13;831,36;852,46;77,88;0,75
10005;0,00;0,00;0,00;0,00;49,00;0,00;71,00;80,00;33,91;180,03;862,52;180,15;831,80;853,71;77,88;0,75
10010;0,00;0,00;0,00;0,00;49,01;0,00;71,01;80,03;33,93;180,01;866,14;180,19;832,44;856,44;77,88;0,75
10015;0,00;0,00;0,00;0,00;49,01;0,00;71,00;80,00;33,92;179,96;867,25;180,20;832,55;857,32;77,88;0,75
10020;0,00;0,00;0,00;0,00;49,01;0,00;71,00;80,02;33,93;179,93;867,52;180,22;832,53;857,61;77,88;0,75
10025;0,00;0,00;0,00;0,00;49,00;0,00;71,01;79,98;33,91;179,92;866,79;180,22;832,39;857,02;77,88;0,75
10030;0,00;0,00;0,00;0,00;49,00;0,00;71,00;80,00;33,92;179,93;864,04;180,20;831,77;854,78;77,88;0,75
10035;0,00;0,00;0,00;0,00;49,00;0,00;71,00;80,00;33,91;179,98;861,02;180,19;831,37;853,46;77,88;0,75
10040;0,00;0,00;0,00;0,00;49,00;0,00;70,98;80,03;33,92;180,00;860,16;180,15;830,98;851,73;77,88;0,75
10045;0,00;0,00;0,00;0,00;48,99;0,00;71,00;80,02;33,93;180,02;860,95;180,12;831,10;851,76;77,88;0,75
10050;0,00;0,00;0,00;0,00;48,99;0,00;71,02;80,00;33,93;180,01;862,49;180,08;831,85;853,75;77,88;0,75
10055;0,00;0,00;0,00;0,00;49,01;0,00;71,02;79,98;33,93;179,98;866,17;180,06;832,26;855,19;77,88;0,75
10060;0,00;0,00;0,00;0,00;49,00;0,00;70,98;80,00;33,92;179,96;867,31;180,04;832,62;857,39;77,88;0,75
10065;0,00;0,00;0,00;0,00;49,00;0,00;71,00;80,02;33,92;179,94;867,62;180,03;832,67;857,80;77,88;0,75
10070;0,00;0,00;0,00;0,00;48,98;0,00;71,01;80,00;33,92;179,93;866,83;180,03;832,48;857,09;77,88;0,75
10075;0,00;0,00;0,00;0,00;49,00;0,00;71,00;80,00;33,93;179,96;864,18;180,04;832,23;856,12;77,88;0,75
10080;0,00;0,00;0,00;0,00;49,00;0,00;71,00;80,05;33,93;179,98;862,55;180,06;831,47;853,53;77,88;0,75
10085;0,00;0,00;0,00;0,00;49,01;0,00;71,00;80,00;33,93;180,00;860,13;180,11;831,16;852,40;77,88;0,75
10090;0,00;0,00;0,00;0,00;49,00;0,00;71,00;80,00;33,92;180,01;860,07;180,12;831,16;851,71;77,88;0,75
10095;0,00;0,00;0,00;0,00;48,99;0,00;71,00;80,02;33,92;179,99;862,42;180,16;831,46;852,41;77,88;0,75
10100;0,00;0,00;0,00;0,00;49,00;0,00;71,00;80,02;33,92;179,98;864,31;180,18;832,31;855,08;77,88;0,75
10105;0,00;0,00;0,00;0,00;49,00;0,00;71,00;80,00;33,92;179,95;867,28;180,19;832,57;856,39;77,88;0,75
10110;0,00;0,00;0,00;0,00;49,01;0,00;70,99;79,98;33,93;179,95;867,76;180,19;832,73;857,79;77,88;0,75
10115;0,00;0,00;0,00;0,00;49,01;0,00;71,00;80,02;33,92;179,96;866,89;180,18;832,68;857,68;77,88;0,75
10120;0,00;0,00;0,00;0,00;49,00;0,00;71,00;80,02;33,93;179,98;865,64;180,17;832,30;856,12;77,88;0,75
10125;0,00;0,00;0,00;0,00;49,00;0,00;71,02;80,00;33,93;179,99;862,55;180,14;831,94;854,88;77,88;0,75
10130;0,00;0,00;0,00;0,00;49,01;0,00;71,00;79,97;33,93;179,99;861,13;180,12;831,24;852,43;77,88;0,75
10135;0,00;0,00;0,00;0,00;49,00;0,00;71,00;80,02;33,92;179,97;860,09;180,08;831,22;851,77;77,88;0,75
10140;0,00;0,00;0,00;0,00;49,00;0,00;71,00;80,02;33,92;179,97;860,93;180,06;831,53;852,44;77,88;0,75
10145;0,00;0,00;0,00;0,00;49,00;0,00;71,02;80,03;33,93;179,96;864,34;180,03;832,38;853,65;77,88;0,75
10150;0,00;0,00;0,00;0,00;49,00;0,00;71,00;80,02;33,93;179,96;866,04;180,03;832,65;856,40;77,88;0,75
10155;0,00;0,00;0,00;0,00;49,00;0,00;71,00;80,02;33,95;179,98;867,78;180,03;832,81;857,33;77,88;0,75
10160;0,00;0,00;0,00;0,00;49,00;0,00;71,00;79,98;33,93;179,98;867,67;180,04;832,78;857,75;77,88;0,75
10165;0,00;0,00;0,00;0,00;49,01;0,00;71,00;80,00;33,93;179,98;865,80;180,07;832,41;857,21;77,88;0,75
10170;0,00;0,00;0,00;0,00;48,99;0,00;71,00;79,98;33,94;179,97;864,34;180,09;832,06;855,02;77,88;0,75
10175;0,00;0,00;0,00;0,00;49,01;0,00;70,98;80,00;33,94;179,95;861,25;180,14;831,33;852,51;77,88;0,75
10180;0,00;0,00;0,00;0,00;49,00;0,00;71,02;80,02;33,94;179,96;860,24;180,15;831,19;851,78;77,88;0,75
10185;0,00;0,00;0,00;0,00;49,00;0,00;71,00;80,00;33,95;179,97;860,74;180,19;831,56;852,29;77,88;0,75
10190;0,00;0,00;0,00;0,00;49,00;0,00;71,00;80,02;33,96;180,00;862,21;180,20;831,99;853,52;77,88;0,75
10195;0,00;0,00;0,00;0,00;49,00;0,00;71,00;80,00;33,94;180,02;865,98;180,21;832,70;856,31;77,88;0,75
10200;0,00;0,00;0,00;0,00;49,00;0,00;70,99;80,00;33,94;179,98;867,23;180,21;832,84;857,32;77,88;0,75
10205;0,00;0,00;0,00;0,00;48,99;0,00;71,02;80,02;33,95;179,96;867,75;180,20;832,85;857,81;77,88;0,75
10210;0,00;0,00;0,00;0,00;49,00;0,00;71,02;80,02;33,96;179,92;867,10;180,18;832,73;857,30;77,88;0,75
10215;0,00;0,00;0,00;0,00;49,01;0,00;70,99;80,02;33,97;179,92;864,60;180,13;832,17;855,20;77,88;0,75
10220;0,00;0,00;0,00;0,00;49,00;0,00;71,00;79,97;33,94;179,95;862,98;180,11;831,76;853,85;77,88;0,75
10225;0,00;0,00;0,00;0,00;49,00;0,00;71,03;80,02;33,97;179,98;860,31;180,06;831,27;851,84;77,88;0,75
10230;0,00;0,00;0,00;0,00;49,01;0,00;71,00;80,03;33,97;180,02;860,72;180,03;831,34;851,70;77,88;0,75
10235;0,00;0,00;0,00;0,00;49,00;0,00;71,00;80,02;33,96;180,02;862,16;180,00;832,04;853,42;77,88;0,75
10240;0,00;0,00;0,00;0,00;49,00;0,00;71,00;80,02;33,98;180,00;865,77;179,99;832,46;854,83;77,88;0,75
10245;0,00;0,00;0,00;0,00;49,00;0,00;71,00;80,00;33,97;179,98;867,04;180,00;832,87;857,22;77,88;0,75
10250;0,00;0,00;0,00;0,00;49,00;0,00;71,00;79,98;33,97;179,96;867,63;180,02;832,92;857,73;77,88;0,75
10255;0,00;0,00;0,00;0,00;49,01;0,00;70,99;80,00;33,97;179,95;866,98;180,06;832,75;857,18;77,88;0,75
10260;0,00;0,00;0,00;0,00;49,00;0,00;71,00;80,00;33,96;179,96;864,35;180,09;832,52;856,26;77,88;0,75
10265;0,00;0,00;0,00;0,00;49,00;0,00;71,00;80,02;33,95;179,98;862,76;180,15;831,78;853,71;77,88;0,75
10270;0,00;0,00;0,00;0,00;48,99;0,00;71,02;80,02;33,97;180,01;860,27;180,17;831,46;852,55;77,88;0,75
10275;0,00;0,00;0,00;0,00;48,99;0,00;71,01;80,02;33,98;180,02;860,12;180,21;831,41;851,76;77,88;0,75
10280;0,00;0,00;0,00;0,00;49,01;0,00;71,00;80,00;33,97;180,01;862,31;180,22;831,70;852,38;77,88;0,75
10285;0,00;0,00;0,00;0,00;49,00;0,00;71,00;80,00;33,96;179,99;864,15;180,22;832,54;854,97;77,88;0,75
10290;0,00;0,00;0,00;0,00;48,99;0,00;70,99;80,00;33,98;179,95;867,20;180,21;832,81;856,29;77,88;0,75
10295;0,00;0,00;0,00;0,00;49,00;0,00;71,01;79,98;33,98;179,94;867,75;180,18;832,98;857,78;77,88;0,75
10300;0,00;0,00;0,00;0,00;49,02;0,00;71,00;80,02;33,96;179,96;866,99;180,16;832,95;857,73;77,88;0,75
10305;0,00;0,00;0,00;0,00;49,01;0,00;71,02;80,00;33,96;179,98;865,79;180,10;832,58;856,27;77,88;0,75
10310;0,00;0,00;0,00;0,00;49,00;0,00;71,00;79,97;33,96;180,01;862,71;180,07;832,22;855,03;77,88;0,75
10315;0,00;0,00;0,00;0,00;49,00;0,00;71,01;79,98;33,96;180,02;861,23;180,03;831,50;852,53;77,88;0,75
10320;0,00;0,00;0,00;0,00;49,01;0,00;71,00;80,05;33,97;180,02;860,09;180,00;831,37;851,82;77,88;0,75
10325;0,00;0,00;0,00;0,00;49,02;0,00;71,00;79,98;33,97;180,00;860,82;180,00;831,75;852,34;77,88;0,75
10330;0,00;0,00;0,00;0,00;48,99;0,00;71,00;79,98;33,96;179,97;864,11;180,01;832,16;853,55;77,88;0,75
10335;0,00;0,00;0,00;0,00;49,00;0,00;71,01;80,00;33,97;179,95;865,85;180,03;832,84;856,26;77,88;0,75
10340;0,00;0,00;0,00;0,00;49,00;0,00;70,98;80,00;33,97;179,94;867,70;180,08;832,97;857,24;77,88;0,75
10345;0,00;0,00;0,00;0,00;49,00;0,00;71,00;79,98;33,97;179,95;867,62;180,11;832,99;857,72;77,88;0,75
10350;0,00;0,00;0,00;0,00;49,00;0,00;71,00;80,05;33,97;179,98;865,87;180,17;832,64;857,21;77,88;0,75
10355;0,00;0,00;0,00;0,00;49,00;0,00;70,99;80,00;33,97;180,00;864,43;180,19;832,29;855,10;77,88;0,75
10360;0,00;0,00;0,00;0,00;49,00;0,00;71,02;80,02;33,97;180,02;861,54;180,22;831,61;852,78;77,88;0,75
10365;0,00;0,00;0,00;0,00;49,00;0,00;71,00;80,03;33,97;180,01;860,02;180,22;831,43;851,94;77,88;0,75
10370;0,00;0,00;0,00;0,00;49,00;0,00;70,99;79,98;33,97;179,99;860,50;180,21;831,70;852,10;77,88;0,75
10375;0,00;0,00;0,00;0,00;49,00;0,00;71,02;80,02;33,98;179,95;863,59;180,20;832,10;853,17;77,88;0,75
10380;0,00;0,00;0,00;0,00;49,00;0,00;71,01;79,98;33,99;179,95;865,54;180,16;832,85;855,98;77,88;0,75
10385;0,00;0,00;0,00;0,00;49,00;0,00;71,00;80,02;33,97;179,96;867,64;180,13;833,00;857,06;77,88;0,75
10390;0,00;0,00;0,00;0,00;49,00;0,00;71,00;80,00;33,99;179,98;867,71;180,07;833,04;857,76;77,88;0,75
10395;0,00;0,00;0,00;0,00;49,00;0,00;70,98;80,00;33,97;180,02;866,09;180,05;832,93;857,35;77,88;0,75
10400;0,00;0,00;0,00;0,00;49,00;0,00;71,02;80,02;33,97;180,01;864,71;180,01;832,40;855,31;77,88;0,75
10405;0,00;0,00;0,00;0,00;49,00;0,00;70,98;79,98;33,98;179,97;861,60;179,99;831,99;853,98;77,88;0,75
10410;0,00;0,00;0,00;0,00;49,01;0,00;71,00;80,02;33,98;179,95;860,42;179,99;831,48;851,94;77,88;0,75
10415;0,00;0,00;0,00;0,00;49,00;0,00;71,02;80,00;33,98;179,95;860,59;180,00;831,52;851,71;77,88;0,75
10420;0,00;0,00;0,00;0,00;49,00;0,00;71,00;80,02;33,97;179,97;861,92;180,02;832,17;853,27;77,88;0,75
10425;0,00;0,00;0,00;0,00;49,01;0,00;71,00;80,00;34,00;180,01;865,62;180,06;832,61;854,67;77,88;0,75
10430;0,00;0,00;0,00;0,00;48,99;0,00;71,01;80,00;33,98;180,01;866,94;180,11;833,05;857,08;77,88;0,75
10435;0,00;0,00;0,00;0,00;48,99;0,00;71,01;79,98;33,98;180,01;867,65;180,13;833,10;857,67;77,88;0,75
10440;0,00;0,00;0,00;0,00;49,00;0,00;71,02;80,00;33,99;180,00;867,10;180,18;832,96;857,29;77,88;0,75
10445;0,00;0,00;0,00;0,00;49,00;0,00;71,02;80,02;33,99;179,98;864,59;180,21;832,75;856,43;77,88;0,75
10450;0,00;0,00;0,00;0,00;48,98;0,00;71,00;80,03;33,99;179,96;863,00;180,21;832,01;853,93;77,88;0,75
10455;0,00;0,00;0,00;0,00;49,01;0,00;71,02;80,02;33,99;179,96;860,42;180,20;831,68;852,74;77,88;0,75
10460;0,00;0,00;0,00;0,00;49,00;0,00;71,00;80,02;34,00;179,97;860,06;180,18;831,55;851,70;77,88;0,75
10465;0,00;0,00;0,00;0,00;49,00;0,00;70,99;80,00;33,98;180,02;862,01;180,14;831,81;852,19;77,88;0,75
10470;0,00;0,00;0,00;0,00;49,00;0,00;71,02;80,00;34,00;180,04;863,82;180,11;832,64;854,75;77,88;0,75
10475;0,00;0,00;0,00;0,00;49,00;0,00;71,00;80,00;33,99;180,05;866,92;180,05;832,94;856,08;77,88;0,75
10480;0,00;0,00;0,00;0,00;49,00;0,00;71,01;80,00;33,99;180,04;867,65;180,03;833,13;857,69;77,88;0,75
10485;0,00;0,00;0,00;0,00;49,01;0,00;71,00;80,00;33,98;179,99;867,07;180,00;833,11;857,73;77,88;0,75
10490;0,00;0,00;0,00;0,00;49,00;0,00;71,00;80,00;34,00;179,97;866,03;179,99;832,77;856,37;77,88;0,75
10495;0,00;0,00;0,00;0,00;48,99;0,00;71,01;80,00;33,99;179,97;862,92;179,98;832,03;855,18;77,88;0,75
10500;0,00;0,00;0,00;0,00;49,00;0,00;70,99;80,03;34,00;179,98;861,39;179,99;831,69;852,64;77,88;0,75
10505;0,00;0,00;0,00;0,00;49,00;0,00;71,00;80,02;33,99;180,00;860,01;180,02;831,59;851,84;77,88;0,75
10510;0,00;0,00;0,00;0,00;48,99;0,00;70,98;80,00;34,00;180,01;860,63;180,04;831,86;852,20;77,88;0,75
10515;0,00;0,00;0,00;0,00;49,00;0,00;70,99;80,00;33,99;180,00;863,85;180,09;832,69;853,37;77,88;0,75
10520;0,00;0,00;0,00;0,00;49,00;0,00;71,00;80,03;33,99;179,99;865,74;180,12;832,99;856,12;77,88;0,75
10525;0,00;0,00;0,00;0,00;49,00;0,00;71,00;80,00;34,01;179,98;867,63;180,17;833,17;857,16;77,88;0,75
10530;0,00;0,00;0,00;0,00;48,99;0,00;71,01;80,00;34,02;179,99;867,57;180,19;833,14;857,67;77,88;0,75
10535;0,00;0,00;0,00;0,00;49,01;0,00;71,00;80,00;34,01;179,99;865,85;180,20;832,78;857,17;77,88;0,75
10540;0,00;0,00;0,00;0,00;49,00;0,00;71,00;80,00;34,00;180,00;864,44;180,20;832,43;855,08;77,88;0,75
10545;0,00;0,00;0,00;0,00;49,00;0,00;71,00;80,02;34,01;179,98;861,25;180,18;831,70;853,71;77,88;0,75
10550;0,00;0,00;0,00;0,00;49,01;0,00;71,02;79,98;34,00;179,97;860,24;180,15;831,55;851,79;77,88;0,75
10555;0,00;0,00;0,00;0,00;49,00;0,00;71,00;80,00;34,01;179,97;860,65;180,09;831,90;851,67;77,88;0,75
10560;0,00;0,00;0,00;0,00;49,00;0,00;70,98;80,00;34,01;179,97;862,18;180,07;832,32;853,41;77,88;0,75
10565;0,00;0,00;0,00;0,00;49,00;0,00;71,03;79,98;34,00;179,99;865,78;180,01;833,03;854,85;77,88;0,75
10570;0,00;0,00;0,00;0,00;49,00;0,00;71,03;80,00;34,01;180,00;867,05;179,99;833,17;857,19;77,88;0,75
10575;0,00;0,00;0,00;0,00;49,01;0,00;70,98;79,97;34,00;180,00;867,63;179,96;833,18;857,71;77,88;0,75
10580;0,00;0,00;0,00;0,00;49,00;0,00;71,00;80,00;34,00;180,00;866,95;179,96;833,06;857,19;77,88;0,75
10585;0,00;0,00;0,00;0,00;49,00;0,00;71,02;80,03;33,99;179,98;864,44;179,97;832,48;855,06;77,88;0,75
10590;0,00;0,00;0,00;0,00;49,00;0,00;70,99;79,98;34,02;179,96;862,82;179,99;832,10;853,77;77,88;0,75
10595;0,00;0,00;0,00;0,00;49,00;0,00;71,00;79,97;34,00;179,96;860,32;180,04;831,62;851,85;77,88;0,75
10600;0,00;0,00;0,00;0,00;49,00;0,00;71,00;80,00;34,01;179,98;860,08;180,07;831,71;851,73;77,88;0,75
10605;0,00;0,00;0,00;0,00;48,99;0,00;71,03;79,98;34,01;180,00;862,17;180,13;832,40;853,47;77,88;0,75
10610;0,00;0,00;0,00;0,00;49,00;0,00;71,02;80,00;34,02;180,03;864,01;180,16;832,81;854,89;77,88;0,75
10615;0,00;0,00;0,00;0,00;49,00;0,00;71,02;79,98;34,02;180,03;867,04;180,21;833,22;857,16;77,88;0,75
10620;0,00;0,00;0,00;0,00;49,00;0,00;71,00;80,02;34,01;180,02;867,61;180,22;833,25;857,66;77,88;0,75
10625;0,00;0,00;0,00;0,00;49,00;0,00;71,01;80,00;34,01;179,99;866,89;180,22;833,09;857,10;77,88;0,75
10630;0,00;0,00;0,00;0,00;49,00;0,00;71,02;79,98;34,03;179,96;864,27;180,21;832,86;856,19;77,88;0,75
10635;0,00;0,00;0,00;0,00;49,00;0,00;71,00;79,98;34,01;179,95;862,66;180,16;832,11;853,65;77,88;0,75
10640;0,00;0,00;0,00;0,00;49,01;0,00;71,00;80,02;34,02;179,95;860,23;180,13;831,79;852,50;77,88;0,75
10645;0,00;0,00;0,00;0,00;49,00;0,00;71,00;79,98;34,03;179,97;860,04;180,06;831,76;851,71;77,88;0,75
10650;0,00;0,00;0,00;0,00;49,00;0,00;71,02;80,00;34,01;180,01;862,28;180,03;832,05;852,33;77,88;0,75
10655;0,00;0,00;0,00;0,00;49,01;0,00;71,01;80,02;34,01;180,03;864,10;179,98;832,86;854,96;77,88;0,75
10660;0,00;0,00;0,00;0,00;49,00;0,00;71,01;79,98;34,03;180,03;867,07;179,95;833,12;856,24;77,88;0,75
10665;0,00;0,00;0,00;0,00;49,00;0,00;71,00;79,98;34,03;180,03;867,57;179,95;833,28;857,62;77,88;0,75
10670;0,00;0,00;0,00;0,00;49,00;0,00;70,99;80,02;34,02;179,98;866,73;179,96;833,22;857,53;77,88;0,75
10675;0,00;0,00;0,00;0,00;49,00;0,00;71,00;79,98;34,03;179,96;865,61;179,99;832,83;856,03;77,88;0,75
10680;0,00;0,00;0,00;0,00;49,00;0,00;70,99;80,00;34,04;179,95;862,46;180,01;832,48;854,81;77,88;0,75
10685;0,00;0,00;0,00;0,00;49,00;0,00;70,97;79,97;34,03;179,97;861,05;180,08;831,78;852,39;77,88;0,75
10690;0,00;0,00;0,00;0,00;49,00;0,00;71,01;80,02;34,03;180,01;860,07;180,12;831,68;851,74;77,88;0,75
10695;0,00;0,00;0,00;0,00;49,00;0,00;70,99;80,02;34,04;180,03;860,85;180,16;832,09;852,42;77,88;0,75
10700;0,00;0,00;0,00;0,00;49,00;0,00;71,03;79,98;34,02;180,04;864,31;180,20;832,53;853,63;77,88;0,75
10705;0,00;0,00;0,00;0,00;49,00;0,00;71,02;79,98;34,03;180,03;865,98;180,21;833,18;856,33;77,88;0,75
10710;0,00;0,00;0,00;0,00;49,00;0,00;70,97;80,00;34,03;179,98;867,62;180,22;833,30;857,25;77,88;0,75
10715;0,00;0,00;0,00;0,00;49,00;0,00;71,02;80,03;34,04;179,96;867,44;180,21;833,27;857,58;77,88;0,75
10720;0,00;0,00;0,00;0,00;49,00;0,00;71,00;80,00;34,04;179,94;865,55;180,17;833,13;857,00;77,88;0,75
10725;0,00;0,00;0,00;0,00;49,00;0,00;70,99;80,00;34,04;179,95;864,08;180,14;832,51;854,80;77,88;0,75
10730;0,00;0,00;0,00;0,00;49,00;0,00;70,99;80,00;34,05;179,98;861,04;180,09;832,11;853,47;77,88;0,75
10735;0,00;0,00;0,00;0,00;49,00;0,00;70,99;79,98;34,05;179,98;860,08;180,06;831,69;851,69;77,88;0,75
10740;0,00;0,00;0,00;0,00;49,00;0,00;71,01;80,00;34,04;180,00;860,83;180,01;831,81;851,69;77,88;0,75
10745;0,00;0,00;0,00;0,00;49,00;0,00;71,00;80,00;34,05;179,99;862,37;180,00;832,55;853,63;77,88;0,75
10750;0,00;0,00;0,00;0,00;48,99;0,00;71,00;80,02;34,04;180,02;866,03;179,97;832,95;855,07;77,88;0,75
10755;0,00;0,00;0,00;0,00;49,00;0,00;71,02;80,00;34,04;180,02;867,18;179,97;833,32;857,30;77,88;0,75
10760;0,00;0,00;0,00;0,00;48,99;0,00;70,98;80,00;34,03;180,00;867,50;179,99;833,30;857,71;77,88;0,75
10765;0,00;0,00;0,00;0,00;49,00;0,00;70,98;80,00;34,03;179,99;866,72;180,01;833,17;857,02;77,88;0,75
10770;0,00;0,00;0,00;0,00;49,00;0,00;71,02;80,02;34,04;179,99;864,08;180,05;832,56;856,05;77,88;0,75
10775;0,00;0,00;0,00;0,00;49,01;0,00;71,01;80,00;34,04;179,97;862,47;180,09;832,16;853,50;77,88;0,75
10780;0,00;0,00;0,00;0,00;49,01;0,00;71,00;80,02;34,04;179,98;860,12;180,15;831,75;852,35;77,88;0,75
10785;0,00;0,00;0,00;0,00;49,01;0,00;71,00;80,00;34,03;179,99;860,08;180,17;831,86;851,72;77,88;0,75
10790;0,00;0,00;0,00;0,00;49,00;0,00;71,01;80,00;34,03;179,99;862,43;180,21;832,59;852,43;77,88;0,75
10795;0,00;0,00;0,00;0,00;49,00;0,00;71,01;79,98;34,04;180,00;864,28;180,23;832,99;855,10;77,88;0,75
10800;0,00;0,00;0,00;0,00;49,00;0,00;70,99;80,00;34,04;180,00;867,18;180,23;833,34;856,37;77,88;0,75
10805;0,00;0,00;0,00;0,00;49,00;0,00;71,00;79,97;34,06;180,00;867,63;180,22;833,38;857,68;77,88;0,75
10810;0,00;0,00;0,00;0,00;49,00;0,00;71,00;80,00;34,04;180,00;866,72;180,18;833,16;856,98;77,88;0,75
10815;0,00;0,00;0,00;0,00;49,00;0,00;71,01;79,98;34,04;179,99;865,47;180,14;832,92;855,99;77,88;0,75
10820;0,00;0,00;0,00;0,00;48,99;0,00;71,00;80,00;34,05;179,99;862,39;180,08;832,14;853,39;77,88;0,75
10825;0,00;0,00;0,00;0,00;49,01;0,00;71,00;80,00;34,04;179,99;860,96;180,04;831,85;852,29;77,88;0,75
10830;0,00;0,00;0,00;0,00;48,99;0,00;71,00;80,00;34,04;179,99;860,07;179,99;831,88;851,72;77,88;0,75
10835;0,00;0,00;0,00;0,00;49,00;0,00;71,01;79,98;34,06;180,00;860,95;179,98;832,20;852,48;77,88;0,75
10840;0,00;0,00;0,00;0,00;49,00;0,00;71,00;79,98;34,05;180,00;864,50;179,96;833,03;855,18;77,88;0,75
10845;0,00;0,00;0,00;0,00;49,00;0,00;71,00;80,03;34,05;179,99;866,14;179,98;833,28;856,45;77,88;0,75
10850;0,00;0,00;0,00;0,00;49,01;0,00;71,00;80,00;34,05;179,98;867,69;180,00;833,42;857,73;77,88;0,75
10855;0,00;0,00;0,00;0,00;49,00;0,00;71,02;80,02;34,06;179,99;867,48;180,03;833,36;857,59;77,88;0,75
10860;0,00;0,00;0,00;0,00;49,00;0,00;71,02;80,02;34,04;180,00;865,48;180,09;832,94;855,99;77,88;0,75
10865;0,00;0,00;0,00;0,00;49,00;0,00;71,01;80,00;34,05;180,01;864,00;180,12;832,58;854,69;77,88;0,75
10870;0,00;0,00;0,00;0,00;49,00;0,00;71,00;80,00;34,05;180,00;860,87;180,17;831,88;852,26;77,88;0,75
10875;0,00;0,00;0,00;0,00;49,00;0,00;71,02;80,05;34,04;179,98;860,02;180,19;831,78;851,63;77,88;0,75
10880;0,00;0,00;0,00;0,00;49,00;0,00;71,00;80,00;34,06;179,98;860,80;180,21;832,20;852,33;77,88;0,75
10885;0,00;0,00;0,00;0,00;49,01;0,00;71,00;80,00;34,05;179,98;864,24;180,21;832,64;853,58;77,88;0,75
10890;0,00;0,00;0,00;0,00;49,00;0,00;71,02;80,02;34,05;179,99;866,06;180,19;833,31;856,37;77,88;0,75
10895;0,00;0,00;0,00;0,00;49,00;0,00;71,02;80,00;34,06;180,00;867,71;180,18;833,42;857,32;77,88;0,75
10900;0,00;0,00;0,00;0,00;49,00;0,00;71,01;80,02;34,06;180,02;867,54;180,12;833,42;857,65;77,88;0,76
10905;0,00;0,00;0,00;0,00;49,00;0,00;71,02;79,98;34,06;180,02;865,70;180,09;833,28;857,08;77,88;0,76
10910;0,00;0,00;0,00;0,00;49,01;0,00;71,03;79,98;34,05;180,00;864,13;180,04;832,69;854,86;77,88;0,76
10915;0,00;0,00;0,00;0,00;49,00;0,00;71,03;80,03;34,05;179,98;861,11;180,01;832,28;853,55;77,88;0,75
10920;0,00;0,00;0,00;0,00;48,99;0,00;71,00;80,03;34,05;179,96;860,18;179,97;831,87;851,76;77,88;0,76
10925;0,00;0,00;0,00;0,00;49,01;0,00;71,01;79,97;34,06;179,98;860,87;179,97;831,97;851,72;77,88;0,75
10930;0,00;0,00;0,00;0,00;49,00;0,00;70,99;80,02;34,05;180,00;862,39;179,97;832,70;853,56;77,88;0,76
10935;0,00;0,00;0,00;0,00;49,01;0,00;71,02;80,00;34,07;180,02;865,93;180,00;833,11;854,99;77,88;0,76
10940;0,00;0,00;0,00;0,00;48,99;0,00;71,02;80,00;34,06;180,02;867,12;180,03;833,47;857,24;77,88;0,75
10945;0,00;0,00;0,00;0,00;49,00;0,00;70,98;80,03;34,06;180,00;867,51;180,08;833,50;857,69;77,88;0,75
10950;0,00;0,00;0,00;0,00;49,00;0,00;71,00;79,95;34,07;179,99;866,83;180,10;833,33;857,07;77,88;0,75
10955;0,00;0,00;0,00;0,00;48,99;0,00;71,01;80,00;34,06;179,97;864,17;180,15;833,08;856,12;77,88;0,75
10960;0,00;0,00;0,00;0,00;48,99;0,00;71,00;80,02;34,06;179,98;862,45;180,18;832,30;853,46;77,88;0,75
10965;0,00;0,00;0,00;0,00;49,00;0,00;71,00;80,00;34,04;179,99;860,08;180,20;831,98;852,27;77,88;0,75
10970;0,00;0,00;0,00;0,00;49,00;0,00;71,00;80,02;34,05;180,00;860,12;180,22;832,04;851,78;77,88;0,75
10975;0,00;0,00;0,00;0,00;49,01;0,00;71,00;80,00;34,04;180,01;862,77;180,21;832,38;852,55;77,88;0,75
10980;0,00;0,00;0,00;0,00;49,00;0,00;71,00;80,00;34,04;180,02;864,64;180,20;833,22;855,30;77,88;0,75
10985;0,00;0,00;0,00;0,00;48,99;0,00;71,00;80,02;34,05;180,00;867,31;180,19;833,45;856,55;77,88;0,75
10990;0,00;0,00;0,00;0,00;49,00;0,00;70,98;80,00;34,03;180,00;867,71;180,14;833,58;857,76;77,88;0,76
10995;0,00;0,00;0,00;0,00;49,00;0,00;71,00;80,02;34,04;180,00;866,63;180,11;833,51;857,57;77,88;0,75
11000;0,00;0,00;0,00;0,00;49,00;0,00;71,02;80,00;34,04;180,00;865,32;180,05;833,08;855,87;77,88;0,75
11005;0,00;0,00;0,00;0,00;49,00;0,00;71,03;80,00;34,04;180,00;862,19;180,03;832,69;854,55;77,88;0,75
11010;0,00;0,00;0,00;0,00;49,00;0,00;71,00;79,98;34,04;179,99;860,83;180,01;832,03;852,18;77,88;0,75
11015;0,00;0,00;0,00;0,00;49,01;0,00;70,98;79,98;34,04;179,99;860,13;180,00;831,97;851,65;77,88;0,75
11020;0,00;0,00;0,00;0,00;49,00;0,00;71,01;80,02;34,06;180,00;861,10;180,00;832,47;852,62;77,88;0,75
11025;0,00;0,00;0,00;0,00;49,00;0,00;71,01;79,98;34,04;179,99;864,63;180,01;832,92;853,93;77,88;0,75
11030;0,00;0,00;0,00;0,00;48,99;0,00;71,00;80,00;34,04;179,99;866,28;180,03;833,54;856,64;77,88;0,76
11035;0,00;0,00;0,00;0,00;49,00;0,00;71,02;79,98;34,04;179,99;867,82;180,05;833,65;857,51;77,88;0,76
11040;0,00;0,00;0,00;0,00;49,01;0,00;71,01;80,00;34,05;180,00;867,57;180,10;833,62;857,69;77,88;0,75
11045;0,00;0,00;0,00;0,00;48,99;0,00;71,01;80,02;34,05;180,02;865,60;180,14;833,48;857,05;77,88;0,75
11050;0,00;0,00;0,00;0,00;49,00;0,00;71,01;80,03;34,06;180,03;863,98;180,15;832,84;854,76;77,88;0,75
11055;0,00;0,00;0,00;0,00;49,00;0,00;71,00;79,98;34,06;180,01;860,94;180,17;832,43;853,41;77,88;0,75
11060;0,00;0,00;0,00;0,00;49,00;0,00;71,01;80,02;34,05;180,01;860,04;180,18;832,04;851,67;77,88;0,75
11065;0,00;0,00;0,00;0,00;49,00;0,00;70,99;80,02;34,07;180,01;860,97;180,16;832,17;851,75;77,88;0,75
11070;0,00;0,00;0,00;0,00;49,01;0,00;70,99;80,02;34,05;180,00;862,55;180,16;832,95;853,82;77,88;0,75
11075;0,00;0,00;0,00;0,00;49,00;0,00;71,00;80,02;34,07;179,99;866,25;180,12;833,35;855,27;77,88;0,75
11080;0,00;0,00;0,00;0,00;49,00;0,00;71,00;80,02;34,08;179,99;867,35;180,10;833,68;857,43;77,88;0,75
11085;0,00;0,00;0,00;0,00;49,00;0,00;71,00;80,00;34,05;180,01;867,55;180,06;833,70;857,81;77,88;0,75
11090;0,00;0,00;0,00;0,00;49,00;0,00;71,02;79,95;34,06;180,01;866,72;180,05;833,50;857,04;77,88;0,75
11095;0,00;0,00;0,00;0,00;49,00;0,00;71,00;80,03;34,07;179,99;864,03;180,03;833,23;856,01;77,88;0,75
11100;0,00;0,00;0,00;0,00;49,01;0,00;71,00;80,00;34,06;179,98;862,43;180,02;832,48;853,44;77,88;0,75
11105;0,00;0,00;0,00;0,00;48,99;0,00;71,00;80,00;34,07;179,98;860,14;180,02;832,19;852,36;77,88;0,75
11110;0,00;0,00;0,00;0,00;49,01;0,00;71,02;79,98;34,07;179,99;860,16;180,02;832,23;851,81;77,88;0,75
11115;0,00;0,00;0,00;0,00;49,00;0,00;71,00;79,98;34,07;180,00;862,60;180,05;832,99;852,56;77,88;0,76
11120;0,00;0,00;0,00;0,00;49,00;0,00;70,99;80,00;34,08;180,00;864,46;180,07;833,39;855,27;77,88;0,76
11125;0,00;0,00;0,00;0,00;49,00;0,00;71,00;80,00;34,07;180,00;867,31;180,10;833,72;856,52;77,88;0,76
11130;0,00;0,00;0,00;0,00;49,00;0,00;71,00;79,98;34,08;179,99;867,72;180,11;833,74;857,78;77,88;0,76
11135;0,00;0,00;0,00;0,00;48,99;0,00;71,02;80,00;34,08;179,99;866,73;180,13;833,53;857,62;77,88;0,76
11140;0,00;0,00;0,00;0,00;49,00;0,00;71,02;80,00;34,07;179,99;865,56;180,13;833,27;856,00;77,88;0,76
11145;0,00;0,00;0,00;0,00;49,00;0,00;71,00;80,00;34,09;180,01;862,40;180,13;832,51;854,75;77,88;0,76
11150;0,00;0,00;0,00;0,00;49,01;0,00;71,00;80,02;34,08;180,01;861,01;180,12;832,22;852,36;77,88;0,76
11155;0,00;0,00;0,00;0,00;49,00;0,00;71,00;80,00;34,08;180,01;860,16;180,10;832,28;851,77;77,88;0,76
11160;0,00;0,00;0,00;0,00;48,99;0,00;70,98;80,03;34,08;180,01;861,12;180,08;832,61;852,60;77,88;0,76
11165;0,00;0,00;0,00;0,00;49,00;0,00;71,01;79,98;34,08;179,99;864,54;180,06;833,41;855,29;77,88;0,76
11170;0,00;0,00;0,00;0,00;49,00;0,00;71,00;80,02;34,08;179,99;866,15;180,05;833,63;856,52;77,88;0,76
11175;0,00;0,00;0,00;0,00;49,00;0,00;71,00;79,97;34,08;179,99;867,62;180,04;833,72;857,69;77,88;0,76
11180;0,00;0,00;0,00;0,00;49,00;0,00;71,03;79,98;34,09;180,00;867,35;180,04;833,66;857,50;77,88;0,76
11185;0,00;0,00;0,00;0,00;49,00;0,00;71,00;80,00;34,09;180,01;865,36;180,04;833,22;855,87;77,88;0,76
11190;0,00;0,00;0,00;0,00;49,00;0,00;71,03;80,00;34,08;180,02;863,85;180,04;832,85;854,58;77,88;0,76
11195;0,00;0,00;0,00;0,00;49,00;0,00;71,01;79,98;34,08;180,01;860,85;180,06;832,19;852,28;77,88;0,76
11200;0,00;0,00;0,00;0,00;49,00;0,00;70,99;80,02;34,09;180,01;860,12;180,07;832,12;851,74;77,88;0,75
11205;0,00;0,00;0,00;0,00;48,99;0,00;71,02;80,00;34,09;180,00;861,16;180,09;832,61;852,66;77,88;0,75
11210;0,00;0,00;0,00;0,00;48,99;0,00;71,03;80,02;34,08;180,00;864,61;180,10;833,04;853,94;77,88;0,76
11215;0,00;0,00;0,00;0,00;49,01;0,00;70,99;80,02;34,07;180,00;866,21;180,11;833,62;856,57;77,88;0,76
11220;0,00;0,00;0,00;0,00;49,01;0,00;71,00;80,00;34,07;180,00;867,64;180,12;833,72;857,40;77,88;0,76
11225;0,00;0,00;0,00;0,00;48,99;0,00;71,03;80,00;34,07;179,99;867,35;180,11;833,66;857,50;77,88;0,76
11230;0,00;0,00;0,00;0,00;49,00;0,00;71,00;79,98;34,08;180,00;865,32;180,10;833,49;856,83;77,88;0,75
11235;0,00;0,00;0,00;0,00;49,00;0,00;71,00;79,98;34,10;180,01;863,83;180,09;832,84;854,54;77,88;0,75
11240;0,00;0,00;0,00;0,00;49,00;0,00;71,01;80,02;34,07;180,02;860,82;180,08;832,46;853,25;77,88;0,75
11245;0,00;0,00;0,00;0,00;49,01;0,00;71,02;79,98;34,06;180,02;860,09;180,05;832,13;851,71;77,88;0,75
11250;0,00;0,00;0,00;0,00;49,00;0,00;71,00;80,02;34,07;180,00;861,15;180,04;832,29;851,85;77,88;0,75
11255;0,00;0,00;0,00;0,00;48,99;0,00;70,98;79,98;34,07;179,98;862,75;180,01;833,07;853,99;77,88;0,76
11260;0,00;0,00;0,00;0,00;49,00;0,00;71,00;80,03;34,08;179,98;866,32;180,01;833,44;855,40;77,88;0,76
11265;0,00;0,00;0,00;0,00;49,00;0,00;71,00;80,00;34,07;179,99;867,34;180,00;833,75;857,44;77,88;0,76
11270;0,00;0,00;0,00;0,00;49,01;0,00;70,99;80,02;34,08;180,00;867,37;180,01;833,76;857,75;77,88;0,76
11275;0,00;0,00;0,00;0,00;48,99;0,00;71,00;80,03;34,08;180,01;866,54;180,02;833,53;856,88;77,88;0,76
11280;0,00;0,00;0,00;0,00;49,00;0,00;71,00;80,02;34,08;180,00;863,79;180,02;833,25;855,81;77,88;0,76
11285;0,00;0,00;0,00;0,00;49,00;0,00;71,00;79,97;34,08;180,01;862,18;180,02;832,48;853,23;77,88;0,76
11290;0,00;0,00;0,00;0,00;49,00;0,00;71,00;79,97;34,07;180,02;860,02;180,03;832,21;852,19;77,88;0,76
11295;0,00;0,00;0,00;0,00;48,99;0,00;71,00;80,00;34,07;180,02;860,13;180,05;832,29;851,80;77,88;0,76
11300;0,00;0,00;0,00;0,00;49,00;0,00;71,03;80,02;34,09;180,00;862,73;180,06;832,64;852,59;77,88;0,76
11305;0,00;0,00;0,00;0,00;49,00;0,00;71,01;80,02;34,08;179,99;864,63;180,07;833,48;855,35;77,88;0,76
11310;0,00;0,00;0,00;0,00;49,00;0,00;71,02;80,03;34,08;179,98;867,40;180,09;833,79;856,60;77,88;0,76
11315;0,00;0,00;0,00;0,00;49,00;0,00;71,02;80,00;34,06;179,99;867,76;180,08;833,82;857,82;77,88;0,76
11320;0,00;0,00;0,00;0,00;49,00;0,00;71,00;80,00;34,08;180,02;866,70;180,07;833,60;857,62;77,88;0,76
11325;0,00;0,00;0,00;0,00;49,00;0,00;71,00;79,98;34,09;180,03;865,39;180,07;833,33;855,94;77,88;0,76
11330;0,00;0,00;0,00;0,00;49,01;0,00;71,00;80,00;34,09;180,01;862,27;180,05;832,57;854,66;77,88;0,76
11335;0,00;0,00;0,00;0,00;49,00;0,00;71,00;80,00;34,09;180,00;860,90;180,04;832,29;852,28;77,88;0,76
11340;0,00;0,00;0,00;0,00;49,01;0,00;71,02;80,02;34,07;179,97;860,11;180,01;832,34;851,71;77,88;0,76
11345;0,00;0,00;0,00;0,00;48,99;0,00;71,00;80,03;34,09;179,96;861,08;180,00;832,66;852,56;77,88;0,76
11350;0,00;0,00;0,00;0,00;49,00;0,00;71,00;80,02;34,10;179,98;864,55;179,98;833,49;853,84;77,88;0,76
11355;0,00;0,00;0,00;0,00;49,01;0,00;71,00;80,00;34,09;180,01;866,16;179,98;833,70;856,50;77,88;0,76
11360;0,00;0,00;0,00;0,00;49,00;0,00;71,00;80,00;34,08;180,02;867,63;179,99;833,82;857,71;77,88;0,76
11365;0,00;0,00;0,00;0,00;49,00;0,00;71,02;80,00;34,09;180,00;867,36;180,00;833,77;857,53;77,88;0,76
11370;0,00;0,00;0,00;0,00;48,99;0,00;71,02;79,98;34,07;180,00;865,37;180,01;833,33;855,87;77,88;0,76
11375;0,00;0,00;0,00;0,00;49,00;0,00;71,00;80,00;34,11;179,98;863,88;180,02;832,96;854,61;77,88;0,76
11380;0,00;0,00;0,00;0,00;49,00;0,00;70,99;80,00;34,09;179,99;860,84;180,04;832,29;852,24;77,88;0,76
11385;0,00;0,00;0,00;0,00;49,00;0,00;71,02;80,00;34,09;180,00;860,08;180,05;832,22;851,70;77,88;0,76
11390;0,00;0,00;0,00;0,00;49,00;0,00;71,01;80,02;34,10;180,00;861,16;180,06;832,71;852,63;77,88;0,76
11395;0,00;0,00;0,00;0,00;49,00;0,00;71,01;80,00;34,09;180,00;862,79;180,07;833,15;853,92;77,88;0,76
11400;0,00;0,00;0,00;0,00;49,00;0,00;71,00;80,02;34,09;180,00;866,22;180,07;833,74;856,54;77,88;0,76
11405;0,00;0,00;0,00;0,00;49,00;0,00;70,99;79,97;34,10;179,98;867,25;180,06;833,84;857,37;77,88;0,76
11410;0,00;0,00;0,00;0,00;48,99;0,00;71,00;80,00;34,11;179,97;867,32;180,03;833,78;857,50;77,88;0,76
11415;0,00;0,00;0,00;0,00;49,01;0,00;71,00;80,02;34,10;179,97;866,51;180,02;833,61;856,82;77,88;0,76
11420;0,00;0,00;0,00;0,00;49,00;0,00;71,00;79,95;34,10;179,99;863,78;180,00;832,97;854,50;77,88;0,76
11425;0,00;0,00;0,00;0,00;49,00;0,00;71,01;80,03;34,10;179,99;862,07;179,99;832,58;853,21;77,88;0,76
11430;0,00;0,00;0,00;0,00;48,99;0,00;71,03;80,03;34,10;180,00;860,04;179,96;832,25;851,68;77,88;0,76
11435;0,00;0,00;0,00;0,00;49,00;0,00;71,00;80,00;34,09;179,99;861,12;179,95;832,41;851,82;77,88;0,76
11440;0,00;0,00;0,00;0,00;49,00;0,00;71,02;80,00;34,11;179,98;862,85;179,95;833,18;853,95;77,88;0,76
11445;0,00;0,00;0,00;0,00;49,00;0,00;71,00;80,00;34,10;179,98;866,29;179,95;833,57;855,39;77,88;0,76
11450;0,00;0,00;0,00;0,00;49,00;0,00;71,01;79,98;34,10;179,98;867,30;179,96;833,87;857,42;77,88;0,76
11455;0,00;0,00;0,00;0,00;48,99;0,00;71,00;80,03;34,11;180,00;867,33;179,97;833,88;857,72;77,88;0,76
11460;0,00;0,00;0,00;0,00;49,01;0,00;71,02;80,00;34,10;180,01;866,50;179,99;833,65;856,82;77,88;0,76
11465;0,00;0,00;0,00;0,00;49,01;0,00;71,00;79,98;34,10;180,01;863,63;180,00;833,36;855,78;77,88;0,76
11470;0,00;0,00;0,00;0,00;49,00;0,00;71,00;80,00;34,11;180,00;862,05;180,02;832,58;853,20;77,88;0,76
11475;0,00;0,00;0,00;0,00;49,00;0,00;71,02;80,02;34,11;179,98;859,99;180,02;832,31;852,16;77,88;0,76
11480;0,00;0,00;0,00;0,00;48,99;0,00;70,98;80,00;34,11;179,98;860,10;180,03;832,41;851,77;77,88;0,76
11485;0,00;0,00;0,00;0,00;49,00;0,00;71,01;80,02;34,12;180,00;862,67;180,04;832,75;852,59;77,88;0,76
11490;0,00;0,00;0,00;0,00;49,00;0,00;71,00;80,00;34,12;179,99;864,68;180,03;833,56;855,31;77,88;0,76
11495;0,00;0,00;0,00;0,00;49,00;0,00;70,99;79,98;34,13;179,99;867,29;180,00;833,77;856,55;77,88;0,76
11500;0,00;0,00;0,00;0,00;49,00;0,00;71,02;80,00;34,11;180,00;867,66;179,99;833,90;857,73;77,88;0,76
11505;0,00;0,00;0,00;0,00;49,00;0,00;71,02;80,00;34,12;179,99;866,61;179,95;833,84;857,54;77,88;0,76
11510;0,00;0,00;0,00;0,00;49,00;0,00;71,01;79,98;34,12;179,99;865,42;179,94;833,42;855,87;77,88;0,76
11515;0,00;0,00;0,00;0,00;49,00;0,00;71,03;80,00;34,11;179,98;862,21;179,92;833,04;854,59;77,88;0,76
11520;0,00;0,00;0,00;0,00;49,00;0,00;71,00;80,03;34,12;179,98;860,81;179,92;832,36;852,23;77,88;0,76
11525;0,00;0,00;0,00;0,00;49,00;0,00;71,00;80,02;34,12;179,98;860,02;179,94;832,41;851,63;77,88;0,76
11530;0,00;0,00;0,00;0,00;49,01;0,00;71,01;80,02;34,12;179,98;860,89;179,95;832,73;852,49;77,88;0,76
11535;0,00;0,00;0,00;0,00;49,00;0,00;71,00;80,00;34,11;179,99;864,49;179,97;833,56;853,78;77,88;0,76
11540;0,00;0,00;0,00;0,00;49,00;0,00;70,99;79,98;34,12;179,99;866,13;179,99;833,80;856,44;77,88;0,76
11545;0,00;0,00;0,00;0,00;49,00;0,00;71,02;80,03;34,12;179,97;867,69;180,02;833,94;857,35;77,88;0,76
11550;0,00;0,00;0,00;0,00;49,00;0,00;71,00;80,00;34,11;179,97;867,51;180,04;833,90;857,63;77,88;0,76
11555;0,00;0,00;0,00;0,00;49,01;0,00;71,00;80,03;34,10;179,97;865,54;180,06;833,50;857,04;77,88;0,76
11560;0,00;0,00;0,00;0,00;49,00;0,00;71,00;80,00;34,11;179,97;864,06;180,06;833,13;854,81;77,88;0,76
11565;0,00;0,00;0,00;0,00;49,00;0,00;71,01;79,98;34,09;179,99;861,01;180,07;832,41;853,49;77,88;0,76
11570;0,00;0,00;0,00;0,00;49,00;0,00;71,00;80,02;34,10;180,00;860,05;180,06;832,30;851,67;77,88;0,76
11575;0,00;0,00;0,00;0,00;49,00;0,00;70,99;79,98;34,10;179,99;860,82;180,03;832,72;851,67;77,88;0,76
11580;0,00;0,00;0,00;0,00;49,00;0,00;71,00;80,00;34,10;179,97;862,37;180,03;833,16;853,68;77,88;0,76
11585;0,00;0,00;0,00;0,00;49,00;0,00;70,98;80,02;34,10;179,96;866,04;179,99;833,81;856,35;77,88;0,76
11590;0,00;0,00;0,00;0,00;49,00;0,00;71,03;80,02;34,11;179,97;867,18;179,97;833,92;857,28;77,88;0,76
11595;0,00;0,00;0,00;0,00;49,00;0,00;71,02;80,03;34,11;179,97;867,50;179,95;833,90;857,63;77,88;0,76
11600;0,00;0,00;0,00;0,00;49,00;0,00;71,00;80,02;34,12;179,98;866,79;179,94;833,77;857,05;77,88;0,76
11605;0,00;0,00;0,00;0,00;49,00;0,00;71,00;80,03;34,11;179,98;864,09;179,93;833,14;854,77;77,88;0,76
11610;0,00;0,00;0,00;0,00;49,00;0,00;71,00;79,98;34,11;179,97;862,49;179,93;832,75;853,46;77,88;0,76
11615;0,00;0,00;0,00;0,00;48,99;0,00;71,00;80,00;34,11;179,97;860,10;179,94;832,35;851,71;77,88;0,76
11620;0,00;0,00;0,00;0,00;49,01;0,00;71,00;80,00;34,12;179,97;860,04;179,94;832,46;851,71;77,88;0,76
11625;0,00;0,00;0,00;0,00;49,00;0,00;70,98;80,00;34,12;179,98;862,33;179,97;833,19;853,61;77,88;0,76
11630;0,00;0,00;0,00;0,00;49,00;0,00;70,99;79,98;34,12;180,00;864,34;179,98;833,61;855,08;77,88;0,76
11635;0,00;0,00;0,00;0,00;49,00;0,00;71,02;80,02;34,12;180,00;867,18;180,00;833,97;857,30;77,88;0,76
11640;0,00;0,00;0,00;0,00;49,00;0,00;71,02;80,00;34,14;179,99;867,68;180,01;834,01;857,74;77,88;0,76
11645;0,00;0,00;0,00;0,00;49,00;0,00;71,00;80,00;34,13;179,97;866,84;180,02;833,82;857,07;77,88;0,76
11650;0,00;0,00;0,00;0,00;49,00;0,00;71,01;80,02;34,13;179,94;864,14;180,03;833,58;856,12;77,88;0,76
11655;0,00;0,00;0,00;0,00;49,00;0,00;71,01;79,98;34,13;179,93;862,54;180,02;832,80;853,52;77,88;0,76
11660;0,00;0,00;0,00;0,00;49,00;0,00;71,00;80,02;34,13;179,97;860,13;180,02;832,50;852,40;77,88;0,76
11665;0,00;0,00;0,00;0,00;49,00;0,00;71,00;80,03;34,12;179,99;860,04;180,01;832,48;851,71;77,88;0,76
11670;0,00;0,00;0,00;0,00;49,00;0,00;71,00;80,02;34,12;180,01;862,32;179,99;832,78;852,38;77,88;0,76
11675;0,00;0,00;0,00;0,00;49,00;0,00;71,00;80,02;34,13;180,00;864,18;179,97;833,61;855,03;77,88;0,76
11680;0,00;0,00;0,00;0,00;49,00;0,00;70,99;80,02;34,12;179,98;867,15;179,95;833,88;856,39;77,88;0,76
11685;0,00;0,00;0,00;0,00;49,00;0,00;71,00;80,00;34,13;179,97;867,67;179,93;834,02;857,73;77,88;0,76
11690;0,00;0,00;0,00;0,00;49,00;0,00;71,00;79,97;34,13;179,95;866,77;179,92;833,97;857,62;77,88;0,76
11695;0,00;0,00;0,00;0,00;49,00;0,00;71,00;79,98;34,12;179,96;865,63;179,92;833,59;856,11;77,88;0,76
11700;0,00;0,00;0,00;0,00;49,00;0,00;70,98;80,00;34,13;179,98;862,56;179,92;833,23;854,87;77,88;0,76
11705;0,00;0,00;0,00;0,00;48,99;0,00;70,99;80,05;34,12;179,99;860,99;179,94;832,51;852,38;77,88;0,76
11710;0,00;0,00;0,00;0,00;48,99;0,00;71,00;80,02;34,12;180,00;859,99;179,95;832,39;851,71;77,88;0,76
11715;0,00;0,00;0,00;0,00;49,00;0,00;71,01;80,02;34,14;180,00;860,75;179,98;832,80;852,35;77,88;0,76
11720;0,00;0,00;0,00;0,00;49,00;0,00;71,00;80,00;34,12;179,99;864,22;179,99;833,23;853,56;77,88;0,76
11725;0,00;0,00;0,00;0,00;49,00;0,00;71,02;80,02;34,15;179,97;865,94;180,02;833,91;856,35;77,88;0,76
11730;0,00;0,00;0,00;0,00;49,00;0,00;70,99;80,00;34,13;179,95;867,71;180,03;834,03;857,30;77,88;0,76
11735;0,00;0,00;0,00;0,00;49,00;0,00;71,00;79,98;34,13;179,95;867,57;180,03;834,03;857,69;77,88;0,76
11740;0,00;0,00;0,00;0,00;49,01;0,00;71,01;79,98;34,15;179,95;865,76;180,03;833,90;857,15;77,88;0,76
11745;0,00;0,00;0,00;0,00;49,00;0,00;71,00;80,00;34,13;179,96;864,20;180,02;833,29;854,92;77,88;0,76
11750;0,00;0,00;0,00;0,00;48,99;0,00;71,00;80,05;34,15;179,99;861,11;180,01;832,90;853,60;77,88;0,76
11755;0,00;0,00;0,00;0,00;49,00;0,00;71,02;80,02;34,14;180,00;860,14;180,00;832,44;851,73;77,88;0,76
11760;0,00;0,00;0,00;0,00;49,00;0,00;71,00;80,00;34,13;180,00;860,65;179,98;832,52;851,65;77,88;0,76
11765;0,00;0,00;0,00;0,00;49,00;0,00;71,00;79,97;34,13;179,99;862,13;179,97;833,23;853,43;77,88;0,76
11770;0,00;0,00;0,00;0,00;49,00;0,00;71,00;80,02;34,13;179,96;865,79;179,95;833,63;854,87;77,88;0,76
11775;0,00;0,00;0,00;0,00;49,00;0,00;71,00;80,03;34,14;179,95;867,00;179,94;834,02;857,15;77,88;0,76
11780;0,00;0,00;0,00;0,00;49,00;0,00;71,00;79,97;34,14;179,96;867,48;179,93;834,06;857,64;77,88;0,76
11785;0,00;0,00;0,00;0,00;49,00;0,00;71,01;80,00;34,13;179,97;866,84;179,93;833,88;857,08;77,88;0,76
11790;0,00;0,00;0,00;0,00;49,00;0,00;70,99;80,00;34,14;179,99;864,22;179,93;833,28;856,16;77,88;0,76
11795;0,00;0,00;0,00;0,00;49,00;0,00;70,99;79,98;34,16;179,99;862,64;179,94;832,88;853,61;77,88;0,76
11800;0,00;0,00;0,00;0,00;49,00;0,00;71,02;80,00;34,16;179,97;860,19;179,95;832,57;852,47;77,88;0,76
11805;0,00;0,00;0,00;0,00;49,01;0,00;71,00;79,98;34,14;179,97;860,05;179,96;832,53;851,73;77,88;0,76
11810;0,00;0,00;0,00;0,00;48,99;0,00;71,00;80,00;34,15;179,97;862,37;179,99;833,26;852,34;77,88;0,76
11815;0,00;0,00;0,00;0,00;49,00;0,00;71,02;80,03;34,15;179,97;864,19;180,00;833,66;854,98;77,88;0,76
11820;0,00;0,00;0,00;0,00;49,00;0,00;71,00;80,00;34,14;179,99;867,06;180,02;834,04;856,28;77,88;0,76
11825;0,00;0,00;0,00;0,00;49,00;0,00;71,03;79,97;34,13;179,99;867,60;180,02;834,07;857,68;77,88;0,76
11830;0,00;0,00;0,00;0,00;49,00;0,00;71,00;80,02;34,13;179,99;866,76;180,03;833,90;857,61;77,88;0,76
11835;0,00;0,00;0,00;0,00;49,00;0,00;71,00;80,00;34,15;179,98;865,64;180,03;833,66;856,13;77,88;0,76
11840;0,00;0,00;0,00;0,00;49,00;0,00;71,00;80,00;34,13;179,96;862,46;180,02;832,86;854,82;77,88;0,76
11845;0,00;0,00;0,00;0,00;49,00;0,00;71,02;80,03;34,14;179,96;861,05;180,01;832,55;852,38;77,88;0,76
11850;0,00;0,00;0,00;0,00;49,01;0,00;71,00;80,00;34,14;179,96;860,04;179,99;832,56;851,73;77,88;0,76
11855;0,00;0,00;0,00;0,00;48,99;0,00;70,99;79,98;34,14;179,96;860,87;179,97;832,87;852,41;77,88;0,76
11860;0,00;0,00;0,00;0,00;49,01;0,00;70,98;80,00;34,15;179,99;864,24;179,93;833,69;853,63;77,88;0,76
11865;0,00;0,00;0,00;0,00;49,01;0,00;71,00;80,02;34,13;180,00;866,03;179,92;833,96;856,41;77,88;0,76
11870;0,00;0,00;0,00;0,00;49,00;0,00;70,98;80,00;34,16;179,98;867,60;179,91;834,06;857,29;77,88;0,76
11875;0,00;0,00;0,00;0,00;49,01;0,00;71,00;80,02;34,14;179,96;867,36;179,90;834,02;857,49;77,88;0,76
11880;0,00;0,00;0,00;0,00;49,00;0,00;70,98;80,02;34,14;179,96;865,32;179,90;833,86;856,85;77,88;0,76
11885;0,00;0,00;0,00;0,00;49,00;0,00;71,00;80,00;34,14;179,96;863,85;179,91;833,21;854,58;77,88;0,76
11890;0,00;0,00;0,00;0,00;49,00;0,00;71,00;80,00;34,15;179,98;860,81;179,93;832,55;853,29;77,88;0,76
11895;0,00;0,00;0,00;0,00;49,00;0,00;71,00;80,00;34,14;179,98;860,07;179,95;832,48;851,69;77,88;0,76
11900;0,00;0,00;0,00;0,00;49,00;0,00;71,00;80,00;34,14;179,99;861,08;179,98;832,97;851,82;77,88;0,76
11905;0,00;0,00;0,00;0,00;49,00;0,00;71,01;80,02;34,14;180,00;862,67;180,00;833,39;853,84;77,88;0,76
11910;0,00;0,00;0,00;0,00;49,00;0,00;71,02;80,02;34,16;179,98;866,18;180,02;833,98;855,25;77,88;0,76
11915;0,00;0,00;0,00;0,00;49,01;0,00;71,00;79,98;34,13;179,97;867,18;180,02;834,07;857,30;77,88;0,76
11920;0,00;0,00;0,00;0,00;48,99;0,00;71,00;79,97;34,14;179,96;867,27;180,02;834,01;857,62;77,88;0,76
11925;0,00;0,00;0,00;0,00;49,01;0,00;71,02;80,02;34,14;179,96;866,39;180,01;833,84;856,75;77,88;0,76
11930;0,00;0,00;0,00;0,00;48,99;0,00;70,99;80,03;34,15;179,97;863,67;179,98;833,18;855,73;77,88;0,76
11935;0,00;0,00;0,00;0,00;49,01;0,00;70,99;80,03;34,15;179,96;862,08;179,96;832,80;853,17;77,88;0,76
11940;0,00;0,00;0,00;0,00;49,01;0,00;71,00;79,98;34,17;179,97;860,01;179,92;832,49;852,15;77,88;0,76
11945;0,00;0,00;0,00;0,00;48,99;0,00;71,01;79,97;34,14;179,97;860,18;179,90;832,67;851,82;77,88;0,76
11950;0,00;0,00;0,00;0,00;49,00;0,00;71,03;80,00;34,15;179,97;862,81;179,88;833,45;853,96;77,88;0,76
11955;0,00;0,00;0,00;0,00;49,00;0,00;71,00;80,00;34,15;179,96;864,66;179,88;833,81;855,40;77,88;0,76
11960;0,00;0,00;0,00;0,00;49,00;0,00;71,00;80,00;34,14;179,96;867,26;179,89;834,09;857,36;77,88;0,76
11965;0,00;0,00;0,00;0,00;49,00;0,00;70,99;80,00;34,15;179,96;867,54;179,90;834,10;857,63;77,88;0,76
11970;0,00;0,00;0,00;0,00;49,00;0,00;71,00;79,97;34,14;179,97;866,39;179,94;833,85;856,72;77,88;0,76
11975;0,00;0,00;0,00;0,00;49,00;0,00;71,02;80,00;34,14;179,96;865,16;179,96;833,58;855,67;77,88;0,76
11980;0,00;0,00;0,00;0,00;49,00;0,00;71,00;79,98;34,15;179,96;861,96;180,00;832,81;853,11;77,88;0,76
11985;0,00;0,00;0,00;0,00;49,00;0,00;71,00;79,98;34,14;179,95;860,65;180,02;832,55;852,11;77,88;0,76
11990;0,00;0,00;0,00;0,00;49,01;0,00;71,01;80,00;34,14;179,96;860,15;180,05;832,68;851,82;77,88;0,76
11995;0,00;0,00;0,00;0,00;49,00;0,00;71,02;80,00;34,16;179,97;862,92;180,05;833,03;852,67;77,88;0,76
12000;0,00;0,00;0,00;0,00;49,00;0,00;71,02;80,00;34,15;179,97;864,75;180,05;833,81;855,37;77,88;0,76
12005;0,00;0,00;0,00;0,00;49,00;0,00;71,02;79,98;34,14;179,97;867,20;180,04;834,02;856,53;77,88;0,76
12010;0,00;0,00;0,00;0,00;49,01;0,00;71,00;80,00;34,15;179,97;867,49;180,01;834,09;857,58;77,88;0,76
12015;0,00;0,00;0,00;0,00;49,01;0,00;71,00;80,00;34,14;179,94;867,11;179,99;834,00;857,30;77,88;0,76
12020;0,00;0,00;0,00;0,00;49,00;0,00;71,01;80,02;34,15;179,94;864,87;179,95;833,51;855,49;77,88;0,76
12025;0,00;0,00;0,00;0,00;49,00;0,00;71,00;80,00;34,15;179,95;861,79;179,93;833,13;854,21;77,88;0,76
12030;0,00;0,00;0,00;0,00;49,00;0,00;71,01;80,03;34,15;179,96;860,54;179,90;832,53;852,01;77,88;0,76
12035;0,00;0,00;0,00;0,00;49,00;0,00;71,00;80,00;34,13;179,99;860,21;179,89;832,51;851,61;77,88;0,76
12040;0,00;0,00;0,00;0,00;49,00;0,00;71,00;80,05;34,15;180,00;861,30;179,88;833,07;852,80;77,88;0,76
12045;0,00;0,00;0,00;0,00;48,99;0,00;71,00;80,00;34,15;180,00;864,93;179,88;833,51;854,10;77,88;0,76
12050;0,00;0,00;0,00;0,00;49,00;0,00;71,00;79,95;34,15;179,98;866,38;179,91;834,02;856,63;77,88;0,76
12055;0,00;0,00;0,00;0,00;49,00;0,00;71,00;80,02;34,15;179,94;867,46;179,94;834,09;857,37;77,88;0,76
12060;0,00;0,00;0,00;0,00;49,00;0,00;70,98;80,00;34,14;179,94;867,07;179,97;833,99;857,25;77,88;0,76
12065;0,00;0,00;0,00;0,00;49,00;0,00;70,99;80,00;34,15;179,94;864,80;180,02;833,81;856,52;77,88;0,76
12070;0,00;0,00;0,00;0,00;49,00;0,00;71,01;80,05;34,15;179,95;863,26;180,03;833,12;854,15;77,88;0,76
12075;0,00;0,00;0,00;0,00;49,02;0,00;71,00;80,03;34,15;179,97;860,50;180,05;832,75;852,86;77,88;0,76
12080;0,00;0,00;0,00;0,00;49,00;0,00;70,98;80,00;34,16;179,98;859,93;180,05;832,52;851,59;77,88;0,76
12085;0,00;0,00;0,00;0,00;49,01;0,00;71,02;80,02;34,15;179,96;861,46;180,04;832,73;851,91;77,88;0,76
12090;0,00;0,00;0,00;0,00;49,00;0,00;71,01;80,03;34,17;179,95;863,15;180,03;833,53;854,21;77,88;0,76
12095;0,00;0,00;0,00;0,00;49,00;0,00;71,01;80,00;34,16;179,94;866,50;180,00;833,87;855,59;77,88;0,76
12100;0,00;0,00;0,00;0,00;49,00;0,00;71,02;79,98;34,15;179,94;867,31;179,99;834,10;857,40;77,88;0,76
12105;0,00;0,00;0,00;0,00;49,00;0,00;71,02;80,02;34,15;179,94;867,01;179,95;834,09;857,56;77,88;0,76
12110;0,00;0,00;0,00;0,00;49,01;0,00;71,00;80,03;34,17;179,95;865,99;179,94;833,80;856,39;77,88;0,76
12115;0,00;0,00;0,00;0,00;49,00;0,00;71,00;80,02;34,17;179,95;863,12;179,91;833,49;855,31;77,88;0,76
12120;0,00;0,00;0,00;0,00;49,01;0,00;70,97;80,02;34,16;179,94;861,58;179,91;832,73;852,77;77,88;0,76
12125;0,00;0,00;0,00;0,00;49,00;0,00;71,01;79,98;34,16;179,92;859,90;179,90;832,54;851,89;77,88;0,76
12130;0,00;0,00;0,00;0,00;49,00;0,00;71,02;80,02;34,17;179,93;860,33;179,91;832,78;851,94;77,88;0,76
12135;0,00;0,00;0,00;0,00;48,99;0,00;70,99;80,03;34,18;179,96;863,31;179,93;833,59;852,93;77,88;0,76
12140;0,00;0,00;0,00;0,00;49,00;0,00;71,00;80,00;34,16;179,98;865,24;179,95;833,92;855,72;77,88;0,76
12145;0,00;0,00;0,00;0,00;49,00;0,00;71,02;80,02;34,18;179,99;867,39;179,98;834,15;856,81;77,88;0,76
12150;0,00;0,00;0,00;0,00;49,00;0,00;71,00;80,00;34,17;179,98;867,50;180,00;834,13;857,60;77,88;0,76
12155;0,00;0,00;0,00;0,00;49,00;0,00;71,03;80,00;34,17;179,94;866,07;180,03;833,83;857,23;77,88;0,76
12160;0,00;0,00;0,00;0,00;48,99;0,00;71,00;79,98;34,18;179,93;864,64;180,05;833,52;855,31;77,88;0,76
12165;0,00;0,00;0,00;0,00;49,01;0,00;71,01;80,00;34,17;179,93;861,51;180,05;832,76;852,76;77,88;0,76
12170;0,00;0,00;0,00;0,00;49,00;0,00;71,00;80,00;34,17;179,95;860,34;180,05;832,56;851,87;77,88;0,76
12175;0,00;0,00;0,00;0,00;49,00;0,00;71,00;79,98;34,17;179,95;860,27;180,04;832,79;851,91;77,88;0,76
12180;0,00;0,00;0,00;0,00;49,00;0,00;71,00;80,00;34,17;179,97;861,48;180,02;833,17;852,92;77,88;0,76
12185;0,00;0,00;0,00;0,00;49,00;0,00;71,00;80,02;34,17;179,97;865,15;179,99;833,92;855,66;77,88;0,76
12190;0,00;0,00;0,00;0,00;49,00;0,00;71,02;80,00;34,17;179,96;866,55;179,97;834,09;856,76;77,88;0,76
12195;0,00;0,00;0,00;0,00;49,00;0,00;71,00;79,98;34,18;179,94;867,46;179,92;834,13;857,55;77,88;0,76
12200;0,00;0,00;0,00;0,00;49,00;0,00;71,00;80,00;34,17;179,92;866,99;179,90;834,03;857,18;77,88;0,76
12205;0,00;0,00;0,00;0,00;49,00;0,00;71,01;80,02;34,17;179,92;864,62;179,88;833,51;855,24;77,88;0,76
12210;0,00;0,00;0,00;0,00;49,00;0,00;70,98;79,98;34,16;179,93;863,07;179,87;833,10;853,92;77,88;0,76
12215;0,00;0,00;0,00;0,00;49,00;0,00;71,02;80,02;34,17;179,94;860,31;179,88;832,57;851,85;77,88;0,76
12220;0,00;0,00;0,00;0,00;49,00;0,00;71,03;79,98;34,17;179,96;859,93;179,90;832,62;851,60;77,88;0,76
12225;0,00;0,00;0,00;0,00;48,99;0,00;71,03;80,02;34,16;179,97;861,76;179,93;833,26;853,12;77,88;0,76
12230;0,00;0,00;0,00;0,00;49,00;0,00;71,00;80,00;34,17;179,95;863,53;179,96;833,68;854,50;77,88;0,76
12235;0,00;0,00;0,00;0,00;49,01;0,00;71,00;80,02;34,19;179,94;866,66;180,01;834,14;856,91;77,88;0,76
12240;0,00;0,00;0,00;0,00;49,00;0,00;71,02;80,00;34,18;179,93;867,43;180,03;834,20;857,51;77,88;0,76
12245;0,00;0,00;0,00;0,00;49,01;0,00;71,02;79,98;34,18;179,92;866,93;180,06;834,07;857,17;77,88;0,76
12250;0,00;0,00;0,00;0,00;49,00;0,00;71,02;80,02;34,17;179,92;864,58;180,07;833,85;856,34;77,88;0,76
12255;0,00;0,00;0,00;0,00;49,00;0,00;71,02;80,00;34,17;179,92;862,87;180,08;833,13;853,86;77,88;0,76
12260;0,00;0,00;0,00;0,00;49,00;0,00;71,01;80,02;34,18;179,93;860,25;180,08;832,78;852,65;77,88;0,76
12265;0,00;0,00;0,00;0,00;49,00;0,00;71,00;79,98;34,17;179,94;859,87;180,04;832,64;851,57;77,88;0,76
12270;0,00;0,00;0,00;0,00;49,00;0,00;70,97;80,02;34,16;179,94;861,77;180,02;832,88;852,04;77,88;0,76
12275;0,00;0,00;0,00;0,00;48,99;0,00;71,00;79,98;34,19;179,94;863,56;179,97;833,71;854,52;77,88;0,76
12280;0,00;0,00;0,00;0,00;49,01;0,00;71,02;79,98;34,17;179,93;866,69;179,95;834,01;855,83;77,88;0,76
12285;0,00;0,00;0,00;0,00;49,00;0,00;71,00;80,00;34,16;179,93;867,40;179,90;834,22;857,50;77,88;0,76
12290;0,00;0,00;0,00;0,00;49,00;0,00;71,00;80,00;34,18;179,92;866,87;179,88;834,18;857,55;77,88;0,76
12295;0,00;0,00;0,00;0,00;49,01;0,00;71,00;79,98;34,18;179,92;865,85;179,86;833,87;856,31;77,88;0,76
12300;0,00;0,00;0,00;0,00;49,00;0,00;71,02;80,03;34,17;179,93;862,90;179,86;833,53;855,15;77,88;0,76
12305;0,00;0,00;0,00;0,00;49,00;0,00;71,00;80,00;34,18;179,94;861,38;179,87;832,80;852,64;77,88;0,76
12310;0,00;0,00;0,00;0,00;49,00;0,00;71,02;80,00;34,17;179,94;859,91;179,92;832,61;851,82;77,88;0,76
12315;0,00;0,00;0,00;0,00;49,00;0,00;70,98;80,00;34,17;179,94;860,37;179,95;832,89;852,04;77,88;0,76
12320;0,00;0,00;0,00;0,00;49,00;0,00;71,01;80,00;34,18;179,95;863,55;180,00;833,29;853,11;77,88;0,76
12325;0,00;0,00;0,00;0,00;49,00;0,00;71,00;80,03;34,18;179,95;865,34;180,03;834,03;855,86;77,88;0,76
12330;0,00;0,00;0,00;0,00;49,00;0,00;71,02;80,00;34,16;179,95;867,44;180,07;834,18;856,93;77,88;0,76
12335;0,00;0,00;0,00;0,00;48,99;0,00;71,00;80,02;34,16;179,94;867,45;180,08;834,20;857,56;77,88;0,76
12340;0,00;0,00;0,00;0,00;49,00;0,00;71,00;79,98;34,16;179,92;865,88;180,09;834,08;857,12;77,88;0,76
12345;0,00;0,00;0,00;0,00;49,00;0,00;71,00;80,00;34,17;179,92;864,40;180,09;833,54;855,10;77,88;0,76
12350;0,00;0,00;0,00;0,00;49,00;0,00;71,01;79,98;34,17;179,93;861,32;180,07;833,14;853,79;77,88;0,76
12355;0,00;0,00;0,00;0,00;49,00;0,00;71,02;80,00;34,14;179,94;860,24;180,05;832,63;851,80;77,88;0,76
12360;0,00;0,00;0,00;0,00;49,00;0,00;71,00;80,00;34,17;179,95;860,60;180,01;832,70;851,61;77,88;0,76
12365;0,00;0,00;0,00;0,00;49,00;0,00;71,00;80,00;34,17;179,95;862,01;179,99;833,37;853,30;77,88;0,76
12370;0,00;0,00;0,00;0,00;49,00;0,00;71,01;80,00;34,16;179,94;865,54;179,95;833,78;854,70;77,88;0,76
12375;0,00;0,00;0,00;0,00;49,01;0,00;71,01;80,00;34,17;179,93;866,81;179,92;834,20;857,01;77,88;0,76
12380;0,00;0,00;0,00;0,00;49,01;0,00;71,00;80,02;34,16;179,91;867,40;179,90;834,25;857,53;77,88;0,76
12385;0,00;0,00;0,00;0,00;49,00;0,00;71,00;80,03;34,17;179,92;866,78;179,90;834,08;857,04;77,88;0,76
12390;0,00;0,00;0,00;0,00;48,99;0,00;71,00;80,02;34,16;179,94;864,31;179,91;833,52;856,15;77,88;0,76
12395;0,00;0,00;0,00;0,00;49,00;0,00;71,03;80,02;34,17;179,95;862,71;179,92;833,10;853,64;77,88;0,76
12400;0,00;0,00;0,00;0,00;49,01;0,00;71,00;79,98;34,17;179,96;860,11;179,96;832,62;852,46;77,88;0,76
12405;0,00;0,00;0,00;0,00;49,00;0,00;70,98;80,02;34,18;179,95;859,86;179,97;832,70;851,55;77,88;0,76
12410;0,00;0,00;0,00;0,00;49,00;0,00;71,00;80,00;34,16;179,93;861,99;180,01;833,40;852,15;77,88;0,76
12415;0,00;0,00;0,00;0,00;49,00;0,00;71,02;79,97;34,16;179,92;863,82;180,03;833,83;854,74;77,88;0,76
12420;0,00;0,00;0,00;0,00;49,00;0,00;71,02;80,00;34,17;179,92;866,94;180,06;834,25;856,07;77,88;0,76
12425;0,00;0,00;0,00;0,00;49,00;0,00;71,03;79,98;34,15;179,92;867,55;180,07;834,30;857,62;77,88;0,76
12430;0,00;0,00;0,00;0,00;49,00;0,00;71,00;80,02;34,17;179,94;866,90;180,07;834,15;857,62;77,88;0,76
12435;0,00;0,00;0,00;0,00;48,99;0,00;71,00;80,02;34,16;179,93;865,75;180,07;833,92;856,23;77,88;0,76
12440;0,00;0,00;0,00;0,00;49,00;0,00;70,99;80,00;34,16;179,92;862,73;180,06;833,17;855,02;77,88;0,76
12445;0,00;0,00;0,00;0,00;49,00;0,00;70,98;80,02;34,15;179,91;861,24;180,04;832,83;852,53;77,88;0,76
12450;0,00;0,00;0,00;0,00;49,00;0,00;71,01;80,00;34,15;179,92;859,85;179,99;832,72;851,71;77,88;0,76
12455;0,00;0,00;0,00;0,00;49,00;0,00;70,99;80,05;34,16;179,94;860,48;179,98;832,98;852,08;77,88;0,76
12460;0,00;0,00;0,00;0,00;49,00;0,00;71,02;80,02;34,14;179,94;863,71;179,93;833,81;854,59;77,88;0,76
12465;0,00;0,00;0,00;0,00;49,00;0,00;71,02;80,02;34,16;179,96;865,48;179,91;834,12;855,94;77,88;0,76
12470;0,00;0,00;0,00;0,00;49,00;0,00;71,03;80,02;34,15;179,96;867,48;179,91;834,30;857,57;77,88;0,76
12475;0,00;0,00;0,00;0,00;49,00;0,00;71,00;80,05;34,15;179,94;867,48;179,91;834,27;857,61;77,88;0,76
12480;0,00;0,00;0,00;0,00;49,00;0,00;71,00;80,02;34,15;179,92;865,86;179,92;833,94;856,28;77,88;0,76
12485;0,00;0,00;0,00;0,00;49,00;0,00;71,00;80,02;34,15;179,90;864,48;179,93;833,58;855,03;77,88;0,76
12490;0,00;0,00;0,00;0,00;49,01;0,00;70,97;80,00;34,15;179,90;861,27;179,96;832,85;852,53;77,88;0,76
12495;0,00;0,00;0,00;0,00;49,00;0,00;70,98;80,03;34,15;179,91;860,21;179,99;832,69;851,77;77,88;0,76
12500;0,00;0,00;0,00;0,00;49,00;0,00;71,00;80,00;34,15;179,92;860,51;180,03;833,00;852,12;77,88;0,76
12505;0,00;0,00;0,00;0,00;48,99;0,00;70,99;80,02;34,15;179,95;861,90;180,04;833,42;853,27;77,88;0,76
12510;0,00;0,00;0,00;0,00;49,00;0,00;71,00;80,00;34,15;179,95;865,48;180,06;834,15;855,96;77,88;0,76
12515;0,00;0,00;0,00;0,00;49,00;0,00;71,00;79,98;34,16;179,95;866,80;180,05;834,29;857,00;77,88;0,76
12520;0,00;0,00;0,00;0,00;49,01;0,00;71,00;80,02;34,15;179,94;867,51;180,05;834,32;857,63;77,88;0,76
12525;0,00;0,00;0,00;0,00;49,00;0,00;71,02;80,02;34,16;179,94;865,90;180,03;834,21;857,19;77,88;0,76
12530;0,00;0,00;0,00;0,00;49,00;0,00;71,00;80,02;34,16;179,95;864,40;180,00;833,66;855,13;77,88;0,76
12535;0,00;0,00;0,00;0,00;49,00;0,00;71,01;79,98;34,15;179,96;861,30;179,98;833,25;853,80;77,88;0,76
12540;0,00;0,00;0,00;0,00;49,00;0,00;71,02;80,03;34,15;179,96;860,22;179,96;832,73;851,77;77,88;0,76
12545;0,00;0,00;0,00;0,00;49,00;0,00;71,02;79,98;34,16;179,97;860,37;179,95;832,77;851,55;77,88;0,76
12550;0,00;0,00;0,00;0,00;49,00;0,00;71,01;80,02;34,17;179,97;861,69;179,93;833,42;853,09;77,88;0,76
12555;0,00;0,00;0,00;0,00;49,00;0,00;71,01;80,02;34,16;179,94;865,42;179,93;833,86;854,50;77,88;0,76
12560;0,00;0,00;0,00;0,00;49,00;0,00;70,99;80,00;34,18;179,93;866,78;179,93;834,32;856,94;77,88;0,76
12565;0,00;0,00;0,00;0,00;49,00;0,00;71,01;79,97;34,17;179,92;867,57;179,93;834,38;857,58;77,88;0,76
12570;0,00;0,00;0,00;0,00;49,00;0,00;71,00;80,02;34,16;179,91;867,05;179,95;834,27;857,27;77,88;0,76
12575;0,00;0,00;0,00;0,00;49,00;0,00;70,99;80,00;34,18;179,93;864,62;179,96;834,07;856,45;77,88;0,76
12580;0,00;0,00;0,00;0,00;49,00;0,00;70,98;80,02;34,18;179,94;863,02;179,98;833,35;853,97;77,88;0,76
12585;0,00;0,00;0,00;0,00;49,00;0,00;71,02;80,00;34,19;179,95;860,34;180,00;832,99;852,75;77,88;0,76
12590;0,00;0,00;0,00;0,00;48,99;0,00;70,99;80,00;34,19;179,96;859,89;180,01;832,82;851,58;77,88;0,76
12595;0,00;0,00;0,00;0,00;49,00;0,00;70,98;80,00;34,19;179,94;861,67;180,02;833,04;851,98;77,88;0,76
12600;0,00;0,00;0,00;0,00;49,01;0,00;71,02;79,98;34,19;179,92;863,43;180,02;833,86;854,39;77,88;0,76
12605;0,00;0,00;0,00;0,00;49,00;0,00;71,00;80,00;34,19;179,92;866,62;180,02;834,19;855,76;77,88;0,76
12610;0,00;0,00;0,00;0,00;49,00;0,00;70,98;79,98;34,19;179,92;867,40;180,02;834,40;857,50;77,88;0,76
12615;0,00;0,00;0,00;0,00;49,00;0,00;71,00;80,02;34,20;179,94;866,99;180,01;834,38;857,62;77,88;0,76
12620;0,00;0,00;0,00;0,00;49,00;0,00;71,00;80,00;34,20;179,96;866,00;179,99;834,07;856,43;77,88;0,76
12625;0,00;0,00;0,00;0,00;49,00;0,00;70,99;79,98;34,19;179,97;863,09;179,97;833,36;855,29;77,88;0,76
12630;0,00;0,00;0,00;0,00;49,00;0,00;71,00;80,02;34,21;179,96;861,44;179,95;833,00;852,72;77,88;0,76
12635;0,00;0,00;0,00;0,00;49,00;0,00;71,00;80,02;34,21;179,94;859,91;179,94;832,82;851,86;77,88;0,76
12640;0,00;0,00;0,00;0,00;49,00;0,00;71,02;80,02;34,21;179,93;860,33;179,93;833,06;851,99;77,88;0,76
12645;0,00;0,00;0,00;0,00;49,00;0,00;70,98;80,02;34,21;179,94;863,48;179,92;833,89;853,03;77,88;0,76
12650;0,00;0,00;0,00;0,00;49,01;0,00;71,00;79,98;34,20;179,93;865,28;179,93;834,22;855,82;77,88;0,76
12655;0,00;0,00;0,00;0,00;49,00;0,00;71,00;80,03;34,21;179,92;867,46;179,94;834,42;856,91;77,88;0,76
12660;0,00;0,00;0,00;0,00;49,00;0,00;71,00;80,00;34,21;179,92;867,51;179,95;834,40;857,63;77,88;0,76
12665;0,00;0,00;0,00;0,00;48,99;0,00;71,02;80,02;34,21;179,93;865,99;179,97;834,08;857,23;77,88;0,76
12670;0,00;0,00;0,00;0,00;49,00;0,00;71,02;80,02;34,19;179,94;864,65;179,98;833,75;855,22;77,88;0,76
12675;0,00;0,00;0,00;0,00;49,00;0,00;70,99;80,00;34,21;179,95;861,44;179,99;833,00;853,93;77,88;0,76
12680;0,00;0,00;0,00;0,00;49,00;0,00;71,00;80,00;34,20;179,96;860,33;179,99;832,81;851,87;77,88;0,76
12685;0,00;0,00;0,00;0,00;49,00;0,00;71,00;80,00;34,22;179,94;860,48;179,99;833,09;851,62;77,88;0,76
12690;0,00;0,00;0,00;0,00;49,00;0,00;71,00;80,03;34,22;179,92;861,78;179,99;833,48;853,10;77,88;0,76
12695;0,00;0,00;0,00;0,00;49,00;0,00;71,00;79,98;34,22;179,92;865,28;179,97;834,19;855,79;77,88;0,76
12700;0,00;0,00;0,00;0,00;49,00;0,00;71,01;79,98;34,21;179,93;866,60;179,96;834,33;856,86;77,88;0,76
12705;0,00;0,00;0,00;0,00;49,00;0,00;71,00;80,02;34,21;179,93;867,36;179,95;834,34;857,50;77,88;0,76
12710;0,00;0,00;0,00;0,00;49,00;0,00;71,01;80,02;34,21;179,95;866,80;179,94;834,23;857,07;77,88;0,76
12715;0,00;0,00;0,00;0,00;49,00;0,00;70,98;80,00;34,21;179,95;864,42;179,93;833,68;855,07;77,88;0,76
12720;0,00;0,00;0,00;0,00;49,01;0,00;71,02;79,98;34,21;179,96;862,87;179,93;833,28;853,77;77,88;0,76
12725;0,00;0,00;0,00;0,00;49,00;0,00;71,00;80,00;34,21;179,96;860,20;179,93;832,77;851,77;77,88;0,76
12730;0,00;0,00;0,00;0,00;48,99;0,00;71,01;80,00;34,22;179,93;859,89;179,93;832,82;851,57;77,88;0,76
12735;0,00;0,00;0,00;0,00;49,00;0,00;71,00;79,98;34,21;179,93;861,78;179,94;833,47;853,17;77,88;0,76
12740;0,00;0,00;0,00;0,00;49,00;0,00;71,00;80,02;34,21;179,93;863,54;179,95;833,90;854,57;77,88;0,76
12745;0,00;0,00;0,00;0,00;48,99;0,00;71,02;80,02;34,21;179,95;866,76;179,95;834,35;856,95;77,88;0,76
12750;0,00;0,00;0,00;0,00;49,00;0,00;71,00;80,00;34,21;179,97;867,48;179,96;834,40;857,53;77,88;0,76
12755;0,00;0,00;0,00;0,00;49,00;0,00;71,03;80,00;34,21;179,96;866,88;179,97;834,26;857,12;77,88;0,76
12760;0,00;0,00;0,00;0,00;48,99;0,00;70,98;80,02;34,20;179,95;865,84;179,97;834,04;856,28;77,88;0,76
12765;0,00;0,00;0,00;0,00;49,00;0,00;71,00;79,98;34,20;179,94;862,76;179,97;833,30;853,75;77,88;0,76
12770;0,00;0,00;0,00;0,00;49,01;0,00;71,01;80,00;34,20;179,94;861,26;179,98;832,96;852,54;77,88;0,76
12775;0,00;0,00;0,00;0,00;49,00;0,00;71,00;80,02;34,21;179,95;859,88;179,98;832,86;851,58;77,88;0,76
12780;0,00;0,00;0,00;0,00;48,99;0,00;71,00;79,98;34,20;179,94;861,90;179,97;833,11;852,09;77,88;0,76
12785;0,00;0,00;0,00;0,00;49,00;0,00;70,99;80,03;34,20;179,94;863,68;179,96;833,94;854,60;77,88;0,76
12790;0,00;0,00;0,00;0,00;49,00;0,00;71,01;80,00;34,19;179,95;866,76;179,96;834,25;855,94;77,88;0,76
12795;0,00;0,00;0,00;0,00;49,00;0,00;71,00;80,00;34,20;179,95;867,45;179,95;834,44;857,54;77,88;0,76
12800;0,00;0,00;0,00;0,00;49,00;0,00;71,02;80,00;34,21;179,97;866,87;179,94;834,41;857,58;77,88;0,76
12805;0,00;0,00;0,00;0,00;49,02;0,00;71,00;80,00;34,20;179,97;865,83;179,94;834,07;856,28;77,88;0,76
12810;0,00;0,00;0,00;0,00;49,00;0,00;71,00;79,98;34,20;179,96;862,88;179,94;833,75;855,10;77,88;0,76
12815;0,00;0,00;0,00;0,00;49,00;0,00;70,98;79,98;34,20;179,94;861,37;179,93;833,01;852,59;77,88;0,76
12820;0,00;0,00;0,00;0,00;49,00;0,00;71,01;80,00;34,19;179,94;859,88;179,94;832,83;851,77;77,88;0,76
12825;0,00;0,00;0,00;0,00;49,00;0,00;71,01;80,00;34,22;179,95;860,43;179,95;833,11;852,04;77,88;0,76
12830;0,00;0,00;0,00;0,00;49,00;0,00;70,99;80,03;34,19;179,97;863,56;179,96;833,51;853,13;77,88;0,76
12835;0,00;0,00;0,00;0,00;49,00;0,00;71,01;79,98;34,20;179,97;865,31;179,96;834,24;855,87;77,88;0,76
12840;0,00;0,00;0,00;0,00;49,00;0,00;71,00;80,02;34,21;179,96;867,44;179,98;834,38;856,92;77,88;0,76
12845;0,00;0,00;0,00;0,00;49,01;0,00;70,99;80,00;34,21;179,95;867,47;179,98;834,42;857,58;77,88;0,76
12850;0,00;0,00;0,00;0,00;49,00;0,00;71,00;80,02;34,21;179,94;865,92;179,99;834,31;857,15;77,88;0,76
12855;0,00;0,00;0,00;0,00;49,00;0,00;71,01;80,00;34,21;179,93;864,57;180,00;833,76;855,16;77,88;0,76
12860;0,00;0,00;0,00;0,00;49,00;0,00;71,02;80,00;34,21;179,95;861,36;179,99;833,35;853,84;77,88;0,76
12865;0,00;0,00;0,00;0,00;49,00;0,00;71,02;80,00;34,21;179,96;860,25;179,98;832,83;851,82;77,88;0,76
12870;0,00;0,00;0,00;0,00;49,00;0,00;70,99;80,00;34,22;179,98;860,36;179,98;833,11;851,56;77,88;0,76
12875;0,00;0,00;0,00;0,00;49,00;0,00;70,98;80,02;34,21;179,99;861,63;179,97;833,50;853,05;77,88;0,76
12880;0,00;0,00;0,00;0,00;49,01;0,00;71,00;79,97;34,22;179,96;865,21;179,95;834,23;854,44;77,88;0,76
12885;0,00;0,00;0,00;0,00;49,00;0,00;71,03;79,98;34,20;179,94;866,68;179,95;834,39;856,87;77,88;0,76
12890;0,00;0,00;0,00;0,00;49,00;0,00;71,00;80,02;34,21;179,92;867,48;179,94;834,43;857,50;77,88;0,76
12895;0,00;0,00;0,00;0,00;49,00;0,00;70,97;80,00;34,21;179,92;866,91;179,93;834,32;857,17;77,88;0,76
12900;0,00;0,00;0,00;0,00;49,01;0,00;71,01;80,02;34,21;179,94;864,53;179,94;833,78;856,34;77,88;0,76
12905;0,00;0,00;0,00;0,00;49,00;0,00;71,00;80,00;34,21;179,95;862,96;179,94;833,38;853,86;77,88;0,76
12910;0,00;0,00;0,00;0,00;49,00;0,00;70,99;79,98;34,21;179,97;860,22;179,95;832,83;851,80;77,88;0,76
12915;0,00;0,00;0,00;0,00;49,00;0,00;71,00;80,02;34,19;179,98;859,86;179,96;832,87;851,55;77,88;0,76
12920;0,00;0,00;0,00;0,00;48,99;0,00;70,99;80,00;34,20;179,97;861,66;179,98;833,52;853,04;77,88;0,76
12925;0,00;0,00;0,00;0,00;49,02;0,00;70,98;79,98;34,21;179,96;863,42;179,99;833,94;854,43;77,88;0,76
12930;0,00;0,00;0,00;0,00;49,01;0,00;71,00;80,00;34,20;179,94;866,63;180,01;834,41;856,88;77,88;0,76
12935;0,00;0,00;0,00;0,00;49,00;0,00;71,00;80,00;34,21;179,93;867,43;180,01;834,47;857,51;77,88;0,76
12940;0,00;0,00;0,00;0,00;49,00;0,00;71,01;80,02;34,20;179,94;866,99;180,01;834,35;857,22;77,88;0,76
12945;0,00;0,00;0,00;0,00;49,00;0,00;71,00;80,02;34,20;179,94;866,01;180,01;834,15;856,41;77,88;0,76
12950;0,00;0,00;0,00;0,00;49,00;0,00;71,01;79,98;34,20;179,95;862,97;180,00;833,41;853,90;77,88;0,76
12955;0,00;0,00;0,00;0,00;49,01;0,00;71,00;80,00;34,21;179,95;861,45;179,99;833,06;852,68;77,88;0,76
12960;0,00;0,00;0,00;0,00;48,99;0,00;71,00;80,00;34,21;179,94;859,87;179,96;832,89;851,56;77,88;0,76
12965;0,00;0,00;0,00;0,00;49,00;0,00;71,00;80,00;34,21;179,96;860,35;179,96;833,13;851,98;77,88;0,76
12970;0,00;0,00;0,00;0,00;49,00;0,00;71,03;80,03;34,19;179,97;863,43;179,93;833,93;854,35;77,88;0,76
12975;0,00;0,00;0,00;0,00;49,01;0,00;71,02;80,00;34,21;179,98;866,58;179,92;834,24;855,72;77,88;0,76
12980;0,00;0,00;0,00;0,00;48,99;0,00;71,00;80,00;34,21;179,98;867,35;179,92;834,46;857,44;77,88;0,76
12985;0,00;0,00;0,00;0,00;48,99;0,00;71,00;80,02;34,19;179,95;866,91;179,92;834,44;857,56;77,88;0,76
12990;0,00;0,00;0,00;0,00;49,00;0,00;70,97;80,02;34,20;179,93;865,92;179,93;834,12;856,30;77,88;0,76
12995;0,00;0,00;0,00;0,00;49,01;0,00;71,00;80,00;34,19;179,93;862,89;179,94;833,81;855,15;77,88;0,76
13000;0,00;0,00;0,00;0,00;49,00;0,00;71,00;79,98;34,21;179,94;861,39;179,97;833,07;852,65;77,88;0,76
13005;0,00;0,00;0,00;0,00;49,00;0,00;71,00;79,98;34,21;179,96;859,91;179,99;832,88;851,82;77,88;0,76
13010;0,00;0,00;0,00;0,00;49,00;0,00;71,00;80,02;34,22;179,97;860,38;180,02;833,17;852,04;77,88;0,76
13015;0,00;0,00;0,00;0,00;49,01;0,00;71,00;80,02;34,20;179,98;863,55;180,02;833,57;853,06;77,88;0,76
13020;0,00;0,00;0,00;0,00;49,00;0,00;70,98;80,00;34,21;179,98;865,33;180,04;834,31;855,81;77,88;0,76
13025;0,00;0,00;0,00;0,00;49,01;0,00;71,00;80,00;34,21;179,96;867,41;180,05;834,46;856,91;77,88;0,76
13030;0,00;0,00;0,00;0,00;49,00;0,00;71,00;79,98;34,20;179,95;867,48;180,05;834,50;857,59;77,88;0,76
13035;0,00;0,00;0,00;0,00;49,01;0,00;70,98;80,02;34,21;179,94;865,90;180,04;834,39;857,19;77,88;0,76
13040;0,00;0,00;0,00;0,00;49,00;0,00;71,00;79,97;34,21;179,95;864,54;180,04;833,86;855,22;77,88;0,76
13045;0,00;0,00;0,00;0,00;49,00;0,00;71,00;80,00;34,20;179,95;861,33;180,02;833,46;853,87;77,88;0,76
13050;0,00;0,00;0,00;0,00;49,00;0,00;71,00;80,00;34,20;179,96;860,25;179,99;832,91;851,80;77,88;0,76
13055;0,00;0,00;0,00;0,00;49,00;0,00;71,00;80,00;34,20;179,96;860,44;179,96;832,96;851,56;77,88;0,76
13060;0,00;0,00;0,00;0,00;49,00;0,00;71,01;80,02;34,22;179,97;861,78;179,94;833,61;853,15;77,88;0,76
13065;0,00;0,00;0,00;0,00;49,00;0,00;71,02;80,00;34,21;179,98;865,50;179,93;834,04;854,60;77,88;0,76
13070;0,00;0,00;0,00;0,00;49,00;0,00;71,03;80,05;34,21;179,98;866,82;179,92;834,51;857,03;77,88;0,76
13075;0,00;0,00;0,00;0,00;49,00;0,00;70,99;80,00;34,21;179,97;867,53;179,93;834,56;857,59;77,88;0,76
13080;0,00;0,00;0,00;0,00;48,99;0,00;70,98;79,97;34,22;179,96;866,99;179,94;834,43;857,21;77,88;0,76
13085;0,00;0,00;0,00;0,00;49,00;0,00;71,01;79,98;34,21;179,93;864,51;179,97;834,23;856,36;77,88;0,76
13090;0,00;0,00;0,00;0,00;49,00;0,00;71,00;80,00;34,21;179,93;862,92;179,99;833,49;853,86;77,88;0,76
13095;0,00;0,00;0,00;0,00;49,00;0,00;71,00;79,97;34,21;179,95;860,26;180,02;833,14;852,65;77,88;0,76
13100;0,00;0,00;0,00;0,00;49,00;0,00;71,00;80,00;34,21;179,97;859,87;180,04;833,00;851,57;77,88;0,76
13105;0,00;0,00;0,00;0,00;49,01;0,00;71,00;80,00;34,21;179,99;861,76;180,06;833,23;852,03;77,88;0,76
13110;0,00;0,00;0,00;0,00;49,00;0,00;71,02;80,03;34,21;179,99;863,53;180,06;834,05;854,49;77,88;0,76
13115;0,00;0,00;0,00;0,00;49,00;0,00;71,00;80,00;34,22;179,97;866,66;180,07;834,49;855,83;77,88;0,76
13120;0,00;0,00;0,00;0,00;49,00;0,00;71,00;80,03;34,22;179,94;867,38;180,07;834,54;857,49;77,88;0,76
13125;0,00;0,00;0,00;0,00;49,00;0,00;71,00;80,02;34,23;179,91;866,87;180,05;834,40;857,56;77,88;0,76
13130;0,00;0,00;0,00;0,00;49,00;0,00;70,98;80,02;34,22;179,91;865,86;180,03;834,18;856,24;77,88;0,76
13135;0,00;0,00;0,00;0,00;49,01;0,00;71,03;79,98;34,22;179,95;862,79;180,00;833,44;855,07;77,88;0,76
13140;0,00;0,00;0,00;0,00;49,01;0,00;71,01;79,98;34,24;179,98;861,33;179,98;833,11;852,57;77,88;0,76
13145;0,00;0,00;0,00;0,00;48,99;0,00;71,00;80,02;34,23;180,00;859,94;179,94;833,00;851,78;77,88;0,76
13150;0,00;0,00;0,00;0,00;49,01;0,00;71,00;80,03;34,23;179,99;860,52;179,94;833,26;852,15;77,88;0,76
13155;0,00;0,00;0,00;0,00;49,00;0,00;70,98;80,03;34,24;179,94;863,68;179,93;834,10;853,25;77,88;0,76
13160;0,00;0,00;0,00;0,00;49,00;0,00;71,02;79,97;34,23;179,92;865,43;179,93;834,38;855,98;77,88;0,76
13165;0,00;0,00;0,00;0,00;49,00;0,00;71,00;80,00;34,22;179,91;867,44;179,95;834,56;856,99;77,88;0,76
13170;0,00;0,00;0,00;0,00;48,99;0,00;70,98;79,98;34,23;179,92;867,41;179,97;834,52;857,55;77,88;0,76
13175;0,00;0,00;0,00;0,00;49,01;0,00;71,00;80,02;34,22;179,97;865,78;179,99;834,18;856,22;77,88;0,76
13180;0,00;0,00;0,00;0,00;49,00;0,00;71,00;79,98;34,24;179,99;864,40;180,01;833,84;855,05;77,88;0,76
13185;0,00;0,00;0,00;0,00;49,01;0,00;71,00;80,00;34,22;179,99;861,22;180,04;833,10;852,55;77,88;0,76
13190;0,00;0,00;0,00;0,00;49,00;0,00;70,99;80,02;34,23;179,97;860,20;180,04;832,95;851,78;77,88;0,76
13195;0,00;0,00;0,00;0,00;48,99;0,00;71,02;80,00;34,23;179,95;860,59;180,05;833,30;852,19;77,88;0,76
13200;0,00;0,00;0,00;0,00;49,00;0,00;71,00;79,98;34,23;179,91;861,97;180,05;833,71;853,32;77,88;0,76
13205;0,00;0,00;0,00;0,00;49,01;0,00;71,02;79,98;34,22;179,92;865,53;180,03;834,40;856,04;77,88;0,76
13210;0,00;0,00;0,00;0,00;48,99;0,00;71,01;80,00;34,22;179,95;866,79;180,02;834,53;857,02;77,88;0,76
13215;0,00;0,00;0,00;0,00;49,00;0,00;71,01;80,00;34,23;179,96;867,38;179,99;834,53;857,52;77,88;0,76
13220;0,00;0,00;0,00;0,00;49,00;0,00;71,02;79,98;34,23;179,99;866,76;179,97;834,40;857,02;77,88;0,76
13225;0,00;0,00;0,00;0,00;49,00;0,00;71,00;80,00;34,22;179,98;864,16;179,93;833,82;854,93;77,88;0,76
13230;0,00;0,00;0,00;0,00;49,00;0,00;71,00;80,00;34,23;179,94;862,59;179,92;833,43;853,62;77,88;0,76
13235;0,00;0,00;0,00;0,00;48,99;0,00;70,98;79,98;34,22;179,93;860,17;179,91;832,97;851,76;77,88;0,76
13240;0,00;0,00;0,00;0,00;48,99;0,00;71,02;80,02;34,22;179,95;859,98;179,91;833,06;851,67;77,88;0,76
13245;0,00;0,00;0,00;0,00;49,00;0,00;71,00;80,02;34,22;179,96;862,14;179,92;833,78;853,46;77,88;0,76
13250;0,00;0,00;0,00;0,00;49,00;0,00;71,00;80,00;34,23;179,98;864,11;179,93;834,17;854,87;77,88;0,76
13255;0,00;0,00;0,00;0,00;49,00;0,00;70,98;80,02;34,22;179,98;866,93;179,97;834,55;857,12;77,88;0,76
13260;0,00;0,00;0,00;0,00;49,01;0,00;71,00;80,00;34,23;179,97;867,47;179,99;834,58;857,56;77,88;0,76
13265;0,00;0,00;0,00;0,00;49,00;0,00;71,00;80,02;34,22;179,97;866,62;180,02;834,38;856,91;77,88;0,76
13270;0,00;0,00;0,00;0,00;49,00;0,00;71,00;80,02;34,23;179,97;865,49;180,04;834,13;855,96;77,88;0,76
13275;0,00;0,00;0,00;0,00;49,01;0,00;71,00;80,02;34,23;179,96;862,36;180,07;833,38;853,43;77,88;0,76
13280;0,00;0,00;0,00;0,00;49,00;0,00;71,00;80,02;34,24;179,96;860,94;180,07;833,08;852,32;77,88;0,76
13285;0,00;0,00;0,00;0,00;49,01;0,00;71,02;80,03;34,22;179,97;859,99;180,07;833,10;851,70;77,88;0,76
13290;0,00;0,00;0,00;0,00;49,00;0,00;71,01;79,98;34,21;179,97;860,88;180,06;833,42;852,37;77,88;0,76
13295;0,00;0,00;0,00;0,00;49,00;0,00;71,00;79,98;34,23;179,97;864,39;180,05;834,26;855,09;77,88;0,76
13300;0,00;0,00;0,00;0,00;49,00;0,00;71,01;79,98;34,21;179,97;865,98;180,04;834,48;856,33;77,88;0,76
13305;0,00;0,00;0,00;0,00;49,00;0,00;71,00;80,03;34,21;179,97;867,44;180,01;834,59;857,54;77,88;0,76
13310;0,00;0,00;0,00;0,00;48,99;0,00;71,02;80,02;34,22;179,96;867,22;180,00;834,52;857,39;77,88;0,76
13315;0,00;0,00;0,00;0,00;49,01;0,00;71,00;80,02;34,22;179,96;865,20;179,97;834,08;855,74;77,88;0,76
13320;0,00;0,00;0,00;0,00;49,00;0,00;71,00;79,98;34,23;179,96;863,72;179,96;833,72;854,49;77,88;0,76
13325;0,00;0,00;0,00;0,00;49,00;0,00;71,02;80,02;34,21;179,96;860,80;179,95;833,05;852,17;77,88;0,76
13330;0,00;0,00;0,00;0,00;49,00;0,00;70,99;80,03;34,23;179,98;859,98;179,95;832,99;851,62;77,88;0,76
13335;0,00;0,00;0,00;0,00;49,00;0,00;71,00;80,00;34,22;179,98;861,00;179,96;833,47;852,53;77,88;0,76
13340;0,00;0,00;0,00;0,00;49,01;0,00;71,00;80,02;34,22;179,98;864,42;179,96;833,91;853,81;77,88;0,76
13345;0,00;0,00;0,00;0,00;48,99;0,00;70,99;80,03;34,21;179,98;866,12;179,98;834,49;856,41;77,88;0,76
13350;0,00;0,00;0,00;0,00;49,00;0,00;71,00;79,98;34,23;179,97;867,47;179,99;834,59;857,25;77,88;0,76
13355;0,00;0,00;0,00;0,00;49,00;0,00;71,03;80,00;34,24;179,96;867,19;180,02;834,52;857,37;77,88;0,76
13360;0,00;0,00;0,00;0,00;49,00;0,00;71,02;80,02;34,22;179,95;865,09;180,04;834,35;856,69;77,88;0,76
13365;0,00;0,00;0,00;0,00;48,99;0,00;71,00;80,00;34,23;179,95;863,61;180,07;833,70;854,43;77,88;0,76
13370;0,00;0,00;0,00;0,00;49,01;0,00;71,00;80,02;34,23;179,97;860,71;180,07;833,31;853,17;77,88;0,76
13375;0,00;0,00;0,00;0,00;49,00;0,00;71,00;80,00;34,23;179,98;859,97;180,09;832,99;851,60;77,88;0,76
13380;0,00;0,00;0,00;0,00;49,00;0,00;71,01;79,98;34,23;180,00;860,96;180,08;833,14;851,73;77,88;0,76
13385;0,00;0,00;0,00;0,00;49,01;0,00;71,00;80,00;34,24;180,00;862,72;180,08;833,92;853,83;77,88;0,76
13390;0,00;0,00;0,00;0,00;49,00;0,00;71,02;80,02;34,22;179,98;866,13;180,05;834,29;855,24;77,88;0,76
13395;0,00;0,00;0,00;0,00;49,00;0,00;71,01;80,00;34,22;179,98;867,16;180,02;834,61;857,29;77,88;0,76
13400;0,00;0,00;0,00;0,00;48,99;0,00;71,00;80,02;34,23;179,96;867,29;180,00;834,63;857,62;77,88;0,76
13405;0,00;0,00;0,00;0,00;49,00;0,00;71,00;80,00;34,22;179,95;866,43;179,97;834,40;856,79;77,88;0,76
13410;0,00;0,00;0,00;0,00;49,00;0,00;71,00;80,00;34,23;179,94;863,73;179,95;834,14;855,75;77,88;0,76
13415;0,00;0,00;0,00;0,00;49,00;0,00;71,01;80,03;34,22;179,95;862,02;179,94;833,36;853,17;77,88;0,76
13420;0,00;0,00;0,00;0,00;49,00;0,00;71,00;80,00;34,23;179,97;859,92;179,94;833,07;852,09;77,88;0,76
13425;0,00;0,00;0,00;0,00;49,01;0,00;71,02;80,03;34,21;179,98;860,05;179,94;833,18;851,73;77,88;0,76
13430;0,00;0,00;0,00;0,00;49,00;0,00;71,00;80,00;34,21;179,99;862,67;179,97;833,52;852,54;77,88;0,76
13435;0,00;0,00;0,00;0,00;49,00;0,00;71,00;79,97;34,23;179,99;864,52;179,98;834,31;855,25;77,88;0,76
13440;0,00;0,00;0,00;0,00;49,01;0,00;71,00;80,02;34,22;179,99;867,19;180,03;834,53;856,46;77,88;0,76
13445;0,00;0,00;0,00;0,00;48,99;0,00;71,01;79,98;34,24;179,98;867,53;180,05;834,64;857,62;77,88;0,76
13450;0,00;0,00;0,00;0,00;48,99;0,00;71,01;80,02;34,22;179,96;866,44;180,08;834,41;857,41;77,88;0,76
13455;0,00;0,00;0,00;0,00;49,01;0,00;70,99;79,98;34,22;179,96;865,25;180,09;834,13;855,74;77,88;0,76
13460;0,00;0,00;0,00;0,00;49,00;0,00;70,99;80,02;34,22;179,97;862,04;180,08;833,35;854,45;77,88;0,76
13465;0,00;0,00;0,00;0,00;49,00;0,00;71,02;80,02;34,23;179,98;860,68;180,07;833,08;852,14;77,88;0,76
13470;0,00;0,00;0,00;0,00;48,99;0,00;71,00;80,02;34,22;179,99;860,01;180,03;833,16;851,59;77,88;0,76
13475;0,00;0,00;0,00;0,00;49,00;0,00;70,98;80,05;34,25;179,98;860,94;180,01;833,50;852,49;77,88;0,76
13480;0,00;0,00;0,00;0,00;48,99;0,00;71,02;80,00;34,23;179,97;864,39;179,98;834,32;855,20;77,88;0,76
13485;0,00;0,00;0,00;0,00;49,00;0,00;70,99;80,00;34,23;179,97;866,15;179,96;834,56;856,46;77,88;0,76
13490;0,00;0,00;0,00;0,00;49,00;0,00;71,00;80,02;34,24;179,97;867,61;179,95;834,70;857,69;77,88;0,76
13495;0,00;0,00;0,00;0,00;48,98;0,00;71,03;80,00;34,23;179,96;867,38;179,94;834,62;857,53;77,88;0,76
13500;0,00;0,00;0,00;0,00;48,99;0,00;71,02;80,03;34,23;179,97;865,35;179,94;834,21;855,91;77,88;0,76
13505;0,00;0,00;0,00;0,00;49,00;0,00;71,00;80,02;34,23;180,00;863,87;179,95;833,85;854,64;77,88;0,76
13510;0,00;0,00;0,00;0,00;49,01;0,00;71,00;80,02;34,23;180,01;860,83;179,98;833,14;852,22;77,88;0,76
13515;0,00;0,00;0,00;0,00;48,99;0,00;71,02;80,00;34,24;180,00;859,97;180,00;833,03;851,60;77,88;0,76
13520;0,00;0,00;0,00;0,00;48,99;0,00;71,02;80,05;34,26;179,99;860,83;180,03;833,48;852,37;77,88;0,76
13525;0,00;0,00;0,00;0,00;49,00;0,00;71,01;80,02;34,24;179,98;862,41;180,05;833,92;853,63;77,88;0,76
13530;0,00;0,00;0,00;0,00;49,00;0,00;70,98;79,98;34,24;179,97;865,96;180,08;834,57;856,35;77,88;0,76
13535;0,00;0,00;0,00;0,00;49,00;0,00;71,00;80,00;34,24;179,96;867,62;180,08;834,69;857,27;77,88;0,76
13540;0,00;0,00;0,00;0,00;49,00;0,00;71,00;80,02;34,25;179,97;867,44;180,09;834,68;857,59;77,88;0,76
13545;0,00;0,00;0,00;0,00;49,00;0,00;71,01;80,03;34,25;179,97;865,57;180,08;834,54;857,01;77,88;0,76
13550;0,00;0,00;0,00;0,00;49,01;0,00;71,02;80,02;34,25;179,99;864,10;180,05;833,92;854,78;77,88;0,76
13555;0,00;0,00;0,00;0,00;49,00;0,00;71,00;80,02;34,24;180,00;860,96;180,02;833,51;853,47;77,88;0,76
13560;0,00;0,00;0,00;0,00;48,98;0,00;70,98;80,02;34,25;180,00;860,08;179,98;833,08;851,69;77,88;0,76
13565;0,00;0,00;0,00;0,00;49,00;0,00;71,02;80,00;34,24;180,00;860,74;179,95;833,19;851,68;77,88;0,76
13570;0,00;0,00;0,00;0,00;48,99;0,00;71,00;80,02;34,24;179,99;862,24;179,92;833,92;853,59;77,88;0,76
13575;0,00;0,00;0,00;0,00;49,01;0,00;71,00;80,00;34,24;179,96;865,88;179,91;834,32;855,00;77,88;0,76
13580;0,00;0,00;0,00;0,00;49,00;0,00;71,01;79,98;34,25;179,96;867,04;179,91;834,68;857,20;77,88;0,76
13585;0,00;0,00;0,00;0,00;49,00;0,00;71,02;80,00;34,24;179,96;867,41;179,92;834,72;857,63;77,88;0,76
13590;0,00;0,00;0,00;0,00;49,00;0,00;71,00;80,03;34,23;179,97;866,66;179,96;834,51;856,98;77,88;0,76
13595;0,00;0,00;0,00;0,00;49,00;0,00;71,02;80,00;34,23;179,99;864,06;179,98;834,27;856,02;77,88;0,76
13600;0,00;0,00;0,00;0,00;49,00;0,00;70,98;79,98;34,23;179,99;862,48;180,03;833,51;853,50;77,88;0,76
13605;0,00;0,00;0,00;0,00;49,00;0,00;71,00;80,00;34,25;179,99;860,12;180,07;833,21;852,38;77,88;0,76
13610;0,00;0,00;0,00;0,00;49,00;0,00;70,99;80,00;34,24;179,98;859,99;180,08;833,20;851,67;77,88;0,76
13615;0,00;0,00;0,00;0,00;49,00;0,00;71,00;80,02;34,25;179,97;862,25;180,10;833,48;852,34;77,88;0,76
13620;0,00;0,00;0,00;0,00;49,00;0,00;70,98;80,02;34,24;179,98;864,05;180,10;834,31;854,95;77,88;0,76
13625;0,00;0,00;0,00;0,00;49,00;0,00;71,00;80,03;34,25;180,00;866,97;180,09;834,57;856,23;77,88;0,76
13630;0,00;0,00;0,00;0,00;49,00;0,00;71,00;80,00;34,24;180,01;867,54;180,09;834,73;857,62;77,88;0,76
13635;0,00;0,00;0,00;0,00;48,99;0,00;71,00;80,00;34,24;180,01;866,73;180,05;834,55;857,56;77,88;0,76
13640;0,00;0,00;0,00;0,00;49,00;0,00;71,02;80,02;34,25;180,00;865,62;180,04;834,32;856,12;77,88;0,76
13645;0,00;0,00;0,00;0,00;49,00;0,00;70,98;80,02;34,25;179,98;862,60;180,00;833,56;854,91;77,88;0,76
13650;0,00;0,00;0,00;0,00;49,01;0,00;71,00;80,00;34,24;179,95;861,12;179,98;833,24;852,44;77,88;0,76
13655;0,00;0,00;0,00;0,00;49,00;0,00;71,01;80,00;34,24;179,95;859,98;179,95;833,21;851,74;77,88;0,76
13660;0,00;0,00;0,00;0,00;49,00;0,00;71,00;80,02;34,24;179,96;860,70;179,94;833,49;852,28;77,88;0,76
13665;0,00;0,00;0,00;0,00;49,01;0,00;71,01;80,00;34,23;179,99;863,96;179,94;834,30;853,48;77,88;0,76
13670;0,00;0,00;0,00;0,00;49,00;0,00;70,98;80,02;34,24;180,00;865,78;179,94;834,57;856,15;77,88;0,76
13675;0,00;0,00;0,00;0,00;49,00;0,00;71,00;80,00;34,25;179,99;867,49;179,97;834,72;857,58;77,88;0,76
13680;0,00;0,00;0,00;0,00;49,00;0,00;71,00;80,02;34,25;179,97;867,38;179,99;834,67;857,52;77,88;0,76
13685;0,00;0,00;0,00;0,00;49,00;0,00;71,00;80,02;34,24;179,96;865,54;180,03;834,29;856,06;77,88;0,76
13690;0,00;0,00;0,00;0,00;49,01;0,00;71,02;80,00;34,25;179,96;864,11;180,05;833,93;854,84;77,88;0,76
13695;0,00;0,00;0,00;0,00;49,01;0,00;71,00;79,97;34,23;179,98;861,05;180,09;833,22;852,39;77,88;0,76
13700;0,00;0,00;0,00;0,00;49,00;0,00;71,02;80,00;34,24;180,00;860,11;180,10;833,09;851,70;77,88;0,76
13705;0,00;0,00;0,00;0,00;49,00;0,00;71,00;79,98;34,24;180,01;860,68;180,11;833,46;852,22;77,88;0,76
13710;0,00;0,00;0,00;0,00;49,00;0,00;71,00;79,98;34,24;180,01;862,15;180,11;833,90;853,46;77,88;0,76
13715;0,00;0,00;0,00;0,00;49,00;0,00;71,00;80,00;34,23;180,00;865,71;180,10;834,58;856,17;77,88;0,76
13720;0,00;0,00;0,00;0,00;49,00;0,00;71,01;80,02;34,24;179,98;867,00;180,08;834,70;857,15;77,88;0,76
13725;0,00;0,00;0,00;0,00;48,99;0,00;71,00;80,00;34,26;179,97;867,42;180,03;834,70;857,57;77,88;0,76
13730;0,00;0,00;0,00;0,00;49,00;0,00;71,00;80,02;34,24;179,97;866,76;180,00;834,56;857,05;77,88;0,76
13735;0,00;0,00;0,00;0,00;49,00;0,00;70,99;79,97;34,24;179,98;864,23;179,96;833,97;854,91;77,88;0,76
13740;0,00;0,00;0,00;0,00;49,00;0,00;71,00;80,02;34,25;179,99;861,08;179,93;833,57;853,57;77,88;0,76
13745;0,00;0,00;0,00;0,00;49,00;0,00;71,01;79,98;34,26;179,99;860,14;179,91;833,13;851,75;77,88;0,76
13750;0,00;0,00;0,00;0,00;49,00;0,00;71,00;80,02;34,24;179,98;860,67;179,91;833,23;851,68;77,88;0,76
13755;0,00;0,00;0,00;0,00;49,00;0,00;71,00;80,00;34,25;179,98;862,25;179,92;833,94;853,51;77,88;0,76
13760;0,00;0,00;0,00;0,00;49,00;0,00;71,00;80,02;34,23;179,99;865,75;179,93;834,34;854,90;77,88;0,76
13765;0,00;0,00;0,00;0,00;49,00;0,00;70,99;80,02;34,24;180,00;866,94;179,98;834,72;857,13;77,88;0,76
13770;0,00;0,00;0,00;0,00;49,00;0,00;71,02;80,05;34,24;180,01;867,36;180,01;834,75;857,59;77,88;0,76
13775;0,00;0,00;0,00;0,00;48,99;0,00;71,00;80,03;34,24;180,01;866,67;180,06;834,56;856,96;77,88;0,76
13780;0,00;0,00;0,00;0,00;49,00;0,00;71,00;79,97;34,23;180,00;864,00;180,08;834,31;855,98;77,88;0,76
13785;0,00;0,00;0,00;0,00;49,01;0,00;71,02;80,02;34,24;179,99;862,41;180,12;833,56;853,44;77,88;0,76
13790;0,00;0,00;0,00;0,00;49,00;0,00;71,00;80,02;34,23;179,98;860,06;180,13;833,25;852,35;77,88;0,76
13795;0,00;0,00;0,00;0,00;49,00;0,00;71,02;80,00;34,24;179,98;860,01;180,13;833,24;851,70;77,88;0,76
13800;0,00;0,00;0,00;0,00;49,00;0,00;71,01;80,02;34,25;179,99;862,33;180,12;833,55;852,39;77,88;0,76
13805;0,00;0,00;0,00;0,00;49,01;0,00;71,00;80,00;34,24;180,01;864,16;180,09;834,38;855,00;77,88;0,76
13810;0,00;0,00;0,00;0,00;49,00;0,00;71,00;80,00;34,24;180,02;867,07;180,07;834,63;856,28;77,88;0,76
13815;0,00;0,00;0,00;0,00;49,00;0,00;71,01;80,00;34,25;180,02;867,54;180,02;834,77;857,63;77,88;0,76
13820;0,00;0,00;0,00;0,00;49,00;0,00;71,00;79,98;34,25;180,02;866,69;179,99;834,72;857,53;77,88;0,76
13825;0,00;0,00;0,00;0,00;49,00;0,00;71,00;80,00;34,24;180,01;865,56;179,95;834,33;856,01;77,88;0,76
13830;0,00;0,00;0,00;0,00;49,00;0,00;70,99;80,02;34,24;179,99;862,41;179,93;833,97;854,77;77,88;0,76
13835;0,00;0,00;0,00;0,00;49,00;0,00;70,99;79,98;34,24;179,98;860,96;179,92;833,25;852,34;77,88;0,76
13840;0,00;0,00;0,00;0,00;49,00;0,00;71,00;80,02;34,24;179,98;859,96;179,93;833,15;851,69;77,88;0,76
13845;0,00;0,00;0,00;0,00;49,00;0,00;71,00;79,98;34,23;179,99;860,82;179,95;833,56;852,36;77,88;0,76
13850;0,00;0,00;0,00;0,00;49,00;0,00;70,99;80,00;34,25;180,01;864,19;179,98;833,98;853,57;77,88;0,76
13855;0,00;0,00;0,00;0,00;49,00;0,00;71,00;80,00;34,24;180,01;865,85;180,00;834,64;856,27;77,88;0,76
13860;0,00;0,00;0,00;0,00;49,00;0,00;71,00;80,02;34,22;180,01;867,55;180,05;834,76;857,20;77,88;0,76
13865;0,00;0,00;0,00;0,00;49,01;0,00;71,00;80,02;34,24;180,00;867,40;180,06;834,75;857,56;77,88;0,76
13870;0,00;0,00;0,00;0,00;49,00;0,00;70,98;79,97;34,23;180,00;865,58;180,10;834,61;857,01;77,88;0,76
13875;0,00;0,00;0,00;0,00;49,00;0,00;71,00;80,00;34,23;179,99;864,14;180,11;834,01;854,84;77,88;0,76
13880;0,00;0,00;0,00;0,00;49,01;0,00;70,98;80,00;34,24;179,99;861,08;180,11;833,28;853,53;77,88;0,76
13885;0,00;0,00;0,00;0,00;49,00;0,00;71,00;80,00;34,25;179,99;860,05;180,11;833,15;851,68;77,88;0,76
13890;0,00;0,00;0,00;0,00;48,99;0,00;71,00;80,00;34,24;179,99;860,64;180,08;833,54;851,61;77,88;0,76
13895;0,00;0,00;0,00;0,00;49,01;0,00;70,98;80,00;34,23;179,98;862,12;180,06;833,97;853,45;77,88;0,76
13900;0,00;0,00;0,00;0,00;49,00;0,00;71,00;80,00;34,23;179,97;865,80;180,00;834,64;854,87;77,88;0,76
13905;0,00;0,00;0,00;0,00;49,00;0,00;71,00;80,02;34,24;179,97;867,00;179,99;834,77;857,15;77,88;0,76
13910;0,00;0,00;0,00;0,00;49,00;0,00;70,99;79,98;34,24;179,99;867,46;179,96;834,77;857,59;77,88;0,76
13915;0,00;0,00;0,00;0,00;49,01;0,00;71,02;80,02;34,24;180,01;866,81;179,95;834,64;857,08;77,88;0,76
13920;0,00;0,00;0,00;0,00;49,00;0,00;70,99;80,00;34,23;180,03;864,20;179,94;834,06;854,95;77,88;0,76
13925;0,00;0,00;0,00;0,00;49,00;0,00;70,99;79,98;34,23;180,01;862,58;179,94;833,66;853,64;77,88;0,76
13930;0,00;0,00;0,00;0,00;49,00;0,00;71,00;80,03;34,22;180,01;860,16;179,95;833,18;851,76;77,88;0,76
13935;0,00;0,00;0,00;0,00;49,00;0,00;71,00;80,03;34,23;180,00;859,93;179,97;833,24;851,62;77,88;0,76
13940;0,00;0,00;0,00;0,00;49,00;0,00;71,00;80,00;34,24;179,99;862,07;179,99;833,97;853,41;77,88;0,76
13945;0,00;0,00;0,00;0,00;49,00;0,00;71,02;80,02;34,24;179,97;863,90;180,01;834,37;854,76;77,88;0,76
13950;0,00;0,00;0,00;0,00;49,00;0,00;71,01;80,00;34,23;179,97;866,89;180,05;834,79;857,11;77,88;0,76
13955;0,00;0,00;0,00;0,00;49,02;0,00;71,00;80,02;34,25;179,98;867,53;180,05;834,83;857,62;77,88;0,76
13960;0,00;0,00;0,00;0,00;49,00;0,00;71,00;80,00;34,25;179,99;866,83;180,08;834,67;857,10;77,88;0,76
13965;0,00;0,00;0,00;0,00;49,02;0,00;71,00;80,00;34,24;180,00;865,76;180,08;834,44;856,20;77,88;0,76
13970;0,00;0,00;0,00;0,00;49,00;0,00;71,01;80,00;34,23;180,00;862,65;180,07;833,69;853,68;77,88;0,76
13975;0,00;0,00;0,00;0,00;49,00;0,00;71,01;79,98;34,24;179,99;860,15;180,06;833,35;852,51;77,88;0,76
13980;0,00;0,00;0,00;0,00;49,00;0,00;71,00;79,98;34,25;179,99;859,90;180,03;833,27;851,61;77,88;0,76
13985;0,00;0,00;0,00;0,00;49,00;0,00;71,00;80,02;34,23;179,97;862,02;180,00;833,54;852,17;77,88;0,76
13990;0,00;0,00;0,00;0,00;49,00;0,00;71,00;80,03;34,23;179,97;863,85;179,94;834,36;854,73;77,88;0,76
13995;0,00;0,00;0,00;0,00;49,00;0,00;71,01;80,02;34,23;179,97;863,85;179,94;834,36;854,73;77,88;0,76
14000;0,00;0,00;0,00;0,00;49,00;0,00;71,00;80,02;34,24;179,99;867,59;179,89;834,84;857,67;77,88;0,76
14005;0,00;0,00;0,00;0,00;49,00;0,00;71,00;80,00;34,24;180,01;867,45;179,88;834,80;857,58;77,88;0,76
14010;0,00;0,00;0,00;0,00;49,00;0,00;71,00;80,02;34,25;180,01;865,54;179,90;834,41;856,09;77,88;0,76
14015;0,00;0,00;0,00;0,00;49,01;0,00;71,00;79,98;34,25;179,99;864,09;179,91;834,03;854,81;77,88;0,76
14020;0,00;0,00;0,00;0,00;48,99;0,00;71,00;80,02;34,26;179,98;861,03;179,95;833,32;852,37;77,88;0,76
14025;0,00;0,00;0,00;0,00;49,00;0,00;71,03;79,97;34,24;179,98;860,05;179,98;833,20;851,70;77,88;0,76
14030;0,00;0,00;0,00;0,00;48,99;0,00;71,00;80,00;34,26;179,99;860,73;180,04;833,61;852,33;77,88;0,76
14035;0,00;0,00;0,00;0,00;49,00;0,00;71,00;80,02;34,25;180,00;862,22;180,06;834,04;853,56;77,88;0,76
14040;0,00;0,00;0,00;0,00;49,01;0,00;71,00;80,02;34,27;180,00;865,89;180,11;834,70;856,28;77,88;0,76
14045;0,00;0,00;0,00;0,00;49,00;0,00;71,00;80,00;34,27;179,99;867,06;180,12;834,83;857,22;77,88;0,76
14050;0,00;0,00;0,00;0,00;48,99;0,00;71,01;80,00;34,25;179,99;867,43;180,13;834,81;857,59;77,88;0,76
14055;0,00;0,00;0,00;0,00;49,00;0,00;70,99;80,03;34,26;179,98;866,73;180,13;834,67;857,03;77,88;0,76
14060;0,00;0,00;0,00;0,00;49,01;0,00;71,00;79,98;34,25;179,99;864,16;180,10;834,07;854,85;77,88;0,76
14065;0,00;0,00;0,00;0,00;49,00;0,00;71,01;79,97;34,27;180,00;862,43;180,07;833,64;853,48;77,88;0,76
14070;0,00;0,00;0,00;0,00;49,00;0,00;71,00;80,00;34,26;180,01;860,07;180,01;833,21;851,69;77,88;0,76
14075;0,00;0,00;0,00;0,00;49,00;0,00;71,00;79,97;34,26;180,02;859,95;179,97;833,31;851,67;77,88;0,76
14080;0,00;0,00;0,00;0,00;49,00;0,00;71,00;80,00;34,26;180,02;862,30;179,91;834,02;853,54;77,88;0,76
14085;0,00;0,00;0,00;0,00;49,00;0,00;70,99;80,00;34,26;180,02;864,13;179,88;834,42;854,95;77,88;0,76
14090;0,00;0,00;0,00;0,00;49,00;0,00;71,00;79,98;34,25;180,00;866,96;179,84;834,78;857,14;77,88;0,76
14095;0,00;0,00;0,00;0,00;49,00;0,00;71,00;80,02;34,27;179,97;867,47;179,83;834,80;857,57;77,88;0,76
14100;0,00;0,00;0,00;0,00;49,00;0,00;71,00;80,02;34,25;179,97;866,60;179,85;834,61;856,92;77,88;0,76
14105;0,00;0,00;0,00;0,00;49,00;0,00;71,00;80,00;34,26;179,97;864,03;179,87;834,36;855,97;77,88;0,76
14110;0,00;0,00;0,00;0,00;49,00;0,00;71,00;80,00;34,26;179,98;862,33;179,93;833,60;853,47;77,88;0,76
14115;0,00;0,00;0,00;0,00;49,01;0,00;71,01;79,98;34,27;180,00;860,10;179,96;833,32;852,35;77,88;0,76
14120;0,00;0,00;0,00;0,00;49,00;0,00;71,00;80,02;34,25;180,00;860,04;180,03;833,33;851,73;77,88;0,76
14125;0,00;0,00;0,00;0,00;48,99;0,00;70,99;80,02;34,26;180,00;862,44;180,06;833,64;852,41;77,88;0,76
14130;0,00;0,00;0,00;0,00;49,00;0,00;71,00;80,00;34,27;180,00;864,24;180,11;834,45;855,01;77,88;0,76
14135;0,00;0,00;0,00;0,00;49,00;0,00;71,01;80,02;34,27;179,98;866,94;180,12;834,68;856,24;77,88;0,76
14140;0,00;0,00;0,00;0,00;49,00;0,00;71,00;80,00;34,25;179,97;867,38;180,12;834,78;857,50;77,88;0,76
14145;0,00;0,00;0,00;0,00;48,99;0,00;71,00;80,02;34,26;179,98;866,39;180,11;834,72;857,35;77,88;0,76
14150;0,00;0,00;0,00;0,00;49,00;0,00;71,00;80,00;34,25;179,98;865,22;180,06;834,28;855,74;77,88;0,76
14155;0,00;0,00;0,00;0,00;49,00;0,00;71,00;80,03;34,26;179,99;862,07;180,03;833,91;854,49;77,88;0,76
14160;0,00;0,00;0,00;0,00;49,00;0,00;71,00;80,02;34,26;179,99;860,76;179,96;833,27;852,21;77,88;0,76
14165;0,00;0,00;0,00;0,00;49,00;0,00;71,01;80,02;34,26;179,99;860,10;179,92;833,20;851,66;77,88;0,76
14170;0,00;0,00;0,00;0,00;48,99;0,00;70,99;80,05;34,25;179,99;860,92;179,86;833,65;852,44;77,88;0,76
14175;0,00;0,00;0,00;0,00;49,00;0,00;71,00;80,03;34,25;180,00;863,98;179,83;834,38;854,76;77,88;0,76
14180;0,00;0,00;0,00;0,00;49,00;0,00;71,00;80,05;34,26;180,00;866,63;179,83;834,64;855,90;77,88;0,76
14185;0,00;0,00;0,00;0,00;49,00;0,00;71,00;80,00;34,26;180,00;867,35;179,84;834,82;857,46;77,88;0,76
14190;0,00;0,00;0,00;0,00;48,99;0,00;70,99;80,00;34,25;180,00;866,84;179,88;834,79;857,54;77,88;0,76
14195;0,00;0,00;0,00;0,00;48,98;0,00;70,98;79,98;34,26;179,99;865,82;179,89;834,45;856,28;77,88;0,76
14200;0,00;0,00;0,00;0,00;49,00;0,00;71,02;80,00;34,26;179,97;862,91;179,95;834,12;855,13;77,88;0,76
14205;0,00;0,00;0,00;0,00;49,00;0,00;71,00;79,98;34,25;179,98;861,29;179,98;833,37;852,58;77,88;0,76
14210;0,00;0,00;0,00;0,00;49,00;0,00;71,00;80,03;34,26;179,99;859,85;180,04;833,20;851,76;77,88;0,76
14215;0,00;0,00;0,00;0,00;49,01;0,00;70,99;80,00;34,26;180,00;860,34;180,06;833,48;852,01;77,88;0,76
14220;0,00;0,00;0,00;0,00;49,00;0,00;71,00;80,00;34,24;180,01;863,57;180,08;833,89;853,10;77,88;0,76
14225;0,00;0,00;0,00;0,00;49,01;0,00;70,99;80,02;34,26;180,01;865,34;180,09;834,62;855,83;77,88;0,76
14230;0,00;0,00;0,00;0,00;49,00;0,00;71,01;79,98;34,24;179,99;867,39;180,08;834,82;856,92;77,88;0,76
14235;0,00;0,00;0,00;0,00;48,99;0,00;71,00;80,02;34,25;179,99;867,43;180,06;834,79;857,57;77,88;0,76
14240;0,00;0,00;0,00;0,00;49,00;0,00;71,00;80,03;34,25;179,97;865,86;180,01;834,46;857,13;77,88;0,76
14245;0,00;0,00;0,00;0,00;49,00;0,00;71,00;80,02;34,25;179,98;864,49;179,98;834,13;855,12;77,88;0,76
14250;0,00;0,00;0,00;0,00;49,00;0,00;71,00;80,03;34,25;180,01;861,32;179,92;833,38;853,82;77,88;0,76
14255;0,00;0,00;0,00;0,00;49,00;0,00;71,00;80,00;34,25;180,03;860,25;179,89;833,21;851,80;77,88;0,76
14260;0,00;0,00;0,00;0,00;48,99;0,00;71,00;80,00;34,25;180,03;860,43;179,85;833,51;851,60;77,88;0,76
14265;0,00;0,00;0,00;0,00;49,01;0,00;71,01;80,00;34,24;180,03;861,85;179,84;833,93;853,18;77,88;0,76
14270;0,00;0,00;0,00;0,00;49,00;0,00;71,01;80,02;34,24;180,01;865,37;179,83;834,62;854,57;77,88;0,76
14275;0,00;0,00;0,00;0,00;49,00;0,00;71,00;79,98;34,25;179,99;866,68;179,84;834,75;856,90;77,88;0,76
14280;0,00;0,00;0,00;0,00;49,01;0,00;71,00;80,02;34,24;179,97;867,36;179,88;834,76;857,47;77,88;0,76
14285;0,00;0,00;0,00;0,00;49,00;0,00;71,00;80,00;34,25;179,98;866,77;179,91;834,64;857,06;77,88;0,76
14290;0,00;0,00;0,00;0,00;49,01;0,00;71,00;80,00;34,25;180,00;864,36;179,98;834,08;854,99;77,88;0,76
14295;0,00;0,00;0,00;0,00;49,00;0,00;71,01;80,00;34,25;180,01;862,66;180,01;833,68;853,69;77,88;0,76
14300;0,00;0,00;0,00;0,00;49,00;0,00;71,00;80,02;34,24;180,01;860,17;180,06;833,18;851,76;77,88;0,76
14305;0,00;0,00;0,00;0,00;49,00;0,00;71,00;80,00;34,24;180,01;859,88;180,07;833,24;851,59;77,88;0,76
14310;0,00;0,00;0,00;0,00;49,00;0,00;71,01;80,02;34,24;180,01;861,82;180,08;833,92;853,20;77,88;0,76
14315;0,00;0,00;0,00;0,00;49,00;0,00;71,00;80,02;34,24;180,02;863,61;180,07;834,33;854,60;77,88;0,76
14320;0,00;0,00;0,00;0,00;49,01;0,00;71,00;79,98;34,25;180,02;866,77;180,02;834,77;856,97;77,88;0,76
14325;0,00;0,00;0,00;0,00;49,00;0,00;71,01;80,02;34,24;180,01;867,42;180,00;834,82;857,53;77,88;0,76
14330;0,00;0,00;0,00;0,00;48,99;0,00;71,01;80,02;34,25;180,00;866,81;179,93;834,68;857,10;77,88;0,76
14335;0,00;0,00;0,00;0,00;48,99;0,00;71,00;80,00;34,24;179,98;865,76;179,89;834,45;856,24;77,88;0,76
14340;0,00;0,00;0,00;0,00;49,00;0,00;71,00;79,98;34,24;179,98;862,78;179,84;833,71;853,71;77,88;0,76
14345;0,00;0,00;0,00;0,00;49,00;0,00;71,00;79,98;34,24;180,00;861,28;179,82;833,36;852,54;77,88;0,76
14350;0,00;0,00;0,00;0,00;49,00;0,00;71,00;79,98;34,25;180,01;859,84;179,80;833,25;851,54;77,88;0,76
14355;0,00;0,00;0,00;0,00;49,00;0,00;70,99;80,00;34,25;180,03;861,79;179,82;833,51;852,04;77,88;0,76
14360;0,00;0,00;0,00;0,00;49,01;0,00;71,02;79,98;34,24;180,03;863,58;179,86;834,36;854,55;77,88;0,76
14365;0,00;0,00;0,00;0,00;49,00;0,00;70,98;80,02;34,25;180,02;866,79;179,89;834,66;855,94;77,88;0,76
14370;0,00;0,00;0,00;0,00;49,00;0,00;70,99;80,00;34,24;180,01;867,46;179,95;834,86;857,56;77,88;0,76
14375;0,00;0,00;0,00;0,00;49,00;0,00;71,00;80,00;34,24;179,99;866,94;179,99;834,84;857,61;77,88;0,76
14380;0,00;0,00;0,00;0,00;49,00;0,00;71,03;80,03;34,25;179,98;865,83;180,05;834,50;856,32;77,88;0,76
14385;0,00;0,00;0,00;0,00;49,00;0,00;71,00;79,98;34,24;179,99;862,87;180,07;834,17;855,11;77,88;0,76
14390;0,00;0,00;0,00;0,00;49,00;0,00;71,00;79,97;34,24;179,99;861,34;180,09;833,41;852,59;77,88;0,76
14395;0,00;0,00;0,00;0,00;49,00;0,00;71,00;80,00;34,24;180,01;859,86;180,09;833,23;851,78;77,88;0,76
14400;0,00;0,00;0,00;0,00;49,00;0,00;70,97;80,03;34,24;180,02;860,40;180,07;833,53;852,05;77,88;0,76
14405;0,00;0,00;0,00;0,00;49,00;0,00;71,01;80,00;34,24;180,03;863,67;180,05;833,96;853,13;77,88;0,76
14410;0,00;0,00;0,00;0,00;49,02;0,00;71,00;80,02;34,24;180,02;865,43;179,99;834,68;855,93;77,88;0,76
14415;0,00;0,00;0,00;0,00;49,00;0,00;71,00;79,97;34,25;180,00;867,44;179,95;834,82;856,97;77,88;0,76
14420;0,00;0,00;0,00;0,00;48,99;0,00;71,00;80,00;34,24;179,99;867,47;179,88;834,84;857,59;77,88;0,76
14425;0,00;0,00;0,00;0,00;49,00;0,00;71,00;80,00;34,23;180,01;865,83;179,85;834,72;857,15;77,88;0,76
14430;0,00;0,00;0,00;0,00;49,01;0,00;71,00;80,03;34,23;180,02;864,46;179,81;834,16;855,08;77,88;0,76
14435;0,00;0,00;0,00;0,00;49,00;0,00;70,98;80,02;34,25;180,02;861,26;179,81;833,76;853,78;77,88;0,76
14440;0,00;0,00;0,00;0,00;49,00;0,00;71,00;80,06;34,25;180,02;860,21;179,81;833,25;851,79;77,88;0,76
14445;0,00;0,00;0,00;0,00;49,00;0,00;71,00;79,98;34,24;180,02;860,43;179,83;833,31;851,60;77,88;0,76
14450;0,00;0,00;0,00;0,00;49,00;0,00;70,98;79,97;34,26;180,01;861,89;179,87;833,97;853,21;77,88;0,76
14455;0,00;0,00;0,00;0,00;49,00;0,00;71,00;80,00;34,26;179,99;865,43;179,94;834,40;854,61;77,88;0,76
14460;0,00;0,00;0,00;0,00;49,02;0,00;71,00;80,00;34,26;179,99;866,73;179,98;834,83;856,96;77,88;0,76
14465;0,00;0,00;0,00;0,00;49,00;0,00;71,00;80,00;34,27;179,98;867,42;180,04;834,87;857,53;77,88;0,76
14470;0,00;0,00;0,00;0,00;49,00;0,00;71,01;80,00;34,26;179,99;866,84;180,08;834,72;857,12;77,88;0,76
14475;0,00;0,00;0,00;0,00;49,00;0,00;71,00;80,02;34,26;180,00;864,44;180,11;834,51;856,23;77,88;0,76
14480;0,00;0,00;0,00;0,00;49,00;0,00;71,01;79,98;34,26;180,00;862,73;180,11;833,77;853,73;77,88;0,76
14485;0,00;0,00;0,00;0,00;49,00;0,00;71,00;80,00;34,27;180,01;860,20;180,08;833,43;852,56;77,88;0,76
14490;0,00;0,00;0,00;0,00;49,00;0,00;71,00;79,98;34,28;180,02;859,91;180,06;833,33;851,62;77,88;0,76
14495;0,00;0,00;0,00;0,00;48,99;0,00;71,00;80,03;34,28;180,02;861,95;180,00;833,60;852,15;77,88;0,76
14500;0,00;0,00;0,00;0,00;49,00;0,00;71,00;80,00;34,26;180,02;863,76;179,97;834,42;854,66;77,88;0,76
14505;0,00;0,00;0,00;0,00;49,00;0,00;70,99;80,00;34,27;180,01;866,76;179,90;834,71;855,98;77,88;0,76
14510;0,00;0,00;0,00;0,00;48,99;0,00;70,99;80,02;34,27;180,00;867,45;179,88;834,90;857,53;77,88;0,76
14515;0,00;0,00;0,00;0,00;49,00;0,00;71,02;80,03;34,28;179,99;866,80;179,84;834,74;857,55;77,88;0,76
14520;0,00;0,00;0,00;0,00;49,01;0,00;71,00;80,00;34,28;179,99;865,75;179,82;834,50;856,20;77,88;0,76
14525;0,00;0,00;0,00;0,00;49,01;0,00;71,00;80,00;34,27;180,01;862,67;179,83;833,75;854,99;77,88;0,76
14530;0,00;0,00;0,00;0,00;49,00;0,00;71,00;80,03;34,26;180,01;861,18;179,84;833,43;852,52;77,88;0,76
14535;0,00;0,00;0,00;0,00;49,00;0,00;71,00;80,00;34,28;179,99;859,89;179,88;833,34;851,75;77,88;0,76
14540;0,00;0,00;0,00;0,00;49,00;0,00;71,00;80,00;34,28;179,98;860,56;179,91;833,61;852,16;77,88;0,76
14545;0,00;0,00;0,00;0,00;49,01;0,00;71,00;80,02;34,27;179,98;863,80;179,97;834,46;853,30;77,88;0,76
14550;0,00;0,00;0,00;0,00;49,00;0,00;71,00;80,02;34,28;179,98;865,53;180,00;834,73;856,03;77,88;0,76
14555;0,00;0,00;0,00;0,00;49,00;0,00;71,03;79,98;34,26;180,01;867,48;180,05;834,92;857,04;77,88;0,76
14560;0,00;0,00;0,00;0,00;48,99;0,00;71,00;80,02;34,26;180,01;867,44;180,07;834,88;857,57;77,88;0,76
14565;0,00;0,00;0,00;0,00;49,00;0,00;71,00;80,03;34,26;180,01;865,78;180,09;834,53;857,09;77,88;0,76
14570;0,00;0,00;0,00;0,00;49,01;0,00;71,00;80,00;34,27;180,01;864,39;180,09;834,20;855,04;77,88;0,76
14575;0,00;0,00;0,00;0,00;49,00;0,00;70,99;80,00;34,27;179,99;861,20;180,06;833,45;852,55;77,88;0,76
14580;0,00;0,00;0,00;0,00;48,99;0,00;71,01;79,98;34,26;179,98;860,17;180,04;833,29;851,77;77,88;0,76
14585;0,00;0,00;0,00;0,00;49,00;0,00;71,00;80,00;34,27;179,98;860,48;179,98;833,63;852,16;77,88;0,76
14590;0,00;0,00;0,00;0,00;49,00;0,00;71,00;79,98;34,27;180,00;861,96;179,95;834,04;853,28;77,88;0,76
14595;0,00;0,00;0,00;0,00;48,99;0,00;71,00;79,98;34,28;180,01;865,53;179,89;834,75;856,02;77,88;0,76
14600;0,00;0,00;0,00;0,00;49,00;0,00;71,02;79,97;34,26;180,03;866,81;179,86;834,89;857,03;77,88;0,76
14605;0,00;0,00;0,00;0,00;49,00;0,00;70,98;80,03;34,27;180,03;867,45;179,84;834,90;857,59;77,88;0,76
14610;0,00;0,00;0,00;0,00;49,00;0,00;71,00;80,00;34,26;180,00;866,84;179,83;834,78;857,11;77,88;0,76
14615;0,00;0,00;0,00;0,00;49,00;0,00;70,99;80,00;34,27;179,98;864,29;179,85;834,20;855,04;77,88;0,76
14620;0,00;0,00;0,00;0,00;49,00;0,00;70,99;80,02;34,26;179,96;862,70;179,87;833,80;853,72;77,88;0,76
14625;0,00;0,00;0,00;0,00;49,00;0,00;71,00;80,00;34,27;179,96;860,15;179,92;833,30;851,75;77,88;0,76
14630;0,00;0,00;0,00;0,00;49,00;0,00;71,00;80,00;34,27;180,00;859,86;179,95;833,35;851,57;77,88;0,76
14635;0,00;0,00;0,00;0,00;49,00;0,00;70,99;80,02;34,27;180,02;861,91;180,01;834,04;853,24;77,88;0,76
14640;0,00;0,00;0,00;0,00;49,01;0,00;71,02;79,98;34,27;180,04;863,72;180,04;834,45;854,66;77,88;0,76
14645;0,00;0,00;0,00;0,00;49,00;0,00;71,00;80,02;34,28;180,04;866,78;180,09;834,89;857,01;77,88;0,76
14650;0,00;0,00;0,00;0,00;49,00;0,00;71,00;80,00;34,27;179,99;867,47;180,09;834,94;857,56;77,88;0,76
14655;0,00;0,00;0,00;0,00;49,00;0,00;71,00;80,00;34,26;179,96;866,84;180,09;834,79;857,12;77,88;0,76
14660;0,00;0,00;0,00;0,00;49,00;0,00;71,01;80,00;34,28;179,95;864,42;180,07;834,56;856,25;77,88;0,76
14665;0,00;0,00;0,00;0,00;49,00;0,00;71,01;80,02;34,27;179,96;862,72;180,03;833,82;853,77;77,88;0,76
14670;0,00;0,00;0,00;0,00;49,00;0,00;71,00;79,98;34,26;180,00;860,21;180,00;833,49;852,59;77,88;0,76
14675;0,00;0,00;0,00;0,00;49,01;0,00;71,00;79,98;34,28;180,02;859,90;179,94;833,38;851,62;77,88;0,76
14680;0,00;0,00;0,00;0,00;49,00;0,00;71,00;80,00;34,29;180,04;861,93;179,90;833,64;852,14;77,88;0,76
14685;0,00;0,00;0,00;0,00;49,00;0,00;71,00;80,00;34,27;180,04;863,76;179,85;834,48;854,71;77,88;0,76
14690;0,00;0,00;0,00;0,00;49,00;0,00;71,00;80,02;34,27;180,01;866,84;179,83;834,76;856,02;77,88;0,76
14695;0,00;0,00;0,00;0,00;48,99;0,00;71,00;80,03;34,27;180,00;867,45;179,82;834,93;857,55;77,88;0,76
14700;0,00;0,00;0,00;0,00;49,00;0,00;71,02;80,00;34,27;179,98;866,79;179,83;834,89;857,55;77,88;0,76
